network,country,cohort_month,registrations,costed_registrations,spend,cohort_60dplus_registrations,cohort_60dplus_spend,payers,gross_revenue,net_revenue,chargeback_amount,cohort_60dplus_gross_revenue,cohort_60dplus_net_revenue,cohort_60dplus_chargeback_amount,sample_ok
1002,AD,2026-01-01,5,0,0.0,5,0.0,0,0.0,0.0,0.0,0.0,0.0,0.0,False
1002,AE,2026-01-01,3,0,0.0,3,0.0,0,0.0,0.0,0.0,0.0,0.0,0.0,False
1002,AG,2026-01-01,2,0,0.0,2,0.0,0,0.0,0.0,0.0,0.0,0.0,0.0,False
1002,AI,2026-01-01,2,1,550.56,2,550.56,1,195.0,195.0,0.0,195.0,195.0,0.0,False
1002,AL,2026-01-01,8,1,384.8,8,384.8,2,4215.0,4215.0,0.0,4215.0,4215.0,0.0,False
1002,AM,2026-01-01,2,0,0.0,2,0.0,0,0.0,0.0,0.0,0.0,0.0,0.0,False
1002,AO,2026-01-01,2,0,0.0,2,0.0,0,0.0,0.0,0.0,0.0,0.0,0.0,False
1002,AQ,2026-01-01,2,0,0.0,2,0.0,1,420.0,420.0,0.0,420.0,420.0,0.0,False
1002,AR,2026-01-01,14,1,384.8,14,384.8,2,2970.0,2970.0,0.0,2970.0,2970.0,0.0,False
1002,AS,2026-01-01,1,0,0.0,1,0.0,1,65.0,0.0,65.0,65.0,0.0,65.0,False
1002,AT,2026-01-01,90,2,654.16,90,654.16,3,2110.0,2110.0,0.0,2110.0,2110.0,0.0,False
1002,AU,2026-01-01,1241,75,32938.14,1241,32938.14,97,70865.0,70410.0,455.0,70865.0,70410.0,455.0,True
1002,AW,2026-01-01,2,0,0.0,2,0.0,1,4690.0,4690.0,0.0,4690.0,4690.0,0.0,False
1002,AX,2026-01-01,6,1,550.56,6,550.56,3,2255.0,2255.0,0.0,2255.0,2255.0,0.0,False
1002,BA,2026-01-01,1,0,0.0,1,0.0,0,0.0,0.0,0.0,0.0,0.0,0.0,False
1002,BD,2026-01-01,10,0,0.0,10,0.0,0,0.0,0.0,0.0,0.0,0.0,0.0,False
1002,BE,2026-01-01,157,7,2299.9199999999996,157,2299.9199999999996,10,2330.0,2330.0,0.0,2330.0,2330.0,0.0,False
1002,BG,2026-01-01,9,0,0.0,9,0.0,0,0.0,0.0,0.0,0.0,0.0,0.0,False
1002,BR,2026-01-01,18,0,0.0,18,0.0,0,0.0,0.0,0.0,0.0,0.0,0.0,False
1002,BS,2026-01-01,6,0,0.0,6,0.0,0,0.0,0.0,0.0,0.0,0.0,0.0,False
1002,BT,2026-01-01,2,0,0.0,2,0.0,0,0.0,0.0,0.0,0.0,0.0,0.0,False
1002,BZ,2026-01-01,2,0,0.0,2,0.0,0,0.0,0.0,0.0,0.0,0.0,0.0,False
1002,CA,2026-01-01,1332,48,18598.42,1332,18598.42,59,72000.0,71955.0,45.0,72000.0,71955.0,45.0,True
1002,CH,2026-01-01,96,6,1983.2,96,1983.2,11,43095.0,43095.0,0.0,43095.0,43095.0,0.0,False
1002,CI,2026-01-01,5,0,0.0,5,0.0,0,0.0,0.0,0.0,0.0,0.0,0.0,False
1002,CL,2026-01-01,7,0,0.0,7,0.0,0,0.0,0.0,0.0,0.0,0.0,0.0,False
1002,CM,2026-01-01,2,0,0.0,2,0.0,0,0.0,0.0,0.0,0.0,0.0,0.0,False
1002,CN,2026-01-01,9,0,0.0,9,0.0,0,0.0,0.0,0.0,0.0,0.0,0.0,False
1002,CO,2026-01-01,19,1,74.0,19,74.0,0,0.0,0.0,0.0,0.0,0.0,0.0,False
1002,CR,2026-01-01,4,0,0.0,4,0.0,0,0.0,0.0,0.0,0.0,0.0,0.0,False
1002,CU,2026-01-01,1,0,0.0,1,0.0,0,0.0,0.0,0.0,0.0,0.0,0.0,False
1002,CY,2026-01-01,3,0,0.0,3,0.0,0,0.0,0.0,0.0,0.0,0.0,0.0,False
1002,CZ,2026-01-01,3,1,384.8,3,384.8,1,210.0,210.0,0.0,210.0,210.0,0.0,False
1002,DE,2026-01-01,2087,33,10159.46,2087,10159.46,48,36330.0,36330.0,0.0,36330.0,36330.0,0.0,True
1002,DK,2026-01-01,83,3,950.1599999999999,83,950.1599999999999,7,2030.0,2030.0,0.0,2030.0,2030.0,0.0,False
1002,DO,2026-01-01,18,1,74.0,18,74.0,0,0.0,0.0,0.0,0.0,0.0,0.0,False
1002,DZ,2026-01-01,4,0,0.0,4,0.0,1,150.0,150.0,0.0,150.0,150.0,0.0,False
1002,EC,2026-01-01,10,0,0.0,10,0.0,0,0.0,0.0,0.0,0.0,0.0,0.0,False
1002,EE,2026-01-01,1,0,0.0,1,0.0,0,0.0,0.0,0.0,0.0,0.0,0.0,False
1002,ES,2026-01-01,116,2,1101.12,116,1101.12,6,2610.0,2610.0,0.0,2610.0,2610.0,0.0,False
1002,FI,2026-01-01,63,2,674.88,63,674.88,3,400.0,400.0,0.0,400.0,400.0,0.0,False
1002,FJ,2026-01-01,4,0,0.0,4,0.0,0,0.0,0.0,0.0,0.0,0.0,0.0,False
1002,FR,2026-01-01,311,11,3608.24,311,3608.24,16,7790.0,7790.0,0.0,7790.0,7790.0,0.0,False
1002,GB,2026-01-01,1557,73,29763.539999999997,1557,29763.539999999997,84,82740.0,82505.0,235.0,82740.0,82505.0,235.0,True
1002,GE,2026-01-01,10,0,0.0,10,0.0,0,0.0,0.0,0.0,0.0,0.0,0.0,False
1002,GI,2026-01-01,1,0,0.0,1,0.0,0,0.0,0.0,0.0,0.0,0.0,0.0,False
1002,GM,2026-01-01,2,0,0.0,2,0.0,0,0.0,0.0,0.0,0.0,0.0,0.0,False
1002,GQ,2026-01-01,2,0,0.0,2,0.0,0,0.0,0.0,0.0,0.0,0.0,0.0,False
1002,GR,2026-01-01,10,0,0.0,10,0.0,0,0.0,0.0,0.0,0.0,0.0,0.0,False
1002,GT,2026-01-01,1,0,0.0,1,0.0,0,0.0,0.0,0.0,0.0,0.0,0.0,False
1002,GU,2026-01-01,1,0,0.0,1,0.0,0,0.0,0.0,0.0,0.0,0.0,0.0,False
1002,HK,2026-01-01,11,1,550.56,11,550.56,1,30690.0,30690.0,0.0,30690.0,30690.0,0.0,False
1002,HN,2026-01-01,3,0,0.0,3,0.0,0,0.0,0.0,0.0,0.0,0.0,0.0,False
1002,HR,2026-01-01,3,1,688.2,3,688.2,1,1790.0,1790.0,0.0,1790.0,1790.0,0.0,False
1002,HU,2026-01-01,6,0,0.0,6,0.0,0,0.0,0.0,0.0,0.0,0.0,0.0,False
1002,ID,2026-01-01,11,0,0.0,11,0.0,0,0.0,0.0,0.0,0.0,0.0,0.0,False
1002,IE,2026-01-01,142,3,970.8799999999999,142,970.8799999999999,8,4790.0,4790.0,0.0,4790.0,4790.0,0.0,False
1002,IL,2026-01-01,13,2,1248.3799999999999,13,1248.3799999999999,2,300.0,300.0,0.0,300.0,300.0,0.0,False
1002,IN,2026-01-01,80,1,384.8,80,384.8,1,65.0,65.0,0.0,65.0,65.0,0.0,False
1002,IS,2026-01-01,4,0,0.0,4,0.0,1,150.0,150.0,0.0,150.0,150.0,0.0,False
1002,IT,2026-01-01,650,11,3608.2399999999993,650,3608.2399999999993,20,10300.0,10300.0,0.0,10300.0,10300.0,0.0,True
1002,JM,2026-01-01,2,0,0.0,2,0.0,0,0.0,0.0,0.0,0.0,0.0,0.0,False
1002,JP,2026-01-01,34,0,0.0,34,0.0,0,0.0,0.0,0.0,0.0,0.0,0.0,False
1002,KE,2026-01-01,7,0,0.0,7,0.0,0,0.0,0.0,0.0,0.0,0.0,0.0,False
1002,KG,2026-01-01,1,0,0.0,1,0.0,0,0.0,0.0,0.0,0.0,0.0,0.0,False
1002,KH,2026-01-01,27,0,0.0,27,0.0,0,0.0,0.0,0.0,0.0,0.0,0.0,False
1002,KI,2026-01-01,1,0,0.0,1,0.0,0,0.0,0.0,0.0,0.0,0.0,0.0,False
1002,KR,2026-01-01,16,0,0.0,16,0.0,0,0.0,0.0,0.0,0.0,0.0,0.0,False
1002,KZ,2026-01-01,1,0,0.0,1,0.0,0,0.0,0.0,0.0,0.0,0.0,0.0,False
1002,LA,2026-01-01,1,0,0.0,1,0.0,0,0.0,0.0,0.0,0.0,0.0,0.0,False
1002,LC,2026-01-01,1,0,0.0,1,0.0,0,0.0,0.0,0.0,0.0,0.0,0.0,False
1002,LI,2026-01-01,1,0,0.0,1,0.0,0,0.0,0.0,0.0,0.0,0.0,0.0,False
1002,LK,2026-01-01,5,0,0.0,5,0.0,0,0.0,0.0,0.0,0.0,0.0,0.0,False
1002,LT,2026-01-01,4,1,407.0,4,407.0,1,65.0,65.0,0.0,65.0,65.0,0.0,False
1002,LU,2026-01-01,10,0,0.0,10,0.0,0,0.0,0.0,0.0,0.0,0.0,0.0,False
1002,LV,2026-01-01,12,0,0.0,12,0.0,0,0.0,0.0,0.0,0.0,0.0,0.0,False
1002,MA,2026-01-01,4,0,0.0,4,0.0,0,0.0,0.0,0.0,0.0,0.0,0.0,False
1002,MC,2026-01-01,1,0,0.0,1,0.0,0,0.0,0.0,0.0,0.0,0.0,0.0,False
1002,MD,2026-01-01,2,0,0.0,2,0.0,0,0.0,0.0,0.0,0.0,0.0,0.0,False
1002,ME,2026-01-01,1,0,0.0,1,0.0,0,0.0,0.0,0.0,0.0,0.0,0.0,False
1002,MG,2026-01-01,1,0,0.0,1,0.0,0,0.0,0.0,0.0,0.0,0.0,0.0,False
1002,MK,2026-01-01,1,0,0.0,1,0.0,0,0.0,0.0,0.0,0.0,0.0,0.0,False
1002,MN,2026-01-01,2,0,0.0,2,0.0,0,0.0,0.0,0.0,0.0,0.0,0.0,False
1002,MT,2026-01-01,1,0,0.0,1,0.0,0,0.0,0.0,0.0,0.0,0.0,0.0,False
1002,MU,2026-01-01,4,0,0.0,4,0.0,0,0.0,0.0,0.0,0.0,0.0,0.0,False
1002,MV,2026-01-01,8,0,0.0,8,0.0,0,0.0,0.0,0.0,0.0,0.0,0.0,False
1002,MW,2026-01-01,1,0,0.0,1,0.0,0,0.0,0.0,0.0,0.0,0.0,0.0,False
1002,MX,2026-01-01,43,0,0.0,43,0.0,0,0.0,0.0,0.0,0.0,0.0,0.0,False
1002,MY,2026-01-01,71,2,942.76,71,942.76,3,1010.0,1010.0,0.0,1010.0,1010.0,0.0,False
1002,MZ,2026-01-01,1,0,0.0,1,0.0,0,0.0,0.0,0.0,0.0,0.0,0.0,False
1002,NA,2026-01-01,1,0,0.0,1,0.0,0,0.0,0.0,0.0,0.0,0.0,0.0,False
1002,NE,2026-01-01,1,0,0.0,1,0.0,0,0.0,0.0,0.0,0.0,0.0,0.0,False
1002,NL,2026-01-01,285,11,3546.08,285,3546.08,13,2000.0,1955.0,45.0,2000.0,1955.0,45.0,False
1002,NO,2026-01-01,124,13,4015.98,124,4015.98,14,3165.0,3165.0,0.0,3165.0,3165.0,0.0,False
1002,NP,2026-01-01,1,0,0.0,1,0.0,0,0.0,0.0,0.0,0.0,0.0,0.0,False
1002,NZ,2026-01-01,241,12,6066.52,241,6066.52,21,17495.0,17495.0,0.0,17495.0,17495.0,0.0,False
1002,PA,2026-01-01,4,0,0.0,4,0.0,0,0.0,0.0,0.0,0.0,0.0,0.0,False
1002,PE,2026-01-01,12,0,0.0,12,0.0,0,0.0,0.0,0.0,0.0,0.0,0.0,False
1002,PH,2026-01-01,92,2,935.3599999999999,92,935.3599999999999,4,1810.0,1810.0,0.0,1810.0,1810.0,0.0,False
1002,PK,2026-01-01,4,0,0.0,4,0.0,0,0.0,0.0,0.0,0.0,0.0,0.0,False
1002,PL,2026-01-01,11,0,0.0,11,0.0,0,0.0,0.0,0.0,0.0,0.0,0.0,False
1002,PR,2026-01-01,3,0,0.0,3,0.0,0,0.0,0.0,0.0,0.0,0.0,0.0,False
1002,PT,2026-01-01,36,2,1108.52,36,1108.52,2,425.0,425.0,0.0,425.0,425.0,0.0,False
1002,PW,2026-01-01,1,1,74.0,1,74.0,1,65.0,65.0,0.0,65.0,65.0,0.0,False
1002,PY,2026-01-01,2,0,0.0,2,0.0,0,0.0,0.0,0.0,0.0,0.0,0.0,False
1002,QA,2026-01-01,1,0,0.0,1,0.0,0,0.0,0.0,0.0,0.0,0.0,0.0,False
1002,RO,2026-01-01,8,0,0.0,8,0.0,0,0.0,0.0,0.0,0.0,0.0,0.0,False
1002,RS,2026-01-01,12,1,384.8,12,384.8,1,65.0,65.0,0.0,65.0,65.0,0.0,False
1002,RW,2026-01-01,2,0,0.0,2,0.0,0,0.0,0.0,0.0,0.0,0.0,0.0,False
1002,SA,2026-01-01,1,0,0.0,1,0.0,0,0.0,0.0,0.0,0.0,0.0,0.0,False
1002,SE,2026-01-01,107,7,2136.38,107,2136.38,8,1955.0,1955.0,0.0,1955.0,1955.0,0.0,False
1002,SG,2026-01-01,41,2,707.44,41,707.44,3,625.0,625.0,0.0,625.0,625.0,0.0,False
1002,SI,2026-01-01,10,0,0.0,10,0.0,0,0.0,0.0,0.0,0.0,0.0,0.0,False
1002,SK,2026-01-01,3,0,0.0,3,0.0,0,0.0,0.0,0.0,0.0,0.0,0.0,False
1002,SM,2026-01-01,1,0,0.0,1,0.0,0,0.0,0.0,0.0,0.0,0.0,0.0,False
1002,SN,2026-01-01,1,0,0.0,1,0.0,0,0.0,0.0,0.0,0.0,0.0,0.0,False
1002,SZ,2026-01-01,1,0,0.0,1,0.0,0,0.0,0.0,0.0,0.0,0.0,0.0,False
1002,TD,2026-01-01,1,0,0.0,1,0.0,0,0.0,0.0,0.0,0.0,0.0,0.0,False
1002,TH,2026-01-01,68,2,390.71999999999997,68,390.71999999999997,2,275.0,275.0,0.0,275.0,275.0,0.0,False
1002,TR,2026-01-01,15,1,384.8,15,384.8,1,15595.0,15595.0,0.0,15595.0,15595.0,0.0,False
1002,TT,2026-01-01,2,0,0.0,2,0.0,0,0.0,0.0,0.0,0.0,0.0,0.0,False
1002,TW,2026-01-01,13,0,0.0,13,0.0,2,300.0,300.0,0.0,300.0,300.0,0.0,False
1002,TZ,2026-01-01,4,0,0.0,4,0.0,0,0.0,0.0,0.0,0.0,0.0,0.0,False
1002,UA,2026-01-01,1,0,0.0,1,0.0,0,0.0,0.0,0.0,0.0,0.0,0.0,False
1002,UG,2026-01-01,3,0,0.0,3,0.0,0,0.0,0.0,0.0,0.0,0.0,0.0,False
1002,UNKNOWN,2026-01-01,3,0,0.0,3,0.0,0,0.0,0.0,0.0,0.0,0.0,0.0,False
1002,US,2026-01-01,10320,534,225565.32000000004,10320,225565.32000000004,735,1730395.0,1723330.0,7065.0,1730395.0,1723330.0,7065.0,True
1002,UY,2026-01-01,2,0,0.0,2,0.0,0,0.0,0.0,0.0,0.0,0.0,0.0,False
1002,UZ,2026-01-01,4,0,0.0,4,0.0,1,65.0,65.0,0.0,65.0,65.0,0.0,False
1002,VG,2026-01-01,1,0,0.0,1,0.0,0,0.0,0.0,0.0,0.0,0.0,0.0,False
1002,VI,2026-01-01,1,0,0.0,1,0.0,0,0.0,0.0,0.0,0.0,0.0,0.0,False
1002,VN,2026-01-01,13,1,688.2,13,688.2,2,215.0,215.0,0.0,215.0,215.0,0.0,False
1002,ZA,2026-01-01,29,1,316.71999999999997,29,316.71999999999997,1,165.0,165.0,0.0,165.0,165.0,0.0,False
1002,ZM,2026-01-01,1,0,0.0,1,0.0,0,0.0,0.0,0.0,0.0,0.0,0.0,False
1052,AL,2026-01-01,2,2,44.4,2,44.4,1,285.0,285.0,0.0,285.0,285.0,0.0,False
1052,AM,2026-01-01,1,0,0.0,1,0.0,0,0.0,0.0,0.0,0.0,0.0,0.0,False
1052,AU,2026-01-01,202,148,3374.399999999999,202,3374.399999999999,9,392320.0,392320.0,0.0,392320.0,392320.0,0.0,False
1052,BD,2026-01-01,2,0,0.0,2,0.0,0,0.0,0.0,0.0,0.0,0.0,0.0,False
1052,CA,2026-01-01,351,214,4628.7,351,4628.7,11,141700.0,141450.0,250.0,141700.0,141450.0,250.0,False
1052,CY,2026-01-01,1,0,0.0,1,0.0,0,0.0,0.0,0.0,0.0,0.0,0.0,False
1052,CZ,2026-01-01,1,1,22.2,1,22.2,0,0.0,0.0,0.0,0.0,0.0,0.0,False
1052,DE,2026-01-01,2,1,22.2,2,22.2,0,0.0,0.0,0.0,0.0,0.0,0.0,False
1052,DO,2026-01-01,1,1,22.2,1,22.2,0,0.0,0.0,0.0,0.0,0.0,0.0,False
1052,DZ,2026-01-01,1,1,11.1,1,11.1,1,150.0,150.0,0.0,150.0,150.0,0.0,False
1052,FR,2026-01-01,4,3,77.7,4,77.7,0,0.0,0.0,0.0,0.0,0.0,0.0,False
1052,GB,2026-01-01,749,471,10411.80000000001,749,10411.80000000001,19,135990.0,134400.0,1590.0,135990.0,134400.0,1590.0,True
1052,GQ,2026-01-01,1,1,22.2,1,22.2,0,0.0,0.0,0.0,0.0,0.0,0.0,False
1052,HT,2026-01-01,1,0,0.0,1,0.0,0,0.0,0.0,0.0,0.0,0.0,0.0,False
1052,ID,2026-01-01,1,0,0.0,1,0.0,0,0.0,0.0,0.0,0.0,0.0,0.0,False
1052,IL,2026-01-01,1,1,33.3,1,33.3,0,0.0,0.0,0.0,0.0,0.0,0.0,False
1052,IN,2026-01-01,74,27,599.4,74,599.4,0,0.0,0.0,0.0,0.0,0.0,0.0,False
1052,JP,2026-01-01,2,0,0.0,2,0.0,0,0.0,0.0,0.0,0.0,0.0,0.0,False
1052,KE,2026-01-01,4,2,44.4,4,44.4,0,0.0,0.0,0.0,0.0,0.0,0.0,False
1052,LI,2026-01-01,1,1,22.2,1,22.2,0,0.0,0.0,0.0,0.0,0.0,0.0,False
1052,MA,2026-01-01,1,0,0.0,1,0.0,0,0.0,0.0,0.0,0.0,0.0,0.0,False
1052,MU,2026-01-01,1,1,22.2,1,22.2,0,0.0,0.0,0.0,0.0,0.0,0.0,False
1052,NL,2026-01-01,4,0,0.0,4,0.0,0,0.0,0.0,0.0,0.0,0.0,0.0,False
1052,NZ,2026-01-01,19,11,244.2,19,244.2,1,150.0,150.0,0.0,150.0,150.0,0.0,False
1052,PH,2026-01-01,6,1,22.2,6,22.2,0,0.0,0.0,0.0,0.0,0.0,0.0,False
1052,PR,2026-01-01,1,0,0.0,1,0.0,0,0.0,0.0,0.0,0.0,0.0,0.0,False
1052,RO,2026-01-01,2,1,22.2,2,22.2,0,0.0,0.0,0.0,0.0,0.0,0.0,False
1052,RS,2026-01-01,1,1,22.2,1,22.2,0,0.0,0.0,0.0,0.0,0.0,0.0,False
1052,SG,2026-01-01,3,1,22.2,3,22.2,0,0.0,0.0,0.0,0.0,0.0,0.0,False
1052,TT,2026-01-01,1,1,22.2,1,22.2,0,0.0,0.0,0.0,0.0,0.0,0.0,False
1052,UA,2026-01-01,1,0,0.0,1,0.0,0,0.0,0.0,0.0,0.0,0.0,0.0,False
1052,US,2026-01-01,3514,2092,45988.779999999846,3514,45988.779999999846,140,369615.0,365215.0,4400.0,369615.0,365215.0,4400.0,True
1052,VN,2026-01-01,1,0,0.0,1,0.0,0,0.0,0.0,0.0,0.0,0.0,0.0,False
1052,ZA,2026-01-01,5,2,44.4,5,44.4,0,0.0,0.0,0.0,0.0,0.0,0.0,False
303,AD,2026-01-01,5,3,11.84,5,11.84,0,0.0,0.0,0.0,0.0,0.0,0.0,False
303,AE,2026-01-01,1,1,4.4399999999999995,1,4.4399999999999995,0,0.0,0.0,0.0,0.0,0.0,0.0,False
303,AL,2026-01-01,150,105,439.1160000000001,150,439.1160000000001,2,215.0,215.0,0.0,215.0,215.0,0.0,False
303,AT,2026-01-01,524,340,1398.3039999999996,524,1398.3039999999996,7,13480.0,13345.0,135.0,13480.0,13345.0,135.0,True
303,AU,2026-01-01,2,1,3.7,2,3.7,0,0.0,0.0,0.0,0.0,0.0,0.0,False
303,AX,2026-01-01,1,1,3.7,1,3.7,0,0.0,0.0,0.0,0.0,0.0,0.0,False
303,BE,2026-01-01,636,438,1764.6039999999985,636,1764.6039999999985,4,995.0,995.0,0.0,995.0,995.0,0.0,True
303,BG,2026-01-01,68,48,209.12399999999997,68,209.12399999999997,0,0.0,0.0,0.0,0.0,0.0,0.0,False
303,BR,2026-01-01,8,5,22.792,8,22.792,0,0.0,0.0,0.0,0.0,0.0,0.0,False
303,CA,2026-01-01,717,457,1889.219999999999,717,1889.219999999999,12,18595.0,18550.0,45.0,18595.0,18550.0,45.0,True
303,CH,2026-01-01,427,292,1241.5719999999997,427,1241.5719999999997,19,8415.0,8290.0,125.0,8415.0,8290.0,125.0,False
303,CI,2026-01-01,3,2,8.14,3,8.14,0,0.0,0.0,0.0,0.0,0.0,0.0,False
303,CO,2026-01-01,2,0,0.0,2,0.0,0,0.0,0.0,0.0,0.0,0.0,0.0,False
303,CY,2026-01-01,1,0,0.0,1,0.0,0,0.0,0.0,0.0,0.0,0.0,0.0,False
303,CZ,2026-01-01,22,15,69.70800000000001,22,69.70800000000001,0,0.0,0.0,0.0,0.0,0.0,0.0,False
303,DE,2026-01-01,2727,1871,7694.520000000033,2727,7694.520000000033,30,10000.0,9955.0,45.0,10000.0,9955.0,45.0,True
303,DK,2026-01-01,10,8,34.484,10,34.484,1,110.0,110.0,0.0,110.0,110.0,0.0,False
303,DO,2026-01-01,2,2,8.879999999999999,2,8.879999999999999,0,0.0,0.0,0.0,0.0,0.0,0.0,False
303,DZ,2026-01-01,13,7,25.9,13,25.9,0,0.0,0.0,0.0,0.0,0.0,0.0,False
303,EE,2026-01-01,7,4,17.02,7,17.02,0,0.0,0.0,0.0,0.0,0.0,0.0,False
303,ES,2026-01-01,234,147,606.3560000000001,234,606.3560000000001,3,1090.0,1090.0,0.0,1090.0,1090.0,0.0,False
303,FI,2026-01-01,6,4,14.8,6,14.8,0,0.0,0.0,0.0,0.0,0.0,0.0,False
303,FR,2026-01-01,6332,4794,19049.820000000076,6332,19049.820000000076,49,33650.0,33520.0,130.0,33650.0,33520.0,130.0,True
303,GB,2026-01-01,175,83,391.90400000000005,175,391.90400000000005,0,0.0,0.0,0.0,0.0,0.0,0.0,False
303,GF,2026-01-01,1,0,0.0,1,0.0,0,0.0,0.0,0.0,0.0,0.0,0.0,False
303,GG,2026-01-01,2,0,0.0,2,0.0,0,0.0,0.0,0.0,0.0,0.0,0.0,False
303,GI,2026-01-01,2,1,3.7,2,3.7,0,0.0,0.0,0.0,0.0,0.0,0.0,False
303,GP,2026-01-01,7,6,24.42,7,24.42,0,0.0,0.0,0.0,0.0,0.0,0.0,False
303,GR,2026-01-01,140,90,387.31600000000014,140,387.31600000000014,2,130.0,130.0,0.0,130.0,130.0,0.0,False
303,HR,2026-01-01,81,48,191.06799999999998,81,191.06799999999998,0,0.0,0.0,0.0,0.0,0.0,0.0,False
303,HU,2026-01-01,54,38,159.1,54,159.1,1,150.0,150.0,0.0,150.0,150.0,0.0,False
303,IE,2026-01-01,21,10,43.956,21,43.956,1,300.0,300.0,0.0,300.0,300.0,0.0,False
303,IL,2026-01-01,1,1,4.4399999999999995,1,4.4399999999999995,0,0.0,0.0,0.0,0.0,0.0,0.0,False
303,IM,2026-01-01,3,3,15.392,3,15.392,0,0.0,0.0,0.0,0.0,0.0,0.0,False
303,IN,2026-01-01,1,1,3.7,1,3.7,0,0.0,0.0,0.0,0.0,0.0,0.0,False
303,IS,2026-01-01,1,1,5.92,1,5.92,0,0.0,0.0,0.0,0.0,0.0,0.0,False
303,IT,2026-01-01,355,244,1003.7360000000003,355,1003.7360000000003,3,955.0,955.0,0.0,955.0,955.0,0.0,False
303,JE,2026-01-01,5,3,13.172,5,13.172,0,0.0,0.0,0.0,0.0,0.0,0.0,False
303,LI,2026-01-01,6,4,17.02,6,17.02,0,0.0,0.0,0.0,0.0,0.0,0.0,False
303,LT,2026-01-01,18,12,51.504000000000005,18,51.504000000000005,1,165.0,165.0,0.0,165.0,165.0,0.0,False
303,LU,2026-01-01,108,81,335.66399999999993,108,335.66399999999993,2,260.0,260.0,0.0,260.0,260.0,0.0,False
303,LV,2026-01-01,13,7,25.9,13,25.9,1,65.0,65.0,0.0,65.0,65.0,0.0,False
303,MA,2026-01-01,12,8,31.82,12,31.82,0,0.0,0.0,0.0,0.0,0.0,0.0,False
303,MC,2026-01-01,5,4,17.02,5,17.02,0,0.0,0.0,0.0,0.0,0.0,0.0,False
303,MD,2026-01-01,15,8,33.892,15,33.892,0,0.0,0.0,0.0,0.0,0.0,0.0,False
303,ME,2026-01-01,15,12,45.14000000000001,15,45.14000000000001,0,0.0,0.0,0.0,0.0,0.0,0.0,False
303,MK,2026-01-01,32,18,69.56,32,69.56,0,0.0,0.0,0.0,0.0,0.0,0.0,False
303,MQ,2026-01-01,5,4,16.28,5,16.28,0,0.0,0.0,0.0,0.0,0.0,0.0,False
303,MT,2026-01-01,44,24,101.97200000000001,44,101.97200000000001,2,445.0,445.0,0.0,445.0,445.0,0.0,False
303,MU,2026-01-01,1,1,3.7,1,3.7,1,65.0,65.0,0.0,65.0,65.0,0.0,False
303,MX,2026-01-01,1,1,4.4399999999999995,1,4.4399999999999995,0,0.0,0.0,0.0,0.0,0.0,0.0,False
303,MY,2026-01-01,1,1,4.4399999999999995,1,4.4399999999999995,0,0.0,0.0,0.0,0.0,0.0,0.0,False
303,NC,2026-01-01,1,1,4.4399999999999995,1,4.4399999999999995,0,0.0,0.0,0.0,0.0,0.0,0.0,False
303,NL,2026-01-01,47,27,122.24799999999999,47,122.24799999999999,2,130.0,130.0,0.0,130.0,130.0,0.0,False
303,NO,2026-01-01,5,3,13.172,5,13.172,0,0.0,0.0,0.0,0.0,0.0,0.0,False
303,PH,2026-01-01,3,2,9.472000000000001,3,9.472000000000001,0,0.0,0.0,0.0,0.0,0.0,0.0,False
303,PK,2026-01-01,1,1,3.7,1,3.7,0,0.0,0.0,0.0,0.0,0.0,0.0,False
303,PL,2026-01-01,69,46,183.816,69,183.816,0,0.0,0.0,0.0,0.0,0.0,0.0,False
303,PM,2026-01-01,1,0,0.0,1,0.0,0,0.0,0.0,0.0,0.0,0.0,0.0,False
303,PT,2026-01-01,144,99,428.16400000000004,144,428.16400000000004,1,580.0,580.0,0.0,580.0,580.0,0.0,False
303,RE,2026-01-01,3,1,3.7,3,3.7,0,0.0,0.0,0.0,0.0,0.0,0.0,False
303,RO,2026-01-01,296,200,822.4360000000003,296,822.4360000000003,1,65.0,65.0,0.0,65.0,65.0,0.0,False
303,RS,2026-01-01,169,102,407.8880000000001,169,407.8880000000001,2,710.0,710.0,0.0,710.0,710.0,0.0,False
303,SE,2026-01-01,9,7,30.784,9,30.784,0,0.0,0.0,0.0,0.0,0.0,0.0,False
303,SI,2026-01-01,23,14,61.568,23,61.568,0,0.0,0.0,0.0,0.0,0.0,0.0,False
303,SK,2026-01-01,12,7,27.972,12,27.972,0,0.0,0.0,0.0,0.0,0.0,0.0,False
303,SN,2026-01-01,5,2,7.4,5,7.4,0,0.0,0.0,0.0,0.0,0.0,0.0,False
303,TG,2026-01-01,1,1,3.7,1,3.7,0,0.0,0.0,0.0,0.0,0.0,0.0,False
303,TH,2026-01-01,7,5,21.312,7,21.312,0,0.0,0.0,0.0,0.0,0.0,0.0,False
303,TR,2026-01-01,2,1,3.7,2,3.7,0,0.0,0.0,0.0,0.0,0.0,0.0,False
303,US,2026-01-01,13,10,44.251999999999995,13,44.251999999999995,1,150.0,150.0,0.0,150.0,150.0,0.0,False
303,UY,2026-01-01,1,1,3.7,1,3.7,0,0.0,0.0,0.0,0.0,0.0,0.0,False
303,VN,2026-01-01,2,1,3.7,2,3.7,0,0.0,0.0,0.0,0.0,0.0,0.0,False
303,XK,2026-01-01,63,44,185.888,63,185.888,0,0.0,0.0,0.0,0.0,0.0,0.0,False
427,AD,2026-01-01,1,1,16.28,1,16.28,1,65.0,65.0,0.0,65.0,65.0,0.0,False
427,AL,2026-01-01,3,3,281.2,3,281.2,1,955.0,955.0,0.0,955.0,955.0,0.0,False
427,AU,2026-01-01,394,302,3682.9799999999987,394,3682.9799999999987,25,8520.0,8520.0,0.0,8520.0,8520.0,0.0,False
427,BD,2026-01-01,1,1,13.32,1,13.32,0,0.0,0.0,0.0,0.0,0.0,0.0,False
427,BE,2026-01-01,47,36,494.31999999999994,47,494.31999999999994,1,1975.0,1975.0,0.0,1975.0,1975.0,0.0,False
427,BG,2026-01-01,1,1,8.879999999999999,1,8.879999999999999,0,0.0,0.0,0.0,0.0,0.0,0.0,False
427,BS,2026-01-01,1,1,13.32,1,13.32,0,0.0,0.0,0.0,0.0,0.0,0.0,False
427,CA,2026-01-01,458,362,4320.86,458,4320.86,17,55580.0,54780.0,800.0,55580.0,54780.0,800.0,False
427,CH,2026-01-01,34,25,321.15999999999997,34,321.15999999999997,2,480.0,480.0,0.0,480.0,480.0,0.0,False
427,CO,2026-01-01,3,0,0.0,3,0.0,0,0.0,0.0,0.0,0.0,0.0,0.0,False
427,DE,2026-01-01,1,1,14.8,1,14.8,0,0.0,0.0,0.0,0.0,0.0,0.0,False
427,DK,2026-01-01,1,0,0.0,1,0.0,0,0.0,0.0,0.0,0.0,0.0,0.0,False
427,ES,2026-01-01,7,6,59.2,7,59.2,1,270.0,270.0,0.0,270.0,270.0,0.0,False
427,FI,2026-01-01,26,19,224.21999999999997,26,224.21999999999997,0,0.0,0.0,0.0,0.0,0.0,0.0,False
427,FR,2026-01-01,2,1,16.28,2,16.28,0,0.0,0.0,0.0,0.0,0.0,0.0,False
427,GB,2026-01-01,6,3,35.519999999999996,6,35.519999999999996,0,0.0,0.0,0.0,0.0,0.0,0.0,False
427,ID,2026-01-01,1,0,0.0,1,0.0,0,0.0,0.0,0.0,0.0,0.0,0.0,False
427,IE,2026-01-01,1,0,0.0,1,0.0,0,0.0,0.0,0.0,0.0,0.0,0.0,False
427,IL,2026-01-01,125,96,1209.8999999999996,125,1209.8999999999996,9,1680.0,1680.0,0.0,1680.0,1680.0,0.0,False
427,IN,2026-01-01,2,0,0.0,2,0.0,0,0.0,0.0,0.0,0.0,0.0,0.0,False
427,IS,2026-01-01,14,8,96.19999999999999,14,96.19999999999999,1,465.0,465.0,0.0,465.0,465.0,0.0,False
427,IT,2026-01-01,3,2,26.64,3,26.64,0,0.0,0.0,0.0,0.0,0.0,0.0,False
427,JM,2026-01-01,1,0,0.0,1,0.0,0,0.0,0.0,0.0,0.0,0.0,0.0,False
427,LU,2026-01-01,16,13,158.36,16,158.36,1,1580.0,1580.0,0.0,1580.0,1580.0,0.0,False
427,MA,2026-01-01,1,1,8.879999999999999,1,8.879999999999999,0,0.0,0.0,0.0,0.0,0.0,0.0,False
427,MX,2026-01-01,3,1,8.879999999999999,3,8.879999999999999,0,0.0,0.0,0.0,0.0,0.0,0.0,False
427,MY,2026-01-01,1,1,14.8,1,14.8,0,0.0,0.0,0.0,0.0,0.0,0.0,False
427,NL,2026-01-01,117,93,1303.88,117,1303.88,7,16560.0,16410.0,150.0,16560.0,16410.0,150.0,False
427,NO,2026-01-01,51,36,455.09999999999997,51,455.09999999999997,2,300.0,300.0,0.0,300.0,300.0,0.0,False
427,NZ,2026-01-01,103,84,977.54,103,977.54,8,5225.0,5225.0,0.0,5225.0,5225.0,0.0,False
427,PE,2026-01-01,1,1,8.879999999999999,1,8.879999999999999,0,0.0,0.0,0.0,0.0,0.0,0.0,False
427,PH,2026-01-01,4,3,41.44,4,41.44,0,0.0,0.0,0.0,0.0,0.0,0.0,False
427,PK,2026-01-01,1,0,0.0,1,0.0,0,0.0,0.0,0.0,0.0,0.0,0.0,False
427,PR,2026-01-01,1,0,0.0,1,0.0,0,0.0,0.0,0.0,0.0,0.0,0.0,False
427,PT,2026-01-01,2,0,0.0,2,0.0,0,0.0,0.0,0.0,0.0,0.0,0.0,False
427,RS,2026-01-01,1,1,13.32,1,13.32,0,0.0,0.0,0.0,0.0,0.0,0.0,False
427,SE,2026-01-01,88,69,820.6599999999999,88,820.6599999999999,5,785.0,785.0,0.0,785.0,785.0,0.0,False
427,SI,2026-01-01,1,0,0.0,1,0.0,0,0.0,0.0,0.0,0.0,0.0,0.0,False
427,TH,2026-01-01,1,1,8.879999999999999,1,8.879999999999999,1,65.0,65.0,0.0,65.0,65.0,0.0,False
427,TT,2026-01-01,2,0,0.0,2,0.0,0,0.0,0.0,0.0,0.0,0.0,0.0,False
427,UNKNOWN,2026-01-01,2,1,15.54,2,15.54,0,0.0,0.0,0.0,0.0,0.0,0.0,False
427,US,2026-01-01,8964,4422,106395.72000000034,8964,106395.72000000034,391,1453635.0,1446855.0,6780.0,1453635.0,1446855.0,6780.0,True
427,VN,2026-01-01,1,1,13.32,1,13.32,0,0.0,0.0,0.0,0.0,0.0,0.0,False
427,ZA,2026-01-01,1,1,9.62,1,9.62,1,65.0,65.0,0.0,65.0,65.0,0.0,False
523,AE,2026-01-01,13,0,0.0,13,0.0,0,0.0,0.0,0.0,0.0,0.0,0.0,False
523,AL,2026-01-01,4,1,2.96,4,2.96,0,0.0,0.0,0.0,0.0,0.0,0.0,False
523,AR,2026-01-01,17,2,7.4,17,7.4,0,0.0,0.0,0.0,0.0,0.0,0.0,False
523,AS,2026-01-01,2,1,6.29,2,6.29,0,0.0,0.0,0.0,0.0,0.0,0.0,False
523,AT,2026-01-01,1,0,0.0,1,0.0,0,0.0,0.0,0.0,0.0,0.0,0.0,False
523,AU,2026-01-01,176,89,330.7800000000001,176,330.7800000000001,2,840.0,840.0,0.0,840.0,840.0,0.0,False
523,BD,2026-01-01,1,0,0.0,1,0.0,0,0.0,0.0,0.0,0.0,0.0,0.0,False
523,BE,2026-01-01,57,19,70.30000000000001,57,70.30000000000001,0,0.0,0.0,0.0,0.0,0.0,0.0,False
523,BF,2026-01-01,17,1,3.7,17,3.7,0,0.0,0.0,0.0,0.0,0.0,0.0,False
523,BG,2026-01-01,9,2,7.4,9,7.4,0,0.0,0.0,0.0,0.0,0.0,0.0,False
523,BJ,2026-01-01,12,1,5.18,12,5.18,0,0.0,0.0,0.0,0.0,0.0,0.0,False
523,BQ,2026-01-01,1,0,0.0,1,0.0,0,0.0,0.0,0.0,0.0,0.0,0.0,False
523,BR,2026-01-01,47,6,24.42,47,24.42,0,0.0,0.0,0.0,0.0,0.0,0.0,False
523,BW,2026-01-01,6,1,3.7,6,3.7,0,0.0,0.0,0.0,0.0,0.0,0.0,False
523,CA,2026-01-01,1177,447,1666.1099999999985,1177,1666.1099999999985,11,10185.0,10185.0,0.0,10185.0,10185.0,0.0,True
523,CH,2026-01-01,70,9,44.4,70,44.4,0,0.0,0.0,0.0,0.0,0.0,0.0,False
523,CI,2026-01-01,16,2,7.4,16,7.4,0,0.0,0.0,0.0,0.0,0.0,0.0,False
523,CL,2026-01-01,2,0,0.0,2,0.0,0,0.0,0.0,0.0,0.0,0.0,0.0,False
523,CM,2026-01-01,11,3,14.059999999999999,11,14.059999999999999,0,0.0,0.0,0.0,0.0,0.0,0.0,False
523,CN,2026-01-01,3,0,0.0,3,0.0,0,0.0,0.0,0.0,0.0,0.0,0.0,False
523,CO,2026-01-01,20,2,7.4,20,7.4,0,0.0,0.0,0.0,0.0,0.0,0.0,False
523,CR,2026-01-01,6,1,3.7,6,3.7,0,0.0,0.0,0.0,0.0,0.0,0.0,False
523,CV,2026-01-01,2,0,0.0,2,0.0,0,0.0,0.0,0.0,0.0,0.0,0.0,False
523,CY,2026-01-01,4,1,7.4,4,7.4,0,0.0,0.0,0.0,0.0,0.0,0.0,False
523,CZ,2026-01-01,1,0,0.0,1,0.0,0,0.0,0.0,0.0,0.0,0.0,0.0,False
523,DE,2026-01-01,172,55,178.33999999999997,172,178.33999999999997,3,695.0,695.0,0.0,695.0,695.0,0.0,False
523,DJ,2026-01-01,1,0,0.0,1,0.0,0,0.0,0.0,0.0,0.0,0.0,0.0,False
523,DO,2026-01-01,23,1,3.7,23,3.7,0,0.0,0.0,0.0,0.0,0.0,0.0,False
523,EC,2026-01-01,2,0,0.0,2,0.0,0,0.0,0.0,0.0,0.0,0.0,0.0,False
523,ES,2026-01-01,49,3,13.32,49,13.32,1,320.0,320.0,0.0,320.0,320.0,0.0,False
523,FI,2026-01-01,61,17,125.80000000000001,61,125.80000000000001,0,0.0,0.0,0.0,0.0,0.0,0.0,False
523,FR,2026-01-01,464,100,370.00000000000006,464,370.00000000000006,0,0.0,0.0,0.0,0.0,0.0,0.0,False
523,GB,2026-01-01,5076,1849,6878.1520000000255,5076,6878.1520000000255,51,19080.0,19080.0,0.0,19080.0,19080.0,0.0,True
523,GM,2026-01-01,4,1,3.7,4,3.7,2,175.0,175.0,0.0,175.0,175.0,0.0,False
523,GR,2026-01-01,23,3,12.58,23,12.58,0,0.0,0.0,0.0,0.0,0.0,0.0,False
523,GU,2026-01-01,1,0,0.0,1,0.0,0,0.0,0.0,0.0,0.0,0.0,0.0,False
523,GY,2026-01-01,19,7,24.419999999999998,19,24.419999999999998,0,0.0,0.0,0.0,0.0,0.0,0.0,False
523,HK,2026-01-01,8,0,0.0,8,0.0,0,0.0,0.0,0.0,0.0,0.0,0.0,False
523,HR,2026-01-01,1,0,0.0,1,0.0,0,0.0,0.0,0.0,0.0,0.0,0.0,False
523,HT,2026-01-01,3,0,0.0,3,0.0,0,0.0,0.0,0.0,0.0,0.0,0.0,False
523,ID,2026-01-01,10,0,0.0,10,0.0,0,0.0,0.0,0.0,0.0,0.0,0.0,False
523,IE,2026-01-01,1,1,3.7,1,3.7,0,0.0,0.0,0.0,0.0,0.0,0.0,False
523,IN,2026-01-01,31,4,14.8,31,14.8,0,0.0,0.0,0.0,0.0,0.0,0.0,False
523,IT,2026-01-01,6233,2449,7257.920000000026,6233,7257.920000000026,43,11755.0,11710.0,45.0,11755.0,11710.0,45.0,True
523,JM,2026-01-01,13,4,16.279999999999998,13,16.279999999999998,1,65.0,65.0,0.0,65.0,65.0,0.0,False
523,JO,2026-01-01,3,0,0.0,3,0.0,0,0.0,0.0,0.0,0.0,0.0,0.0,False
523,JP,2026-01-01,21,4,14.799999999999997,21,14.799999999999997,0,0.0,0.0,0.0,0.0,0.0,0.0,False
523,KE,2026-01-01,4,0,0.0,4,0.0,0,0.0,0.0,0.0,0.0,0.0,0.0,False
523,KH,2026-01-01,2,1,2.2199999999999998,2,2.2199999999999998,0,0.0,0.0,0.0,0.0,0.0,0.0,False
523,KI,2026-01-01,9,4,14.799999999999997,9,14.799999999999997,0,0.0,0.0,0.0,0.0,0.0,0.0,False
523,KW,2026-01-01,1,0,0.0,1,0.0,0,0.0,0.0,0.0,0.0,0.0,0.0,False
523,KY,2026-01-01,2,1,5.18,2,5.18,0,0.0,0.0,0.0,0.0,0.0,0.0,False
523,KZ,2026-01-01,2,0,0.0,2,0.0,0,0.0,0.0,0.0,0.0,0.0,0.0,False
523,LS,2026-01-01,1,1,3.7,1,3.7,0,0.0,0.0,0.0,0.0,0.0,0.0,False
523,LT,2026-01-01,1,1,2.2199999999999998,1,2.2199999999999998,0,0.0,0.0,0.0,0.0,0.0,0.0,False
523,MA,2026-01-01,3,0,0.0,3,0.0,0,0.0,0.0,0.0,0.0,0.0,0.0,False
523,MD,2026-01-01,18,3,14.8,18,14.8,0,0.0,0.0,0.0,0.0,0.0,0.0,False
523,MH,2026-01-01,1,0,0.0,1,0.0,0,0.0,0.0,0.0,0.0,0.0,0.0,False
523,MV,2026-01-01,4,1,3.7,4,3.7,0,0.0,0.0,0.0,0.0,0.0,0.0,False
523,MW,2026-01-01,2,0,0.0,2,0.0,0,0.0,0.0,0.0,0.0,0.0,0.0,False
523,MX,2026-01-01,51,4,17.759999999999998,51,17.759999999999998,0,0.0,0.0,0.0,0.0,0.0,0.0,False
523,MY,2026-01-01,4,1,5.18,4,5.18,0,0.0,0.0,0.0,0.0,0.0,0.0,False
523,MZ,2026-01-01,7,0,0.0,7,0.0,0,0.0,0.0,0.0,0.0,0.0,0.0,False
523,NE,2026-01-01,23,2,9.620000000000001,23,9.620000000000001,0,0.0,0.0,0.0,0.0,0.0,0.0,False
523,NL,2026-01-01,131,51,209.05,131,209.05,0,0.0,0.0,0.0,0.0,0.0,0.0,False
523,NO,2026-01-01,59,19,136.9,59,136.9,1,2110.0,2110.0,0.0,2110.0,2110.0,0.0,False
523,NP,2026-01-01,5,0,0.0,5,0.0,0,0.0,0.0,0.0,0.0,0.0,0.0,False
523,NZ,2026-01-01,52,8,29.6,52,29.6,0,0.0,0.0,0.0,0.0,0.0,0.0,False
523,PE,2026-01-01,10,1,3.7,10,3.7,0,0.0,0.0,0.0,0.0,0.0,0.0,False
523,PH,2026-01-01,46,7,35.89,46,35.89,0,0.0,0.0,0.0,0.0,0.0,0.0,False
523,PK,2026-01-01,36,3,12.58,36,12.58,0,0.0,0.0,0.0,0.0,0.0,0.0,False
523,PL,2026-01-01,4,0,0.0,4,0.0,0,0.0,0.0,0.0,0.0,0.0,0.0,False
523,PR,2026-01-01,40,13,65.86,40,65.86,0,0.0,0.0,0.0,0.0,0.0,0.0,False
523,PT,2026-01-01,1,1,3.7,1,3.7,0,0.0,0.0,0.0,0.0,0.0,0.0,False
523,PY,2026-01-01,4,0,0.0,4,0.0,0,0.0,0.0,0.0,0.0,0.0,0.0,False
523,QA,2026-01-01,8,1,3.7,8,3.7,0,0.0,0.0,0.0,0.0,0.0,0.0,False
523,RO,2026-01-01,10,2,4.4399999999999995,10,4.4399999999999995,0,0.0,0.0,0.0,0.0,0.0,0.0,False
523,RS,2026-01-01,3,1,2.2199999999999998,3,2.2199999999999998,0,0.0,0.0,0.0,0.0,0.0,0.0,False
523,RU,2026-01-01,5,1,3.7,5,3.7,0,0.0,0.0,0.0,0.0,0.0,0.0,False
523,SA,2026-01-01,8,3,9.620000000000001,8,9.620000000000001,0,0.0,0.0,0.0,0.0,0.0,0.0,False
523,SB,2026-01-01,6,2,10.36,6,10.36,0,0.0,0.0,0.0,0.0,0.0,0.0,False
523,SE,2026-01-01,37,14,99.9,37,99.9,0,0.0,0.0,0.0,0.0,0.0,0.0,False
523,SG,2026-01-01,19,3,11.100000000000001,19,11.100000000000001,0,0.0,0.0,0.0,0.0,0.0,0.0,False
523,SK,2026-01-01,1,1,3.7,1,3.7,0,0.0,0.0,0.0,0.0,0.0,0.0,False
523,SN,2026-01-01,9,0,0.0,9,0.0,0,0.0,0.0,0.0,0.0,0.0,0.0,False
523,SV,2026-01-01,2,1,3.7,2,3.7,0,0.0,0.0,0.0,0.0,0.0,0.0,False
523,SY,2026-01-01,25,1,5.92,25,5.92,0,0.0,0.0,0.0,0.0,0.0,0.0,False
523,SZ,2026-01-01,1,0,0.0,1,0.0,0,0.0,0.0,0.0,0.0,0.0,0.0,False
523,TD,2026-01-01,19,3,16.28,19,16.28,0,0.0,0.0,0.0,0.0,0.0,0.0,False
523,TJ,2026-01-01,3,0,0.0,3,0.0,0,0.0,0.0,0.0,0.0,0.0,0.0,False
523,TO,2026-01-01,1,0,0.0,1,0.0,0,0.0,0.0,0.0,0.0,0.0,0.0,False
523,TR,2026-01-01,6,0,0.0,6,0.0,0,0.0,0.0,0.0,0.0,0.0,0.0,False
523,TT,2026-01-01,4,3,12.58,4,12.58,0,0.0,0.0,0.0,0.0,0.0,0.0,False
523,TV,2026-01-01,1,0,0.0,1,0.0,0,0.0,0.0,0.0,0.0,0.0,0.0,False
523,TW,2026-01-01,2,0,0.0,2,0.0,0,0.0,0.0,0.0,0.0,0.0,0.0,False
523,UG,2026-01-01,12,0,0.0,12,0.0,1,150.0,150.0,0.0,150.0,150.0,0.0,False
523,UNKNOWN,2026-01-01,5,1,5.92,5,5.92,0,0.0,0.0,0.0,0.0,0.0,0.0,False
523,US,2026-01-01,54612,23435,112930.51200000258,54612,112930.51200000258,705,379455.0,378740.0,715.0,379455.0,378740.0,715.0,True
523,VE,2026-01-01,1,0,0.0,1,0.0,0,0.0,0.0,0.0,0.0,0.0,0.0,False
523,VG,2026-01-01,1,0,0.0,1,0.0,0,0.0,0.0,0.0,0.0,0.0,0.0,False
523,VN,2026-01-01,7,1,2.96,7,2.96,0,0.0,0.0,0.0,0.0,0.0,0.0,False
523,YT,2026-01-01,3,1,5.18,3,5.18,0,0.0,0.0,0.0,0.0,0.0,0.0,False
523,ZA,2026-01-01,2,0,0.0,2,0.0,0,0.0,0.0,0.0,0.0,0.0,0.0,False
523,ZM,2026-01-01,17,3,17.020000000000003,17,17.020000000000003,0,0.0,0.0,0.0,0.0,0.0,0.0,False
612,AE,2026-01-01,11,0,0.0,11,0.0,0,0.0,0.0,0.0,0.0,0.0,0.0,False
612,AI,2026-01-01,1,0,0.0,1,0.0,0,0.0,0.0,0.0,0.0,0.0,0.0,False
612,AL,2026-01-01,6,2,1152.92,6,1152.92,2,300.0,300.0,0.0,300.0,300.0,0.0,False
612,AM,2026-01-01,1,0,0.0,1,0.0,0,0.0,0.0,0.0,0.0,0.0,0.0,False
612,AO,2026-01-01,1,0,0.0,1,0.0,0,0.0,0.0,0.0,0.0,0.0,0.0,False
612,AR,2026-01-01,1,0,0.0,1,0.0,0,0.0,0.0,0.0,0.0,0.0,0.0,False
612,AS,2026-01-01,1,1,125.8,1,125.8,1,65.0,65.0,0.0,65.0,65.0,0.0,False
612,AT,2026-01-01,17,1,773.3,17,773.3,1,915.0,0.0,915.0,915.0,0.0,915.0,False
612,AU,2026-01-01,1823,62,35429.72,1823,35429.72,78,14950.0,12500.0,2450.0,14950.0,12500.0,2450.0,True
612,AX,2026-01-01,2,0,0.0,2,0.0,0,0.0,0.0,0.0,0.0,0.0,0.0,False
612,AZ,2026-01-01,2,0,0.0,2,0.0,0,0.0,0.0,0.0,0.0,0.0,0.0,False
612,BA,2026-01-01,1,0,0.0,1,0.0,0,0.0,0.0,0.0,0.0,0.0,0.0,False
612,BD,2026-01-01,5,0,0.0,5,0.0,0,0.0,0.0,0.0,0.0,0.0,0.0,False
612,BE,2026-01-01,167,1,496.54,167,496.54,2,215.0,215.0,0.0,215.0,215.0,0.0,False
612,BG,2026-01-01,6,0,0.0,6,0.0,0,0.0,0.0,0.0,0.0,0.0,0.0,False
612,BJ,2026-01-01,7,0,0.0,7,0.0,0,0.0,0.0,0.0,0.0,0.0,0.0,False
612,BM,2026-01-01,1,0,0.0,1,0.0,0,0.0,0.0,0.0,0.0,0.0,0.0,False
612,BR,2026-01-01,6,0,0.0,6,0.0,1,65.0,65.0,0.0,65.0,65.0,0.0,False
612,BS,2026-01-01,3,0,0.0,3,0.0,0,0.0,0.0,0.0,0.0,0.0,0.0,False
612,CA,2026-01-01,2433,38,20729.620000000003,2433,20729.620000000003,51,5705.0,4500.0,1205.0,5705.0,4500.0,1205.0,True
612,CH,2026-01-01,70,1,773.3,70,773.3,1,150.0,150.0,0.0,150.0,150.0,0.0,False
612,CI,2026-01-01,41,0,0.0,41,0.0,0,0.0,0.0,0.0,0.0,0.0,0.0,False
612,CL,2026-01-01,2,1,599.4,2,599.4,1,65.0,65.0,0.0,65.0,65.0,0.0,False
612,CM,2026-01-01,24,0,0.0,24,0.0,0,0.0,0.0,0.0,0.0,0.0,0.0,False
612,CN,2026-01-01,8,0,0.0,8,0.0,0,0.0,0.0,0.0,0.0,0.0,0.0,False
612,CO,2026-01-01,3,0,0.0,3,0.0,0,0.0,0.0,0.0,0.0,0.0,0.0,False
612,CY,2026-01-01,5,0,0.0,5,0.0,0,0.0,0.0,0.0,0.0,0.0,0.0,False
612,DE,2026-01-01,335,2,1269.84,335,1269.84,7,455.0,325.0,130.0,455.0,325.0,130.0,False
612,DJ,2026-01-01,1,0,0.0,1,0.0,0,0.0,0.0,0.0,0.0,0.0,0.0,False
612,DK,2026-01-01,195,1,623.08,195,623.08,1,1500.0,1500.0,0.0,1500.0,1500.0,0.0,False
612,DO,2026-01-01,2,0,0.0,2,0.0,0,0.0,0.0,0.0,0.0,0.0,0.0,False
612,DZ,2026-01-01,11,0,0.0,11,0.0,0,0.0,0.0,0.0,0.0,0.0,0.0,False
612,EC,2026-01-01,2,0,0.0,2,0.0,0,0.0,0.0,0.0,0.0,0.0,0.0,False
612,ES,2026-01-01,1948,20,8344.98,1948,8344.98,26,5605.0,4290.0,1315.0,5605.0,4290.0,1315.0,True
612,ET,2026-01-01,2,0,0.0,2,0.0,0,0.0,0.0,0.0,0.0,0.0,0.0,False
612,FI,2026-01-01,164,2,1465.1999999999998,164,1465.1999999999998,3,370.0,370.0,0.0,370.0,370.0,0.0,False
612,FJ,2026-01-01,1,0,0.0,1,0.0,0,0.0,0.0,0.0,0.0,0.0,0.0,False
612,FR,2026-01-01,1532,18,9423.16,1532,9423.16,21,2420.0,2050.0,370.0,2420.0,2050.0,370.0,True
612,GA,2026-01-01,4,0,0.0,4,0.0,0,0.0,0.0,0.0,0.0,0.0,0.0,False
612,GB,2026-01-01,4141,82,42639.54000000001,4141,42639.54000000001,109,16115.0,14325.0,1790.0,16115.0,14325.0,1790.0,True
612,GE,2026-01-01,1,0,0.0,1,0.0,0,0.0,0.0,0.0,0.0,0.0,0.0,False
612,GF,2026-01-01,1,0,0.0,1,0.0,0,0.0,0.0,0.0,0.0,0.0,0.0,False
612,GN,2026-01-01,5,0,0.0,5,0.0,0,0.0,0.0,0.0,0.0,0.0,0.0,False
612,GP,2026-01-01,1,0,0.0,1,0.0,0,0.0,0.0,0.0,0.0,0.0,0.0,False
612,HK,2026-01-01,3,0,0.0,3,0.0,0,0.0,0.0,0.0,0.0,0.0,0.0,False
612,HN,2026-01-01,1,0,0.0,1,0.0,0,0.0,0.0,0.0,0.0,0.0,0.0,False
612,HT,2026-01-01,5,0,0.0,5,0.0,0,0.0,0.0,0.0,0.0,0.0,0.0,False
612,ID,2026-01-01,2,0,0.0,2,0.0,0,0.0,0.0,0.0,0.0,0.0,0.0,False
612,IE,2026-01-01,45,2,1476.3,45,1476.3,5,620.0,470.0,150.0,620.0,470.0,150.0,False
612,IM,2026-01-01,1,0,0.0,1,0.0,0,0.0,0.0,0.0,0.0,0.0,0.0,False
612,IN,2026-01-01,80,0,0.0,80,0.0,0,0.0,0.0,0.0,0.0,0.0,0.0,False
612,IO,2026-01-01,1,0,0.0,1,0.0,0,0.0,0.0,0.0,0.0,0.0,0.0,False
612,IS,2026-01-01,2,0,0.0,2,0.0,0,0.0,0.0,0.0,0.0,0.0,0.0,False
612,IT,2026-01-01,355,5,3218.26,355,3218.26,5,410.0,410.0,0.0,410.0,410.0,0.0,False
612,JE,2026-01-01,1,0,0.0,1,0.0,0,0.0,0.0,0.0,0.0,0.0,0.0,False
612,JM,2026-01-01,1,0,0.0,1,0.0,0,0.0,0.0,0.0,0.0,0.0,0.0,False
612,JO,2026-01-01,1,0,0.0,1,0.0,0,0.0,0.0,0.0,0.0,0.0,0.0,False
612,JP,2026-01-01,11,0,0.0,11,0.0,0,0.0,0.0,0.0,0.0,0.0,0.0,False
612,KE,2026-01-01,14,0,0.0,14,0.0,0,0.0,0.0,0.0,0.0,0.0,0.0,False
612,KG,2026-01-01,1,0,0.0,1,0.0,0,0.0,0.0,0.0,0.0,0.0,0.0,False
612,KH,2026-01-01,3,0,0.0,3,0.0,0,0.0,0.0,0.0,0.0,0.0,0.0,False
612,KR,2026-01-01,4,0,0.0,4,0.0,0,0.0,0.0,0.0,0.0,0.0,0.0,False
612,KW,2026-01-01,3,0,0.0,3,0.0,0,0.0,0.0,0.0,0.0,0.0,0.0,False
612,KZ,2026-01-01,2,0,0.0,2,0.0,0,0.0,0.0,0.0,0.0,0.0,0.0,False
612,LI,2026-01-01,1,0,0.0,1,0.0,0,0.0,0.0,0.0,0.0,0.0,0.0,False
612,LT,2026-01-01,2,0,0.0,2,0.0,0,0.0,0.0,0.0,0.0,0.0,0.0,False
612,LU,2026-01-01,10,0,0.0,10,0.0,0,0.0,0.0,0.0,0.0,0.0,0.0,False
612,LV,2026-01-01,2,0,0.0,2,0.0,0,0.0,0.0,0.0,0.0,0.0,0.0,False
612,MA,2026-01-01,5,0,0.0,5,0.0,0,0.0,0.0,0.0,0.0,0.0,0.0,False
612,MC,2026-01-01,2,0,0.0,2,0.0,0,0.0,0.0,0.0,0.0,0.0,0.0,False
612,MD,2026-01-01,16,0,0.0,16,0.0,0,0.0,0.0,0.0,0.0,0.0,0.0,False
612,MG,2026-01-01,6,0,0.0,6,0.0,0,0.0,0.0,0.0,0.0,0.0,0.0,False
612,MU,2026-01-01,1,0,0.0,1,0.0,0,0.0,0.0,0.0,0.0,0.0,0.0,False
612,MW,2026-01-01,3,0,0.0,3,0.0,0,0.0,0.0,0.0,0.0,0.0,0.0,False
612,MX,2026-01-01,38,2,1159.58,38,1159.58,2,220.0,220.0,0.0,220.0,220.0,0.0,False
612,MY,2026-01-01,4,1,366.3,4,366.3,1,65.0,65.0,0.0,65.0,65.0,0.0,False
612,MZ,2026-01-01,1,0,0.0,1,0.0,0,0.0,0.0,0.0,0.0,0.0,0.0,False
612,NE,2026-01-01,2,0,0.0,2,0.0,0,0.0,0.0,0.0,0.0,0.0,0.0,False
612,NL,2026-01-01,986,9,4729.34,986,4729.34,8,1120.0,990.0,130.0,1120.0,990.0,130.0,True
612,NO,2026-01-01,351,3,1516.26,351,1516.26,3,415.0,415.0,0.0,415.0,415.0,0.0,False
612,NP,2026-01-01,1,0,0.0,1,0.0,0,0.0,0.0,0.0,0.0,0.0,0.0,False
612,NZ,2026-01-01,426,9,4530.28,426,4530.28,18,1750.0,1470.0,280.0,1750.0,1470.0,280.0,False
612,PE,2026-01-01,2,0,0.0,2,0.0,0,0.0,0.0,0.0,0.0,0.0,0.0,False
612,PH,2026-01-01,7,0,0.0,7,0.0,0,0.0,0.0,0.0,0.0,0.0,0.0,False
612,PK,2026-01-01,21,0,0.0,21,0.0,0,0.0,0.0,0.0,0.0,0.0,0.0,False
612,PL,2026-01-01,8,0,0.0,8,0.0,0,0.0,0.0,0.0,0.0,0.0,0.0,False
612,PR,2026-01-01,13,1,155.4,13,155.4,0,0.0,0.0,0.0,0.0,0.0,0.0,False
612,PT,2026-01-01,47,1,386.28,47,386.28,1,65.0,0.0,65.0,65.0,0.0,65.0,False
612,RE,2026-01-01,1,0,0.0,1,0.0,0,0.0,0.0,0.0,0.0,0.0,0.0,False
612,RO,2026-01-01,8,0,0.0,8,0.0,0,0.0,0.0,0.0,0.0,0.0,0.0,False
612,RS,2026-01-01,7,0,0.0,7,0.0,0,0.0,0.0,0.0,0.0,0.0,0.0,False
612,RU,2026-01-01,5,0,0.0,5,0.0,0,0.0,0.0,0.0,0.0,0.0,0.0,False
612,RW,2026-01-01,1,0,0.0,1,0.0,0,0.0,0.0,0.0,0.0,0.0,0.0,False
612,SA,2026-01-01,6,0,0.0,6,0.0,0,0.0,0.0,0.0,0.0,0.0,0.0,False
612,SC,2026-01-01,1,0,0.0,1,0.0,0,0.0,0.0,0.0,0.0,0.0,0.0,False
612,SE,2026-01-01,413,1,623.08,413,623.08,1,150.0,0.0,150.0,150.0,0.0,150.0,False
612,SG,2026-01-01,38,0,0.0,38,0.0,0,0.0,0.0,0.0,0.0,0.0,0.0,False
612,SN,2026-01-01,19,0,0.0,19,0.0,0,0.0,0.0,0.0,0.0,0.0,0.0,False
612,SX,2026-01-01,1,0,0.0,1,0.0,0,0.0,0.0,0.0,0.0,0.0,0.0,False
612,TD,2026-01-01,3,0,0.0,3,0.0,0,0.0,0.0,0.0,0.0,0.0,0.0,False
612,TG,2026-01-01,7,1,125.8,7,125.8,1,380.0,0.0,380.0,380.0,0.0,380.0,False
612,TH,2026-01-01,5,0,0.0,5,0.0,0,0.0,0.0,0.0,0.0,0.0,0.0,False
612,TJ,2026-01-01,1,0,0.0,1,0.0,0,0.0,0.0,0.0,0.0,0.0,0.0,False
612,TR,2026-01-01,9,0,0.0,9,0.0,0,0.0,0.0,0.0,0.0,0.0,0.0,False
612,TW,2026-01-01,1,0,0.0,1,0.0,0,0.0,0.0,0.0,0.0,0.0,0.0,False
612,TZ,2026-01-01,5,0,0.0,5,0.0,0,0.0,0.0,0.0,0.0,0.0,0.0,False
612,UG,2026-01-01,7,0,0.0,7,0.0,0,0.0,0.0,0.0,0.0,0.0,0.0,False
612,UNKNOWN,2026-01-01,7,0,0.0,7,0.0,0,0.0,0.0,0.0,0.0,0.0,0.0,False
612,US,2026-01-01,19248,442,253758.57999999996,19248,253758.57999999996,607,213750.0,194925.0,18825.0,213750.0,194925.0,18825.0,True
612,VI,2026-01-01,2,0,0.0,2,0.0,0,0.0,0.0,0.0,0.0,0.0,0.0,False
612,VN,2026-01-01,3,0,0.0,3,0.0,0,0.0,0.0,0.0,0.0,0.0,0.0,False
612,ZA,2026-01-01,8,0,0.0,8,0.0,0,0.0,0.0,0.0,0.0,0.0,0.0,False
612,ZM,2026-01-01,2,0,0.0,2,0.0,0,0.0,0.0,0.0,0.0,0.0,0.0,False
719,AE,2026-01-01,1,1,3.7,1,3.7,0,0.0,0.0,0.0,0.0,0.0,0.0,False
719,AG,2026-01-01,1,0,0.0,1,0.0,0,0.0,0.0,0.0,0.0,0.0,0.0,False
719,AL,2026-01-01,2,1,333.0,2,333.0,1,65.0,65.0,0.0,65.0,65.0,0.0,False
719,AR,2026-01-01,3,2,342.62,3,342.62,1,500.0,500.0,0.0,500.0,500.0,0.0,False
719,AS,2026-01-01,2,0,0.0,2,0.0,0,0.0,0.0,0.0,0.0,0.0,0.0,False
719,AU,2026-01-01,62,40,457.32,62,457.32,1,65.0,65.0,0.0,65.0,65.0,0.0,False
719,AX,2026-01-01,1,1,5.92,1,5.92,0,0.0,0.0,0.0,0.0,0.0,0.0,False
719,BD,2026-01-01,1,0,0.0,1,0.0,0,0.0,0.0,0.0,0.0,0.0,0.0,False
719,BE,2026-01-01,151,87,521.7,151,521.7,2,1060.0,1060.0,0.0,1060.0,1060.0,0.0,False
719,BG,2026-01-01,2,0,0.0,2,0.0,1,3605.0,3605.0,0.0,3605.0,3605.0,0.0,False
719,BH,2026-01-01,1,0,0.0,1,0.0,0,0.0,0.0,0.0,0.0,0.0,0.0,False
719,BR,2026-01-01,1,0,0.0,1,0.0,0,0.0,0.0,0.0,0.0,0.0,0.0,False
719,BS,2026-01-01,1,0,0.0,1,0.0,0,0.0,0.0,0.0,0.0,0.0,0.0,False
719,CA,2026-01-01,166,101,1196.58,166,1196.58,5,835.0,835.0,0.0,835.0,835.0,0.0,False
719,CH,2026-01-01,111,77,472.12,111,472.12,7,70540.0,70540.0,0.0,70540.0,70540.0,0.0,False
719,CN,2026-01-01,6,2,7.4,6,7.4,0,0.0,0.0,0.0,0.0,0.0,0.0,False
719,CY,2026-01-01,1,0,0.0,1,0.0,0,0.0,0.0,0.0,0.0,0.0,0.0,False
719,CZ,2026-01-01,1,0,0.0,1,0.0,0,0.0,0.0,0.0,0.0,0.0,0.0,False
719,DE,2026-01-01,7,1,5.92,7,5.92,0,0.0,0.0,0.0,0.0,0.0,0.0,False
719,DK,2026-01-01,1,1,9.62,1,9.62,0,0.0,0.0,0.0,0.0,0.0,0.0,False
719,DO,2026-01-01,1,0,0.0,1,0.0,0,0.0,0.0,0.0,0.0,0.0,0.0,False
719,DZ,2026-01-01,1,0,0.0,1,0.0,0,0.0,0.0,0.0,0.0,0.0,0.0,False
719,ES,2026-01-01,2,2,11.84,2,11.84,0,0.0,0.0,0.0,0.0,0.0,0.0,False
719,FI,2026-01-01,75,53,301.92,75,301.92,0,0.0,0.0,0.0,0.0,0.0,0.0,False
719,FR,2026-01-01,6,4,31.08,6,31.08,0,0.0,0.0,0.0,0.0,0.0,0.0,False
719,GB,2026-01-01,236,170,1953.6000000000001,236,1953.6000000000001,9,1400.0,1400.0,0.0,1400.0,1400.0,0.0,False
719,HK,2026-01-01,1,0,0.0,1,0.0,0,0.0,0.0,0.0,0.0,0.0,0.0,False
719,ID,2026-01-01,1,0,0.0,1,0.0,0,0.0,0.0,0.0,0.0,0.0,0.0,False
719,IE,2026-01-01,1,0,0.0,1,0.0,0,0.0,0.0,0.0,0.0,0.0,0.0,False
719,IL,2026-01-01,244,150,899.1000000000001,244,899.1000000000001,3,565.0,565.0,0.0,565.0,565.0,0.0,False
719,IN,2026-01-01,2,1,5.92,2,5.92,1,65.0,65.0,0.0,65.0,65.0,0.0,False
719,IS,2026-01-01,19,16,97.68,19,97.68,2,1210.0,1210.0,0.0,1210.0,1210.0,0.0,False
719,JM,2026-01-01,4,0,0.0,4,0.0,0,0.0,0.0,0.0,0.0,0.0,0.0,False
719,JO,2026-01-01,1,0,0.0,1,0.0,0,0.0,0.0,0.0,0.0,0.0,0.0,False
719,JP,2026-01-01,2,0,0.0,2,0.0,0,0.0,0.0,0.0,0.0,0.0,0.0,False
719,KE,2026-01-01,3,1,5.92,3,5.92,0,0.0,0.0,0.0,0.0,0.0,0.0,False
719,KR,2026-01-01,1,1,3.7,1,3.7,0,0.0,0.0,0.0,0.0,0.0,0.0,False
719,LU,2026-01-01,14,9,54.02,14,54.02,2,1440.0,1440.0,0.0,1440.0,1440.0,0.0,False
719,MX,2026-01-01,17,2,15.54,17,15.54,0,0.0,0.0,0.0,0.0,0.0,0.0,False
719,NL,2026-01-01,41,24,147.26000000000002,41,147.26000000000002,0,0.0,0.0,0.0,0.0,0.0,0.0,False
719,NO,2026-01-01,107,55,341.14,107,341.14,3,1165.0,1165.0,0.0,1165.0,1165.0,0.0,False
719,NZ,2026-01-01,12,10,66.60000000000001,12,66.60000000000001,0,0.0,0.0,0.0,0.0,0.0,0.0,False
719,PE,2026-01-01,1,0,0.0,1,0.0,0,0.0,0.0,0.0,0.0,0.0,0.0,False
719,PH,2026-01-01,1,0,0.0,1,0.0,0,0.0,0.0,0.0,0.0,0.0,0.0,False
719,PK,2026-01-01,2,0,0.0,2,0.0,0,0.0,0.0,0.0,0.0,0.0,0.0,False
719,PR,2026-01-01,2,0,0.0,2,0.0,0,0.0,0.0,0.0,0.0,0.0,0.0,False
719,RO,2026-01-01,2,0,0.0,2,0.0,0,0.0,0.0,0.0,0.0,0.0,0.0,False
719,RS,2026-01-01,1,0,0.0,1,0.0,0,0.0,0.0,0.0,0.0,0.0,0.0,False
719,RU,2026-01-01,1,1,12.58,1,12.58,0,0.0,0.0,0.0,0.0,0.0,0.0,False
719,SC,2026-01-01,2,0,0.0,2,0.0,0,0.0,0.0,0.0,0.0,0.0,0.0,False
719,SE,2026-01-01,90,68,438.08000000000004,90,438.08000000000004,1,65.0,65.0,0.0,65.0,65.0,0.0,False
719,SG,2026-01-01,3,1,5.92,3,5.92,0,0.0,0.0,0.0,0.0,0.0,0.0,False
719,SV,2026-01-01,1,0,0.0,1,0.0,0,0.0,0.0,0.0,0.0,0.0,0.0,False
719,SZ,2026-01-01,1,1,5.92,1,5.92,0,0.0,0.0,0.0,0.0,0.0,0.0,False
719,TR,2026-01-01,1,0,0.0,1,0.0,0,0.0,0.0,0.0,0.0,0.0,0.0,False
719,TT,2026-01-01,1,0,0.0,1,0.0,0,0.0,0.0,0.0,0.0,0.0,0.0,False
719,TW,2026-01-01,2,0,0.0,2,0.0,0,0.0,0.0,0.0,0.0,0.0,0.0,False
719,UG,2026-01-01,1,0,0.0,1,0.0,0,0.0,0.0,0.0,0.0,0.0,0.0,False
719,UNKNOWN,2026-01-01,1,1,3.7,1,3.7,0,0.0,0.0,0.0,0.0,0.0,0.0,False
719,US,2026-01-01,19272,2541,152807.77999999994,19272,152807.77999999994,498,706495.0,703905.0,2590.0,706495.0,703905.0,2590.0,True
719,ZA,2026-01-01,1723,1151,6696.2599999999875,1723,6696.2599999999875,19,3695.0,3695.0,0.0,3695.0,3695.0,0.0,True
730,AE,2026-01-01,2,2,29.6,2,29.6,2,435.0,435.0,0.0,435.0,435.0,0.0,False
730,AI,2026-01-01,1,1,14.8,1,14.8,1,900.0,900.0,0.0,900.0,900.0,0.0,False
730,AL,2026-01-01,5,5,96.19999999999999,5,96.19999999999999,1,480.0,480.0,0.0,480.0,480.0,0.0,False
730,AM,2026-01-01,2,1,14.8,2,14.8,0,0.0,0.0,0.0,0.0,0.0,0.0,False
730,AO,2026-01-01,1,0,0.0,1,0.0,0,0.0,0.0,0.0,0.0,0.0,0.0,False
730,AR,2026-01-01,1,0,0.0,1,0.0,0,0.0,0.0,0.0,0.0,0.0,0.0,False
730,AS,2026-01-01,1,1,14.8,1,14.8,0,0.0,0.0,0.0,0.0,0.0,0.0,False
730,AT,2026-01-01,166,112,2545.6,166,2545.6,12,4610.0,4610.0,0.0,4610.0,4610.0,0.0,False
730,AU,2026-01-01,1290,845,19450.9,1290,19450.9,97,91235.0,91125.0,110.0,91235.0,91125.0,110.0,True
730,AX,2026-01-01,4,2,51.8,4,51.8,1,150.0,150.0,0.0,150.0,150.0,0.0,False
730,BE,2026-01-01,712,429,10069.919999999993,712,10069.919999999993,18,4365.0,4365.0,0.0,4365.0,4365.0,0.0,True
730,BG,2026-01-01,2,2,29.6,2,29.6,0,0.0,0.0,0.0,0.0,0.0,0.0,False
730,BH,2026-01-01,1,1,37.0,1,37.0,0,0.0,0.0,0.0,0.0,0.0,0.0,False
730,BN,2026-01-01,1,1,14.8,1,14.8,0,0.0,0.0,0.0,0.0,0.0,0.0,False
730,BR,2026-01-01,5,3,44.400000000000006,5,44.400000000000006,1,150.0,150.0,0.0,150.0,150.0,0.0,False
730,BS,2026-01-01,1,1,37.0,1,37.0,0,0.0,0.0,0.0,0.0,0.0,0.0,False
730,BZ,2026-01-01,3,2,51.8,3,51.8,0,0.0,0.0,0.0,0.0,0.0,0.0,False
730,CA,2026-01-01,1340,817,19632.199999999997,1340,19632.199999999997,65,55525.0,55270.0,255.0,55525.0,55270.0,255.0,True
730,CH,2026-01-01,233,153,3764.38,233,3764.38,16,53870.0,53870.0,0.0,53870.0,53870.0,0.0,False
730,CO,2026-01-01,2,2,51.8,2,51.8,0,0.0,0.0,0.0,0.0,0.0,0.0,False
730,CR,2026-01-01,2,1,14.8,2,14.8,0,0.0,0.0,0.0,0.0,0.0,0.0,False
730,CY,2026-01-01,2,1,14.8,2,14.8,0,0.0,0.0,0.0,0.0,0.0,0.0,False
730,CZ,2026-01-01,2,2,29.6,2,29.6,0,0.0,0.0,0.0,0.0,0.0,0.0,False
730,DE,2026-01-01,1023,631,15215.879999999988,1023,15215.879999999988,58,40560.0,40495.0,65.0,40560.0,40495.0,65.0,True
730,DK,2026-01-01,384,240,5727.599999999999,384,5727.599999999999,30,37750.0,37750.0,0.0,37750.0,37750.0,0.0,False
730,DO,2026-01-01,1,0,0.0,1,0.0,0,0.0,0.0,0.0,0.0,0.0,0.0,False
730,DZ,2026-01-01,2,2,29.6,2,29.6,0,0.0,0.0,0.0,0.0,0.0,0.0,False
730,EE,2026-01-01,1,0,0.0,1,0.0,0,0.0,0.0,0.0,0.0,0.0,0.0,False
730,ES,2026-01-01,31,13,303.40000000000003,31,303.40000000000003,0,0.0,0.0,0.0,0.0,0.0,0.0,False
730,FI,2026-01-01,189,107,2446.44,189,2446.44,10,2610.0,2610.0,0.0,2610.0,2610.0,0.0,False
730,FJ,2026-01-01,1,0,0.0,1,0.0,0,0.0,0.0,0.0,0.0,0.0,0.0,False
730,FR,2026-01-01,12,9,199.79999999999998,12,199.79999999999998,0,0.0,0.0,0.0,0.0,0.0,0.0,False
730,GB,2026-01-01,2627,1642,38333.48000000008,2627,38333.48000000008,133,103990.0,103460.0,530.0,103990.0,103460.0,530.0,True
730,GR,2026-01-01,1,1,37.0,1,37.0,0,0.0,0.0,0.0,0.0,0.0,0.0,False
730,GY,2026-01-01,1,0,0.0,1,0.0,1,65.0,65.0,0.0,65.0,65.0,0.0,False
730,HK,2026-01-01,3,2,29.6,3,29.6,0,0.0,0.0,0.0,0.0,0.0,0.0,False
730,HR,2026-01-01,4,3,44.400000000000006,4,44.400000000000006,1,8975.0,8935.0,40.0,8975.0,8935.0,40.0,False
730,ID,2026-01-01,4,3,66.6,4,66.6,0,0.0,0.0,0.0,0.0,0.0,0.0,False
730,IE,2026-01-01,7,4,59.2,7,59.2,1,8995.0,8910.0,85.0,8995.0,8910.0,85.0,False
730,IL,2026-01-01,3,2,51.8,3,51.8,0,0.0,0.0,0.0,0.0,0.0,0.0,False
730,IN,2026-01-01,10,4,59.2,10,59.2,0,0.0,0.0,0.0,0.0,0.0,0.0,False
730,IS,2026-01-01,79,50,1095.1999999999998,79,1095.1999999999998,7,22740.0,22615.0,125.0,22740.0,22615.0,125.0,False
730,IT,2026-01-01,13,7,148.0,13,148.0,0,0.0,0.0,0.0,0.0,0.0,0.0,False
730,JE,2026-01-01,1,1,14.8,1,14.8,0,0.0,0.0,0.0,0.0,0.0,0.0,False
730,JM,2026-01-01,1,1,14.8,1,14.8,0,0.0,0.0,0.0,0.0,0.0,0.0,False
730,JO,2026-01-01,1,0,0.0,1,0.0,0,0.0,0.0,0.0,0.0,0.0,0.0,False
730,JP,2026-01-01,4,2,51.8,4,51.8,0,0.0,0.0,0.0,0.0,0.0,0.0,False
730,KE,2026-01-01,1,1,14.8,1,14.8,0,0.0,0.0,0.0,0.0,0.0,0.0,False
730,KH,2026-01-01,2,2,29.6,2,29.6,1,150.0,150.0,0.0,150.0,150.0,0.0,False
730,KR,2026-01-01,2,1,14.8,2,14.8,0,0.0,0.0,0.0,0.0,0.0,0.0,False
730,LA,2026-01-01,1,0,0.0,1,0.0,0,0.0,0.0,0.0,0.0,0.0,0.0,False
730,LT,2026-01-01,1,0,0.0,1,0.0,0,0.0,0.0,0.0,0.0,0.0,0.0,False
730,LU,2026-01-01,1,1,14.8,1,14.8,0,0.0,0.0,0.0,0.0,0.0,0.0,False
730,MD,2026-01-01,1,1,14.8,1,14.8,0,0.0,0.0,0.0,0.0,0.0,0.0,False
730,MX,2026-01-01,11,5,140.6,11,140.6,0,0.0,0.0,0.0,0.0,0.0,0.0,False
730,NL,2026-01-01,24,17,407.00000000000006,24,407.00000000000006,1,65.0,65.0,0.0,65.0,65.0,0.0,False
730,NO,2026-01-01,326,206,4891.400000000001,326,4891.400000000001,18,61440.0,61395.0,45.0,61440.0,61395.0,45.0,False
730,NZ,2026-01-01,312,178,4132.9,312,4132.9,13,3720.0,3720.0,0.0,3720.0,3720.0,0.0,False
730,PE,2026-01-01,1,1,14.8,1,14.8,0,0.0,0.0,0.0,0.0,0.0,0.0,False
730,PH,2026-01-01,13,10,214.6,13,214.6,1,150.0,150.0,0.0,150.0,150.0,0.0,False
730,PL,2026-01-01,4,2,51.8,4,51.8,0,0.0,0.0,0.0,0.0,0.0,0.0,False
730,PR,2026-01-01,3,3,66.6,3,66.6,1,65.0,65.0,0.0,65.0,65.0,0.0,False
730,PT,2026-01-01,5,5,118.39999999999999,5,118.39999999999999,0,0.0,0.0,0.0,0.0,0.0,0.0,False
730,RO,2026-01-01,9,7,192.39999999999998,9,192.39999999999998,0,0.0,0.0,0.0,0.0,0.0,0.0,False
730,SA,2026-01-01,1,1,14.8,1,14.8,0,0.0,0.0,0.0,0.0,0.0,0.0,False
730,SE,2026-01-01,457,311,6733.999999999998,457,6733.999999999998,24,8825.0,8725.0,100.0,8825.0,8725.0,100.0,False
730,SK,2026-01-01,3,1,14.8,3,14.8,1,65.0,65.0,0.0,65.0,65.0,0.0,False
730,SV,2026-01-01,1,1,14.8,1,14.8,0,0.0,0.0,0.0,0.0,0.0,0.0,False
730,TG,2026-01-01,1,1,37.0,1,37.0,0,0.0,0.0,0.0,0.0,0.0,0.0,False
730,TH,2026-01-01,26,18,355.2,26,355.2,1,150.0,150.0,0.0,150.0,150.0,0.0,False
730,TR,2026-01-01,7,4,81.4,7,81.4,1,65.0,65.0,0.0,65.0,65.0,0.0,False
730,TT,2026-01-01,1,1,14.8,1,14.8,0,0.0,0.0,0.0,0.0,0.0,0.0,False
730,US,2026-01-01,13105,8818,203193.63999999748,13105,203193.63999999748,728,1069225.0,1066860.0,2365.0,1069225.0,1066860.0,2365.0,True
730,VA,2026-01-01,1,1,14.8,1,14.8,0,0.0,0.0,0.0,0.0,0.0,0.0,False
730,VI,2026-01-01,1,1,37.0,1,37.0,0,0.0,0.0,0.0,0.0,0.0,0.0,False
730,VN,2026-01-01,6,4,59.2,6,59.2,1,815.0,815.0,0.0,815.0,815.0,0.0,False
730,ZA,2026-01-01,6,5,96.19999999999999,6,96.19999999999999,2,275.0,275.0,0.0,275.0,275.0,0.0,False
833,AD,2026-01-01,1,0,0.0,1,0.0,0,0.0,0.0,0.0,0.0,0.0,0.0,False
833,AE,2026-01-01,1,0,0.0,1,0.0,0,0.0,0.0,0.0,0.0,0.0,0.0,False
833,AI,2026-01-01,1,1,7.03,1,7.03,1,430.0,430.0,0.0,430.0,430.0,0.0,False
833,AL,2026-01-01,2,0,0.0,2,0.0,1,545.0,545.0,0.0,545.0,545.0,0.0,False
833,AO,2026-01-01,1,0,0.0,1,0.0,0,0.0,0.0,0.0,0.0,0.0,0.0,False
833,AR,2026-01-01,2,0,0.0,2,0.0,0,0.0,0.0,0.0,0.0,0.0,0.0,False
833,AS,2026-01-01,2,0,0.0,2,0.0,0,0.0,0.0,0.0,0.0,0.0,0.0,False
833,AT,2026-01-01,1,1,7.4,1,7.4,0,0.0,0.0,0.0,0.0,0.0,0.0,False
833,AU,2026-01-01,7511,2890,22641.040000000048,7511,22641.040000000048,120,75005.0,75005.0,0.0,75005.0,75005.0,0.0,True
833,AX,2026-01-01,1,1,7.03,1,7.03,0,0.0,0.0,0.0,0.0,0.0,0.0,False
833,BE,2026-01-01,50,9,64.01,50,64.01,0,0.0,0.0,0.0,0.0,0.0,0.0,False
833,BO,2026-01-01,1,1,13.32,1,13.32,0,0.0,0.0,0.0,0.0,0.0,0.0,False
833,BQ,2026-01-01,1,0,0.0,1,0.0,1,150.0,150.0,0.0,150.0,150.0,0.0,False
833,BS,2026-01-01,1,0,0.0,1,0.0,1,170.0,170.0,0.0,170.0,170.0,0.0,False
833,BZ,2026-01-01,1,0,0.0,1,0.0,1,8950.0,8950.0,0.0,8950.0,8950.0,0.0,False
833,CA,2026-01-01,15501,4974,38662.18800000002,15501,38662.18800000002,157,191185.0,190005.0,1180.0,191185.0,190005.0,1180.0,True
833,CN,2026-01-01,2,0,0.0,2,0.0,1,65.0,65.0,0.0,65.0,65.0,0.0,False
833,CO,2026-01-01,1,1,9.62,1,9.62,0,0.0,0.0,0.0,0.0,0.0,0.0,False
833,CW,2026-01-01,2,0,0.0,2,0.0,0,0.0,0.0,0.0,0.0,0.0,0.0,False
833,DE,2026-01-01,5,2,18.5,5,18.5,1,1345.0,1345.0,0.0,1345.0,1345.0,0.0,False
833,DZ,2026-01-01,4,2,15.540000000000001,4,15.540000000000001,1,65.0,65.0,0.0,65.0,65.0,0.0,False
833,ES,2026-01-01,1,0,0.0,1,0.0,0,0.0,0.0,0.0,0.0,0.0,0.0,False
833,FI,2026-01-01,1,0,0.0,1,0.0,0,0.0,0.0,0.0,0.0,0.0,0.0,False
833,FK,2026-01-01,1,0,0.0,1,0.0,0,0.0,0.0,0.0,0.0,0.0,0.0,False
833,FR,2026-01-01,8,1,7.03,8,7.03,1,490.0,490.0,0.0,490.0,490.0,0.0,False
833,GB,2026-01-01,19713,6819,53666.649999999696,19713,53666.649999999696,254,152625.0,152445.0,180.0,152625.0,152445.0,180.0,True
833,GG,2026-01-01,1,1,13.32,1,13.32,0,0.0,0.0,0.0,0.0,0.0,0.0,False
833,GT,2026-01-01,2,0,0.0,2,0.0,0,0.0,0.0,0.0,0.0,0.0,0.0,False
833,HK,2026-01-01,3,0,0.0,3,0.0,0,0.0,0.0,0.0,0.0,0.0,0.0,False
833,IE,2026-01-01,1421,492,3623.779999999995,1421,3623.779999999995,30,11955.0,11955.0,0.0,11955.0,11955.0,0.0,True
833,JM,2026-01-01,3,1,5.18,3,5.18,0,0.0,0.0,0.0,0.0,0.0,0.0,False
833,KY,2026-01-01,1,1,5.18,1,5.18,0,0.0,0.0,0.0,0.0,0.0,0.0,False
833,MF,2026-01-01,1,0,0.0,1,0.0,0,0.0,0.0,0.0,0.0,0.0,0.0,False
833,MV,2026-01-01,1,0,0.0,1,0.0,1,760.0,610.0,150.0,760.0,610.0,150.0,False
833,MX,2026-01-01,3,1,5.18,3,5.18,0,0.0,0.0,0.0,0.0,0.0,0.0,False
833,NL,2026-01-01,4,1,7.03,4,7.03,0,0.0,0.0,0.0,0.0,0.0,0.0,False
833,NZ,2026-01-01,2995,900,6646.309999999985,2995,6646.309999999985,26,27655.0,27360.0,295.0,27655.0,27360.0,295.0,True
833,PE,2026-01-01,2,0,0.0,2,0.0,0,0.0,0.0,0.0,0.0,0.0,0.0,False
833,PL,2026-01-01,2,2,14.06,2,14.06,0,0.0,0.0,0.0,0.0,0.0,0.0,False
833,PR,2026-01-01,53,14,92.86999999999999,53,92.86999999999999,1,245.0,245.0,0.0,245.0,245.0,0.0,False
833,RS,2026-01-01,1,0,0.0,1,0.0,0,0.0,0.0,0.0,0.0,0.0,0.0,False
833,SC,2026-01-01,2,0,0.0,2,0.0,0,0.0,0.0,0.0,0.0,0.0,0.0,False
833,SE,2026-01-01,1,0,0.0,1,0.0,0,0.0,0.0,0.0,0.0,0.0,0.0,False
833,SK,2026-01-01,1,1,9.62,1,9.62,0,0.0,0.0,0.0,0.0,0.0,0.0,False
833,SX,2026-01-01,1,0,0.0,1,0.0,0,0.0,0.0,0.0,0.0,0.0,0.0,False
833,SY,2026-01-01,5,1,5.18,5,5.18,0,0.0,0.0,0.0,0.0,0.0,0.0,False
833,TC,2026-01-01,1,0,0.0,1,0.0,0,0.0,0.0,0.0,0.0,0.0,0.0,False
833,TL,2026-01-01,2,1,5.18,2,5.18,0,0.0,0.0,0.0,0.0,0.0,0.0,False
833,UA,2026-01-01,1,0,0.0,1,0.0,0,0.0,0.0,0.0,0.0,0.0,0.0,False
833,UNKNOWN,2026-01-01,2,0,0.0,2,0.0,0,0.0,0.0,0.0,0.0,0.0,0.0,False
833,US,2026-01-01,97636,32924,242382.85600000207,97636,242382.85600000207,1223,1126720.0,1120835.0,5885.0,1126720.0,1120835.0,5885.0,True
833,ZM,2026-01-01,1,1,5.18,1,5.18,0,0.0,0.0,0.0,0.0,0.0,0.0,False
851,AD,2026-01-01,13,3,2.2199999999999998,13,2.2199999999999998,0,0.0,0.0,0.0,0.0,0.0,0.0,False
851,AE,2026-01-01,211,23,17.02,211,17.02,0,0.0,0.0,0.0,0.0,0.0,0.0,False
851,AL,2026-01-01,234,39,28.86,234,28.86,0,0.0,0.0,0.0,0.0,0.0,0.0,False
851,AM,2026-01-01,8,0,0.0,8,0.0,0,0.0,0.0,0.0,0.0,0.0,0.0,False
851,AR,2026-01-01,309,41,30.34,309,30.34,2,1315.0,1315.0,0.0,1315.0,1315.0,0.0,False
851,AS,2026-01-01,3,0,0.0,3,0.0,0,0.0,0.0,0.0,0.0,0.0,0.0,False
851,AT,2026-01-01,9,1,0.74,9,0.74,0,0.0,0.0,0.0,0.0,0.0,0.0,False
851,AU,2026-01-01,131,35,152.06999999999996,131,152.06999999999996,1,150.0,150.0,0.0,150.0,150.0,0.0,False
851,AX,2026-01-01,2,0,0.0,2,0.0,0,0.0,0.0,0.0,0.0,0.0,0.0,False
851,AZ,2026-01-01,192,28,20.165000000000003,192,20.165000000000003,0,0.0,0.0,0.0,0.0,0.0,0.0,False
851,BB,2026-01-01,10,4,2.96,10,2.96,0,0.0,0.0,0.0,0.0,0.0,0.0,False
851,BD,2026-01-01,3,1,0.74,3,0.74,0,0.0,0.0,0.0,0.0,0.0,0.0,False
851,BE,2026-01-01,37,10,7.4,37,7.4,0,0.0,0.0,0.0,0.0,0.0,0.0,False
851,BF,2026-01-01,2,0,0.0,2,0.0,0,0.0,0.0,0.0,0.0,0.0,0.0,False
851,BG,2026-01-01,70,17,12.579999999999998,70,12.579999999999998,1,150.0,150.0,0.0,150.0,150.0,0.0,False
851,BH,2026-01-01,58,5,3.7,58,3.7,0,0.0,0.0,0.0,0.0,0.0,0.0,False
851,BJ,2026-01-01,8,1,0.74,8,0.74,0,0.0,0.0,0.0,0.0,0.0,0.0,False
851,BM,2026-01-01,2,0,0.0,2,0.0,0,0.0,0.0,0.0,0.0,0.0,0.0,False
851,BO,2026-01-01,162,30,22.2,162,22.2,0,0.0,0.0,0.0,0.0,0.0,0.0,False
851,BR,2026-01-01,50,13,9.620000000000001,50,9.620000000000001,0,0.0,0.0,0.0,0.0,0.0,0.0,False
851,BS,2026-01-01,22,7,5.18,22,5.18,0,0.0,0.0,0.0,0.0,0.0,0.0,False
851,BT,2026-01-01,1,1,0.74,1,0.74,0,0.0,0.0,0.0,0.0,0.0,0.0,False
851,BW,2026-01-01,4,0,0.0,4,0.0,0,0.0,0.0,0.0,0.0,0.0,0.0,False
851,BZ,2026-01-01,49,11,8.14,49,8.14,0,0.0,0.0,0.0,0.0,0.0,0.0,False
851,CA,2026-01-01,145,42,81.77,145,81.77,1,1130.0,1130.0,0.0,1130.0,1130.0,0.0,False
851,CH,2026-01-01,14,2,1.48,14,1.48,0,0.0,0.0,0.0,0.0,0.0,0.0,False
851,CL,2026-01-01,270,83,61.42000000000001,270,61.42000000000001,1,65.0,65.0,0.0,65.0,65.0,0.0,False
851,CN,2026-01-01,13,0,0.0,13,0.0,0,0.0,0.0,0.0,0.0,0.0,0.0,False
851,CO,2026-01-01,44,4,2.96,44,2.96,0,0.0,0.0,0.0,0.0,0.0,0.0,False
851,CR,2026-01-01,108,22,15.725000000000001,108,15.725000000000001,0,0.0,0.0,0.0,0.0,0.0,0.0,False
851,CV,2026-01-01,1,0,0.0,1,0.0,0,0.0,0.0,0.0,0.0,0.0,0.0,False
851,CW,2026-01-01,17,6,4.44,17,4.44,0,0.0,0.0,0.0,0.0,0.0,0.0,False
851,CY,2026-01-01,110,30,22.2,110,22.2,0,0.0,0.0,0.0,0.0,0.0,0.0,False
851,CZ,2026-01-01,26,8,5.92,26,5.92,0,0.0,0.0,0.0,0.0,0.0,0.0,False
851,DE,2026-01-01,294,70,51.800000000000004,294,51.800000000000004,0,0.0,0.0,0.0,0.0,0.0,0.0,False
851,DK,2026-01-01,20,3,2.2199999999999998,20,2.2199999999999998,0,0.0,0.0,0.0,0.0,0.0,0.0,False
851,DO,2026-01-01,331,40,28.490000000000002,331,28.490000000000002,0,0.0,0.0,0.0,0.0,0.0,0.0,False
851,DZ,2026-01-01,1,1,0.74,1,0.74,0,0.0,0.0,0.0,0.0,0.0,0.0,False
851,EC,2026-01-01,185,35,25.900000000000002,185,25.900000000000002,0,0.0,0.0,0.0,0.0,0.0,0.0,False
851,EE,2026-01-01,2,1,1.85,2,1.85,0,0.0,0.0,0.0,0.0,0.0,0.0,False
851,EG,2026-01-01,2,0,0.0,2,0.0,0,0.0,0.0,0.0,0.0,0.0,0.0,False
851,ES,2026-01-01,403,105,113.22000000000001,403,113.22000000000001,1,65.0,65.0,0.0,65.0,65.0,0.0,False
851,FI,2026-01-01,33,11,10.36,33,10.36,1,265.0,265.0,0.0,265.0,265.0,0.0,False
851,FJ,2026-01-01,71,14,10.36,71,10.36,0,0.0,0.0,0.0,0.0,0.0,0.0,False
851,FM,2026-01-01,3,1,0.74,3,0.74,0,0.0,0.0,0.0,0.0,0.0,0.0,False
851,FO,2026-01-01,7,2,1.48,7,1.48,0,0.0,0.0,0.0,0.0,0.0,0.0,False
851,FR,2026-01-01,435,84,65.49000000000001,435,65.49000000000001,0,0.0,0.0,0.0,0.0,0.0,0.0,False
851,GA,2026-01-01,1,0,0.0,1,0.0,0,0.0,0.0,0.0,0.0,0.0,0.0,False
851,GB,2026-01-01,104,30,73.25999999999999,104,73.25999999999999,2,215.0,215.0,0.0,215.0,215.0,0.0,False
851,GD,2026-01-01,10,2,1.48,10,1.48,0,0.0,0.0,0.0,0.0,0.0,0.0,False
851,GE,2026-01-01,64,10,7.4,64,7.4,0,0.0,0.0,0.0,0.0,0.0,0.0,False
851,GF,2026-01-01,32,5,3.6999999999999997,32,3.6999999999999997,0,0.0,0.0,0.0,0.0,0.0,0.0,False
851,GG,2026-01-01,9,3,2.2199999999999998,9,2.2199999999999998,0,0.0,0.0,0.0,0.0,0.0,0.0,False
851,GI,2026-01-01,5,0,0.0,5,0.0,0,0.0,0.0,0.0,0.0,0.0,0.0,False
851,GL,2026-01-01,5,1,0.74,5,0.74,0,0.0,0.0,0.0,0.0,0.0,0.0,False
851,GP,2026-01-01,41,6,4.44,41,4.44,0,0.0,0.0,0.0,0.0,0.0,0.0,False
851,GR,2026-01-01,4,1,0.74,4,0.74,0,0.0,0.0,0.0,0.0,0.0,0.0,False
851,GU,2026-01-01,25,4,2.96,25,2.96,0,0.0,0.0,0.0,0.0,0.0,0.0,False
851,GY,2026-01-01,88,11,8.14,88,8.14,0,0.0,0.0,0.0,0.0,0.0,0.0,False
851,HK,2026-01-01,62,7,3.5150000000000006,62,3.5150000000000006,0,0.0,0.0,0.0,0.0,0.0,0.0,False
851,HN,2026-01-01,1,0,0.0,1,0.0,0,0.0,0.0,0.0,0.0,0.0,0.0,False
851,HT,2026-01-01,146,5,3.7,146,3.7,0,0.0,0.0,0.0,0.0,0.0,0.0,False
851,HU,2026-01-01,58,15,16.650000000000002,58,16.650000000000002,0,0.0,0.0,0.0,0.0,0.0,0.0,False
851,ID,2026-01-01,4,1,0.74,4,0.74,0,0.0,0.0,0.0,0.0,0.0,0.0,False
851,IE,2026-01-01,55,11,9.25,55,9.25,1,150.0,150.0,0.0,150.0,150.0,0.0,False
851,IL,2026-01-01,238,61,46.028000000000006,238,46.028000000000006,3,14445.0,14445.0,0.0,14445.0,14445.0,0.0,False
851,IM,2026-01-01,16,3,2.2199999999999998,16,2.2199999999999998,1,250.0,250.0,0.0,250.0,250.0,0.0,False
851,IN,2026-01-01,9,2,1.48,9,1.48,0,0.0,0.0,0.0,0.0,0.0,0.0,False
851,IO,2026-01-01,2,1,1.85,2,1.85,0,0.0,0.0,0.0,0.0,0.0,0.0,False
851,IT,2026-01-01,308,112,163.17,308,163.17,0,0.0,0.0,0.0,0.0,0.0,0.0,False
851,JE,2026-01-01,19,4,2.96,19,2.96,1,210.0,210.0,0.0,210.0,210.0,0.0,False
851,JM,2026-01-01,197,31,22.94,197,22.94,1,285.0,285.0,0.0,285.0,285.0,0.0,False
851,JO,2026-01-01,1,0,0.0,1,0.0,0,0.0,0.0,0.0,0.0,0.0,0.0,False
851,JP,2026-01-01,192,30,33.3,192,33.3,0,0.0,0.0,0.0,0.0,0.0,0.0,False
851,KE,2026-01-01,249,31,22.94,249,22.94,0,0.0,0.0,0.0,0.0,0.0,0.0,False
851,KG,2026-01-01,290,23,17.020000000000003,290,17.020000000000003,1,150.0,150.0,0.0,150.0,150.0,0.0,False
851,KI,2026-01-01,25,4,2.96,25,2.96,0,0.0,0.0,0.0,0.0,0.0,0.0,False
851,KN,2026-01-01,1,0,0.0,1,0.0,0,0.0,0.0,0.0,0.0,0.0,0.0,False
851,KR,2026-01-01,14,4,2.405,14,2.405,0,0.0,0.0,0.0,0.0,0.0,0.0,False
851,KW,2026-01-01,166,25,18.5,166,18.5,0,0.0,0.0,0.0,0.0,0.0,0.0,False
851,LA,2026-01-01,21,1,0.74,21,0.74,0,0.0,0.0,0.0,0.0,0.0,0.0,False
851,LC,2026-01-01,10,2,1.48,10,1.48,0,0.0,0.0,0.0,0.0,0.0,0.0,False
851,LK,2026-01-01,1,0,0.0,1,0.0,0,0.0,0.0,0.0,0.0,0.0,0.0,False
851,LT,2026-01-01,54,13,9.62,54,9.62,0,0.0,0.0,0.0,0.0,0.0,0.0,False
851,LU,2026-01-01,15,3,2.2199999999999998,15,2.2199999999999998,0,0.0,0.0,0.0,0.0,0.0,0.0,False
851,LV,2026-01-01,65,15,11.1,65,11.1,1,65.0,65.0,0.0,65.0,65.0,0.0,False
851,LY,2026-01-01,1,0,0.0,1,0.0,0,0.0,0.0,0.0,0.0,0.0,0.0,False
851,MA,2026-01-01,1,1,0.74,1,0.74,1,65.0,65.0,0.0,65.0,65.0,0.0,False
851,MC,2026-01-01,3,2,1.48,3,1.48,0,0.0,0.0,0.0,0.0,0.0,0.0,False
851,MD,2026-01-01,56,14,10.36,56,10.36,0,0.0,0.0,0.0,0.0,0.0,0.0,False
851,ME,2026-01-01,43,17,12.579999999999998,43,12.579999999999998,0,0.0,0.0,0.0,0.0,0.0,0.0,False
851,MG,2026-01-01,19,5,3.7,19,3.7,0,0.0,0.0,0.0,0.0,0.0,0.0,False
851,MK,2026-01-01,81,19,14.059999999999999,81,14.059999999999999,1,110.0,110.0,0.0,110.0,110.0,0.0,False
851,MP,2026-01-01,4,2,1.48,4,1.48,2,6125.0,6125.0,0.0,6125.0,6125.0,0.0,False
851,MQ,2026-01-01,80,12,8.88,80,8.88,0,0.0,0.0,0.0,0.0,0.0,0.0,False
851,MR,2026-01-01,16,3,2.2199999999999998,16,2.2199999999999998,0,0.0,0.0,0.0,0.0,0.0,0.0,False
851,MT,2026-01-01,55,14,10.36,55,10.36,3,610.0,610.0,0.0,610.0,610.0,0.0,False
851,MU,2026-01-01,62,10,7.4,62,7.4,1,65.0,65.0,0.0,65.0,65.0,0.0,False
851,MX,2026-01-01,600,102,75.48,600,75.48,0,0.0,0.0,0.0,0.0,0.0,0.0,True
851,MY,2026-01-01,36,2,1.48,36,1.48,0,0.0,0.0,0.0,0.0,0.0,0.0,False
851,MZ,2026-01-01,2,0,0.0,2,0.0,0,0.0,0.0,0.0,0.0,0.0,0.0,False
851,NA,2026-01-01,3,0,0.0,3,0.0,0,0.0,0.0,0.0,0.0,0.0,0.0,False
851,NC,2026-01-01,33,6,5.328000000000001,33,5.328000000000001,0,0.0,0.0,0.0,0.0,0.0,0.0,False
851,NE,2026-01-01,2,0,0.0,2,0.0,0,0.0,0.0,0.0,0.0,0.0,0.0,False
851,NL,2026-01-01,176,25,21.46,176,21.46,0,0.0,0.0,0.0,0.0,0.0,0.0,False
851,NO,2026-01-01,20,8,5.92,20,5.92,0,0.0,0.0,0.0,0.0,0.0,0.0,False
851,NP,2026-01-01,1,0,0.0,1,0.0,0,0.0,0.0,0.0,0.0,0.0,0.0,False
851,NR,2026-01-01,1,0,0.0,1,0.0,0,0.0,0.0,0.0,0.0,0.0,0.0,False
851,NZ,2026-01-01,6,2,5.18,6,5.18,0,0.0,0.0,0.0,0.0,0.0,0.0,False
851,OM,2026-01-01,73,9,6.66,73,6.66,0,0.0,0.0,0.0,0.0,0.0,0.0,False
851,PA,2026-01-01,2,0,0.0,2,0.0,0,0.0,0.0,0.0,0.0,0.0,0.0,False
851,PE,2026-01-01,665,92,61.975,665,61.975,1,65.0,65.0,0.0,65.0,65.0,0.0,True
851,PF,2026-01-01,73,15,11.1,73,11.1,0,0.0,0.0,0.0,0.0,0.0,0.0,False
851,PG,2026-01-01,427,109,80.66,427,80.66,0,0.0,0.0,0.0,0.0,0.0,0.0,False
851,PH,2026-01-01,7,1,0.74,7,0.74,0,0.0,0.0,0.0,0.0,0.0,0.0,False
851,PK,2026-01-01,8,0,0.0,8,0.0,0,0.0,0.0,0.0,0.0,0.0,0.0,False
851,PL,2026-01-01,95,19,14.06,95,14.06,0,0.0,0.0,0.0,0.0,0.0,0.0,False
851,PM,2026-01-01,2,0,0.0,2,0.0,0,0.0,0.0,0.0,0.0,0.0,0.0,False
851,PR,2026-01-01,151,45,33.300000000000004,151,33.300000000000004,1,200.0,200.0,0.0,200.0,200.0,0.0,False
851,PT,2026-01-01,38,8,12.58,38,12.58,0,0.0,0.0,0.0,0.0,0.0,0.0,False
851,PW,2026-01-01,1,0,0.0,1,0.0,0,0.0,0.0,0.0,0.0,0.0,0.0,False
851,PY,2026-01-01,364,42,29.415,364,29.415,0,0.0,0.0,0.0,0.0,0.0,0.0,False
851,QA,2026-01-01,214,29,21.459999999999997,214,21.459999999999997,0,0.0,0.0,0.0,0.0,0.0,0.0,False
851,RE,2026-01-01,28,1,0.74,28,0.74,0,0.0,0.0,0.0,0.0,0.0,0.0,False
851,RO,2026-01-01,14,2,1.48,14,1.48,0,0.0,0.0,0.0,0.0,0.0,0.0,False
851,RS,2026-01-01,453,122,90.28,453,90.28,2,130.0,130.0,0.0,130.0,130.0,0.0,False
851,SA,2026-01-01,3,0,0.0,3,0.0,0,0.0,0.0,0.0,0.0,0.0,0.0,False
851,SC,2026-01-01,3,0,0.0,3,0.0,0,0.0,0.0,0.0,0.0,0.0,0.0,False
851,SE,2026-01-01,32,11,8.14,32,8.14,0,0.0,0.0,0.0,0.0,0.0,0.0,False
851,SG,2026-01-01,281,26,20.35,281,20.35,0,0.0,0.0,0.0,0.0,0.0,0.0,False
851,SI,2026-01-01,27,5,3.7,27,3.7,1,65.0,65.0,0.0,65.0,65.0,0.0,False
851,SK,2026-01-01,34,10,7.4,34,7.4,1,415.0,415.0,0.0,415.0,415.0,0.0,False
851,SM,2026-01-01,4,2,1.48,4,1.48,0,0.0,0.0,0.0,0.0,0.0,0.0,False
851,SR,2026-01-01,46,14,10.36,46,10.36,0,0.0,0.0,0.0,0.0,0.0,0.0,False
851,SV,2026-01-01,357,43,31.820000000000004,357,31.820000000000004,1,65.0,65.0,0.0,65.0,65.0,0.0,False
851,SX,2026-01-01,3,1,5.92,3,5.92,0,0.0,0.0,0.0,0.0,0.0,0.0,False
851,TC,2026-01-01,1,0,0.0,1,0.0,0,0.0,0.0,0.0,0.0,0.0,0.0,False
851,TH,2026-01-01,364,46,32.375,364,32.375,0,0.0,0.0,0.0,0.0,0.0,0.0,False
851,TL,2026-01-01,1,0,0.0,1,0.0,0,0.0,0.0,0.0,0.0,0.0,0.0,False
851,TO,2026-01-01,1,0,0.0,1,0.0,0,0.0,0.0,0.0,0.0,0.0,0.0,False
851,TR,2026-01-01,408,49,30.710000000000004,408,30.710000000000004,0,0.0,0.0,0.0,0.0,0.0,0.0,False
851,TT,2026-01-01,199,54,39.96,199,39.96,0,0.0,0.0,0.0,0.0,0.0,0.0,False
851,TV,2026-01-01,2,0,0.0,2,0.0,0,0.0,0.0,0.0,0.0,0.0,0.0,False
851,TW,2026-01-01,5,2,1.48,5,1.48,0,0.0,0.0,0.0,0.0,0.0,0.0,False
851,TZ,2026-01-01,1,0,0.0,1,0.0,0,0.0,0.0,0.0,0.0,0.0,0.0,False
851,UA,2026-01-01,2,1,0.74,2,0.74,0,0.0,0.0,0.0,0.0,0.0,0.0,False
851,UG,2026-01-01,1,0,0.0,1,0.0,0,0.0,0.0,0.0,0.0,0.0,0.0,False
851,UNKNOWN,2026-01-01,16,2,1.48,16,1.48,0,0.0,0.0,0.0,0.0,0.0,0.0,False
851,US,2026-01-01,2944,861,3617.675000000002,2944,3617.675000000002,40,42240.0,41310.0,930.0,42240.0,41310.0,930.0,True
851,UY,2026-01-01,36,9,6.66,36,6.66,0,0.0,0.0,0.0,0.0,0.0,0.0,False
851,UZ,2026-01-01,922,74,54.76000000000001,922,54.76000000000001,2,130.0,130.0,0.0,130.0,130.0,0.0,True
851,VC,2026-01-01,1,0,0.0,1,0.0,0,0.0,0.0,0.0,0.0,0.0,0.0,False
851,VG,2026-01-01,4,1,0.74,4,0.74,0,0.0,0.0,0.0,0.0,0.0,0.0,False
851,VI,2026-01-01,3,0,0.0,3,0.0,0,0.0,0.0,0.0,0.0,0.0,0.0,False
851,VN,2026-01-01,765,56,41.440000000000005,765,41.440000000000005,0,0.0,0.0,0.0,0.0,0.0,0.0,True
851,VU,2026-01-01,26,6,4.44,26,4.44,0,0.0,0.0,0.0,0.0,0.0,0.0,False
851,WS,2026-01-01,6,0,0.0,6,0.0,0,0.0,0.0,0.0,0.0,0.0,0.0,False
851,YT,2026-01-01,3,0,0.0,3,0.0,0,0.0,0.0,0.0,0.0,0.0,0.0,False
851,ZA,2026-01-01,334,104,73.63,334,73.63,0,0.0,0.0,0.0,0.0,0.0,0.0,False
889,DE,2026-01-01,31,1,185.0,31,185.0,1,110.0,110.0,0.0,110.0,110.0,0.0,False
889,ES,2026-01-01,161,3,999.0,161,999.0,3,325.0,325.0,0.0,325.0,325.0,0.0,False
889,FR,2026-01-01,610,12,4143.26,610,4143.26,14,9710.0,9710.0,0.0,9710.0,9710.0,0.0,True
889,IT,2026-01-01,319,5,1258.0,319,1258.0,5,1910.0,1910.0,0.0,1910.0,1910.0,0.0,False
897,AD,2026-01-01,1,1,8.51,1,8.51,0,0.0,0.0,0.0,0.0,0.0,0.0,False
897,AI,2026-01-01,2,2,17.759999999999998,2,17.759999999999998,0,0.0,0.0,0.0,0.0,0.0,0.0,False
897,AL,2026-01-01,3,3,31.08,3,31.08,2,1975.0,1975.0,0.0,1975.0,1975.0,0.0,False
897,AO,2026-01-01,3,3,26.639999999999997,3,26.639999999999997,0,0.0,0.0,0.0,0.0,0.0,0.0,False
897,AQ,2026-01-01,1,1,11.84,1,11.84,0,0.0,0.0,0.0,0.0,0.0,0.0,False
897,AS,2026-01-01,3,3,31.819999999999997,3,31.819999999999997,1,65.0,65.0,0.0,65.0,65.0,0.0,False
897,AT,2026-01-01,103,74,891.3299999999998,103,891.3299999999998,6,1915.0,1915.0,0.0,1915.0,1915.0,0.0,False
897,AU,2026-01-01,1538,1069,11535.453000000005,1538,11535.453000000005,61,477185.0,473985.0,3200.0,477185.0,473985.0,3200.0,True
897,AW,2026-01-01,2,2,28.119999999999997,2,28.119999999999997,0,0.0,0.0,0.0,0.0,0.0,0.0,False
897,AX,2026-01-01,10,4,39.96,10,39.96,5,1655.0,1655.0,0.0,1655.0,1655.0,0.0,False
897,BB,2026-01-01,3,2,17.759999999999998,3,17.759999999999998,0,0.0,0.0,0.0,0.0,0.0,0.0,False
897,BE,2026-01-01,294,200,2193.212,294,2193.212,16,6035.0,5960.0,75.0,6035.0,5960.0,75.0,False
897,BG,2026-01-01,9,8,79.17999999999999,9,79.17999999999999,0,0.0,0.0,0.0,0.0,0.0,0.0,False
897,BM,2026-01-01,1,1,11.84,1,11.84,0,0.0,0.0,0.0,0.0,0.0,0.0,False
897,BO,2026-01-01,1,1,8.879999999999999,1,8.879999999999999,0,0.0,0.0,0.0,0.0,0.0,0.0,False
897,BR,2026-01-01,3,1,8.879999999999999,3,8.879999999999999,0,0.0,0.0,0.0,0.0,0.0,0.0,False
897,BS,2026-01-01,2,1,8.879999999999999,2,8.879999999999999,0,0.0,0.0,0.0,0.0,0.0,0.0,False
897,BZ,2026-01-01,2,2,17.759999999999998,2,17.759999999999998,0,0.0,0.0,0.0,0.0,0.0,0.0,False
897,CA,2026-01-01,2626,1656,17898.602000000003,2626,17898.602000000003,78,167995.0,167695.0,300.0,167995.0,167695.0,300.0,True
897,CH,2026-01-01,92,59,709.068,92,709.068,3,560.0,560.0,0.0,560.0,560.0,0.0,False
897,CK,2026-01-01,1,0,0.0,1,0.0,0,0.0,0.0,0.0,0.0,0.0,0.0,False
897,CL,2026-01-01,1,0,0.0,1,0.0,0,0.0,0.0,0.0,0.0,0.0,0.0,False
897,CM,2026-01-01,2,0,0.0,2,0.0,0,0.0,0.0,0.0,0.0,0.0,0.0,False
897,CO,2026-01-01,10,10,116.17999999999998,10,116.17999999999998,0,0.0,0.0,0.0,0.0,0.0,0.0,False
897,CR,2026-01-01,2,1,11.1,2,11.1,0,0.0,0.0,0.0,0.0,0.0,0.0,False
897,CY,2026-01-01,1,1,17.02,1,17.02,0,0.0,0.0,0.0,0.0,0.0,0.0,False
897,CZ,2026-01-01,2,1,17.02,2,17.02,0,0.0,0.0,0.0,0.0,0.0,0.0,False
897,DE,2026-01-01,647,467,5491.54,647,5491.54,41,41200.0,40865.0,335.0,41200.0,40865.0,335.0,True
897,DK,2026-01-01,72,51,583.8599999999999,72,583.8599999999999,5,930.0,930.0,0.0,930.0,930.0,0.0,False
897,DO,2026-01-01,6,4,42.18,6,42.18,0,0.0,0.0,0.0,0.0,0.0,0.0,False
897,DZ,2026-01-01,4,3,31.819999999999997,4,31.819999999999997,3,1405.0,1405.0,0.0,1405.0,1405.0,0.0,False
897,EC,2026-01-01,2,2,22.2,2,22.2,0,0.0,0.0,0.0,0.0,0.0,0.0,False
897,EE,2026-01-01,3,2,17.759999999999998,3,17.759999999999998,0,0.0,0.0,0.0,0.0,0.0,0.0,False
897,ES,2026-01-01,20,15,166.12999999999997,20,166.12999999999997,1,335.0,335.0,0.0,335.0,335.0,0.0,False
897,FI,2026-01-01,67,41,456.94999999999993,67,456.94999999999993,0,0.0,0.0,0.0,0.0,0.0,0.0,False
897,FJ,2026-01-01,7,5,49.58,7,49.58,1,65.0,65.0,0.0,65.0,65.0,0.0,False
897,FR,2026-01-01,28,21,220.15,28,220.15,2,345.0,345.0,0.0,345.0,345.0,0.0,False
897,GB,2026-01-01,3598,2352,24782.822000000036,3598,24782.822000000036,97,88510.0,88325.0,185.0,88510.0,88325.0,185.0,True
897,GD,2026-01-01,2,2,17.759999999999998,2,17.759999999999998,2,490.0,490.0,0.0,490.0,490.0,0.0,False
897,GE,2026-01-01,2,1,11.1,2,11.1,0,0.0,0.0,0.0,0.0,0.0,0.0,False
897,GI,2026-01-01,1,0,0.0,1,0.0,0,0.0,0.0,0.0,0.0,0.0,0.0,False
897,GM,2026-01-01,1,0,0.0,1,0.0,0,0.0,0.0,0.0,0.0,0.0,0.0,False
897,GR,2026-01-01,11,9,83.62,11,83.62,2,130.0,130.0,0.0,130.0,130.0,0.0,False
897,GU,2026-01-01,1,1,11.1,1,11.1,0,0.0,0.0,0.0,0.0,0.0,0.0,False
897,GY,2026-01-01,2,0,0.0,2,0.0,0,0.0,0.0,0.0,0.0,0.0,0.0,False
897,HN,2026-01-01,2,1,8.879999999999999,2,8.879999999999999,0,0.0,0.0,0.0,0.0,0.0,0.0,False
897,HR,2026-01-01,2,2,19.979999999999997,2,19.979999999999997,0,0.0,0.0,0.0,0.0,0.0,0.0,False
897,HU,2026-01-01,8,6,74.74,8,74.74,1,110.0,110.0,0.0,110.0,110.0,0.0,False
897,ID,2026-01-01,8,7,85.83999999999999,8,85.83999999999999,0,0.0,0.0,0.0,0.0,0.0,0.0,False
897,IE,2026-01-01,251,168,1732.7099999999998,251,1732.7099999999998,6,730.0,730.0,0.0,730.0,730.0,0.0,False
897,IM,2026-01-01,1,1,8.879999999999999,1,8.879999999999999,0,0.0,0.0,0.0,0.0,0.0,0.0,False
897,IN,2026-01-01,10,6,68.08,10,68.08,0,0.0,0.0,0.0,0.0,0.0,0.0,False
897,IS,2026-01-01,11,3,37.739999999999995,11,37.739999999999995,1,150.0,150.0,0.0,150.0,150.0,0.0,False
897,IT,2026-01-01,25,17,191.29000000000002,25,191.29000000000002,0,0.0,0.0,0.0,0.0,0.0,0.0,False
897,JM,2026-01-01,17,11,107.29999999999998,17,107.29999999999998,0,0.0,0.0,0.0,0.0,0.0,0.0,False
897,JP,2026-01-01,5,1,11.1,5,11.1,0,0.0,0.0,0.0,0.0,0.0,0.0,False
897,KE,2026-01-01,3,2,17.39,3,17.39,1,210.0,210.0,0.0,210.0,210.0,0.0,False
897,KH,2026-01-01,2,2,25.9,2,25.9,0,0.0,0.0,0.0,0.0,0.0,0.0,False
897,KR,2026-01-01,4,4,51.06,4,51.06,1,150.0,150.0,0.0,150.0,150.0,0.0,False
897,KW,2026-01-01,1,1,17.02,1,17.02,0,0.0,0.0,0.0,0.0,0.0,0.0,False
897,KY,2026-01-01,1,1,8.879999999999999,1,8.879999999999999,0,0.0,0.0,0.0,0.0,0.0,0.0,False
897,LC,2026-01-01,1,0,0.0,1,0.0,0,0.0,0.0,0.0,0.0,0.0,0.0,False
897,LU,2026-01-01,15,8,89.53999999999999,15,89.53999999999999,0,0.0,0.0,0.0,0.0,0.0,0.0,False
897,LV,2026-01-01,1,1,11.1,1,11.1,0,0.0,0.0,0.0,0.0,0.0,0.0,False
897,MA,2026-01-01,3,1,11.1,3,11.1,0,0.0,0.0,0.0,0.0,0.0,0.0,False
897,MD,2026-01-01,1,1,11.1,1,11.1,0,0.0,0.0,0.0,0.0,0.0,0.0,False
897,ME,2026-01-01,1,1,8.879999999999999,1,8.879999999999999,0,0.0,0.0,0.0,0.0,0.0,0.0,False
897,MK,2026-01-01,2,0,0.0,2,0.0,0,0.0,0.0,0.0,0.0,0.0,0.0,False
897,MN,2026-01-01,1,1,17.02,1,17.02,0,0.0,0.0,0.0,0.0,0.0,0.0,False
897,MO,2026-01-01,1,1,17.02,1,17.02,0,0.0,0.0,0.0,0.0,0.0,0.0,False
897,MQ,2026-01-01,1,0,0.0,1,0.0,0,0.0,0.0,0.0,0.0,0.0,0.0,False
897,MT,2026-01-01,6,6,59.2,6,59.2,0,0.0,0.0,0.0,0.0,0.0,0.0,False
897,MX,2026-01-01,24,18,222.73999999999998,24,222.73999999999998,0,0.0,0.0,0.0,0.0,0.0,0.0,False
897,MY,2026-01-01,3,2,19.979999999999997,3,19.979999999999997,0,0.0,0.0,0.0,0.0,0.0,0.0,False
897,NA,2026-01-01,1,0,0.0,1,0.0,0,0.0,0.0,0.0,0.0,0.0,0.0,False
897,NL,2026-01-01,363,244,2760.2,363,2760.2,22,20920.0,20920.0,0.0,20920.0,20920.0,0.0,False
897,NO,2026-01-01,81,58,623.0799999999999,81,623.0799999999999,5,1475.0,1475.0,0.0,1475.0,1475.0,0.0,False
897,NZ,2026-01-01,397,229,2355.0499999999997,397,2355.0499999999997,15,2570.0,2570.0,0.0,2570.0,2570.0,0.0,False
897,PA,2026-01-01,4,3,34.78,4,34.78,0,0.0,0.0,0.0,0.0,0.0,0.0,False
897,PE,2026-01-01,1,0,0.0,1,0.0,0,0.0,0.0,0.0,0.0,0.0,0.0,False
897,PG,2026-01-01,1,1,8.879999999999999,1,8.879999999999999,0,0.0,0.0,0.0,0.0,0.0,0.0,False
897,PH,2026-01-01,70,52,609.7599999999999,70,609.7599999999999,5,82680.0,82430.0,250.0,82680.0,82430.0,250.0,False
897,PL,2026-01-01,10,6,68.08,10,68.08,1,65.0,65.0,0.0,65.0,65.0,0.0,False
897,PR,2026-01-01,14,10,108.03999999999999,14,108.03999999999999,2,300.0,300.0,0.0,300.0,300.0,0.0,False
897,PT,2026-01-01,15,12,133.57,15,133.57,0,0.0,0.0,0.0,0.0,0.0,0.0,False
897,PY,2026-01-01,1,1,11.1,1,11.1,0,0.0,0.0,0.0,0.0,0.0,0.0,False
897,QA,2026-01-01,1,1,11.84,1,11.84,0,0.0,0.0,0.0,0.0,0.0,0.0,False
897,RO,2026-01-01,17,14,149.48,17,149.48,0,0.0,0.0,0.0,0.0,0.0,0.0,False
897,RS,2026-01-01,8,5,48.1,8,48.1,1,65.0,65.0,0.0,65.0,65.0,0.0,False
897,SA,2026-01-01,1,1,8.879999999999999,1,8.879999999999999,0,0.0,0.0,0.0,0.0,0.0,0.0,False
897,SB,2026-01-01,1,0,0.0,1,0.0,1,705.0,705.0,0.0,705.0,705.0,0.0,False
897,SC,2026-01-01,1,1,8.879999999999999,1,8.879999999999999,0,0.0,0.0,0.0,0.0,0.0,0.0,False
897,SE,2026-01-01,257,187,2061.27,257,2061.27,5,535.0,535.0,0.0,535.0,535.0,0.0,False
897,SG,2026-01-01,1,1,11.1,1,11.1,0,0.0,0.0,0.0,0.0,0.0,0.0,False
897,SK,2026-01-01,1,1,13.32,1,13.32,0,0.0,0.0,0.0,0.0,0.0,0.0,False
897,SX,2026-01-01,1,1,8.879999999999999,1,8.879999999999999,0,0.0,0.0,0.0,0.0,0.0,0.0,False
897,TH,2026-01-01,10,8,77.69999999999999,10,77.69999999999999,1,325.0,325.0,0.0,325.0,325.0,0.0,False
897,TL,2026-01-01,1,1,11.1,1,11.1,0,0.0,0.0,0.0,0.0,0.0,0.0,False
897,TR,2026-01-01,3,3,31.08,3,31.08,0,0.0,0.0,0.0,0.0,0.0,0.0,False
897,TT,2026-01-01,3,2,28.86,3,28.86,0,0.0,0.0,0.0,0.0,0.0,0.0,False
897,TV,2026-01-01,2,1,8.879999999999999,2,8.879999999999999,0,0.0,0.0,0.0,0.0,0.0,0.0,False
897,TW,2026-01-01,1,1,11.84,1,11.84,0,0.0,0.0,0.0,0.0,0.0,0.0,False
897,TZ,2026-01-01,1,1,11.84,1,11.84,0,0.0,0.0,0.0,0.0,0.0,0.0,False
897,UNKNOWN,2026-01-01,2,2,17.759999999999998,2,17.759999999999998,0,0.0,0.0,0.0,0.0,0.0,0.0,False
897,US,2026-01-01,28683,18347,195431.81699999905,28683,195431.81699999905,749,1202520.0,1194965.0,7555.0,1202520.0,1194965.0,7555.0,True
897,VI,2026-01-01,7,3,28.859999999999996,7,28.859999999999996,0,0.0,0.0,0.0,0.0,0.0,0.0,False
897,VN,2026-01-01,3,2,28.119999999999997,3,28.119999999999997,1,195.0,195.0,0.0,195.0,195.0,0.0,False
897,XK,2026-01-01,2,0,0.0,2,0.0,0,0.0,0.0,0.0,0.0,0.0,0.0,False
897,ZA,2026-01-01,3,3,31.819999999999997,3,31.819999999999997,2,315.0,315.0,0.0,315.0,315.0,0.0,False
911,AL,2026-01-01,1,0,0.0,1,0.0,0,0.0,0.0,0.0,0.0,0.0,0.0,False
911,AU,2026-01-01,14,4,60.68000000000001,14,60.68000000000001,1,170.0,170.0,0.0,170.0,170.0,0.0,False
911,BE,2026-01-01,1,0,0.0,1,0.0,0,0.0,0.0,0.0,0.0,0.0,0.0,False
911,CA,2026-01-01,14,2,40.7,14,40.7,0,0.0,0.0,0.0,0.0,0.0,0.0,False
911,CH,2026-01-01,1,0,0.0,1,0.0,0,0.0,0.0,0.0,0.0,0.0,0.0,False
911,CL,2026-01-01,5,2,5.92,5,5.92,0,0.0,0.0,0.0,0.0,0.0,0.0,False
911,CO,2026-01-01,1,1,2.96,1,2.96,0,0.0,0.0,0.0,0.0,0.0,0.0,False
911,DE,2026-01-01,26,8,35.51999999999999,26,35.51999999999999,0,0.0,0.0,0.0,0.0,0.0,0.0,False
911,ES,2026-01-01,1,0,0.0,1,0.0,0,0.0,0.0,0.0,0.0,0.0,0.0,False
911,FI,2026-01-01,1,1,4.4399999999999995,1,4.4399999999999995,0,0.0,0.0,0.0,0.0,0.0,0.0,False
911,GB,2026-01-01,11,1,8.14,11,8.14,0,0.0,0.0,0.0,0.0,0.0,0.0,False
911,IE,2026-01-01,1,1,4.4399999999999995,1,4.4399999999999995,0,0.0,0.0,0.0,0.0,0.0,0.0,False
911,IN,2026-01-01,5,0,0.0,5,0.0,0,0.0,0.0,0.0,0.0,0.0,0.0,False
911,JM,2026-01-01,1,0,0.0,1,0.0,0,0.0,0.0,0.0,0.0,0.0,0.0,False
911,JP,2026-01-01,2,0,0.0,2,0.0,0,0.0,0.0,0.0,0.0,0.0,0.0,False
911,KI,2026-01-01,1,0,0.0,1,0.0,0,0.0,0.0,0.0,0.0,0.0,0.0,False
911,MX,2026-01-01,3,0,0.0,3,0.0,0,0.0,0.0,0.0,0.0,0.0,0.0,False
911,MY,2026-01-01,1,0,0.0,1,0.0,0,0.0,0.0,0.0,0.0,0.0,0.0,False
911,NL,2026-01-01,1,0,0.0,1,0.0,0,0.0,0.0,0.0,0.0,0.0,0.0,False
911,NZ,2026-01-01,4,1,4.4399999999999995,4,4.4399999999999995,0,0.0,0.0,0.0,0.0,0.0,0.0,False
911,PG,2026-01-01,1,0,0.0,1,0.0,0,0.0,0.0,0.0,0.0,0.0,0.0,False
911,PH,2026-01-01,1,0,0.0,1,0.0,0,0.0,0.0,0.0,0.0,0.0,0.0,False
911,QA,2026-01-01,2,1,4.4399999999999995,2,4.4399999999999995,0,0.0,0.0,0.0,0.0,0.0,0.0,False
911,RO,2026-01-01,1,0,0.0,1,0.0,0,0.0,0.0,0.0,0.0,0.0,0.0,False
911,SA,2026-01-01,2,0,0.0,2,0.0,0,0.0,0.0,0.0,0.0,0.0,0.0,False
911,SE,2026-01-01,1,1,14.8,1,14.8,0,0.0,0.0,0.0,0.0,0.0,0.0,False
911,US,2026-01-01,10633,2929,40075.439999999966,10633,40075.439999999966,138,194810.0,193080.0,1730.0,194810.0,193080.0,1730.0,True
organic,AD,2026-01-01,44,0,0.0,44,0.0,4,4215.0,4215.0,0.0,4215.0,4215.0,0.0,False
organic,AE,2026-01-01,722,0,0.0,722,0.0,22,4315.0,4315.0,0.0,4315.0,4315.0,0.0,True
organic,AF,2026-01-01,4,0,0.0,4,0.0,0,0.0,0.0,0.0,0.0,0.0,0.0,False
organic,AG,2026-01-01,23,0,0.0,23,0.0,0,0.0,0.0,0.0,0.0,0.0,0.0,False
organic,AI,2026-01-01,15,0,0.0,15,0.0,4,1020.0,1020.0,0.0,1020.0,1020.0,0.0,False
organic,AL,2026-01-01,170,0,0.0,170,0.0,6,10960.0,10960.0,0.0,10960.0,10960.0,0.0,False
organic,AM,2026-01-01,77,0,0.0,77,0.0,3,535.0,535.0,0.0,535.0,535.0,0.0,False
organic,AO,2026-01-01,386,0,0.0,386,0.0,7,24540.0,24540.0,0.0,24540.0,24540.0,0.0,False
organic,AQ,2026-01-01,18,0,0.0,18,0.0,1,945.0,945.0,0.0,945.0,945.0,0.0,False
organic,AR,2026-01-01,1552,0,0.0,1552,0.0,35,58055.0,57190.0,865.0,58055.0,57190.0,865.0,True
organic,AS,2026-01-01,56,0,0.0,56,0.0,6,47535.0,47410.0,125.0,47535.0,47410.0,125.0,False
organic,AT,2026-01-01,633,0,0.0,633,0.0,4,1225.0,1180.0,45.0,1225.0,1180.0,45.0,True
organic,AU,2026-01-01,4720,0,0.0,4720,0.0,154,405410.0,403395.0,2015.0,405410.0,403395.0,2015.0,True
organic,AW,2026-01-01,23,0,0.0,23,0.0,1,4250.0,4250.0,0.0,4250.0,4250.0,0.0,False
organic,AX,2026-01-01,89,0,0.0,89,0.0,13,4735.0,4735.0,0.0,4735.0,4735.0,0.0,False
organic,AZ,2026-01-01,135,0,0.0,135,0.0,3,1770.0,1770.0,0.0,1770.0,1770.0,0.0,False
organic,BA,2026-01-01,2,0,0.0,2,0.0,0,0.0,0.0,0.0,0.0,0.0,0.0,False
organic,BB,2026-01-01,65,0,0.0,65,0.0,6,1315.0,1315.0,0.0,1315.0,1315.0,0.0,False
organic,BD,2026-01-01,295,0,0.0,295,0.0,0,0.0,0.0,0.0,0.0,0.0,0.0,False
organic,BE,2026-01-01,930,0,0.0,930,0.0,30,9610.0,9460.0,150.0,9610.0,9460.0,150.0,True
organic,BF,2026-01-01,36,0,0.0,36,0.0,1,65.0,65.0,0.0,65.0,65.0,0.0,False
organic,BG,2026-01-01,190,0,0.0,190,0.0,5,5150.0,5150.0,0.0,5150.0,5150.0,0.0,False
organic,BH,2026-01-01,59,0,0.0,59,0.0,2,230.0,230.0,0.0,230.0,230.0,0.0,False
organic,BJ,2026-01-01,96,0,0.0,96,0.0,1,890.0,890.0,0.0,890.0,890.0,0.0,False
organic,BL,2026-01-01,1,0,0.0,1,0.0,1,110.0,110.0,0.0,110.0,110.0,0.0,False
organic,BM,2026-01-01,23,0,0.0,23,0.0,1,415.0,415.0,0.0,415.0,415.0,0.0,False
organic,BN,2026-01-01,38,0,0.0,38,0.0,0,0.0,0.0,0.0,0.0,0.0,0.0,False
organic,BO,2026-01-01,167,0,0.0,167,0.0,2,455.0,455.0,0.0,455.0,455.0,0.0,False
organic,BQ,2026-01-01,13,0,0.0,13,0.0,1,65.0,65.0,0.0,65.0,65.0,0.0,False
organic,BR,2026-01-01,6466,0,0.0,6466,0.0,186,154235.0,153695.0,540.0,154235.0,153695.0,540.0,True
organic,BS,2026-01-01,103,0,0.0,103,0.0,4,750.0,750.0,0.0,750.0,750.0,0.0,False
organic,BT,2026-01-01,8,0,0.0,8,0.0,0,0.0,0.0,0.0,0.0,0.0,0.0,False
organic,BV,2026-01-01,9,0,0.0,9,0.0,0,0.0,0.0,0.0,0.0,0.0,0.0,False
organic,BW,2026-01-01,469,0,0.0,469,0.0,18,2880.0,2860.0,20.0,2880.0,2860.0,20.0,False
organic,BY,2026-01-01,8,0,0.0,8,0.0,0,0.0,0.0,0.0,0.0,0.0,0.0,False
organic,BZ,2026-01-01,47,0,0.0,47,0.0,0,0.0,0.0,0.0,0.0,0.0,0.0,False
organic,CA,2026-01-01,6833,0,0.0,6833,0.0,227,256920.0,256280.0,640.0,256920.0,256280.0,640.0,True
organic,CC,2026-01-01,2,0,0.0,2,0.0,0,0.0,0.0,0.0,0.0,0.0,0.0,False
organic,CH,2026-01-01,557,0,0.0,557,0.0,27,149250.0,149125.0,125.0,149250.0,149125.0,125.0,True
organic,CI,2026-01-01,78,0,0.0,78,0.0,7,545.0,545.0,0.0,545.0,545.0,0.0,False
organic,CK,2026-01-01,11,0,0.0,11,0.0,1,165.0,165.0,0.0,165.0,165.0,0.0,False
organic,CL,2026-01-01,803,0,0.0,803,0.0,16,11315.0,11315.0,0.0,11315.0,11315.0,0.0,True
organic,CM,2026-01-01,123,0,0.0,123,0.0,3,280.0,280.0,0.0,280.0,280.0,0.0,False
organic,CN,2026-01-01,3816,0,0.0,3816,0.0,4,6170.0,6170.0,0.0,6170.0,6170.0,0.0,True
organic,CO,2026-01-01,4809,0,0.0,4809,0.0,46,10905.0,10905.0,0.0,10905.0,10905.0,0.0,True
organic,CR,2026-01-01,328,0,0.0,328,0.0,10,2240.0,2240.0,0.0,2240.0,2240.0,0.0,False
organic,CV,2026-01-01,49,0,0.0,49,0.0,1,65.0,65.0,0.0,65.0,65.0,0.0,False
organic,CW,2026-01-01,32,0,0.0,32,0.0,1,1100.0,1100.0,0.0,1100.0,1100.0,0.0,False
organic,CX,2026-01-01,4,0,0.0,4,0.0,0,0.0,0.0,0.0,0.0,0.0,0.0,False
organic,CY,2026-01-01,233,0,0.0,233,0.0,8,19925.0,19925.0,0.0,19925.0,19925.0,0.0,False
organic,CZ,2026-01-01,195,0,0.0,195,0.0,2,730.0,730.0,0.0,730.0,730.0,0.0,False
organic,DE,2026-01-01,3046,0,0.0,3046,0.0,53,176065.0,175560.0,505.0,176065.0,175560.0,505.0,True
organic,DJ,2026-01-01,119,0,0.0,119,0.0,1,5540.0,5540.0,0.0,5540.0,5540.0,0.0,False
organic,DK,2026-01-01,425,0,0.0,425,0.0,11,6080.0,6080.0,0.0,6080.0,6080.0,0.0,False
organic,DM,2026-01-01,4,0,0.0,4,0.0,0,0.0,0.0,0.0,0.0,0.0,0.0,False
organic,DO,2026-01-01,397,0,0.0,397,0.0,6,1045.0,1045.0,0.0,1045.0,1045.0,0.0,False
organic,DZ,2026-01-01,555,0,0.0,555,0.0,10,19015.0,18970.0,45.0,19015.0,18970.0,45.0,True
organic,EC,2026-01-01,497,0,0.0,497,0.0,7,1185.0,1185.0,0.0,1185.0,1185.0,0.0,False
organic,EE,2026-01-01,73,0,0.0,73,0.0,2,215.0,215.0,0.0,215.0,215.0,0.0,False
organic,EG,2026-01-01,6,0,0.0,6,0.0,0,0.0,0.0,0.0,0.0,0.0,0.0,False
organic,ER,2026-01-01,1,0,0.0,1,0.0,0,0.0,0.0,0.0,0.0,0.0,0.0,False
organic,ES,2026-01-01,2393,0,0.0,2393,0.0,73,145550.0,145105.0,445.0,145550.0,145105.0,445.0,True
organic,ET,2026-01-01,10,0,0.0,10,0.0,0,0.0,0.0,0.0,0.0,0.0,0.0,False
organic,FI,2026-01-01,479,0,0.0,479,0.0,14,7945.0,7880.0,65.0,7945.0,7880.0,65.0,False
organic,FJ,2026-01-01,73,0,0.0,73,0.0,5,500.0,500.0,0.0,500.0,500.0,0.0,False
organic,FK,2026-01-01,5,0,0.0,5,0.0,0,0.0,0.0,0.0,0.0,0.0,0.0,False
organic,FM,2026-01-01,3,0,0.0,3,0.0,0,0.0,0.0,0.0,0.0,0.0,0.0,False
organic,FO,2026-01-01,6,0,0.0,6,0.0,0,0.0,0.0,0.0,0.0,0.0,0.0,False
organic,FR,2026-01-01,3280,0,0.0,3280,0.0,61,71350.0,71305.0,45.0,71350.0,71305.0,45.0,True
organic,GA,2026-01-01,22,0,0.0,22,0.0,0,0.0,0.0,0.0,0.0,0.0,0.0,False
organic,GB,2026-01-01,12003,0,0.0,12003,0.0,314,478390.0,474645.0,3745.0,478390.0,474645.0,3745.0,True
organic,GD,2026-01-01,7,0,0.0,7,0.0,0,0.0,0.0,0.0,0.0,0.0,0.0,False
organic,GE,2026-01-01,111,0,0.0,111,0.0,5,545.0,545.0,0.0,545.0,545.0,0.0,False
organic,GF,2026-01-01,18,0,0.0,18,0.0,0,0.0,0.0,0.0,0.0,0.0,0.0,False
organic,GG,2026-01-01,9,0,0.0,9,0.0,1,250.0,250.0,0.0,250.0,250.0,0.0,False
organic,GH,2026-01-01,3,0,0.0,3,0.0,0,0.0,0.0,0.0,0.0,0.0,0.0,False
organic,GI,2026-01-01,6,0,0.0,6,0.0,0,0.0,0.0,0.0,0.0,0.0,0.0,False
organic,GL,2026-01-01,20,0,0.0,20,0.0,1,2870.0,2870.0,0.0,2870.0,2870.0,0.0,False
organic,GM,2026-01-01,68,0,0.0,68,0.0,1,610.0,610.0,0.0,610.0,610.0,0.0,False
organic,GN,2026-01-01,13,0,0.0,13,0.0,0,0.0,0.0,0.0,0.0,0.0,0.0,False
organic,GP,2026-01-01,47,0,0.0,47,0.0,0,0.0,0.0,0.0,0.0,0.0,0.0,False
organic,GQ,2026-01-01,7,0,0.0,7,0.0,0,0.0,0.0,0.0,0.0,0.0,0.0,False
organic,GR,2026-01-01,864,0,0.0,864,0.0,14,35750.0,35750.0,0.0,35750.0,35750.0,0.0,True
organic,GT,2026-01-01,95,0,0.0,95,0.0,1,110.0,110.0,0.0,110.0,110.0,0.0,False
organic,GU,2026-01-01,25,0,0.0,25,0.0,2,820.0,820.0,0.0,820.0,820.0,0.0,False
organic,GY,2026-01-01,123,0,0.0,123,0.0,1,235.0,235.0,0.0,235.0,235.0,0.0,False
organic,HK,2026-01-01,361,0,0.0,361,0.0,2,500.0,500.0,0.0,500.0,500.0,0.0,False
organic,HM,2026-01-01,2,0,0.0,2,0.0,0,0.0,0.0,0.0,0.0,0.0,0.0,False
organic,HN,2026-01-01,181,0,0.0,181,0.0,0,0.0,0.0,0.0,0.0,0.0,0.0,False
organic,HR,2026-01-01,126,0,0.0,126,0.0,6,1050.0,1050.0,0.0,1050.0,1050.0,0.0,False
organic,HT,2026-01-01,72,0,0.0,72,0.0,1,150.0,150.0,0.0,150.0,150.0,0.0,False
organic,HU,2026-01-01,223,0,0.0,223,0.0,3,465.0,465.0,0.0,465.0,465.0,0.0,False
organic,ID,2026-01-01,165,0,0.0,165,0.0,0,0.0,0.0,0.0,0.0,0.0,0.0,False
organic,IE,2026-01-01,972,0,0.0,972,0.0,30,45820.0,45395.0,425.0,45820.0,45395.0,425.0,True
organic,IL,2026-01-01,546,0,0.0,546,0.0,12,25600.0,25600.0,0.0,25600.0,25600.0,0.0,True
organic,IM,2026-01-01,25,0,0.0,25,0.0,2,3705.0,3705.0,0.0,3705.0,3705.0,0.0,False
organic,IN,2026-01-01,2341,0,0.0,2341,0.0,6,1645.0,1545.0,100.0,1645.0,1545.0,100.0,True
organic,IO,2026-01-01,2,0,0.0,2,0.0,0,0.0,0.0,0.0,0.0,0.0,0.0,False
organic,IQ,2026-01-01,69,0,0.0,69,0.0,0,0.0,0.0,0.0,0.0,0.0,0.0,False
organic,IR,2026-01-01,12,0,0.0,12,0.0,0,0.0,0.0,0.0,0.0,0.0,0.0,False
organic,IS,2026-01-01,73,0,0.0,73,0.0,1,6465.0,6465.0,0.0,6465.0,6465.0,0.0,False
organic,IT,2026-01-01,2019,0,0.0,2019,0.0,47,38855.0,38810.0,45.0,38855.0,38810.0,45.0,True
organic,JE,2026-01-01,33,0,0.0,33,0.0,0,0.0,0.0,0.0,0.0,0.0,0.0,False
organic,JM,2026-01-01,336,0,0.0,336,0.0,6,1950.0,1910.0,40.0,1950.0,1910.0,40.0,False
organic,JO,2026-01-01,71,0,0.0,71,0.0,1,365.0,365.0,0.0,365.0,365.0,0.0,False
organic,JP,2026-01-01,498,0,0.0,498,0.0,5,25160.0,25160.0,0.0,25160.0,25160.0,0.0,False
organic,KE,2026-01-01,1893,0,0.0,1893,0.0,26,3430.0,3365.0,65.0,3430.0,3365.0,65.0,True
organic,KG,2026-01-01,190,0,0.0,190,0.0,3,425.0,425.0,0.0,425.0,425.0,0.0,False
organic,KH,2026-01-01,96,0,0.0,96,0.0,1,340.0,340.0,0.0,340.0,340.0,0.0,False
organic,KI,2026-01-01,5,0,0.0,5,0.0,0,0.0,0.0,0.0,0.0,0.0,0.0,False
organic,KM,2026-01-01,12,0,0.0,12,0.0,0,0.0,0.0,0.0,0.0,0.0,0.0,False
organic,KN,2026-01-01,11,0,0.0,11,0.0,0,0.0,0.0,0.0,0.0,0.0,0.0,False
organic,KR,2026-01-01,152,0,0.0,152,0.0,6,7070.0,7070.0,0.0,7070.0,7070.0,0.0,False
organic,KW,2026-01-01,180,0,0.0,180,0.0,1,150.0,150.0,0.0,150.0,150.0,0.0,False
organic,KY,2026-01-01,14,0,0.0,14,0.0,2,5775.0,5775.0,0.0,5775.0,5775.0,0.0,False
organic,KZ,2026-01-01,42,0,0.0,42,0.0,1,65.0,65.0,0.0,65.0,65.0,0.0,False
organic,LA,2026-01-01,22,0,0.0,22,0.0,0,0.0,0.0,0.0,0.0,0.0,0.0,False
organic,LC,2026-01-01,19,0,0.0,19,0.0,0,0.0,0.0,0.0,0.0,0.0,0.0,False
organic,LI,2026-01-01,3,0,0.0,3,0.0,0,0.0,0.0,0.0,0.0,0.0,0.0,False
organic,LK,2026-01-01,161,0,0.0,161,0.0,3,5280.0,5280.0,0.0,5280.0,5280.0,0.0,False
organic,LS,2026-01-01,17,0,0.0,17,0.0,2,1350.0,1350.0,0.0,1350.0,1350.0,0.0,False
organic,LT,2026-01-01,116,0,0.0,116,0.0,2,1775.0,1775.0,0.0,1775.0,1775.0,0.0,False
organic,LU,2026-01-01,140,0,0.0,140,0.0,1,965.0,965.0,0.0,965.0,965.0,0.0,False
organic,LV,2026-01-01,907,0,0.0,907,0.0,8,2820.0,2820.0,0.0,2820.0,2820.0,0.0,True
organic,MA,2026-01-01,407,0,0.0,407,0.0,6,5265.0,5265.0,0.0,5265.0,5265.0,0.0,False
organic,MC,2026-01-01,4,0,0.0,4,0.0,0,0.0,0.0,0.0,0.0,0.0,0.0,False
organic,MD,2026-01-01,214,0,0.0,214,0.0,2,260.0,260.0,0.0,260.0,260.0,0.0,False
organic,ME,2026-01-01,28,0,0.0,28,0.0,0,0.0,0.0,0.0,0.0,0.0,0.0,False
organic,MF,2026-01-01,1,0,0.0,1,0.0,0,0.0,0.0,0.0,0.0,0.0,0.0,False
organic,MG,2026-01-01,430,0,0.0,430,0.0,4,305.0,305.0,0.0,305.0,305.0,0.0,False
organic,MH,2026-01-01,1,0,0.0,1,0.0,0,0.0,0.0,0.0,0.0,0.0,0.0,False
organic,MK,2026-01-01,88,0,0.0,88,0.0,1,5130.0,5130.0,0.0,5130.0,5130.0,0.0,False
organic,MN,2026-01-01,21,0,0.0,21,0.0,0,0.0,0.0,0.0,0.0,0.0,0.0,False
organic,MO,2026-01-01,7,0,0.0,7,0.0,0,0.0,0.0,0.0,0.0,0.0,0.0,False
organic,MP,2026-01-01,3,0,0.0,3,0.0,1,320.0,320.0,0.0,320.0,320.0,0.0,False
organic,MQ,2026-01-01,29,0,0.0,29,0.0,0,0.0,0.0,0.0,0.0,0.0,0.0,False
organic,MR,2026-01-01,45,0,0.0,45,0.0,0,0.0,0.0,0.0,0.0,0.0,0.0,False
organic,MT,2026-01-01,85,0,0.0,85,0.0,3,530.0,530.0,0.0,530.0,530.0,0.0,False
organic,MU,2026-01-01,195,0,0.0,195,0.0,9,1280.0,1280.0,0.0,1280.0,1280.0,0.0,False
organic,MV,2026-01-01,17,0,0.0,17,0.0,0,0.0,0.0,0.0,0.0,0.0,0.0,False
organic,MW,2026-01-01,38,0,0.0,38,0.0,0,0.0,0.0,0.0,0.0,0.0,0.0,False
organic,MX,2026-01-01,2708,0,0.0,2708,0.0,66,174650.0,172185.0,2465.0,174650.0,172185.0,2465.0,True
organic,MY,2026-01-01,322,0,0.0,322,0.0,9,2250.0,2250.0,0.0,2250.0,2250.0,0.0,False
organic,MZ,2026-01-01,671,0,0.0,671,0.0,7,1515.0,1515.0,0.0,1515.0,1515.0,0.0,True
organic,NA,2026-01-01,327,0,0.0,327,0.0,15,31115.0,30905.0,210.0,31115.0,30905.0,210.0,False
organic,NC,2026-01-01,34,0,0.0,34,0.0,1,5780.0,5735.0,45.0,5780.0,5735.0,45.0,False
organic,NE,2026-01-01,50,0,0.0,50,0.0,0,0.0,0.0,0.0,0.0,0.0,0.0,False
organic,NF,2026-01-01,1,0,0.0,1,0.0,0,0.0,0.0,0.0,0.0,0.0,0.0,False
organic,NG,2026-01-01,26,0,0.0,26,0.0,0,0.0,0.0,0.0,0.0,0.0,0.0,False
organic,NL,2026-01-01,2609,0,0.0,2609,0.0,32,255495.0,253495.0,2000.0,255495.0,253495.0,2000.0,True
organic,NO,2026-01-01,439,0,0.0,439,0.0,12,3645.0,3645.0,0.0,3645.0,3645.0,0.0,False
organic,NP,2026-01-01,86,0,0.0,86,0.0,0,0.0,0.0,0.0,0.0,0.0,0.0,False
organic,NR,2026-01-01,2,0,0.0,2,0.0,0,0.0,0.0,0.0,0.0,0.0,0.0,False
organic,NZ,2026-01-01,1159,0,0.0,1159,0.0,34,41480.0,41435.0,45.0,41480.0,41435.0,45.0,True
organic,OM,2026-01-01,119,0,0.0,119,0.0,2,320.0,320.0,0.0,320.0,320.0,0.0,False
organic,PA,2026-01-01,232,0,0.0,232,0.0,5,955.0,955.0,0.0,955.0,955.0,0.0,False
organic,PE,2026-01-01,635,0,0.0,635,0.0,20,32990.0,32960.0,30.0,32990.0,32960.0,30.0,True
organic,PF,2026-01-01,84,0,0.0,84,0.0,2,340.0,340.0,0.0,340.0,340.0,0.0,False
organic,PG,2026-01-01,122,0,0.0,122,0.0,3,770.0,770.0,0.0,770.0,770.0,0.0,False
organic,PH,2026-01-01,3100,0,0.0,3100,0.0,48,37690.0,37230.0,460.0,37690.0,37230.0,460.0,True
organic,PK,2026-01-01,518,0,0.0,518,0.0,2,700.0,700.0,0.0,700.0,700.0,0.0,True
organic,PL,2026-01-01,879,0,0.0,879,0.0,14,7740.0,7740.0,0.0,7740.0,7740.0,0.0,True
organic,PM,2026-01-01,1,0,0.0,1,0.0,0,0.0,0.0,0.0,0.0,0.0,0.0,False
organic,PR,2026-01-01,188,0,0.0,188,0.0,8,2210.0,2180.0,30.0,2210.0,2180.0,30.0,False
organic,PS,2026-01-01,21,0,0.0,21,0.0,0,0.0,0.0,0.0,0.0,0.0,0.0,False
organic,PT,2026-01-01,894,0,0.0,894,0.0,26,29740.0,29740.0,0.0,29740.0,29740.0,0.0,True
organic,PW,2026-01-01,7,0,0.0,7,0.0,0,0.0,0.0,0.0,0.0,0.0,0.0,False
organic,PY,2026-01-01,181,0,0.0,181,0.0,4,11545.0,11545.0,0.0,11545.0,11545.0,0.0,False
organic,QA,2026-01-01,166,0,0.0,166,0.0,1,125.0,125.0,0.0,125.0,125.0,0.0,False
organic,RE,2026-01-01,75,0,0.0,75,0.0,1,110.0,110.0,0.0,110.0,110.0,0.0,False
organic,RO,2026-01-01,559,0,0.0,559,0.0,9,53330.0,53285.0,45.0,53330.0,53285.0,45.0,True
organic,RS,2026-01-01,897,0,0.0,897,0.0,9,10050.0,9925.0,125.0,10050.0,9925.0,125.0,True
organic,RU,2026-01-01,82,0,0.0,82,0.0,0,0.0,0.0,0.0,0.0,0.0,0.0,False
organic,RW,2026-01-01,33,0,0.0,33,0.0,1,65.0,65.0,0.0,65.0,65.0,0.0,False
organic,SA,2026-01-01,222,0,0.0,222,0.0,3,19750.0,19750.0,0.0,19750.0,19750.0,0.0,False
organic,SB,2026-01-01,11,0,0.0,11,0.0,0,0.0,0.0,0.0,0.0,0.0,0.0,False
organic,SC,2026-01-01,55,0,0.0,55,0.0,0,0.0,0.0,0.0,0.0,0.0,0.0,False
organic,SE,2026-01-01,1037,0,0.0,1037,0.0,17,30750.0,30750.0,0.0,30750.0,30750.0,0.0,True
organic,SG,2026-01-01,1379,0,0.0,1379,0.0,20,12310.0,12310.0,0.0,12310.0,12310.0,0.0,True
organic,SH,2026-01-01,1,0,0.0,1,0.0,0,0.0,0.0,0.0,0.0,0.0,0.0,False
organic,SI,2026-01-01,89,0,0.0,89,0.0,4,425.0,425.0,0.0,425.0,425.0,0.0,False
organic,SK,2026-01-01,152,0,0.0,152,0.0,2,260.0,260.0,0.0,260.0,260.0,0.0,False
organic,SL,2026-01-01,30,0,0.0,30,0.0,0,0.0,0.0,0.0,0.0,0.0,0.0,False
organic,SM,2026-01-01,1,0,0.0,1,0.0,0,0.0,0.0,0.0,0.0,0.0,0.0,False
organic,SN,2026-01-01,141,0,0.0,141,0.0,5,810.0,810.0,0.0,810.0,810.0,0.0,False
organic,SR,2026-01-01,251,0,0.0,251,0.0,0,0.0,0.0,0.0,0.0,0.0,0.0,False
organic,ST,2026-01-01,2,0,0.0,2,0.0,0,0.0,0.0,0.0,0.0,0.0,0.0,False
organic,SV,2026-01-01,194,0,0.0,194,0.0,4,345.0,345.0,0.0,345.0,345.0,0.0,False
organic,SX,2026-01-01,9,0,0.0,9,0.0,0,0.0,0.0,0.0,0.0,0.0,0.0,False
organic,SY,2026-01-01,8,0,0.0,8,0.0,0,0.0,0.0,0.0,0.0,0.0,0.0,False
organic,SZ,2026-01-01,51,0,0.0,51,0.0,1,65.0,65.0,0.0,65.0,65.0,0.0,False
organic,TC,2026-01-01,3,0,0.0,3,0.0,0,0.0,0.0,0.0,0.0,0.0,0.0,False
organic,TD,2026-01-01,45,0,0.0,45,0.0,0,0.0,0.0,0.0,0.0,0.0,0.0,False
organic,TG,2026-01-01,23,0,0.0,23,0.0,0,0.0,0.0,0.0,0.0,0.0,0.0,False
organic,TH,2026-01-01,471,0,0.0,471,0.0,13,1190.0,1190.0,0.0,1190.0,1190.0,0.0,False
organic,TJ,2026-01-01,48,0,0.0,48,0.0,0,0.0,0.0,0.0,0.0,0.0,0.0,False
organic,TK,2026-01-01,13,0,0.0,13,0.0,0,0.0,0.0,0.0,0.0,0.0,0.0,False
organic,TL,2026-01-01,7,0,0.0,7,0.0,0,0.0,0.0,0.0,0.0,0.0,0.0,False
organic,TM,2026-01-01,18,0,0.0,18,0.0,1,155.0,155.0,0.0,155.0,155.0,0.0,False
organic,TN,2026-01-01,2,0,0.0,2,0.0,0,0.0,0.0,0.0,0.0,0.0,0.0,False
organic,TO,2026-01-01,7,0,0.0,7,0.0,0,0.0,0.0,0.0,0.0,0.0,0.0,False
organic,TR,2026-01-01,3001,0,0.0,3001,0.0,29,9605.0,9605.0,0.0,9605.0,9605.0,0.0,True
organic,TT,2026-01-01,161,0,0.0,161,0.0,2,215.0,215.0,0.0,215.0,215.0,0.0,False
organic,TV,2026-01-01,1,0,0.0,1,0.0,0,0.0,0.0,0.0,0.0,0.0,0.0,False
organic,TW,2026-01-01,101,0,0.0,101,0.0,2,730.0,730.0,0.0,730.0,730.0,0.0,False
organic,TZ,2026-01-01,130,0,0.0,130,0.0,3,195.0,195.0,0.0,195.0,195.0,0.0,False
organic,UA,2026-01-01,191,0,0.0,191,0.0,1,110.0,110.0,0.0,110.0,110.0,0.0,False
organic,UG,2026-01-01,363,0,0.0,363,0.0,1,65.0,65.0,0.0,65.0,65.0,0.0,False
organic,UNKNOWN,2026-01-01,241,0,0.0,241,0.0,0,0.0,0.0,0.0,0.0,0.0,0.0,False
organic,US,2026-01-01,73227,0,0.0,73227,0.0,2148,6637885.0,6610395.0,27490.0,6637885.0,6610395.0,27490.0,True
organic,UY,2026-01-01,316,0,0.0,316,0.0,7,6405.0,6405.0,0.0,6405.0,6405.0,0.0,False
organic,UZ,2026-01-01,186,0,0.0,186,0.0,2,650.0,650.0,0.0,650.0,650.0,0.0,False
organic,VA,2026-01-01,7,0,0.0,7,0.0,1,1490.0,1490.0,0.0,1490.0,1490.0,0.0,False
organic,VC,2026-01-01,6,0,0.0,6,0.0,0,0.0,0.0,0.0,0.0,0.0,0.0,False
organic,VE,2026-01-01,2,0,0.0,2,0.0,0,0.0,0.0,0.0,0.0,0.0,0.0,False
organic,VG,2026-01-01,10,0,0.0,10,0.0,0,0.0,0.0,0.0,0.0,0.0,0.0,False
organic,VI,2026-01-01,8,0,0.0,8,0.0,1,385.0,385.0,0.0,385.0,385.0,0.0,False
organic,VN,2026-01-01,1066,0,0.0,1066,0.0,3,35085.0,35085.0,0.0,35085.0,35085.0,0.0,True
organic,VU,2026-01-01,6,0,0.0,6,0.0,1,320.0,320.0,0.0,320.0,320.0,0.0,False
organic,WF,2026-01-01,11,0,0.0,11,0.0,0,0.0,0.0,0.0,0.0,0.0,0.0,False
organic,WS,2026-01-01,10,0,0.0,10,0.0,0,0.0,0.0,0.0,0.0,0.0,0.0,False
organic,XK,2026-01-01,18,0,0.0,18,0.0,0,0.0,0.0,0.0,0.0,0.0,0.0,False
organic,YE,2026-01-01,1,0,0.0,1,0.0,0,0.0,0.0,0.0,0.0,0.0,0.0,False
organic,YT,2026-01-01,3,0,0.0,3,0.0,0,0.0,0.0,0.0,0.0,0.0,0.0,False
organic,ZA,2026-01-01,3382,0,0.0,3382,0.0,76,44400.0,44200.0,200.0,44400.0,44200.0,200.0,True
organic,ZM,2026-01-01,85,0,0.0,85,0.0,4,675.0,675.0,0.0,675.0,675.0,0.0,False
organic,ZW,2026-01-01,1,0,0.0,1,0.0,0,0.0,0.0,0.0,0.0,0.0,0.0,False
ppc,AD,2026-01-01,61,61,399.6,61,399.6,8,2165.0,2165.0,0.0,2165.0,2165.0,0.0,False
ppc,AE,2026-01-01,99,99,824.4414,99,824.4414,4,5980.0,5980.0,0.0,5980.0,5980.0,0.0,False
ppc,AG,2026-01-01,32,32,184.20820000000003,32,184.20820000000003,0,0.0,0.0,0.0,0.0,0.0,0.0,False
ppc,AI,2026-01-01,63,62,585.5472,63,585.5472,4,2305.0,2305.0,0.0,2305.0,2305.0,0.0,False
ppc,AL,2026-01-01,258,256,2581.4825999999994,258,2581.4825999999994,13,9370.0,9370.0,0.0,9370.0,9370.0,0.0,False
ppc,AM,2026-01-01,158,157,1397.86,158,1397.86,2,305.0,305.0,0.0,305.0,305.0,0.0,False
ppc,AO,2026-01-01,401,399,2899.2756,401,2899.2756,13,2300.0,2300.0,0.0,2300.0,2300.0,0.0,False
ppc,AQ,2026-01-01,10,10,56.972600000000014,10,56.972600000000014,7,1410.0,1410.0,0.0,1410.0,1410.0,0.0,False
ppc,AR,2026-01-01,8269,8253,21196.478599999984,8269,21196.478599999984,117,253090.0,251105.0,1985.0,253090.0,251105.0,1985.0,True
ppc,AS,2026-01-01,45,44,325.1634,45,325.1634,6,9210.0,9210.0,0.0,9210.0,9210.0,0.0,False
ppc,AT,2026-01-01,740,739,8316.3642,740,8316.3642,24,7400.0,7400.0,0.0,7400.0,7400.0,0.0,True
ppc,AU,2026-01-01,10946,10900,153701.30779999992,10946,153701.30779999992,576,1912555.0,1907125.0,5430.0,1912555.0,1907125.0,5430.0,True
ppc,AW,2026-01-01,124,124,1117.0966,124,1117.0966,6,2935.0,2935.0,0.0,2935.0,2935.0,0.0,False
ppc,AX,2026-01-01,54,54,528.2194000000001,54,528.2194000000001,17,13700.0,13700.0,0.0,13700.0,13700.0,0.0,False
ppc,AZ,2026-01-01,49,48,206.8892,49,206.8892,2,260.0,260.0,0.0,260.0,260.0,0.0,False
ppc,BB,2026-01-01,250,249,2470.2606,250,2470.2606,5,510.0,510.0,0.0,510.0,510.0,0.0,False
ppc,BD,2026-01-01,35,35,343.9594,35,343.9594,3,645.0,645.0,0.0,645.0,645.0,0.0,False
ppc,BE,2026-01-01,1710,1705,15388.314799999996,1710,15388.314799999996,50,59710.0,58920.0,790.0,59710.0,58920.0,790.0,True
ppc,BF,2026-01-01,212,212,1834.6968,212,1834.6968,0,0.0,0.0,0.0,0.0,0.0,0.0,False
ppc,BG,2026-01-01,792,791,7563.147800000001,792,7563.147800000001,19,13550.0,13550.0,0.0,13550.0,13550.0,0.0,True
ppc,BH,2026-01-01,9,9,110.19339999999998,9,110.19339999999998,0,0.0,0.0,0.0,0.0,0.0,0.0,False
ppc,BJ,2026-01-01,156,156,777.5402,156,777.5402,0,0.0,0.0,0.0,0.0,0.0,0.0,False
ppc,BM,2026-01-01,78,78,792.1256,78,792.1256,2,28460.0,28190.0,270.0,28460.0,28190.0,270.0,False
ppc,BN,2026-01-01,103,102,958.0706,103,958.0706,0,0.0,0.0,0.0,0.0,0.0,0.0,False
ppc,BO,2026-01-01,1277,1274,6117.9944000000005,1277,6117.9944000000005,6,650.0,650.0,0.0,650.0,650.0,0.0,True
ppc,BQ,2026-01-01,33,33,313.65639999999996,33,313.65639999999996,1,65.0,65.0,0.0,65.0,65.0,0.0,False
ppc,BR,2026-01-01,50852,50819,96918.39200000027,50852,96918.39200000027,942,1353785.0,1347010.0,6775.0,1353785.0,1347010.0,6775.0,True
ppc,BS,2026-01-01,196,195,2126.5602000000003,196,2126.5602000000003,9,4775.0,4775.0,0.0,4775.0,4775.0,0.0,False
ppc,BT,2026-01-01,130,129,986.2423999999999,130,986.2423999999999,2,175.0,175.0,0.0,175.0,175.0,0.0,False
ppc,BW,2026-01-01,828,822,6848.944199999998,828,6848.944199999998,19,3880.0,3880.0,0.0,3880.0,3880.0,0.0,True
ppc,BZ,2026-01-01,104,103,770.2289999999999,104,770.2289999999999,1,1000.0,1000.0,0.0,1000.0,1000.0,0.0,False
ppc,CA,2026-01-01,15781,15735,207090.5835999999,15781,207090.5835999999,615,1764625.0,1760815.0,3810.0,1764625.0,1760815.0,3810.0,True
ppc,CC,2026-01-01,1,1,4.625,1,4.625,0,0.0,0.0,0.0,0.0,0.0,0.0,False
ppc,CH,2026-01-01,1594,1587,14497.214200000004,1594,14497.214200000004,73,375490.0,374620.0,870.0,375490.0,374620.0,870.0,True
ppc,CI,2026-01-01,40,37,376.25300000000004,40,376.25300000000004,1,165.0,165.0,0.0,165.0,165.0,0.0,False
ppc,CK,2026-01-01,17,15,157.2944,17,157.2944,0,0.0,0.0,0.0,0.0,0.0,0.0,False
ppc,CL,2026-01-01,5808,5801,15156.006599999999,5808,15156.006599999999,147,231420.0,230695.0,725.0,231420.0,230695.0,725.0,True
ppc,CM,2026-01-01,16,16,171.98339999999996,16,171.98339999999996,1,290.0,290.0,0.0,290.0,290.0,0.0,False
ppc,CN,2026-01-01,225,222,1729.3652,225,1729.3652,5,1300.0,1300.0,0.0,1300.0,1300.0,0.0,False
ppc,CO,2026-01-01,690,690,4325.9216,690,4325.9216,33,13100.0,13070.0,30.0,13100.0,13070.0,30.0,True
ppc,CR,2026-01-01,1681,1681,6578.844199999999,1681,6578.844199999999,44,51175.0,50775.0,400.0,51175.0,50775.0,400.0,True
ppc,CV,2026-01-01,61,61,452.5766,61,452.5766,0,0.0,0.0,0.0,0.0,0.0,0.0,False
ppc,CW,2026-01-01,260,260,2389.1713999999997,260,2389.1713999999997,13,9925.0,9925.0,0.0,9925.0,9925.0,0.0,False
ppc,CX,2026-01-01,1,1,12.6244,1,12.6244,1,210.0,210.0,0.0,210.0,210.0,0.0,False
ppc,CY,2026-01-01,564,562,5364.622600000001,564,5364.622600000001,17,11175.0,11175.0,0.0,11175.0,11175.0,0.0,True
ppc,CZ,2026-01-01,45,45,388.42600000000004,45,388.42600000000004,3,2290.0,2290.0,0.0,2290.0,2290.0,0.0,False
ppc,DE,2026-01-01,3365,3350,28753.0626,3365,28753.0626,69,25580.0,25455.0,125.0,25580.0,25455.0,125.0,True
ppc,DJ,2026-01-01,166,164,1349.6046,166,1349.6046,0,0.0,0.0,0.0,0.0,0.0,0.0,False
ppc,DK,2026-01-01,413,413,4731.152999999999,413,4731.152999999999,7,1775.0,1775.0,0.0,1775.0,1775.0,0.0,False
ppc,DM,2026-01-01,54,54,591.5189999999999,54,591.5189999999999,0,0.0,0.0,0.0,0.0,0.0,0.0,False
ppc,DO,2026-01-01,2973,2970,7353.002600000007,2973,7353.002600000007,39,24885.0,24570.0,315.0,24885.0,24570.0,315.0,True
ppc,DZ,2026-01-01,50,49,516.0834,50,516.0834,3,2790.0,2790.0,0.0,2790.0,2790.0,0.0,False
ppc,EC,2026-01-01,178,178,1002.8406,178,1002.8406,9,1110.0,1110.0,0.0,1110.0,1110.0,0.0,False
ppc,EE,2026-01-01,238,236,2369.9536,238,2369.9536,8,4630.0,4630.0,0.0,4630.0,4630.0,0.0,False
ppc,EG,2026-01-01,1,1,22.2666,1,22.2666,0,0.0,0.0,0.0,0.0,0.0,0.0,False
ppc,EH,2026-01-01,3,3,43.8228,3,43.8228,1,150.0,150.0,0.0,150.0,150.0,0.0,False
ppc,ES,2026-01-01,11817,11796,57581.605199999925,11817,57581.605199999925,283,324410.0,323710.0,700.0,324410.0,323710.0,700.0,True
ppc,ET,2026-01-01,8,7,56.358399999999996,8,56.358399999999996,1,65.0,65.0,0.0,65.0,65.0,0.0,False
ppc,FI,2026-01-01,478,477,4729.3104,478,4729.3104,15,8210.0,8210.0,0.0,8210.0,8210.0,0.0,False
ppc,FJ,2026-01-01,118,118,757.7155999999999,118,757.7155999999999,0,0.0,0.0,0.0,0.0,0.0,0.0,False
ppc,FK,2026-01-01,4,4,101.75,4,101.75,0,0.0,0.0,0.0,0.0,0.0,0.0,False
ppc,FM,2026-01-01,17,17,177.25959999999998,17,177.25959999999998,0,0.0,0.0,0.0,0.0,0.0,0.0,False
ppc,FO,2026-01-01,14,14,120.7088,14,120.7088,1,150.0,150.0,0.0,150.0,150.0,0.0,False
ppc,FR,2026-01-01,7237,7225,47843.74540000006,7237,47843.74540000006,141,106860.0,106295.0,565.0,106860.0,106295.0,565.0,True
ppc,GA,2026-01-01,210,209,1671.3121999999998,210,1671.3121999999998,1,110.0,110.0,0.0,110.0,110.0,0.0,False
ppc,GB,2026-01-01,21530,21465,294560.1967999998,21530,294560.1967999998,894,877585.0,873035.0,4550.0,877585.0,873035.0,4550.0,True
ppc,GD,2026-01-01,58,58,659.8136000000001,58,659.8136000000001,1,3460.0,3460.0,0.0,3460.0,3460.0,0.0,False
ppc,GE,2026-01-01,67,66,326.2068,67,326.2068,2,200.0,200.0,0.0,200.0,200.0,0.0,False
ppc,GF,2026-01-01,73,72,752.3802,73,752.3802,1,110.0,110.0,0.0,110.0,110.0,0.0,False
ppc,GG,2026-01-01,45,44,452.53219999999993,45,452.53219999999993,2,705.0,705.0,0.0,705.0,705.0,0.0,False
ppc,GI,2026-01-01,24,23,240.64059999999998,24,240.64059999999998,0,0.0,0.0,0.0,0.0,0.0,0.0,False
ppc,GL,2026-01-01,33,33,382.358,33,382.358,2,355.0,310.0,45.0,355.0,310.0,45.0,False
ppc,GM,2026-01-01,41,41,342.0354,41,342.0354,1,65.0,65.0,0.0,65.0,65.0,0.0,False
ppc,GN,2026-01-01,8,8,28.808200000000003,8,28.808200000000003,0,0.0,0.0,0.0,0.0,0.0,0.0,False
ppc,GP,2026-01-01,112,112,1074.48,112,1074.48,6,3260.0,3260.0,0.0,3260.0,3260.0,0.0,False
ppc,GQ,2026-01-01,44,44,321.3967999999999,44,321.3967999999999,0,0.0,0.0,0.0,0.0,0.0,0.0,False
ppc,GR,2026-01-01,1061,1060,10392.9152,1061,10392.9152,39,8640.0,8515.0,125.0,8640.0,8515.0,125.0,True
ppc,GT,2026-01-01,746,743,6471.403600000001,746,6471.403600000001,18,5985.0,5985.0,0.0,5985.0,5985.0,0.0,True
ppc,GU,2026-01-01,179,179,1849.1416000000002,179,1849.1416000000002,6,3360.0,3360.0,0.0,3360.0,3360.0,0.0,False
ppc,GY,2026-01-01,475,473,3588.2304000000004,475,3588.2304000000004,3,5260.0,5260.0,0.0,5260.0,5260.0,0.0,False
ppc,HK,2026-01-01,1525,1517,11110.4044,1525,11110.4044,22,34715.0,34715.0,0.0,34715.0,34715.0,0.0,True
ppc,HN,2026-01-01,331,330,989.8906000000001,331,989.8906000000001,1,150.0,150.0,0.0,150.0,150.0,0.0,False
ppc,HR,2026-01-01,837,835,8882.331,837,8882.331,31,10020.0,9975.0,45.0,10020.0,9975.0,45.0,True
ppc,HT,2026-01-01,217,217,1611.5202,217,1611.5202,1,1460.0,1460.0,0.0,1460.0,1460.0,0.0,False
ppc,HU,2026-01-01,87,87,672.8376,87,672.8376,7,11465.0,11400.0,65.0,11465.0,11400.0,65.0,False
ppc,ID,2026-01-01,8,8,56.166000000000004,8,56.166000000000004,0,0.0,0.0,0.0,0.0,0.0,0.0,False
ppc,IE,2026-01-01,2056,2050,28128.717200000006,2056,28128.717200000006,82,99190.0,98495.0,695.0,99190.0,98495.0,695.0,True
ppc,IL,2026-01-01,1659,1654,17717.945800000005,1659,17717.945800000005,80,66290.0,66020.0,270.0,66290.0,66020.0,270.0,True
ppc,IM,2026-01-01,56,56,681.8286,56,681.8286,4,605.0,605.0,0.0,605.0,605.0,0.0,False
ppc,IN,2026-01-01,155,152,1428.9104,155,1428.9104,2,130.0,130.0,0.0,130.0,130.0,0.0,False
ppc,IO,2026-01-01,8,8,87.26079999999999,8,87.26079999999999,0,0.0,0.0,0.0,0.0,0.0,0.0,False
ppc,IR,2026-01-01,4,4,18.611,4,18.611,0,0.0,0.0,0.0,0.0,0.0,0.0,False
ppc,IS,2026-01-01,117,117,1425.0846,117,1425.0846,10,11805.0,11805.0,0.0,11805.0,11805.0,0.0,False
ppc,IT,2026-01-01,13798,13771,91740.95240000004,13798,91740.95240000004,298,285465.0,284635.0,830.0,285465.0,284635.0,830.0,True
ppc,JE,2026-01-01,76,75,945.3426,76,945.3426,10,4325.0,4280.0,45.0,4325.0,4280.0,45.0,False
ppc,JM,2026-01-01,4777,4765,23335.9888,4777,23335.9888,93,36065.0,35885.0,180.0,36065.0,35885.0,180.0,True
ppc,JO,2026-01-01,11,11,110.5782,11,110.5782,0,0.0,0.0,0.0,0.0,0.0,0.0,False
ppc,JP,2026-01-01,334,333,2325.0282,334,2325.0282,5,670.0,670.0,0.0,670.0,670.0,0.0,False
ppc,KE,2026-01-01,20774,20753,34499.81379999991,20774,34499.81379999991,148,51895.0,51515.0,380.0,51895.0,51515.0,380.0,True
ppc,KG,2026-01-01,224,220,1649.5561999999998,224,1649.5561999999998,4,305.0,305.0,0.0,305.0,305.0,0.0,False
ppc,KH,2026-01-01,14,13,124.03139999999999,14,124.03139999999999,1,200.0,200.0,0.0,200.0,200.0,0.0,False
ppc,KI,2026-01-01,23,23,223.9462,23,223.9462,0,0.0,0.0,0.0,0.0,0.0,0.0,False
ppc,KM,2026-01-01,18,18,182.003,18,182.003,0,0.0,0.0,0.0,0.0,0.0,0.0,False
ppc,KN,2026-01-01,17,17,160.00279999999998,17,160.00279999999998,0,0.0,0.0,0.0,0.0,0.0,0.0,False
ppc,KR,2026-01-01,421,421,2123.8296,421,2123.8296,8,1875.0,1875.0,0.0,1875.0,1875.0,0.0,False
ppc,KW,2026-01-01,7,7,52.614,7,52.614,1,235.0,235.0,0.0,235.0,235.0,0.0,False
ppc,KY,2026-01-01,225,225,2317.1841999999997,225,2317.1841999999997,8,118790.0,117990.0,800.0,118790.0,117990.0,800.0,False
ppc,KZ,2026-01-01,21,21,162.99980000000002,21,162.99980000000002,3,320.0,320.0,0.0,320.0,320.0,0.0,False
ppc,LA,2026-01-01,305,304,2553.1554,305,2553.1554,5,1690.0,1690.0,0.0,1690.0,1690.0,0.0,False
ppc,LC,2026-01-01,114,113,976.7407999999999,114,976.7407999999999,2,430.0,430.0,0.0,430.0,430.0,0.0,False
ppc,LI,2026-01-01,8,8,104.85799999999999,8,104.85799999999999,0,0.0,0.0,0.0,0.0,0.0,0.0,False
ppc,LK,2026-01-01,600,600,3590.5096000000003,600,3590.5096000000003,21,6595.0,6595.0,0.0,6595.0,6595.0,0.0,True
ppc,LS,2026-01-01,188,185,1388.3213999999998,188,1388.3213999999998,1,110.0,110.0,0.0,110.0,110.0,0.0,False
ppc,LT,2026-01-01,36,36,333.0814,36,333.0814,1,65.0,65.0,0.0,65.0,65.0,0.0,False
ppc,LU,2026-01-01,199,198,1808.9152,199,1808.9152,8,12985.0,12940.0,45.0,12985.0,12940.0,45.0,False
ppc,LV,2026-01-01,408,405,3933.8696,408,3933.8696,18,12440.0,12440.0,0.0,12440.0,12440.0,0.0,False
ppc,MA,2026-01-01,127,127,1107.3878,127,1107.3878,3,620.0,620.0,0.0,620.0,620.0,0.0,False
ppc,MC,2026-01-01,6,6,33.0484,6,33.0484,1,65.0,65.0,0.0,65.0,65.0,0.0,False
ppc,MD,2026-01-01,499,498,3952.3918000000003,499,3952.3918000000003,6,13740.0,13740.0,0.0,13740.0,13740.0,0.0,False
ppc,ME,2026-01-01,244,244,2516.7917999999995,244,2516.7917999999995,3,420.0,420.0,0.0,420.0,420.0,0.0,False
ppc,MF,2026-01-01,8,8,57.2316,8,57.2316,0,0.0,0.0,0.0,0.0,0.0,0.0,False
ppc,MG,2026-01-01,401,397,4206.078600000001,401,4206.078600000001,3,195.0,195.0,0.0,195.0,195.0,0.0,False
ppc,MH,2026-01-01,7,7,68.6128,7,68.6128,0,0.0,0.0,0.0,0.0,0.0,0.0,False
ppc,MK,2026-01-01,354,354,3383.5907999999995,354,3383.5907999999995,6,1375.0,1375.0,0.0,1375.0,1375.0,0.0,False
ppc,MN,2026-01-01,89,89,934.879,89,934.879,4,345.0,345.0,0.0,345.0,345.0,0.0,False
ppc,MO,2026-01-01,60,60,464.41659999999996,60,464.41659999999996,0,0.0,0.0,0.0,0.0,0.0,0.0,False
ppc,MP,2026-01-01,39,39,350.39740000000006,39,350.39740000000006,1,222690.0,221370.0,1320.0,222690.0,221370.0,1320.0,False
ppc,MQ,2026-01-01,150,150,1526.768,150,1526.768,6,1915.0,1915.0,0.0,1915.0,1915.0,0.0,False
ppc,MR,2026-01-01,109,107,820.4231999999998,109,820.4231999999998,0,0.0,0.0,0.0,0.0,0.0,0.0,False
ppc,MS,2026-01-01,9,9,72.4386,9,72.4386,0,0.0,0.0,0.0,0.0,0.0,0.0,False
ppc,MT,2026-01-01,407,405,3972.3718,407,3972.3718,18,66010.0,65980.0,30.0,66010.0,65980.0,30.0,False
ppc,MU,2026-01-01,581,577,4877.5176,581,4877.5176,10,12495.0,12495.0,0.0,12495.0,12495.0,0.0,True
ppc,MV,2026-01-01,148,148,1322.4096000000002,148,1322.4096000000002,2,230.0,230.0,0.0,230.0,230.0,0.0,False
ppc,MW,2026-01-01,3,3,8.8726,3,8.8726,0,0.0,0.0,0.0,0.0,0.0,0.0,False
ppc,MX,2026-01-01,8571,8555,28027.041200000043,8571,28027.041200000043,181,187835.0,187655.0,180.0,187835.0,187655.0,180.0,True
ppc,MY,2026-01-01,924,922,4692.303,924,4692.303,32,61500.0,61215.0,285.0,61500.0,61215.0,285.0,True
ppc,MZ,2026-01-01,494,489,3309.7239999999997,494,3309.7239999999997,3,13910.0,13910.0,0.0,13910.0,13910.0,0.0,False
ppc,NA,2026-01-01,333,332,1768.2225999999998,333,1768.2225999999998,8,1490.0,1490.0,0.0,1490.0,1490.0,0.0,False
ppc,NC,2026-01-01,147,147,1140.8876,147,1140.8876,3,1025.0,1025.0,0.0,1025.0,1025.0,0.0,False
ppc,NE,2026-01-01,92,90,709.7044000000001,92,709.7044000000001,0,0.0,0.0,0.0,0.0,0.0,0.0,False
ppc,NF,2026-01-01,1,1,5.061599999999999,1,5.061599999999999,0,0.0,0.0,0.0,0.0,0.0,0.0,False
ppc,NG,2026-01-01,1,1,0.7918000000000001,1,0.7918000000000001,0,0.0,0.0,0.0,0.0,0.0,0.0,False
ppc,NL,2026-01-01,3820,3811,28762.349599999994,3820,28762.349599999994,92,64955.0,64030.0,925.0,64955.0,64030.0,925.0,True
ppc,NO,2026-01-01,669,667,7374.6772,669,7374.6772,23,44735.0,44250.0,485.0,44735.0,44250.0,485.0,True
ppc,NP,2026-01-01,7,7,82.03639999999999,7,82.03639999999999,0,0.0,0.0,0.0,0.0,0.0,0.0,False
ppc,NR,2026-01-01,1,1,12.4394,1,12.4394,0,0.0,0.0,0.0,0.0,0.0,0.0,False
ppc,NZ,2026-01-01,3056,3041,41636.092599999996,3056,41636.092599999996,137,177765.0,177475.0,290.0,177765.0,177475.0,290.0,True
ppc,OM,2026-01-01,16,16,153.3428,16,153.3428,1,65.0,65.0,0.0,65.0,65.0,0.0,False
ppc,PA,2026-01-01,1343,1342,4157.3644,1343,4157.3644,12,1885.0,1885.0,0.0,1885.0,1885.0,0.0,True
ppc,PE,2026-01-01,291,291,1970.8642000000002,291,1970.8642000000002,12,24660.0,24525.0,135.0,24660.0,24525.0,135.0,False
ppc,PF,2026-01-01,233,232,1778.5159999999998,233,1778.5159999999998,7,3190.0,3190.0,0.0,3190.0,3190.0,0.0,False
ppc,PG,2026-01-01,5,5,55.855199999999996,5,55.855199999999996,0,0.0,0.0,0.0,0.0,0.0,0.0,False
ppc,PH,2026-01-01,22304,22301,36820.04680000008,22304,36820.04680000008,127,131075.0,130690.0,385.0,131075.0,130690.0,385.0,True
ppc,PK,2026-01-01,115,112,997.2536,115,997.2536,0,0.0,0.0,0.0,0.0,0.0,0.0,False
ppc,PL,2026-01-01,208,206,1508.9413999999997,208,1508.9413999999997,7,7685.0,7685.0,0.0,7685.0,7685.0,0.0,False
ppc,PM,2026-01-01,2,2,17.5454,2,17.5454,0,0.0,0.0,0.0,0.0,0.0,0.0,False
ppc,PR,2026-01-01,1193,1191,5829.586799999998,1193,5829.586799999998,40,46895.0,46530.0,365.0,46895.0,46530.0,365.0,True
ppc,PT,2026-01-01,2992,2989,18710.596599999993,2992,18710.596599999993,81,40460.0,40460.0,0.0,40460.0,40460.0,0.0,True
ppc,PW,2026-01-01,18,18,175.92759999999998,18,175.92759999999998,0,0.0,0.0,0.0,0.0,0.0,0.0,False
ppc,PY,2026-01-01,1045,1044,4794.5932,1045,4794.5932,11,1355.0,1355.0,0.0,1355.0,1355.0,0.0,True
ppc,QA,2026-01-01,10,10,59.0224,10,59.0224,0,0.0,0.0,0.0,0.0,0.0,0.0,False
ppc,RE,2026-01-01,147,147,1370.3911999999996,147,1370.3911999999996,4,15705.0,15705.0,0.0,15705.0,15705.0,0.0,False
ppc,RO,2026-01-01,2440,2438,24157.2482,2440,24157.2482,51,19330.0,19290.0,40.0,19330.0,19290.0,40.0,True
ppc,RS,2026-01-01,1736,1726,17664.3328,1736,17664.3328,35,26560.0,26515.0,45.0,26560.0,26515.0,45.0,True
ppc,RU,2026-01-01,19,19,97.8872,19,97.8872,0,0.0,0.0,0.0,0.0,0.0,0.0,False
ppc,RW,2026-01-01,31,30,132.2898,31,132.2898,1,65.0,65.0,0.0,65.0,65.0,0.0,False
ppc,SA,2026-01-01,48,48,456.01759999999996,48,456.01759999999996,0,0.0,0.0,0.0,0.0,0.0,0.0,False
ppc,SB,2026-01-01,92,90,790.4384,92,790.4384,0,0.0,0.0,0.0,0.0,0.0,0.0,False
ppc,SC,2026-01-01,113,111,884.9881999999999,113,884.9881999999999,5,680.0,680.0,0.0,680.0,680.0,0.0,False
ppc,SE,2026-01-01,913,911,10224.7798,913,10224.7798,39,72810.0,72495.0,315.0,72810.0,72495.0,315.0,True
ppc,SG,2026-01-01,3539,3532,25911.507000000005,3539,25911.507000000005,124,272325.0,271165.0,1160.0,272325.0,271165.0,1160.0,True
ppc,SI,2026-01-01,402,401,4725.8694,402,4725.8694,11,2865.0,2865.0,0.0,2865.0,2865.0,0.0,False
ppc,SK,2026-01-01,422,421,4299.7034,422,4299.7034,11,1465.0,1465.0,0.0,1465.0,1465.0,0.0,False
ppc,SL,2026-01-01,908,898,8407.036400000003,908,8407.036400000003,2,175.0,175.0,0.0,175.0,175.0,0.0,True
ppc,SM,2026-01-01,16,16,138.4392,16,138.4392,1,65.0,65.0,0.0,65.0,65.0,0.0,False
ppc,SN,2026-01-01,21,21,286.528,21,286.528,0,0.0,0.0,0.0,0.0,0.0,0.0,False
ppc,SR,2026-01-01,194,193,1437.6201999999998,194,1437.6201999999998,2,130.0,130.0,0.0,130.0,130.0,0.0,False
ppc,ST,2026-01-01,1,1,42.106,1,42.106,0,0.0,0.0,0.0,0.0,0.0,0.0,False
ppc,SV,2026-01-01,1076,1072,3501.1398000000004,1076,3501.1398000000004,18,3165.0,3165.0,0.0,3165.0,3165.0,0.0,True
ppc,SX,2026-01-01,92,92,818.3068,92,818.3068,2,575.0,575.0,0.0,575.0,575.0,0.0,False
ppc,SY,2026-01-01,10,10,56.499,10,56.499,0,0.0,0.0,0.0,0.0,0.0,0.0,False
ppc,SZ,2026-01-01,234,223,1600.8863999999999,234,1600.8863999999999,1,865.0,865.0,0.0,865.0,865.0,0.0,False
ppc,TC,2026-01-01,78,78,763.4654,78,763.4654,6,7460.0,7460.0,0.0,7460.0,7460.0,0.0,False
ppc,TD,2026-01-01,87,87,656.158,87,656.158,0,0.0,0.0,0.0,0.0,0.0,0.0,False
ppc,TG,2026-01-01,5,5,48.0334,5,48.0334,0,0.0,0.0,0.0,0.0,0.0,0.0,False
ppc,TH,2026-01-01,3511,3496,26361.7526,3511,26361.7526,67,181410.0,180440.0,970.0,181410.0,180440.0,970.0,True
ppc,TJ,2026-01-01,75,74,502.3786,75,502.3786,1,65.0,65.0,0.0,65.0,65.0,0.0,False
ppc,TL,2026-01-01,34,34,228.2308,34,228.2308,0,0.0,0.0,0.0,0.0,0.0,0.0,False
ppc,TM,2026-01-01,12,12,107.92899999999999,12,107.92899999999999,0,0.0,0.0,0.0,0.0,0.0,0.0,False
ppc,TO,2026-01-01,33,33,335.50860000000006,33,335.50860000000006,0,0.0,0.0,0.0,0.0,0.0,0.0,False
ppc,TR,2026-01-01,623,618,3803.082000000001,623,3803.082000000001,12,1775.0,1775.0,0.0,1775.0,1775.0,0.0,True
ppc,TT,2026-01-01,1037,1032,9060.996599999999,1037,9060.996599999999,13,4205.0,4205.0,0.0,4205.0,4205.0,0.0,True
ppc,TV,2026-01-01,1,1,1.8278,1,1.8278,0,0.0,0.0,0.0,0.0,0.0,0.0,False
ppc,TW,2026-01-01,1390,1388,12316.6192,1390,12316.6192,28,19890.0,19890.0,0.0,19890.0,19890.0,0.0,True
ppc,TZ,2026-01-01,44,42,381.6328,44,381.6328,2,130.0,130.0,0.0,130.0,130.0,0.0,False
ppc,UA,2026-01-01,5,5,28.245799999999996,5,28.245799999999996,0,0.0,0.0,0.0,0.0,0.0,0.0,False
ppc,UG,2026-01-01,173,173,1444.4726,173,1444.4726,0,0.0,0.0,0.0,0.0,0.0,0.0,False
ppc,UNKNOWN,2026-01-01,34,34,339.17900000000003,34,339.17900000000003,0,0.0,0.0,0.0,0.0,0.0,0.0,False
ppc,US,2026-01-01,120159,119717,1698838.7718000058,120159,1698838.7718000058,5689,15343415.0,15277930.0,65485.0,15343415.0,15277930.0,65485.0,True
ppc,UY,2026-01-01,2147,2106,9270.483200000004,2147,9270.483200000004,26,6065.0,6020.0,45.0,6065.0,6020.0,45.0,True
ppc,UZ,2026-01-01,533,533,3998.331,533,3998.331,8,610.0,610.0,0.0,610.0,610.0,0.0,True
ppc,VA,2026-01-01,3,3,42.7424,3,42.7424,2,220.0,220.0,0.0,220.0,220.0,0.0,False
ppc,VC,2026-01-01,57,57,563.4803999999999,57,563.4803999999999,2,300.0,300.0,0.0,300.0,300.0,0.0,False
ppc,VG,2026-01-01,45,45,530.8982,45,530.8982,1,165.0,165.0,0.0,165.0,165.0,0.0,False
ppc,VI,2026-01-01,64,63,603.174,64,603.174,3,1165.0,1165.0,0.0,1165.0,1165.0,0.0,False
ppc,VN,2026-01-01,242,241,1155.8134,242,1155.8134,6,2065.0,2065.0,0.0,2065.0,2065.0,0.0,False
ppc,VU,2026-01-01,29,28,212.3134,29,212.3134,0,0.0,0.0,0.0,0.0,0.0,0.0,False
ppc,WF,2026-01-01,2,2,13.024,2,13.024,1,530.0,530.0,0.0,530.0,530.0,0.0,False
ppc,WS,2026-01-01,25,25,183.0242,25,183.0242,1,465.0,465.0,0.0,465.0,465.0,0.0,False
ppc,XK,2026-01-01,91,91,1081.8948,91,1081.8948,1,65.0,65.0,0.0,65.0,65.0,0.0,False
ppc,YT,2026-01-01,26,25,230.5322,26,230.5322,0,0.0,0.0,0.0,0.0,0.0,0.0,False
ppc,ZA,2026-01-01,329,317,4109.405,329,4109.405,28,15930.0,15930.0,0.0,15930.0,15930.0,0.0,False
ppc,ZM,2026-01-01,11,11,112.36159999999998,11,112.36159999999998,1,65.0,65.0,0.0,65.0,65.0,0.0,False
1002,AD,2026-02-01,5,0,0.0,5,0.0,0,0.0,0.0,0.0,0.0,0.0,0.0,False
1002,AE,2026-02-01,4,0,0.0,4,0.0,0,0.0,0.0,0.0,0.0,0.0,0.0,False
1002,AL,2026-02-01,3,0,0.0,3,0.0,1,65.0,65.0,0.0,65.0,65.0,0.0,False
1002,AM,2026-02-01,1,0,0.0,1,0.0,0,0.0,0.0,0.0,0.0,0.0,0.0,False
1002,AO,2026-02-01,2,0,0.0,2,0.0,0,0.0,0.0,0.0,0.0,0.0,0.0,False
1002,AQ,2026-02-01,1,1,316.71999999999997,1,316.71999999999997,1,65.0,65.0,0.0,65.0,65.0,0.0,False
1002,AR,2026-02-01,6,0,0.0,6,0.0,1,65.0,65.0,0.0,65.0,65.0,0.0,False
1002,AS,2026-02-01,3,0,0.0,3,0.0,0,0.0,0.0,0.0,0.0,0.0,0.0,False
1002,AT,2026-02-01,97,3,950.1599999999999,97,950.1599999999999,4,1040.0,1040.0,0.0,1040.0,1040.0,0.0,False
1002,AU,2026-02-01,1056,45,24260.16,1056,24260.16,77,387770.0,387205.0,565.0,387770.0,387205.0,565.0,True
1002,AW,2026-02-01,4,0,0.0,4,0.0,0,0.0,0.0,0.0,0.0,0.0,0.0,False
1002,AX,2026-02-01,7,2,1386.02,7,1386.02,4,3375.0,3375.0,0.0,3375.0,3375.0,0.0,False
1002,AZ,2026-02-01,2,0,0.0,2,0.0,0,0.0,0.0,0.0,0.0,0.0,0.0,False
1002,BA,2026-02-01,2,0,0.0,2,0.0,0,0.0,0.0,0.0,0.0,0.0,0.0,False
1002,BD,2026-02-01,7,0,0.0,7,0.0,0,0.0,0.0,0.0,0.0,0.0,0.0,False
1002,BE,2026-02-01,132,1,337.44,132,337.44,6,690.0,690.0,0.0,690.0,690.0,0.0,False
1002,BG,2026-02-01,7,1,557.96,7,557.96,1,150.0,150.0,0.0,150.0,150.0,0.0,False
1002,BO,2026-02-01,2,0,0.0,2,0.0,0,0.0,0.0,0.0,0.0,0.0,0.0,False
1002,BR,2026-02-01,12,0,0.0,12,0.0,0,0.0,0.0,0.0,0.0,0.0,0.0,False
1002,BS,2026-02-01,2,0,0.0,2,0.0,0,0.0,0.0,0.0,0.0,0.0,0.0,False
1002,BV,2026-02-01,1,1,384.8,1,384.8,1,5320.0,5320.0,0.0,5320.0,5320.0,0.0,False
1002,CA,2026-02-01,1260,41,22593.679999999997,1260,22593.679999999997,64,109430.0,108160.0,1270.0,109430.0,108160.0,1270.0,True
1002,CH,2026-02-01,89,7,3201.24,89,3201.24,7,1570.0,1570.0,0.0,1570.0,1570.0,0.0,False
1002,CI,2026-02-01,1,0,0.0,1,0.0,0,0.0,0.0,0.0,0.0,0.0,0.0,False
1002,CL,2026-02-01,1,0,0.0,1,0.0,0,0.0,0.0,0.0,0.0,0.0,0.0,False
1002,CN,2026-02-01,7,1,316.71999999999997,7,316.71999999999997,1,150.0,150.0,0.0,150.0,150.0,0.0,False
1002,CO,2026-02-01,10,0,0.0,10,0.0,0,0.0,0.0,0.0,0.0,0.0,0.0,False
1002,CR,2026-02-01,2,1,625.3,2,625.3,1,65.0,65.0,0.0,65.0,65.0,0.0,False
1002,CY,2026-02-01,4,0,0.0,4,0.0,0,0.0,0.0,0.0,0.0,0.0,0.0,False
1002,CZ,2026-02-01,6,0,0.0,6,0.0,0,0.0,0.0,0.0,0.0,0.0,0.0,False
1002,DE,2026-02-01,1834,36,12582.959999999997,1834,12582.959999999997,54,30585.0,30585.0,0.0,30585.0,30585.0,0.0,True
1002,DK,2026-02-01,98,6,2154.88,98,2154.88,8,1895.0,1895.0,0.0,1895.0,1895.0,0.0,False
1002,DO,2026-02-01,6,1,557.96,6,557.96,1,110.0,110.0,0.0,110.0,110.0,0.0,False
1002,DZ,2026-02-01,31,1,550.56,31,550.56,3,810.0,810.0,0.0,810.0,810.0,0.0,False
1002,EC,2026-02-01,7,0,0.0,7,0.0,1,65.0,65.0,0.0,65.0,65.0,0.0,False
1002,EE,2026-02-01,2,0,0.0,2,0.0,0,0.0,0.0,0.0,0.0,0.0,0.0,False
1002,ES,2026-02-01,120,1,550.56,120,550.56,4,1175.0,1175.0,0.0,1175.0,1175.0,0.0,False
1002,ET,2026-02-01,1,0,0.0,1,0.0,0,0.0,0.0,0.0,0.0,0.0,0.0,False
1002,FI,2026-02-01,51,3,970.8799999999999,51,970.8799999999999,3,2910.0,2910.0,0.0,2910.0,2910.0,0.0,False
1002,FJ,2026-02-01,4,0,0.0,4,0.0,1,295.0,295.0,0.0,295.0,295.0,0.0,False
1002,FR,2026-02-01,149,4,1287.6,149,1287.6,5,2120.0,2120.0,0.0,2120.0,2120.0,0.0,False
1002,GB,2026-02-01,1497,61,32622.159999999996,1497,32622.159999999996,102,68065.0,67845.0,220.0,68065.0,67845.0,220.0,True
1002,GE,2026-02-01,6,0,0.0,6,0.0,0,0.0,0.0,0.0,0.0,0.0,0.0,False
1002,GI,2026-02-01,1,0,0.0,1,0.0,0,0.0,0.0,0.0,0.0,0.0,0.0,False
1002,GM,2026-02-01,1,0,0.0,1,0.0,0,0.0,0.0,0.0,0.0,0.0,0.0,False
1002,GR,2026-02-01,11,0,0.0,11,0.0,0,0.0,0.0,0.0,0.0,0.0,0.0,False
1002,GY,2026-02-01,1,0,0.0,1,0.0,0,0.0,0.0,0.0,0.0,0.0,0.0,False
1002,HK,2026-02-01,7,0,0.0,7,0.0,0,0.0,0.0,0.0,0.0,0.0,0.0,False
1002,HN,2026-02-01,1,0,0.0,1,0.0,0,0.0,0.0,0.0,0.0,0.0,0.0,False
1002,HR,2026-02-01,17,0,0.0,17,0.0,0,0.0,0.0,0.0,0.0,0.0,0.0,False
1002,HT,2026-02-01,1,0,0.0,1,0.0,0,0.0,0.0,0.0,0.0,0.0,0.0,False
1002,HU,2026-02-01,7,0,0.0,7,0.0,0,0.0,0.0,0.0,0.0,0.0,0.0,False
1002,ID,2026-02-01,15,0,0.0,15,0.0,0,0.0,0.0,0.0,0.0,0.0,0.0,False
1002,IE,2026-02-01,130,5,1858.8799999999997,130,1858.8799999999997,6,5940.0,5940.0,0.0,5940.0,5940.0,0.0,False
1002,IL,2026-02-01,8,0,0.0,8,0.0,0,0.0,0.0,0.0,0.0,0.0,0.0,False
1002,IM,2026-02-01,1,0,0.0,1,0.0,0,0.0,0.0,0.0,0.0,0.0,0.0,False
1002,IN,2026-02-01,60,0,0.0,60,0.0,1,65.0,65.0,0.0,65.0,65.0,0.0,False
1002,IS,2026-02-01,17,2,867.28,17,867.28,2,315.0,315.0,0.0,315.0,315.0,0.0,False
1002,IT,2026-02-01,400,5,2326.56,400,2326.56,16,3805.0,3805.0,0.0,3805.0,3805.0,0.0,False
1002,JM,2026-02-01,2,0,0.0,2,0.0,0,0.0,0.0,0.0,0.0,0.0,0.0,False
1002,JP,2026-02-01,33,1,688.2,33,688.2,2,430.0,430.0,0.0,430.0,430.0,0.0,False
1002,KE,2026-02-01,12,0,0.0,12,0.0,1,65.0,0.0,65.0,65.0,0.0,65.0,False
1002,KG,2026-02-01,1,0,0.0,1,0.0,0,0.0,0.0,0.0,0.0,0.0,0.0,False
1002,KH,2026-02-01,19,0,0.0,19,0.0,0,0.0,0.0,0.0,0.0,0.0,0.0,False
1002,KR,2026-02-01,18,2,1101.12,18,1101.12,3,380.0,380.0,0.0,380.0,380.0,0.0,False
1002,LK,2026-02-01,9,0,0.0,9,0.0,0,0.0,0.0,0.0,0.0,0.0,0.0,False
1002,LT,2026-02-01,5,0,0.0,5,0.0,0,0.0,0.0,0.0,0.0,0.0,0.0,False
1002,LU,2026-02-01,8,0,0.0,8,0.0,1,165.0,165.0,0.0,165.0,165.0,0.0,False
1002,LV,2026-02-01,4,0,0.0,4,0.0,0,0.0,0.0,0.0,0.0,0.0,0.0,False
1002,MC,2026-02-01,2,1,337.44,2,337.44,2,4125.0,4125.0,0.0,4125.0,4125.0,0.0,False
1002,MK,2026-02-01,5,0,0.0,5,0.0,0,0.0,0.0,0.0,0.0,0.0,0.0,False
1002,MT,2026-02-01,2,0,0.0,2,0.0,0,0.0,0.0,0.0,0.0,0.0,0.0,False
1002,MU,2026-02-01,1,1,550.56,1,550.56,1,165.0,165.0,0.0,165.0,165.0,0.0,False
1002,MV,2026-02-01,4,0,0.0,4,0.0,0,0.0,0.0,0.0,0.0,0.0,0.0,False
1002,MW,2026-02-01,1,0,0.0,1,0.0,0,0.0,0.0,0.0,0.0,0.0,0.0,False
1002,MX,2026-02-01,24,1,557.96,24,557.96,1,65.0,65.0,0.0,65.0,65.0,0.0,False
1002,MY,2026-02-01,43,0,0.0,43,0.0,0,0.0,0.0,0.0,0.0,0.0,0.0,False
1002,NL,2026-02-01,202,8,2595.92,202,2595.92,10,3040.0,3010.0,30.0,3040.0,3010.0,30.0,False
1002,NO,2026-02-01,101,5,2305.84,101,2305.84,9,15130.0,15130.0,0.0,15130.0,15130.0,0.0,False
1002,NP,2026-02-01,3,0,0.0,3,0.0,0,0.0,0.0,0.0,0.0,0.0,0.0,False
1002,NZ,2026-02-01,214,9,4176.5599999999995,214,4176.5599999999995,21,16685.0,16535.0,150.0,16685.0,16535.0,150.0,False
1002,PA,2026-02-01,2,0,0.0,2,0.0,0,0.0,0.0,0.0,0.0,0.0,0.0,False
1002,PE,2026-02-01,4,0,0.0,4,0.0,0,0.0,0.0,0.0,0.0,0.0,0.0,False
1002,PG,2026-02-01,2,0,0.0,2,0.0,0,0.0,0.0,0.0,0.0,0.0,0.0,False
1002,PH,2026-02-01,72,3,1320.1599999999999,72,1320.1599999999999,4,2695.0,2650.0,45.0,2695.0,2650.0,45.0,False
1002,PK,2026-02-01,4,0,0.0,4,0.0,0,0.0,0.0,0.0,0.0,0.0,0.0,False
1002,PL,2026-02-01,8,0,0.0,8,0.0,0,0.0,0.0,0.0,0.0,0.0,0.0,False
1002,PR,2026-02-01,4,0,0.0,4,0.0,0,0.0,0.0,0.0,0.0,0.0,0.0,False
1002,PT,2026-02-01,39,0,0.0,39,0.0,2,360.0,360.0,0.0,360.0,360.0,0.0,False
1002,PY,2026-02-01,1,0,0.0,1,0.0,0,0.0,0.0,0.0,0.0,0.0,0.0,False
1002,RO,2026-02-01,16,0,0.0,16,0.0,0,0.0,0.0,0.0,0.0,0.0,0.0,False
1002,RS,2026-02-01,8,0,0.0,8,0.0,0,0.0,0.0,0.0,0.0,0.0,0.0,False
1002,RW,2026-02-01,1,0,0.0,1,0.0,0,0.0,0.0,0.0,0.0,0.0,0.0,False
1002,SA,2026-02-01,1,0,0.0,1,0.0,0,0.0,0.0,0.0,0.0,0.0,0.0,False
1002,SE,2026-02-01,88,4,1308.32,88,1308.32,7,915.0,915.0,0.0,915.0,915.0,0.0,False
1002,SG,2026-02-01,27,2,1238.76,27,1238.76,2,520.0,520.0,0.0,520.0,520.0,0.0,False
1002,SI,2026-02-01,5,0,0.0,5,0.0,0,0.0,0.0,0.0,0.0,0.0,0.0,False
1002,SK,2026-02-01,8,0,0.0,8,0.0,0,0.0,0.0,0.0,0.0,0.0,0.0,False
1002,SV,2026-02-01,1,0,0.0,1,0.0,0,0.0,0.0,0.0,0.0,0.0,0.0,False
1002,TH,2026-02-01,53,1,550.56,53,550.56,3,415.0,415.0,0.0,415.0,415.0,0.0,False
1002,TJ,2026-02-01,1,0,0.0,1,0.0,0,0.0,0.0,0.0,0.0,0.0,0.0,False
1002,TR,2026-02-01,20,1,550.56,20,550.56,1,65.0,65.0,0.0,65.0,65.0,0.0,False
1002,TT,2026-02-01,5,0,0.0,5,0.0,0,0.0,0.0,0.0,0.0,0.0,0.0,False
1002,TW,2026-02-01,6,0,0.0,6,0.0,1,9660.0,9390.0,270.0,9660.0,9390.0,270.0,False
1002,TZ,2026-02-01,1,0,0.0,1,0.0,0,0.0,0.0,0.0,0.0,0.0,0.0,False
1002,UG,2026-02-01,1,0,0.0,1,0.0,0,0.0,0.0,0.0,0.0,0.0,0.0,False
1002,UNKNOWN,2026-02-01,13,0,0.0,13,0.0,0,0.0,0.0,0.0,0.0,0.0,0.0,False
1002,US,2026-02-01,9542,477,259409.96000000014,9542,259409.96000000014,799,2105095.0,2098815.0,6280.0,2105095.0,2098815.0,6280.0,True
1002,UZ,2026-02-01,3,0,0.0,3,0.0,0,0.0,0.0,0.0,0.0,0.0,0.0,False
1002,VN,2026-02-01,8,0,0.0,8,0.0,0,0.0,0.0,0.0,0.0,0.0,0.0,False
1002,ZA,2026-02-01,16,1,550.56,16,550.56,1,290.0,290.0,0.0,290.0,290.0,0.0,False
1052,AE,2026-02-01,1,0,0.0,1,0.0,0,0.0,0.0,0.0,0.0,0.0,0.0,False
1052,AL,2026-02-01,1,0,0.0,1,0.0,1,285.0,285.0,0.0,285.0,285.0,0.0,False
1052,AO,2026-02-01,2,1,22.2,2,22.2,1,1120.0,1120.0,0.0,1120.0,1120.0,0.0,False
1052,AT,2026-02-01,3,0,0.0,3,0.0,0,0.0,0.0,0.0,0.0,0.0,0.0,False
1052,AU,2026-02-01,356,134,4647.200000000001,356,4647.200000000001,21,152250.0,152205.0,45.0,152250.0,152205.0,45.0,False
1052,BD,2026-02-01,8,0,0.0,8,0.0,0,0.0,0.0,0.0,0.0,0.0,0.0,False
1052,BE,2026-02-01,6,4,77.7,6,77.7,0,0.0,0.0,0.0,0.0,0.0,0.0,False
1052,BG,2026-02-01,2,0,0.0,2,0.0,0,0.0,0.0,0.0,0.0,0.0,0.0,False
1052,BR,2026-02-01,2,0,0.0,2,0.0,0,0.0,0.0,0.0,0.0,0.0,0.0,False
1052,BS,2026-02-01,1,1,444.0,1,444.0,1,150.0,150.0,0.0,150.0,150.0,0.0,False
1052,CA,2026-02-01,576,180,7015.200000000001,576,7015.200000000001,21,72195.0,72195.0,0.0,72195.0,72195.0,0.0,True
1052,CI,2026-02-01,1,1,22.2,1,22.2,0,0.0,0.0,0.0,0.0,0.0,0.0,False
1052,CO,2026-02-01,1,1,11.1,1,11.1,0,0.0,0.0,0.0,0.0,0.0,0.0,False
1052,CY,2026-02-01,1,0,0.0,1,0.0,0,0.0,0.0,0.0,0.0,0.0,0.0,False
1052,DE,2026-02-01,14,4,88.8,14,88.8,0,0.0,0.0,0.0,0.0,0.0,0.0,False
1052,DK,2026-02-01,1,0,0.0,1,0.0,0,0.0,0.0,0.0,0.0,0.0,0.0,False
1052,ES,2026-02-01,3,1,22.2,3,22.2,0,0.0,0.0,0.0,0.0,0.0,0.0,False
1052,FR,2026-02-01,3,1,11.1,3,11.1,0,0.0,0.0,0.0,0.0,0.0,0.0,False
1052,GB,2026-02-01,1157,438,13001.800000000003,1157,13001.800000000003,34,7770.0,7620.0,150.0,7770.0,7620.0,150.0,True
1052,GR,2026-02-01,1,1,22.2,1,22.2,0,0.0,0.0,0.0,0.0,0.0,0.0,False
1052,GU,2026-02-01,1,1,22.2,1,22.2,0,0.0,0.0,0.0,0.0,0.0,0.0,False
1052,GY,2026-02-01,2,2,466.2,2,466.2,1,8790.0,8790.0,0.0,8790.0,8790.0,0.0,False
1052,HK,2026-02-01,1,0,0.0,1,0.0,0,0.0,0.0,0.0,0.0,0.0,0.0,False
1052,HR,2026-02-01,1,0,0.0,1,0.0,0,0.0,0.0,0.0,0.0,0.0,0.0,False
1052,ID,2026-02-01,1,0,0.0,1,0.0,0,0.0,0.0,0.0,0.0,0.0,0.0,False
1052,IE,2026-02-01,11,3,66.6,11,66.6,0,0.0,0.0,0.0,0.0,0.0,0.0,False
1052,IM,2026-02-01,1,1,444.0,1,444.0,1,6720.0,6720.0,0.0,6720.0,6720.0,0.0,False
1052,IN,2026-02-01,52,4,88.8,52,88.8,0,0.0,0.0,0.0,0.0,0.0,0.0,False
1052,JE,2026-02-01,1,0,0.0,1,0.0,0,0.0,0.0,0.0,0.0,0.0,0.0,False
1052,KE,2026-02-01,14,1,22.2,14,22.2,0,0.0,0.0,0.0,0.0,0.0,0.0,False
1052,KH,2026-02-01,1,0,0.0,1,0.0,0,0.0,0.0,0.0,0.0,0.0,0.0,False
1052,KR,2026-02-01,2,0,0.0,2,0.0,0,0.0,0.0,0.0,0.0,0.0,0.0,False
1052,LV,2026-02-01,1,0,0.0,1,0.0,0,0.0,0.0,0.0,0.0,0.0,0.0,False
1052,MW,2026-02-01,2,0,0.0,2,0.0,0,0.0,0.0,0.0,0.0,0.0,0.0,False
1052,MX,2026-02-01,2,1,22.2,2,22.2,0,0.0,0.0,0.0,0.0,0.0,0.0,False
1052,NL,2026-02-01,6,4,66.6,6,66.6,0,0.0,0.0,0.0,0.0,0.0,0.0,False
1052,NO,2026-02-01,1,1,22.2,1,22.2,0,0.0,0.0,0.0,0.0,0.0,0.0,False
1052,NP,2026-02-01,1,0,0.0,1,0.0,0,0.0,0.0,0.0,0.0,0.0,0.0,False
1052,NZ,2026-02-01,39,14,277.5,39,277.5,1,150.0,150.0,0.0,150.0,150.0,0.0,False
1052,PF,2026-02-01,1,0,0.0,1,0.0,0,0.0,0.0,0.0,0.0,0.0,0.0,False
1052,PH,2026-02-01,39,7,133.2,39,133.2,0,0.0,0.0,0.0,0.0,0.0,0.0,False
1052,PK,2026-02-01,5,0,0.0,5,0.0,0,0.0,0.0,0.0,0.0,0.0,0.0,False
1052,PR,2026-02-01,1,0,0.0,1,0.0,0,0.0,0.0,0.0,0.0,0.0,0.0,False
1052,PT,2026-02-01,3,1,22.2,3,22.2,0,0.0,0.0,0.0,0.0,0.0,0.0,False
1052,RO,2026-02-01,5,4,88.8,5,88.8,0,0.0,0.0,0.0,0.0,0.0,0.0,False
1052,SG,2026-02-01,1,0,0.0,1,0.0,0,0.0,0.0,0.0,0.0,0.0,0.0,False
1052,TT,2026-02-01,2,0,0.0,2,0.0,0,0.0,0.0,0.0,0.0,0.0,0.0,False
1052,UNKNOWN,2026-02-01,2,2,44.4,2,44.4,0,0.0,0.0,0.0,0.0,0.0,0.0,False
1052,US,2026-02-01,5114,1566,70617.83,5114,70617.83,207,1034795.0,1029175.0,5620.0,1034795.0,1029175.0,5620.0,True
1052,VN,2026-02-01,1,0,0.0,1,0.0,0,0.0,0.0,0.0,0.0,0.0,0.0,False
1052,ZA,2026-02-01,8,1,22.2,8,22.2,0,0.0,0.0,0.0,0.0,0.0,0.0,False
303,AD,2026-02-01,20,16,85.39600000000002,20,85.39600000000002,1,65.0,65.0,0.0,65.0,65.0,0.0,False
303,AG,2026-02-01,1,1,3.7,1,3.7,0,0.0,0.0,0.0,0.0,0.0,0.0,False
303,AL,2026-02-01,168,119,686.5720000000001,168,686.5720000000001,5,595.0,595.0,0.0,595.0,595.0,0.0,False
303,AO,2026-02-01,1,1,3.7,1,3.7,0,0.0,0.0,0.0,0.0,0.0,0.0,False
303,AR,2026-02-01,2,1,7.792199999999999,2,7.792199999999999,0,0.0,0.0,0.0,0.0,0.0,0.0,False
303,AT,2026-02-01,222,162,817.515,222,817.515,3,1530.0,1530.0,0.0,1530.0,1530.0,0.0,False
303,AU,2026-02-01,2,2,9.472000000000001,2,9.472000000000001,0,0.0,0.0,0.0,0.0,0.0,0.0,False
303,AX,2026-02-01,4,4,16.872,4,16.872,1,65.0,65.0,0.0,65.0,65.0,0.0,False
303,BD,2026-02-01,1,1,3.7,1,3.7,1,235.0,235.0,0.0,235.0,235.0,0.0,False
303,BE,2026-02-01,188,144,1065.0894,188,1065.0894,9,1065.0,1065.0,0.0,1065.0,1065.0,0.0,False
303,BG,2026-02-01,636,464,2943.867999999999,636,2943.867999999999,14,2140.0,2095.0,45.0,2140.0,2095.0,45.0,True
303,BO,2026-02-01,1,1,3.7,1,3.7,0,0.0,0.0,0.0,0.0,0.0,0.0,False
303,BQ,2026-02-01,3,2,7.4,3,7.4,0,0.0,0.0,0.0,0.0,0.0,0.0,False
303,BR,2026-02-01,7,4,35.372,7,35.372,1,165.0,165.0,0.0,165.0,165.0,0.0,False
303,CA,2026-02-01,3,3,15.244000000000002,3,15.244000000000002,0,0.0,0.0,0.0,0.0,0.0,0.0,False
303,CH,2026-02-01,95,67,372.63439999999997,95,372.63439999999997,1,65.0,65.0,0.0,65.0,65.0,0.0,False
303,CI,2026-02-01,2,0,0.0,2,0.0,0,0.0,0.0,0.0,0.0,0.0,0.0,False
303,CL,2026-02-01,1,1,3.7,1,3.7,1,4705.0,4705.0,0.0,4705.0,4705.0,0.0,False
303,CN,2026-02-01,1,1,5.772,1,5.772,0,0.0,0.0,0.0,0.0,0.0,0.0,False
303,CO,2026-02-01,4,4,29.6,4,29.6,0,0.0,0.0,0.0,0.0,0.0,0.0,False
303,CV,2026-02-01,2,2,9.472000000000001,2,9.472000000000001,0,0.0,0.0,0.0,0.0,0.0,0.0,False
303,CY,2026-02-01,3,2,14.8,3,14.8,0,0.0,0.0,0.0,0.0,0.0,0.0,False
303,CZ,2026-02-01,595,444,2816.240199999999,595,2816.240199999999,21,18500.0,18455.0,45.0,18500.0,18455.0,45.0,True
303,DE,2026-02-01,999,722,3854.4453999999987,999,3854.4453999999987,22,17425.0,17425.0,0.0,17425.0,17425.0,0.0,True
303,DK,2026-02-01,53,40,397.2024,53,397.2024,3,5750.0,5750.0,0.0,5750.0,5750.0,0.0,False
303,DO,2026-02-01,1,1,11.1,1,11.1,0,0.0,0.0,0.0,0.0,0.0,0.0,False
303,DZ,2026-02-01,3,3,11.100000000000001,3,11.100000000000001,0,0.0,0.0,0.0,0.0,0.0,0.0,False
303,EE,2026-02-01,114,93,615.9242,114,615.9242,2,835.0,835.0,0.0,835.0,835.0,0.0,False
303,EG,2026-02-01,1,1,3.7,1,3.7,0,0.0,0.0,0.0,0.0,0.0,0.0,False
303,ES,2026-02-01,2114,1547,9494.377600000018,2114,9494.377600000018,50,14230.0,14230.0,0.0,14230.0,14230.0,0.0,True
303,FI,2026-02-01,17,13,124.727,17,124.727,1,165.0,165.0,0.0,165.0,165.0,0.0,False
303,FO,2026-02-01,12,10,68.524,12,68.524,2,485.0,485.0,0.0,485.0,485.0,0.0,False
303,FR,2026-02-01,1646,1263,5979.88080000001,1646,5979.88080000001,29,170340.0,170280.0,60.0,170340.0,170280.0,60.0,True
303,GB,2026-02-01,223,141,1185.7241999999999,223,1185.7241999999999,7,905.0,905.0,0.0,905.0,905.0,0.0,False
303,GE,2026-02-01,1,0,0.0,1,0.0,0,0.0,0.0,0.0,0.0,0.0,0.0,False
303,GF,2026-02-01,1,1,5.772,1,5.772,0,0.0,0.0,0.0,0.0,0.0,0.0,False
303,GG,2026-02-01,11,8,39.072,11,39.072,2,1525.0,1525.0,0.0,1525.0,1525.0,0.0,False
303,GI,2026-02-01,22,17,101.269,22,101.269,1,150.0,150.0,0.0,150.0,150.0,0.0,False
303,GP,2026-02-01,2,0,0.0,2,0.0,0,0.0,0.0,0.0,0.0,0.0,0.0,False
303,GR,2026-02-01,1273,1022,5820.951000000008,1273,5820.951000000008,30,41260.0,40825.0,435.0,41260.0,40825.0,435.0,True
303,GY,2026-02-01,1,1,3.7,1,3.7,0,0.0,0.0,0.0,0.0,0.0,0.0,False
303,HK,2026-02-01,2,1,5.772,2,5.772,0,0.0,0.0,0.0,0.0,0.0,0.0,False
303,HR,2026-02-01,514,371,2214.028199999999,514,2214.028199999999,14,2405.0,2405.0,0.0,2405.0,2405.0,0.0,True
303,HU,2026-02-01,918,726,4675.5494,918,4675.5494,32,25135.0,25090.0,45.0,25135.0,25090.0,45.0,True
303,ID,2026-02-01,5,5,38.591,5,38.591,0,0.0,0.0,0.0,0.0,0.0,0.0,False
303,IE,2026-02-01,79,51,393.81320000000005,79,393.81320000000005,0,0.0,0.0,0.0,0.0,0.0,0.0,False
303,IL,2026-02-01,5,4,29.599999999999998,5,29.599999999999998,0,0.0,0.0,0.0,0.0,0.0,0.0,False
303,IM,2026-02-01,24,20,142.28719999999998,24,142.28719999999998,0,0.0,0.0,0.0,0.0,0.0,0.0,False
303,IN,2026-02-01,2,2,21.275000000000002,2,21.275000000000002,0,0.0,0.0,0.0,0.0,0.0,0.0,False
303,IS,2026-02-01,11,9,76.98219999999999,11,76.98219999999999,1,65.0,65.0,0.0,65.0,65.0,0.0,False
303,IT,2026-02-01,1142,899,4446.016199999999,1142,4446.016199999999,21,16010.0,15210.0,800.0,16010.0,15210.0,800.0,True
303,JE,2026-02-01,34,16,121.8484,34,121.8484,0,0.0,0.0,0.0,0.0,0.0,0.0,False
303,JO,2026-02-01,2,1,5.772,2,5.772,0,0.0,0.0,0.0,0.0,0.0,0.0,False
303,JP,2026-02-01,10,9,67.007,10,67.007,0,0.0,0.0,0.0,0.0,0.0,0.0,False
303,KH,2026-02-01,3,2,9.472000000000001,3,9.472000000000001,0,0.0,0.0,0.0,0.0,0.0,0.0,False
303,KR,2026-02-01,1,1,3.7,1,3.7,0,0.0,0.0,0.0,0.0,0.0,0.0,False
303,KY,2026-02-01,1,1,5.772,1,5.772,0,0.0,0.0,0.0,0.0,0.0,0.0,False
303,LB,2026-02-01,1,1,3.7,1,3.7,0,0.0,0.0,0.0,0.0,0.0,0.0,False
303,LI,2026-02-01,4,3,15.244,4,15.244,0,0.0,0.0,0.0,0.0,0.0,0.0,False
303,LK,2026-02-01,2,2,11.544,2,11.544,0,0.0,0.0,0.0,0.0,0.0,0.0,False
303,LT,2026-02-01,219,154,1028.674,219,1028.674,7,7860.0,7860.0,0.0,7860.0,7860.0,0.0,False
303,LU,2026-02-01,19,12,92.7442,19,92.7442,2,445.0,445.0,0.0,445.0,445.0,0.0,False
303,LV,2026-02-01,109,80,543.826,109,543.826,3,555.0,555.0,0.0,555.0,555.0,0.0,False
303,MA,2026-02-01,3,3,31.080000000000002,3,31.080000000000002,0,0.0,0.0,0.0,0.0,0.0,0.0,False
303,MC,2026-02-01,1,1,5.772,1,5.772,0,0.0,0.0,0.0,0.0,0.0,0.0,False
303,MD,2026-02-01,38,29,192.80699999999996,38,192.80699999999996,1,250.0,250.0,0.0,250.0,250.0,0.0,False
303,ME,2026-02-01,72,53,326.784,72,326.784,1,65.0,65.0,0.0,65.0,65.0,0.0,False
303,MK,2026-02-01,191,132,802.7002000000001,191,802.7002000000001,3,195.0,195.0,0.0,195.0,195.0,0.0,False
303,MQ,2026-02-01,2,2,14.8,2,14.8,0,0.0,0.0,0.0,0.0,0.0,0.0,False
303,MT,2026-02-01,250,183,1045.2352,250,1045.2352,7,2030.0,2030.0,0.0,2030.0,2030.0,0.0,False
303,MZ,2026-02-01,2,2,7.4,2,7.4,0,0.0,0.0,0.0,0.0,0.0,0.0,False
303,NL,2026-02-01,164,131,1006.3556000000001,164,1006.3556000000001,6,835.0,835.0,0.0,835.0,835.0,0.0,False
303,NO,2026-02-01,37,27,183.668,37,183.668,3,225.0,225.0,0.0,225.0,225.0,0.0,False
303,NP,2026-02-01,2,1,16.28,2,16.28,0,0.0,0.0,0.0,0.0,0.0,0.0,False
303,PE,2026-02-01,1,1,4.4399999999999995,1,4.4399999999999995,0,0.0,0.0,0.0,0.0,0.0,0.0,False
303,PF,2026-02-01,1,1,3.7,1,3.7,0,0.0,0.0,0.0,0.0,0.0,0.0,False
303,PG,2026-02-01,1,1,11.1,1,11.1,0,0.0,0.0,0.0,0.0,0.0,0.0,False
303,PH,2026-02-01,9,8,43.1642,9,43.1642,1,65.0,65.0,0.0,65.0,65.0,0.0,False
303,PK,2026-02-01,1,0,0.0,1,0.0,0,0.0,0.0,0.0,0.0,0.0,0.0,False
303,PL,2026-02-01,737,575,3442.154399999998,737,3442.154399999998,18,4210.0,4210.0,0.0,4210.0,4210.0,0.0,True
303,PT,2026-02-01,1002,790,4431.3715999999995,1002,4431.3715999999995,19,3460.0,3460.0,0.0,3460.0,3460.0,0.0,True
303,RO,2026-02-01,1178,966,5050.618400000002,1178,5050.618400000002,21,2825.0,2825.0,0.0,2825.0,2825.0,0.0,True
303,RS,2026-02-01,743,559,3074.988599999998,743,3074.988599999998,13,1365.0,1365.0,0.0,1365.0,1365.0,0.0,True
303,SA,2026-02-01,1,0,0.0,1,0.0,0,0.0,0.0,0.0,0.0,0.0,0.0,False
303,SE,2026-02-01,74,59,492.5662,74,492.5662,3,4510.0,4510.0,0.0,4510.0,4510.0,0.0,False
303,SG,2026-02-01,7,6,26.344,7,26.344,0,0.0,0.0,0.0,0.0,0.0,0.0,False
303,SI,2026-02-01,271,213,1233.1581999999996,271,1233.1581999999996,11,6630.0,6435.0,195.0,6630.0,6435.0,195.0,False
303,SK,2026-02-01,377,282,1799.4209999999991,377,1799.4209999999991,17,12855.0,12810.0,45.0,12855.0,12810.0,45.0,False
303,SM,2026-02-01,3,3,17.464,3,17.464,0,0.0,0.0,0.0,0.0,0.0,0.0,False
303,TH,2026-02-01,27,24,162.726,27,162.726,0,0.0,0.0,0.0,0.0,0.0,0.0,False
303,TR,2026-02-01,5,4,29.452,5,29.452,0,0.0,0.0,0.0,0.0,0.0,0.0,False
303,UG,2026-02-01,1,0,0.0,1,0.0,0,0.0,0.0,0.0,0.0,0.0,0.0,False
303,UNKNOWN,2026-02-01,1,1,3.7,1,3.7,0,0.0,0.0,0.0,0.0,0.0,0.0,False
303,US,2026-02-01,24,19,150.95999999999998,24,150.95999999999998,1,150.0,150.0,0.0,150.0,150.0,0.0,False
303,UY,2026-02-01,2,1,7.792199999999999,2,7.792199999999999,0,0.0,0.0,0.0,0.0,0.0,0.0,False
303,VN,2026-02-01,10,6,42.18000000000001,10,42.18000000000001,0,0.0,0.0,0.0,0.0,0.0,0.0,False
303,XK,2026-02-01,87,59,377.0374,87,377.0374,1,5605.0,5605.0,0.0,5605.0,5605.0,0.0,False
303,ZA,2026-02-01,2,2,7.4,2,7.4,0,0.0,0.0,0.0,0.0,0.0,0.0,False
413,AL,2026-02-01,2,2,17.759999999999998,2,17.759999999999998,0,0.0,0.0,0.0,0.0,0.0,0.0,False
413,AO,2026-02-01,1,1,13.32,1,13.32,1,385.0,385.0,0.0,385.0,385.0,0.0,False
413,AT,2026-02-01,2,1,17.759999999999998,2,17.759999999999998,0,0.0,0.0,0.0,0.0,0.0,0.0,False
413,AU,2026-02-01,362,268,3201.24,362,3201.24,16,6540.0,6140.0,400.0,6540.0,6140.0,400.0,False
413,AX,2026-02-01,2,2,28.12,2,28.12,0,0.0,0.0,0.0,0.0,0.0,0.0,False
413,BE,2026-02-01,118,91,993.0799999999997,118,993.0799999999997,2,355.0,355.0,0.0,355.0,355.0,0.0,False
413,CA,2026-02-01,441,348,3913.119999999999,441,3913.119999999999,12,104690.0,104690.0,0.0,104690.0,104690.0,0.0,False
413,CH,2026-02-01,29,25,296.0,29,296.0,2,550.0,550.0,0.0,550.0,550.0,0.0,False
413,CR,2026-02-01,1,1,17.759999999999998,1,17.759999999999998,0,0.0,0.0,0.0,0.0,0.0,0.0,False
413,CY,2026-02-01,2,2,22.2,2,22.2,1,165.0,165.0,0.0,165.0,165.0,0.0,False
413,CZ,2026-02-01,2,1,8.879999999999999,2,8.879999999999999,0,0.0,0.0,0.0,0.0,0.0,0.0,False
413,DE,2026-02-01,3,3,37.0,3,37.0,0,0.0,0.0,0.0,0.0,0.0,0.0,False
413,ES,2026-02-01,10,10,93.23999999999998,10,93.23999999999998,2,690.0,690.0,0.0,690.0,690.0,0.0,False
413,FI,2026-02-01,32,20,244.19999999999993,32,244.19999999999993,2,2400.0,2400.0,0.0,2400.0,2400.0,0.0,False
413,FR,2026-02-01,3,2,26.64,3,26.64,1,65.0,65.0,0.0,65.0,65.0,0.0,False
413,GB,2026-02-01,3,2,26.64,3,26.64,0,0.0,0.0,0.0,0.0,0.0,0.0,False
413,GR,2026-02-01,1,1,13.32,1,13.32,0,0.0,0.0,0.0,0.0,0.0,0.0,False
413,HK,2026-02-01,7,2,22.2,7,22.2,0,0.0,0.0,0.0,0.0,0.0,0.0,False
413,ID,2026-02-01,2,1,8.879999999999999,2,8.879999999999999,0,0.0,0.0,0.0,0.0,0.0,0.0,False
413,IL,2026-02-01,156,111,1198.7999999999997,156,1198.7999999999997,5,2115.0,2115.0,0.0,2115.0,2115.0,0.0,False
413,IS,2026-02-01,12,8,91.75999999999999,12,91.75999999999999,0,0.0,0.0,0.0,0.0,0.0,0.0,False
413,IT,2026-02-01,3,3,37.0,3,37.0,1,165.0,165.0,0.0,165.0,165.0,0.0,False
413,KH,2026-02-01,1,1,8.879999999999999,1,8.879999999999999,0,0.0,0.0,0.0,0.0,0.0,0.0,False
413,LU,2026-02-01,9,5,48.839999999999996,9,48.839999999999996,0,0.0,0.0,0.0,0.0,0.0,0.0,False
413,MX,2026-02-01,2,0,0.0,2,0.0,0,0.0,0.0,0.0,0.0,0.0,0.0,False
413,NL,2026-02-01,305,238,2660.2999999999993,305,2660.2999999999993,13,27785.0,27650.0,135.0,27785.0,27650.0,135.0,False
413,NO,2026-02-01,76,58,698.56,76,698.56,5,585.0,585.0,0.0,585.0,585.0,0.0,False
413,NZ,2026-02-01,114,81,918.3399999999998,114,918.3399999999998,5,590.0,590.0,0.0,590.0,590.0,0.0,False
413,PR,2026-02-01,1,1,14.8,1,14.8,0,0.0,0.0,0.0,0.0,0.0,0.0,False
413,SE,2026-02-01,87,65,776.9999999999999,87,776.9999999999999,6,4925.0,4925.0,0.0,4925.0,4925.0,0.0,False
413,TH,2026-02-01,3,3,26.639999999999997,3,26.639999999999997,0,0.0,0.0,0.0,0.0,0.0,0.0,False
413,US,2026-02-01,2397,1762,25993.980000000083,2397,25993.980000000083,99,70370.0,69920.0,450.0,70370.0,69920.0,450.0,True
413,VU,2026-02-01,1,1,13.32,1,13.32,1,65.0,65.0,0.0,65.0,65.0,0.0,False
413,WS,2026-02-01,1,1,13.32,1,13.32,0,0.0,0.0,0.0,0.0,0.0,0.0,False
427,AI,2026-02-01,2,2,34.78,2,34.78,0,0.0,0.0,0.0,0.0,0.0,0.0,False
427,AL,2026-02-01,2,2,33.3,2,33.3,1,150.0,150.0,0.0,150.0,150.0,0.0,False
427,AM,2026-02-01,1,1,8.879999999999999,1,8.879999999999999,1,200.0,200.0,0.0,200.0,200.0,0.0,False
427,AO,2026-02-01,1,1,8.879999999999999,1,8.879999999999999,1,65.0,65.0,0.0,65.0,65.0,0.0,False
427,AS,2026-02-01,2,2,17.759999999999998,2,17.759999999999998,2,320.0,320.0,0.0,320.0,320.0,0.0,False
427,AT,2026-02-01,1,1,8.879999999999999,1,8.879999999999999,0,0.0,0.0,0.0,0.0,0.0,0.0,False
427,AU,2026-02-01,1295,998,12842.70000000001,1295,12842.70000000001,70,176005.0,175445.0,560.0,176005.0,175445.0,560.0,True
427,AX,2026-02-01,2,1,13.32,2,13.32,1,255.0,255.0,0.0,255.0,255.0,0.0,False
427,AZ,2026-02-01,1,0,0.0,1,0.0,0,0.0,0.0,0.0,0.0,0.0,0.0,False
427,BD,2026-02-01,1,0,0.0,1,0.0,0,0.0,0.0,0.0,0.0,0.0,0.0,False
427,BE,2026-02-01,63,39,494.32,63,494.32,1,1125.0,1125.0,0.0,1125.0,1125.0,0.0,False
427,BG,2026-02-01,1,1,16.28,1,16.28,0,0.0,0.0,0.0,0.0,0.0,0.0,False
427,BZ,2026-02-01,1,1,22.2,1,22.2,0,0.0,0.0,0.0,0.0,0.0,0.0,False
427,CA,2026-02-01,1249,982,12668.060000000005,1249,12668.060000000005,64,34675.0,34630.0,45.0,34675.0,34630.0,45.0,True
427,CH,2026-02-01,70,46,546.1199999999999,70,546.1199999999999,8,7000.0,7000.0,0.0,7000.0,7000.0,0.0,False
427,CO,2026-02-01,3,3,26.639999999999997,3,26.639999999999997,0,0.0,0.0,0.0,0.0,0.0,0.0,False
427,CR,2026-02-01,2,1,11.1,2,11.1,0,0.0,0.0,0.0,0.0,0.0,0.0,False
427,DE,2026-02-01,1,1,8.879999999999999,1,8.879999999999999,0,0.0,0.0,0.0,0.0,0.0,0.0,False
427,DK,2026-02-01,3,2,29.6,3,29.6,0,0.0,0.0,0.0,0.0,0.0,0.0,False
427,DO,2026-02-01,1,1,13.32,1,13.32,0,0.0,0.0,0.0,0.0,0.0,0.0,False
427,DZ,2026-02-01,2,2,31.08,2,31.08,0,0.0,0.0,0.0,0.0,0.0,0.0,False
427,ES,2026-02-01,5,4,62.160000000000004,5,62.160000000000004,1,150.0,150.0,0.0,150.0,150.0,0.0,False
427,FI,2026-02-01,91,57,695.5999999999999,91,695.5999999999999,5,12520.0,12475.0,45.0,12520.0,12475.0,45.0,False
427,FJ,2026-02-01,1,1,8.879999999999999,1,8.879999999999999,0,0.0,0.0,0.0,0.0,0.0,0.0,False
427,FR,2026-02-01,5,4,48.84,5,48.84,0,0.0,0.0,0.0,0.0,0.0,0.0,False
427,GB,2026-02-01,6,6,90.28,6,90.28,0,0.0,0.0,0.0,0.0,0.0,0.0,False
427,GY,2026-02-01,2,1,16.28,2,16.28,0,0.0,0.0,0.0,0.0,0.0,0.0,False
427,HK,2026-02-01,1,1,16.28,1,16.28,0,0.0,0.0,0.0,0.0,0.0,0.0,False
427,HR,2026-02-01,2,1,13.32,2,13.32,0,0.0,0.0,0.0,0.0,0.0,0.0,False
427,ID,2026-02-01,3,1,18.5,3,18.5,0,0.0,0.0,0.0,0.0,0.0,0.0,False
427,IE,2026-02-01,2,1,15.54,2,15.54,1,295.0,295.0,0.0,295.0,295.0,0.0,False
427,IL,2026-02-01,255,170,2040.1799999999994,255,2040.1799999999994,7,5920.0,5920.0,0.0,5920.0,5920.0,0.0,False
427,IN,2026-02-01,1,1,16.28,1,16.28,0,0.0,0.0,0.0,0.0,0.0,0.0,False
427,IS,2026-02-01,40,30,367.78,40,367.78,3,2790.0,2790.0,0.0,2790.0,2790.0,0.0,False
427,IT,2026-02-01,3,2,29.6,3,29.6,2,1370.0,1370.0,0.0,1370.0,1370.0,0.0,False
427,JP,2026-02-01,2,2,25.16,2,25.16,0,0.0,0.0,0.0,0.0,0.0,0.0,False
427,KH,2026-02-01,1,1,22.2,1,22.2,0,0.0,0.0,0.0,0.0,0.0,0.0,False
427,KW,2026-02-01,1,0,0.0,1,0.0,0,0.0,0.0,0.0,0.0,0.0,0.0,False
427,KY,2026-02-01,1,1,8.879999999999999,1,8.879999999999999,0,0.0,0.0,0.0,0.0,0.0,0.0,False
427,LA,2026-02-01,1,1,13.32,1,13.32,0,0.0,0.0,0.0,0.0,0.0,0.0,False
427,LC,2026-02-01,2,1,11.1,2,11.1,0,0.0,0.0,0.0,0.0,0.0,0.0,False
427,LT,2026-02-01,1,1,13.32,1,13.32,0,0.0,0.0,0.0,0.0,0.0,0.0,False
427,LU,2026-02-01,17,14,178.33999999999997,17,178.33999999999997,1,2205.0,2205.0,0.0,2205.0,2205.0,0.0,False
427,MA,2026-02-01,1,1,22.2,1,22.2,0,0.0,0.0,0.0,0.0,0.0,0.0,False
427,MD,2026-02-01,1,1,25.16,1,25.16,0,0.0,0.0,0.0,0.0,0.0,0.0,False
427,MX,2026-02-01,9,5,51.059999999999995,9,51.059999999999995,0,0.0,0.0,0.0,0.0,0.0,0.0,False
427,MY,2026-02-01,1,0,0.0,1,0.0,0,0.0,0.0,0.0,0.0,0.0,0.0,False
427,NL,2026-02-01,213,155,1966.9199999999998,213,1966.9199999999998,13,7875.0,7875.0,0.0,7875.0,7875.0,0.0,False
427,NO,2026-02-01,146,102,1233.5799999999997,146,1233.5799999999997,4,2825.0,2825.0,0.0,2825.0,2825.0,0.0,False
427,NZ,2026-02-01,295,234,2947.4199999999996,295,2947.4199999999996,17,40810.0,40555.0,255.0,40810.0,40555.0,255.0,False
427,PE,2026-02-01,1,1,15.54,1,15.54,0,0.0,0.0,0.0,0.0,0.0,0.0,False
427,PH,2026-02-01,6,3,37.739999999999995,6,37.739999999999995,0,0.0,0.0,0.0,0.0,0.0,0.0,False
427,PL,2026-02-01,1,1,8.879999999999999,1,8.879999999999999,0,0.0,0.0,0.0,0.0,0.0,0.0,False
427,PT,2026-02-01,2,2,19.979999999999997,2,19.979999999999997,0,0.0,0.0,0.0,0.0,0.0,0.0,False
427,RO,2026-02-01,3,3,33.3,3,33.3,0,0.0,0.0,0.0,0.0,0.0,0.0,False
427,SE,2026-02-01,250,191,2339.879999999999,250,2339.879999999999,15,10910.0,10865.0,45.0,10910.0,10865.0,45.0,False
427,SG,2026-02-01,1,0,0.0,1,0.0,0,0.0,0.0,0.0,0.0,0.0,0.0,False
427,TH,2026-02-01,13,10,121.36,13,121.36,1,285.0,285.0,0.0,285.0,285.0,0.0,False
427,TR,2026-02-01,4,2,25.16,4,25.16,0,0.0,0.0,0.0,0.0,0.0,0.0,False
427,TT,2026-02-01,1,0,0.0,1,0.0,0,0.0,0.0,0.0,0.0,0.0,0.0,False
427,US,2026-02-01,15011,11380,170590.57200000065,15011,170590.57200000065,718,728565.0,726150.0,2415.0,728565.0,726150.0,2415.0,True
427,VI,2026-02-01,1,0,0.0,1,0.0,0,0.0,0.0,0.0,0.0,0.0,0.0,False
427,VN,2026-02-01,4,3,42.17999999999999,4,42.17999999999999,0,0.0,0.0,0.0,0.0,0.0,0.0,False
427,ZA,2026-02-01,1,0,0.0,1,0.0,0,0.0,0.0,0.0,0.0,0.0,0.0,False
523,AE,2026-02-01,31,5,15.54,31,15.54,0,0.0,0.0,0.0,0.0,0.0,0.0,False
523,AG,2026-02-01,1,0,0.0,1,0.0,0,0.0,0.0,0.0,0.0,0.0,0.0,False
523,AI,2026-02-01,1,1,0.259,1,0.259,0,0.0,0.0,0.0,0.0,0.0,0.0,False
523,AL,2026-02-01,5,2,7.4,5,7.4,0,0.0,0.0,0.0,0.0,0.0,0.0,False
523,AO,2026-02-01,252,43,11.137,252,11.137,0,0.0,0.0,0.0,0.0,0.0,0.0,False
523,AR,2026-02-01,94,13,38.739000000000004,94,38.739000000000004,0,0.0,0.0,0.0,0.0,0.0,0.0,False
523,AS,2026-02-01,2,2,11.100000000000001,2,11.100000000000001,0,0.0,0.0,0.0,0.0,0.0,0.0,False
523,AT,2026-02-01,4,0,0.0,4,0.0,0,0.0,0.0,0.0,0.0,0.0,0.0,False
523,AU,2026-02-01,823,330,994.56,823,994.56,11,2445.0,2445.0,0.0,2445.0,2445.0,0.0,True
523,AW,2026-02-01,1,1,3.7,1,3.7,0,0.0,0.0,0.0,0.0,0.0,0.0,False
523,AX,2026-02-01,2,0,0.0,2,0.0,0,0.0,0.0,0.0,0.0,0.0,0.0,False
523,AZ,2026-02-01,3,0,0.0,3,0.0,0,0.0,0.0,0.0,0.0,0.0,0.0,False
523,BB,2026-02-01,3,1,2.2199999999999998,3,2.2199999999999998,0,0.0,0.0,0.0,0.0,0.0,0.0,False
523,BD,2026-02-01,14,2,7.4,14,7.4,0,0.0,0.0,0.0,0.0,0.0,0.0,False
523,BE,2026-02-01,89,25,91.02,89,91.02,2,230.0,230.0,0.0,230.0,230.0,0.0,False
523,BF,2026-02-01,47,3,12.579999999999998,47,12.579999999999998,0,0.0,0.0,0.0,0.0,0.0,0.0,False
523,BG,2026-02-01,14,3,9.620000000000001,14,9.620000000000001,1,65.0,0.0,65.0,65.0,0.0,65.0,False
523,BJ,2026-02-01,19,3,11.100000000000001,19,11.100000000000001,0,0.0,0.0,0.0,0.0,0.0,0.0,False
523,BO,2026-02-01,1,0,0.0,1,0.0,0,0.0,0.0,0.0,0.0,0.0,0.0,False
523,BR,2026-02-01,10381,3812,1041.1059999999993,10381,1041.1059999999993,11,1365.0,1365.0,0.0,1365.0,1365.0,0.0,True
523,BS,2026-02-01,1,1,5.18,1,5.18,0,0.0,0.0,0.0,0.0,0.0,0.0,False
523,BT,2026-02-01,3,0,0.0,3,0.0,0,0.0,0.0,0.0,0.0,0.0,0.0,False
523,BW,2026-02-01,13,3,12.579999999999998,13,12.579999999999998,0,0.0,0.0,0.0,0.0,0.0,0.0,False
523,CA,2026-02-01,1917,683,2275.129999999998,1917,2275.129999999998,17,2260.0,2260.0,0.0,2260.0,2260.0,0.0,True
523,CH,2026-02-01,117,19,102.86000000000001,117,102.86000000000001,0,0.0,0.0,0.0,0.0,0.0,0.0,False
523,CI,2026-02-01,53,9,28.86,53,28.86,0,0.0,0.0,0.0,0.0,0.0,0.0,False
523,CL,2026-02-01,577,135,36.667,577,36.667,2,330.0,330.0,0.0,330.0,330.0,0.0,True
523,CM,2026-02-01,58,10,39.21999999999999,58,39.21999999999999,0,0.0,0.0,0.0,0.0,0.0,0.0,False
523,CN,2026-02-01,15,1,3.7,15,3.7,0,0.0,0.0,0.0,0.0,0.0,0.0,False
523,CO,2026-02-01,53,7,22.94,53,22.94,0,0.0,0.0,0.0,0.0,0.0,0.0,False
523,CR,2026-02-01,5,1,3.7,5,3.7,0,0.0,0.0,0.0,0.0,0.0,0.0,False
523,CV,2026-02-01,3,0,0.0,3,0.0,0,0.0,0.0,0.0,0.0,0.0,0.0,False
523,CZ,2026-02-01,6,0,0.0,6,0.0,0,0.0,0.0,0.0,0.0,0.0,0.0,False
523,DE,2026-02-01,228,37,139.12,228,139.12,1,65.0,65.0,0.0,65.0,65.0,0.0,False
523,DJ,2026-02-01,1,0,0.0,1,0.0,0,0.0,0.0,0.0,0.0,0.0,0.0,False
523,DM,2026-02-01,1,0,0.0,1,0.0,0,0.0,0.0,0.0,0.0,0.0,0.0,False
523,DO,2026-02-01,63,6,16.28,63,16.28,0,0.0,0.0,0.0,0.0,0.0,0.0,False
523,DZ,2026-02-01,2,1,0.259,2,0.259,0,0.0,0.0,0.0,0.0,0.0,0.0,False
523,EC,2026-02-01,4,1,0.259,4,0.259,0,0.0,0.0,0.0,0.0,0.0,0.0,False
523,EE,2026-02-01,3,1,2.2199999999999998,3,2.2199999999999998,0,0.0,0.0,0.0,0.0,0.0,0.0,False
523,ES,2026-02-01,46,9,32.56,46,32.56,1,65.0,65.0,0.0,65.0,65.0,0.0,False
523,ET,2026-02-01,1,1,2.2199999999999998,1,2.2199999999999998,0,0.0,0.0,0.0,0.0,0.0,0.0,False
523,FI,2026-02-01,63,22,153.92000000000002,63,153.92000000000002,1,65.0,65.0,0.0,65.0,65.0,0.0,False
523,FR,2026-02-01,553,92,330.78000000000003,553,330.78000000000003,0,0.0,0.0,0.0,0.0,0.0,0.0,True
523,GA,2026-02-01,1,1,5.18,1,5.18,0,0.0,0.0,0.0,0.0,0.0,0.0,False
523,GB,2026-02-01,6672,2513,9318.820000000052,6672,9318.820000000052,79,13960.0,13845.0,115.0,13960.0,13845.0,115.0,True
523,GM,2026-02-01,38,4,14.8,38,14.8,0,0.0,0.0,0.0,0.0,0.0,0.0,False
523,GN,2026-02-01,9,0,0.0,9,0.0,0,0.0,0.0,0.0,0.0,0.0,0.0,False
523,GR,2026-02-01,19,6,22.2,19,22.2,0,0.0,0.0,0.0,0.0,0.0,0.0,False
523,GT,2026-02-01,3,0,0.0,3,0.0,0,0.0,0.0,0.0,0.0,0.0,0.0,False
523,GY,2026-02-01,42,10,35.519999999999996,42,35.519999999999996,0,0.0,0.0,0.0,0.0,0.0,0.0,False
523,HK,2026-02-01,23,2,7.4,23,7.4,0,0.0,0.0,0.0,0.0,0.0,0.0,False
523,HN,2026-02-01,9,1,2.2199999999999998,9,2.2199999999999998,0,0.0,0.0,0.0,0.0,0.0,0.0,False
523,HT,2026-02-01,3,1,3.7,3,3.7,0,0.0,0.0,0.0,0.0,0.0,0.0,False
523,ID,2026-02-01,47,14,39.96,47,39.96,0,0.0,0.0,0.0,0.0,0.0,0.0,False
523,IE,2026-02-01,1,0,0.0,1,0.0,0,0.0,0.0,0.0,0.0,0.0,0.0,False
523,IN,2026-02-01,43,5,17.02,43,17.02,0,0.0,0.0,0.0,0.0,0.0,0.0,False
523,IT,2026-02-01,1642,619,1841.1200000000008,1642,1841.1200000000008,10,1550.0,1550.0,0.0,1550.0,1550.0,0.0,True
523,JM,2026-02-01,10,1,3.7,10,3.7,0,0.0,0.0,0.0,0.0,0.0,0.0,False
523,JO,2026-02-01,1,1,2.2199999999999998,1,2.2199999999999998,0,0.0,0.0,0.0,0.0,0.0,0.0,False
523,JP,2026-02-01,83,13,12.21,83,12.21,0,0.0,0.0,0.0,0.0,0.0,0.0,False
523,KE,2026-02-01,24,1,3.7,24,3.7,0,0.0,0.0,0.0,0.0,0.0,0.0,False
523,KH,2026-02-01,1,0,0.0,1,0.0,0,0.0,0.0,0.0,0.0,0.0,0.0,False
523,KI,2026-02-01,13,2,7.4,13,7.4,0,0.0,0.0,0.0,0.0,0.0,0.0,False
523,KR,2026-02-01,3,2,5.92,3,5.92,0,0.0,0.0,0.0,0.0,0.0,0.0,False
523,KW,2026-02-01,2,1,3.7,2,3.7,0,0.0,0.0,0.0,0.0,0.0,0.0,False
523,KY,2026-02-01,3,1,3.7,3,3.7,0,0.0,0.0,0.0,0.0,0.0,0.0,False
523,KZ,2026-02-01,9,0,0.0,9,0.0,0,0.0,0.0,0.0,0.0,0.0,0.0,False
523,LI,2026-02-01,1,0,0.0,1,0.0,0,0.0,0.0,0.0,0.0,0.0,0.0,False
523,LK,2026-02-01,1,0,0.0,1,0.0,0,0.0,0.0,0.0,0.0,0.0,0.0,False
523,LT,2026-02-01,1,0,0.0,1,0.0,0,0.0,0.0,0.0,0.0,0.0,0.0,False
523,LU,2026-02-01,3,1,3.7,3,3.7,0,0.0,0.0,0.0,0.0,0.0,0.0,False
523,LV,2026-02-01,4,1,2.2199999999999998,4,2.2199999999999998,0,0.0,0.0,0.0,0.0,0.0,0.0,False
523,MD,2026-02-01,29,7,25.900000000000002,29,25.900000000000002,1,65.0,65.0,0.0,65.0,65.0,0.0,False
523,MH,2026-02-01,2,0,0.0,2,0.0,0,0.0,0.0,0.0,0.0,0.0,0.0,False
523,MN,2026-02-01,1,0,0.0,1,0.0,0,0.0,0.0,0.0,0.0,0.0,0.0,False
523,MQ,2026-02-01,1,0,0.0,1,0.0,0,0.0,0.0,0.0,0.0,0.0,0.0,False
523,MV,2026-02-01,4,1,5.92,4,5.92,0,0.0,0.0,0.0,0.0,0.0,0.0,False
523,MW,2026-02-01,4,1,5.18,4,5.18,0,0.0,0.0,0.0,0.0,0.0,0.0,False
523,MX,2026-02-01,850,360,189.40300000000008,850,189.40300000000008,1,65.0,65.0,0.0,65.0,65.0,0.0,True
523,MY,2026-02-01,45,11,14.652,45,14.652,0,0.0,0.0,0.0,0.0,0.0,0.0,False
523,MZ,2026-02-01,13,2,5.92,13,5.92,0,0.0,0.0,0.0,0.0,0.0,0.0,False
523,NE,2026-02-01,66,7,27.379999999999995,66,27.379999999999995,0,0.0,0.0,0.0,0.0,0.0,0.0,False
523,NL,2026-02-01,227,56,194.879,227,194.879,0,0.0,0.0,0.0,0.0,0.0,0.0,False
523,NO,2026-02-01,79,17,102.12000000000003,79,102.12000000000003,0,0.0,0.0,0.0,0.0,0.0,0.0,False
523,NP,2026-02-01,1,0,0.0,1,0.0,0,0.0,0.0,0.0,0.0,0.0,0.0,False
523,NZ,2026-02-01,33,6,22.2,33,22.2,1,9205.0,9205.0,0.0,9205.0,9205.0,0.0,False
523,PA,2026-02-01,6,1,3.7,6,3.7,0,0.0,0.0,0.0,0.0,0.0,0.0,False
523,PE,2026-02-01,42,3,11.100000000000001,42,11.100000000000001,0,0.0,0.0,0.0,0.0,0.0,0.0,False
523,PH,2026-02-01,99,13,45.14,99,45.14,0,0.0,0.0,0.0,0.0,0.0,0.0,False
523,PK,2026-02-01,120,20,74.0,120,74.0,0,0.0,0.0,0.0,0.0,0.0,0.0,False
523,PL,2026-02-01,21,3,11.100000000000001,21,11.100000000000001,0,0.0,0.0,0.0,0.0,0.0,0.0,False
523,PR,2026-02-01,85,24,91.76,85,91.76,0,0.0,0.0,0.0,0.0,0.0,0.0,False
523,PT,2026-02-01,712,326,605.3199999999999,712,605.3199999999999,5,9060.0,9060.0,0.0,9060.0,9060.0,0.0,True
523,PW,2026-02-01,4,1,3.7,4,3.7,0,0.0,0.0,0.0,0.0,0.0,0.0,False
523,PY,2026-02-01,13,1,2.2199999999999998,13,2.2199999999999998,0,0.0,0.0,0.0,0.0,0.0,0.0,False
523,QA,2026-02-01,12,4,13.32,12,13.32,0,0.0,0.0,0.0,0.0,0.0,0.0,False
523,RO,2026-02-01,54,14,35.519999999999996,54,35.519999999999996,0,0.0,0.0,0.0,0.0,0.0,0.0,False
523,RS,2026-02-01,35,3,11.84,35,11.84,0,0.0,0.0,0.0,0.0,0.0,0.0,False
523,RU,2026-02-01,14,1,2.2199999999999998,14,2.2199999999999998,0,0.0,0.0,0.0,0.0,0.0,0.0,False
523,SA,2026-02-01,17,2,4.4399999999999995,17,4.4399999999999995,1,65.0,65.0,0.0,65.0,65.0,0.0,False
523,SB,2026-02-01,5,1,3.7,5,3.7,0,0.0,0.0,0.0,0.0,0.0,0.0,False
523,SC,2026-02-01,1,0,0.0,1,0.0,0,0.0,0.0,0.0,0.0,0.0,0.0,False
523,SE,2026-02-01,70,19,136.89999999999998,70,136.89999999999998,0,0.0,0.0,0.0,0.0,0.0,0.0,False
523,SG,2026-02-01,127,15,25.012,127,25.012,1,65.0,65.0,0.0,65.0,65.0,0.0,False
523,SK,2026-02-01,2,0,0.0,2,0.0,0,0.0,0.0,0.0,0.0,0.0,0.0,False
523,SN,2026-02-01,15,4,10.36,15,10.36,0,0.0,0.0,0.0,0.0,0.0,0.0,False
523,SV,2026-02-01,6,0,0.0,6,0.0,0,0.0,0.0,0.0,0.0,0.0,0.0,False
523,SY,2026-02-01,1,0,0.0,1,0.0,0,0.0,0.0,0.0,0.0,0.0,0.0,False
523,SZ,2026-02-01,2,1,2.2199999999999998,2,2.2199999999999998,0,0.0,0.0,0.0,0.0,0.0,0.0,False
523,TD,2026-02-01,41,3,11.100000000000001,41,11.100000000000001,0,0.0,0.0,0.0,0.0,0.0,0.0,False
523,TG,2026-02-01,1,1,2.2199999999999998,1,2.2199999999999998,0,0.0,0.0,0.0,0.0,0.0,0.0,False
523,TH,2026-02-01,4,0,0.0,4,0.0,0,0.0,0.0,0.0,0.0,0.0,0.0,False
523,TJ,2026-02-01,1,1,3.7,1,3.7,0,0.0,0.0,0.0,0.0,0.0,0.0,False
523,TL,2026-02-01,1,0,0.0,1,0.0,0,0.0,0.0,0.0,0.0,0.0,0.0,False
523,TO,2026-02-01,2,2,7.4,2,7.4,0,0.0,0.0,0.0,0.0,0.0,0.0,False
523,TR,2026-02-01,29,0,0.0,29,0.0,0,0.0,0.0,0.0,0.0,0.0,0.0,False
523,TT,2026-02-01,8,2,7.4,8,7.4,0,0.0,0.0,0.0,0.0,0.0,0.0,False
523,TV,2026-02-01,1,0,0.0,1,0.0,0,0.0,0.0,0.0,0.0,0.0,0.0,False
523,TW,2026-02-01,12,1,3.7,12,3.7,0,0.0,0.0,0.0,0.0,0.0,0.0,False
523,TZ,2026-02-01,1,0,0.0,1,0.0,0,0.0,0.0,0.0,0.0,0.0,0.0,False
523,UG,2026-02-01,39,2,7.4,39,7.4,0,0.0,0.0,0.0,0.0,0.0,0.0,False
523,UNKNOWN,2026-02-01,3,0,0.0,3,0.0,0,0.0,0.0,0.0,0.0,0.0,0.0,False
523,US,2026-02-01,51552,21157,103468.87200000124,51552,103468.87200000124,708,950150.0,946350.0,3800.0,950150.0,946350.0,3800.0,True
523,UZ,2026-02-01,16,2,7.4,16,7.4,0,0.0,0.0,0.0,0.0,0.0,0.0,False
523,VI,2026-02-01,2,1,3.7,2,3.7,0,0.0,0.0,0.0,0.0,0.0,0.0,False
523,VN,2026-02-01,60,4,1.036,60,1.036,0,0.0,0.0,0.0,0.0,0.0,0.0,False
523,VU,2026-02-01,2,0,0.0,2,0.0,0,0.0,0.0,0.0,0.0,0.0,0.0,False
523,YT,2026-02-01,1,0,0.0,1,0.0,0,0.0,0.0,0.0,0.0,0.0,0.0,False
523,ZA,2026-02-01,10,3,14.799999999999999,10,14.799999999999999,0,0.0,0.0,0.0,0.0,0.0,0.0,False
523,ZM,2026-02-01,26,6,22.939999999999998,26,22.939999999999998,0,0.0,0.0,0.0,0.0,0.0,0.0,False
612,AD,2026-02-01,3,0,0.0,3,0.0,0,0.0,0.0,0.0,0.0,0.0,0.0,False
612,AE,2026-02-01,11,0,0.0,11,0.0,0,0.0,0.0,0.0,0.0,0.0,0.0,False
612,AG,2026-02-01,2,0,0.0,2,0.0,0,0.0,0.0,0.0,0.0,0.0,0.0,False
612,AI,2026-02-01,1,0,0.0,1,0.0,0,0.0,0.0,0.0,0.0,0.0,0.0,False
612,AL,2026-02-01,3,1,452.88,3,452.88,1,65.0,0.0,65.0,65.0,0.0,65.0,False
612,AO,2026-02-01,1,0,0.0,1,0.0,0,0.0,0.0,0.0,0.0,0.0,0.0,False
612,AQ,2026-02-01,1,0,0.0,1,0.0,0,0.0,0.0,0.0,0.0,0.0,0.0,False
612,AR,2026-02-01,3,0,0.0,3,0.0,0,0.0,0.0,0.0,0.0,0.0,0.0,False
612,AS,2026-02-01,1,0,0.0,1,0.0,0,0.0,0.0,0.0,0.0,0.0,0.0,False
612,AT,2026-02-01,19,1,113.22,19,113.22,1,65.0,65.0,0.0,65.0,65.0,0.0,False
612,AU,2026-02-01,1735,44,21007.12,1735,21007.12,71,28360.0,27565.0,795.0,28360.0,27565.0,795.0,True
612,AW,2026-02-01,1,0,0.0,1,0.0,0,0.0,0.0,0.0,0.0,0.0,0.0,False
612,AX,2026-02-01,4,1,560.92,4,560.92,1,1005.0,1005.0,0.0,1005.0,1005.0,0.0,False
612,AZ,2026-02-01,2,0,0.0,2,0.0,0,0.0,0.0,0.0,0.0,0.0,0.0,False
612,BA,2026-02-01,1,0,0.0,1,0.0,0,0.0,0.0,0.0,0.0,0.0,0.0,False
612,BD,2026-02-01,27,0,0.0,27,0.0,0,0.0,0.0,0.0,0.0,0.0,0.0,False
612,BE,2026-02-01,75,2,1166.24,75,1166.24,1,150.0,150.0,0.0,150.0,150.0,0.0,False
612,BF,2026-02-01,2,0,0.0,2,0.0,0,0.0,0.0,0.0,0.0,0.0,0.0,False
612,BG,2026-02-01,5,1,350.02,5,350.02,1,65.0,65.0,0.0,65.0,65.0,0.0,False
612,BJ,2026-02-01,5,0,0.0,5,0.0,0,0.0,0.0,0.0,0.0,0.0,0.0,False
612,BR,2026-02-01,4,0,0.0,4,0.0,0,0.0,0.0,0.0,0.0,0.0,0.0,False
612,BT,2026-02-01,1,0,0.0,1,0.0,0,0.0,0.0,0.0,0.0,0.0,0.0,False
612,CA,2026-02-01,1846,36,17450.68,1846,17450.68,51,38125.0,36595.0,1530.0,38125.0,36595.0,1530.0,True
612,CH,2026-02-01,27,2,1249.12,27,1249.12,2,215.0,65.0,150.0,215.0,65.0,150.0,False
612,CI,2026-02-01,21,0,0.0,21,0.0,0,0.0,0.0,0.0,0.0,0.0,0.0,False
612,CM,2026-02-01,24,0,0.0,24,0.0,0,0.0,0.0,0.0,0.0,0.0,0.0,False
612,CN,2026-02-01,9,0,0.0,9,0.0,0,0.0,0.0,0.0,0.0,0.0,0.0,False
612,CO,2026-02-01,1,0,0.0,1,0.0,0,0.0,0.0,0.0,0.0,0.0,0.0,False
612,CR,2026-02-01,1,0,0.0,1,0.0,0,0.0,0.0,0.0,0.0,0.0,0.0,False
612,CV,2026-02-01,1,0,0.0,1,0.0,0,0.0,0.0,0.0,0.0,0.0,0.0,False
612,CY,2026-02-01,12,0,0.0,12,0.0,0,0.0,0.0,0.0,0.0,0.0,0.0,False
612,CZ,2026-02-01,3,0,0.0,3,0.0,0,0.0,0.0,0.0,0.0,0.0,0.0,False
612,DE,2026-02-01,85,0,0.0,85,0.0,0,0.0,0.0,0.0,0.0,0.0,0.0,False
612,DJ,2026-02-01,2,0,0.0,2,0.0,0,0.0,0.0,0.0,0.0,0.0,0.0,False
612,DK,2026-02-01,153,3,1909.94,153,1909.94,2,130.0,130.0,0.0,130.0,130.0,0.0,False
612,DZ,2026-02-01,5,0,0.0,5,0.0,0,0.0,0.0,0.0,0.0,0.0,0.0,False
612,EE,2026-02-01,1,0,0.0,1,0.0,0,0.0,0.0,0.0,0.0,0.0,0.0,False
612,EG,2026-02-01,1,0,0.0,1,0.0,0,0.0,0.0,0.0,0.0,0.0,0.0,False
612,ES,2026-02-01,660,4,1138.12,660,1138.12,7,455.0,455.0,0.0,455.0,455.0,0.0,True
612,FI,2026-02-01,96,1,691.9,96,691.9,1,1180.0,1180.0,0.0,1180.0,1180.0,0.0,False
612,FR,2026-02-01,398,4,2228.88,398,2228.88,5,410.0,345.0,65.0,410.0,345.0,65.0,False
612,GA,2026-02-01,1,0,0.0,1,0.0,0,0.0,0.0,0.0,0.0,0.0,0.0,False
612,GB,2026-02-01,3488,64,30317.059999999998,3488,30317.059999999998,84,23280.0,9745.0,13535.0,23280.0,9745.0,13535.0,True
612,GE,2026-02-01,2,0,0.0,2,0.0,0,0.0,0.0,0.0,0.0,0.0,0.0,False
612,GN,2026-02-01,2,0,0.0,2,0.0,0,0.0,0.0,0.0,0.0,0.0,0.0,False
612,GP,2026-02-01,1,0,0.0,1,0.0,0,0.0,0.0,0.0,0.0,0.0,0.0,False
612,GU,2026-02-01,1,0,0.0,1,0.0,0,0.0,0.0,0.0,0.0,0.0,0.0,False
612,HK,2026-02-01,3,0,0.0,3,0.0,0,0.0,0.0,0.0,0.0,0.0,0.0,False
612,HT,2026-02-01,1,0,0.0,1,0.0,0,0.0,0.0,0.0,0.0,0.0,0.0,False
612,ID,2026-02-01,4,0,0.0,4,0.0,0,0.0,0.0,0.0,0.0,0.0,0.0,False
612,IE,2026-02-01,92,3,1459.28,92,1459.28,5,580.0,430.0,150.0,580.0,430.0,150.0,False
612,IL,2026-02-01,5,0,0.0,5,0.0,0,0.0,0.0,0.0,0.0,0.0,0.0,False
612,IM,2026-02-01,1,0,0.0,1,0.0,0,0.0,0.0,0.0,0.0,0.0,0.0,False
612,IN,2026-02-01,215,0,0.0,215,0.0,0,0.0,0.0,0.0,0.0,0.0,0.0,False
612,IR,2026-02-01,3,0,0.0,3,0.0,0,0.0,0.0,0.0,0.0,0.0,0.0,False
612,IS,2026-02-01,1,0,0.0,1,0.0,0,0.0,0.0,0.0,0.0,0.0,0.0,False
612,IT,2026-02-01,21,0,0.0,21,0.0,0,0.0,0.0,0.0,0.0,0.0,0.0,False
612,JM,2026-02-01,2,0,0.0,2,0.0,0,0.0,0.0,0.0,0.0,0.0,0.0,False
612,JO,2026-02-01,1,0,0.0,1,0.0,0,0.0,0.0,0.0,0.0,0.0,0.0,False
612,JP,2026-02-01,8,0,0.0,8,0.0,0,0.0,0.0,0.0,0.0,0.0,0.0,False
612,KE,2026-02-01,11,0,0.0,11,0.0,0,0.0,0.0,0.0,0.0,0.0,0.0,False
612,KH,2026-02-01,4,0,0.0,4,0.0,0,0.0,0.0,0.0,0.0,0.0,0.0,False
612,KR,2026-02-01,3,0,0.0,3,0.0,0,0.0,0.0,0.0,0.0,0.0,0.0,False
612,LS,2026-02-01,2,0,0.0,2,0.0,0,0.0,0.0,0.0,0.0,0.0,0.0,False
612,LT,2026-02-01,2,0,0.0,2,0.0,0,0.0,0.0,0.0,0.0,0.0,0.0,False
612,LU,2026-02-01,3,0,0.0,3,0.0,0,0.0,0.0,0.0,0.0,0.0,0.0,False
612,LV,2026-02-01,2,0,0.0,2,0.0,0,0.0,0.0,0.0,0.0,0.0,0.0,False
612,MA,2026-02-01,3,0,0.0,3,0.0,0,0.0,0.0,0.0,0.0,0.0,0.0,False
612,MC,2026-02-01,1,0,0.0,1,0.0,0,0.0,0.0,0.0,0.0,0.0,0.0,False
612,MD,2026-02-01,20,0,0.0,20,0.0,0,0.0,0.0,0.0,0.0,0.0,0.0,False
612,ME,2026-02-01,1,0,0.0,1,0.0,0,0.0,0.0,0.0,0.0,0.0,0.0,False
612,MG,2026-02-01,2,0,0.0,2,0.0,0,0.0,0.0,0.0,0.0,0.0,0.0,False
612,MK,2026-02-01,1,0,0.0,1,0.0,0,0.0,0.0,0.0,0.0,0.0,0.0,False
612,MT,2026-02-01,1,1,339.65999999999997,1,339.65999999999997,1,65.0,65.0,0.0,65.0,65.0,0.0,False
612,MX,2026-02-01,36,0,0.0,36,0.0,0,0.0,0.0,0.0,0.0,0.0,0.0,False
612,MY,2026-02-01,3,0,0.0,3,0.0,0,0.0,0.0,0.0,0.0,0.0,0.0,False
612,NL,2026-02-01,885,5,2359.86,885,2359.86,7,765.0,765.0,0.0,765.0,765.0,0.0,True
612,NO,2026-02-01,264,1,366.3,264,366.3,0,0.0,0.0,0.0,0.0,0.0,0.0,False
612,NZ,2026-02-01,367,8,4006.36,367,4006.36,14,1420.0,1055.0,365.0,1420.0,1055.0,365.0,False
612,PE,2026-02-01,3,1,569.8,3,569.8,1,150.0,150.0,0.0,150.0,150.0,0.0,False
612,PG,2026-02-01,2,0,0.0,2,0.0,1,65.0,0.0,65.0,65.0,0.0,65.0,False
612,PH,2026-02-01,16,1,592.0,16,592.0,1,65.0,65.0,0.0,65.0,65.0,0.0,False
612,PK,2026-02-01,9,0,0.0,9,0.0,1,65.0,0.0,65.0,65.0,0.0,65.0,False
612,PL,2026-02-01,6,0,0.0,6,0.0,0,0.0,0.0,0.0,0.0,0.0,0.0,False
612,PR,2026-02-01,3,0,0.0,3,0.0,0,0.0,0.0,0.0,0.0,0.0,0.0,False
612,PT,2026-02-01,31,0,0.0,31,0.0,0,0.0,0.0,0.0,0.0,0.0,0.0,False
612,PY,2026-02-01,1,0,0.0,1,0.0,0,0.0,0.0,0.0,0.0,0.0,0.0,False
612,QA,2026-02-01,1,0,0.0,1,0.0,0,0.0,0.0,0.0,0.0,0.0,0.0,False
612,RO,2026-02-01,23,0,0.0,23,0.0,0,0.0,0.0,0.0,0.0,0.0,0.0,False
612,RS,2026-02-01,5,0,0.0,5,0.0,0,0.0,0.0,0.0,0.0,0.0,0.0,False
612,RU,2026-02-01,3,0,0.0,3,0.0,0,0.0,0.0,0.0,0.0,0.0,0.0,False
612,RW,2026-02-01,1,0,0.0,1,0.0,0,0.0,0.0,0.0,0.0,0.0,0.0,False
612,SA,2026-02-01,6,0,0.0,6,0.0,0,0.0,0.0,0.0,0.0,0.0,0.0,False
612,SC,2026-02-01,1,0,0.0,1,0.0,0,0.0,0.0,0.0,0.0,0.0,0.0,False
612,SE,2026-02-01,585,5,1624.2999999999997,585,1624.2999999999997,4,1160.0,1160.0,0.0,1160.0,1160.0,0.0,True
612,SG,2026-02-01,28,0,0.0,28,0.0,0,0.0,0.0,0.0,0.0,0.0,0.0,False
612,SI,2026-02-01,1,0,0.0,1,0.0,0,0.0,0.0,0.0,0.0,0.0,0.0,False
612,SN,2026-02-01,3,0,0.0,3,0.0,0,0.0,0.0,0.0,0.0,0.0,0.0,False
612,ST,2026-02-01,1,0,0.0,1,0.0,0,0.0,0.0,0.0,0.0,0.0,0.0,False
612,TD,2026-02-01,1,0,0.0,1,0.0,0,0.0,0.0,0.0,0.0,0.0,0.0,False
612,TG,2026-02-01,2,0,0.0,2,0.0,0,0.0,0.0,0.0,0.0,0.0,0.0,False
612,TH,2026-02-01,4,0,0.0,4,0.0,0,0.0,0.0,0.0,0.0,0.0,0.0,False
612,TJ,2026-02-01,3,0,0.0,3,0.0,0,0.0,0.0,0.0,0.0,0.0,0.0,False
612,TR,2026-02-01,17,0,0.0,17,0.0,0,0.0,0.0,0.0,0.0,0.0,0.0,False
612,TT,2026-02-01,1,0,0.0,1,0.0,0,0.0,0.0,0.0,0.0,0.0,0.0,False
612,TW,2026-02-01,2,0,0.0,2,0.0,0,0.0,0.0,0.0,0.0,0.0,0.0,False
612,TZ,2026-02-01,1,0,0.0,1,0.0,0,0.0,0.0,0.0,0.0,0.0,0.0,False
612,UA,2026-02-01,6,0,0.0,6,0.0,0,0.0,0.0,0.0,0.0,0.0,0.0,False
612,UG,2026-02-01,8,0,0.0,8,0.0,0,0.0,0.0,0.0,0.0,0.0,0.0,False
612,UNKNOWN,2026-02-01,5,0,0.0,5,0.0,0,0.0,0.0,0.0,0.0,0.0,0.0,False
612,US,2026-02-01,15096,354,174506.79999999996,15096,174506.79999999996,561,303870.0,290790.0,13080.0,303870.0,290790.0,13080.0,True
612,UZ,2026-02-01,2,0,0.0,2,0.0,0,0.0,0.0,0.0,0.0,0.0,0.0,False
612,VI,2026-02-01,2,0,0.0,2,0.0,0,0.0,0.0,0.0,0.0,0.0,0.0,False
612,VN,2026-02-01,1,0,0.0,1,0.0,0,0.0,0.0,0.0,0.0,0.0,0.0,False
612,XK,2026-02-01,1,0,0.0,1,0.0,0,0.0,0.0,0.0,0.0,0.0,0.0,False
612,ZA,2026-02-01,4,0,0.0,4,0.0,0,0.0,0.0,0.0,0.0,0.0,0.0,False
612,ZM,2026-02-01,1,0,0.0,1,0.0,0,0.0,0.0,0.0,0.0,0.0,0.0,False
719,AD,2026-02-01,1,1,28.86,1,28.86,0,0.0,0.0,0.0,0.0,0.0,0.0,False
719,AE,2026-02-01,2,0,0.0,2,0.0,0,0.0,0.0,0.0,0.0,0.0,0.0,False
719,AL,2026-02-01,1,0,0.0,1,0.0,0,0.0,0.0,0.0,0.0,0.0,0.0,False
719,AR,2026-02-01,2,0,0.0,2,0.0,0,0.0,0.0,0.0,0.0,0.0,0.0,False
719,AS,2026-02-01,1,1,12.58,1,12.58,0,0.0,0.0,0.0,0.0,0.0,0.0,False
719,AT,2026-02-01,1,0,0.0,1,0.0,0,0.0,0.0,0.0,0.0,0.0,0.0,False
719,AU,2026-02-01,1784,1199,14968.719999999994,1784,14968.719999999994,81,97335.0,97215.0,120.0,97335.0,97215.0,120.0,True
719,AX,2026-02-01,3,1,14.8,3,14.8,0,0.0,0.0,0.0,0.0,0.0,0.0,False
719,AZ,2026-02-01,1,1,14.06,1,14.06,0,0.0,0.0,0.0,0.0,0.0,0.0,False
719,BD,2026-02-01,3,0,0.0,3,0.0,0,0.0,0.0,0.0,0.0,0.0,0.0,False
719,BE,2026-02-01,1,0,0.0,1,0.0,0,0.0,0.0,0.0,0.0,0.0,0.0,False
719,BF,2026-02-01,1,1,5.92,1,5.92,0,0.0,0.0,0.0,0.0,0.0,0.0,False
719,BH,2026-02-01,2,2,22.2,2,22.2,0,0.0,0.0,0.0,0.0,0.0,0.0,False
719,BJ,2026-02-01,1,0,0.0,1,0.0,0,0.0,0.0,0.0,0.0,0.0,0.0,False
719,BR,2026-02-01,4,3,30.340000000000003,4,30.340000000000003,0,0.0,0.0,0.0,0.0,0.0,0.0,False
719,CA,2026-02-01,2731,1841,22196.29999999997,2731,22196.29999999997,78,84470.0,83695.0,775.0,84470.0,83695.0,775.0,True
719,CH,2026-02-01,2,0,0.0,2,0.0,0,0.0,0.0,0.0,0.0,0.0,0.0,False
719,CL,2026-02-01,2,0,0.0,2,0.0,0,0.0,0.0,0.0,0.0,0.0,0.0,False
719,CM,2026-02-01,1,1,5.92,1,5.92,0,0.0,0.0,0.0,0.0,0.0,0.0,False
719,CN,2026-02-01,1,1,8.14,1,8.14,0,0.0,0.0,0.0,0.0,0.0,0.0,False
719,CO,2026-02-01,1,0,0.0,1,0.0,0,0.0,0.0,0.0,0.0,0.0,0.0,False
719,CY,2026-02-01,1,1,9.62,1,9.62,0,0.0,0.0,0.0,0.0,0.0,0.0,False
719,CZ,2026-02-01,1,0,0.0,1,0.0,0,0.0,0.0,0.0,0.0,0.0,0.0,False
719,DE,2026-02-01,6,3,29.6,6,29.6,0,0.0,0.0,0.0,0.0,0.0,0.0,False
719,DJ,2026-02-01,1,1,8.14,1,8.14,0,0.0,0.0,0.0,0.0,0.0,0.0,False
719,DK,2026-02-01,1,1,11.1,1,11.1,0,0.0,0.0,0.0,0.0,0.0,0.0,False
719,DZ,2026-02-01,3,3,32.56,3,32.56,0,0.0,0.0,0.0,0.0,0.0,0.0,False
719,FI,2026-02-01,5,4,74.74000000000001,5,74.74000000000001,0,0.0,0.0,0.0,0.0,0.0,0.0,False
719,FR,2026-02-01,17,8,68.08,17,68.08,0,0.0,0.0,0.0,0.0,0.0,0.0,False
719,GA,2026-02-01,1,0,0.0,1,0.0,0,0.0,0.0,0.0,0.0,0.0,0.0,False
719,GB,2026-02-01,4409,2974,37870.98,4409,37870.98,169,185480.0,184785.0,695.0,185480.0,184785.0,695.0,True
719,GR,2026-02-01,1,0,0.0,1,0.0,0,0.0,0.0,0.0,0.0,0.0,0.0,False
719,GU,2026-02-01,1,0,0.0,1,0.0,0,0.0,0.0,0.0,0.0,0.0,0.0,False
719,HK,2026-02-01,1,0,0.0,1,0.0,0,0.0,0.0,0.0,0.0,0.0,0.0,False
719,HN,2026-02-01,1,0,0.0,1,0.0,0,0.0,0.0,0.0,0.0,0.0,0.0,False
719,ID,2026-02-01,2,1,18.5,2,18.5,0,0.0,0.0,0.0,0.0,0.0,0.0,False
719,IE,2026-02-01,9,4,36.260000000000005,9,36.260000000000005,0,0.0,0.0,0.0,0.0,0.0,0.0,False
719,IL,2026-02-01,3,2,28.119999999999997,3,28.119999999999997,0,0.0,0.0,0.0,0.0,0.0,0.0,False
719,IM,2026-02-01,1,1,5.92,1,5.92,0,0.0,0.0,0.0,0.0,0.0,0.0,False
719,IN,2026-02-01,12,6,41.44,12,41.44,0,0.0,0.0,0.0,0.0,0.0,0.0,False
719,IS,2026-02-01,1,0,0.0,1,0.0,0,0.0,0.0,0.0,0.0,0.0,0.0,False
719,IT,2026-02-01,2,1,8.14,2,8.14,0,0.0,0.0,0.0,0.0,0.0,0.0,False
719,JE,2026-02-01,1,1,11.1,1,11.1,0,0.0,0.0,0.0,0.0,0.0,0.0,False
719,JM,2026-02-01,2,0,0.0,2,0.0,0,0.0,0.0,0.0,0.0,0.0,0.0,False
719,JP,2026-02-01,6,4,26.639999999999997,6,26.639999999999997,0,0.0,0.0,0.0,0.0,0.0,0.0,False
719,KE,2026-02-01,20,14,89.54,20,89.54,0,0.0,0.0,0.0,0.0,0.0,0.0,False
719,KR,2026-02-01,1,0,0.0,1,0.0,0,0.0,0.0,0.0,0.0,0.0,0.0,False
719,ME,2026-02-01,1,1,11.1,1,11.1,0,0.0,0.0,0.0,0.0,0.0,0.0,False
719,MT,2026-02-01,1,1,18.5,1,18.5,0,0.0,0.0,0.0,0.0,0.0,0.0,False
719,MW,2026-02-01,1,1,5.92,1,5.92,0,0.0,0.0,0.0,0.0,0.0,0.0,False
719,MX,2026-02-01,10,9,78.44,10,78.44,0,0.0,0.0,0.0,0.0,0.0,0.0,False
719,MY,2026-02-01,2,1,18.5,2,18.5,1,65.0,65.0,0.0,65.0,65.0,0.0,False
719,NL,2026-02-01,20,14,100.64,20,100.64,0,0.0,0.0,0.0,0.0,0.0,0.0,False
719,NZ,2026-02-01,640,402,4565.799999999999,640,4565.799999999999,9,3690.0,3690.0,0.0,3690.0,3690.0,0.0,True
719,PH,2026-02-01,8,3,22.939999999999998,8,22.939999999999998,0,0.0,0.0,0.0,0.0,0.0,0.0,False
719,PK,2026-02-01,1,1,8.14,1,8.14,0,0.0,0.0,0.0,0.0,0.0,0.0,False
719,PL,2026-02-01,5,1,5.92,5,5.92,0,0.0,0.0,0.0,0.0,0.0,0.0,False
719,PR,2026-02-01,6,2,17.02,6,17.02,0,0.0,0.0,0.0,0.0,0.0,0.0,False
719,RO,2026-02-01,3,2,19.240000000000002,3,19.240000000000002,0,0.0,0.0,0.0,0.0,0.0,0.0,False
719,SE,2026-02-01,1,1,8.14,1,8.14,0,0.0,0.0,0.0,0.0,0.0,0.0,False
719,SG,2026-02-01,4,3,35.52,4,35.52,0,0.0,0.0,0.0,0.0,0.0,0.0,False
719,SL,2026-02-01,1,1,5.92,1,5.92,0,0.0,0.0,0.0,0.0,0.0,0.0,False
719,TJ,2026-02-01,2,2,22.2,2,22.2,0,0.0,0.0,0.0,0.0,0.0,0.0,False
719,TM,2026-02-01,1,0,0.0,1,0.0,0,0.0,0.0,0.0,0.0,0.0,0.0,False
719,TR,2026-02-01,1,1,5.92,1,5.92,0,0.0,0.0,0.0,0.0,0.0,0.0,False
719,TT,2026-02-01,2,0,0.0,2,0.0,0,0.0,0.0,0.0,0.0,0.0,0.0,False
719,UG,2026-02-01,11,8,68.82,11,68.82,0,0.0,0.0,0.0,0.0,0.0,0.0,False
719,UNKNOWN,2026-02-01,3,0,0.0,3,0.0,0,0.0,0.0,0.0,0.0,0.0,0.0,False
719,US,2026-02-01,10422,6265,93199.30000000045,10422,93199.30000000045,259,462355.0,461665.0,690.0,462355.0,461665.0,690.0,True
719,UY,2026-02-01,2,0,0.0,2,0.0,0,0.0,0.0,0.0,0.0,0.0,0.0,False
719,VC,2026-02-01,1,1,5.92,1,5.92,0,0.0,0.0,0.0,0.0,0.0,0.0,False
719,VI,2026-02-01,1,1,8.14,1,8.14,0,0.0,0.0,0.0,0.0,0.0,0.0,False
719,VN,2026-02-01,1,0,0.0,1,0.0,0,0.0,0.0,0.0,0.0,0.0,0.0,False
719,ZA,2026-02-01,10,4,32.56,10,32.56,0,0.0,0.0,0.0,0.0,0.0,0.0,False
730,AD,2026-02-01,1,1,14.8,1,14.8,0,0.0,0.0,0.0,0.0,0.0,0.0,False
730,AE,2026-02-01,4,4,103.6,4,103.6,0,0.0,0.0,0.0,0.0,0.0,0.0,False
730,AI,2026-02-01,3,2,74.0,3,74.0,0,0.0,0.0,0.0,0.0,0.0,0.0,False
730,AL,2026-02-01,4,3,88.8,4,88.8,0,0.0,0.0,0.0,0.0,0.0,0.0,False
730,AM,2026-02-01,1,0,0.0,1,0.0,0,0.0,0.0,0.0,0.0,0.0,0.0,False
730,AO,2026-02-01,5,4,81.39999999999999,5,81.39999999999999,0,0.0,0.0,0.0,0.0,0.0,0.0,False
730,AQ,2026-02-01,2,2,51.8,2,51.8,1,565.0,565.0,0.0,565.0,565.0,0.0,False
730,AT,2026-02-01,300,192,4639.8,300,4639.8,13,10490.0,10490.0,0.0,10490.0,10490.0,0.0,False
730,AU,2026-02-01,1284,871,19254.429999999997,1284,19254.429999999997,95,256180.0,255290.0,890.0,256180.0,255290.0,890.0,True
730,AW,2026-02-01,2,2,29.6,2,29.6,1,2650.0,2650.0,0.0,2650.0,2650.0,0.0,False
730,AX,2026-02-01,2,2,51.8,2,51.8,0,0.0,0.0,0.0,0.0,0.0,0.0,False
730,AZ,2026-02-01,1,0,0.0,1,0.0,0,0.0,0.0,0.0,0.0,0.0,0.0,False
730,BE,2026-02-01,1175,761,17278.999999999993,1175,17278.999999999993,54,52725.0,51885.0,840.0,52725.0,51885.0,840.0,True
730,BF,2026-02-01,1,0,0.0,1,0.0,0,0.0,0.0,0.0,0.0,0.0,0.0,False
730,BG,2026-02-01,14,9,177.6,14,177.6,0,0.0,0.0,0.0,0.0,0.0,0.0,False
730,BR,2026-02-01,5,3,66.6,5,66.6,0,0.0,0.0,0.0,0.0,0.0,0.0,False
730,BS,2026-02-01,1,1,37.0,1,37.0,0,0.0,0.0,0.0,0.0,0.0,0.0,False
730,BZ,2026-02-01,2,2,29.6,2,29.6,0,0.0,0.0,0.0,0.0,0.0,0.0,False
730,CA,2026-02-01,1575,1070,22547.800000000017,1575,22547.800000000017,87,71030.0,70940.0,90.0,71030.0,70940.0,90.0,True
730,CH,2026-02-01,462,301,6985.5999999999985,462,6985.5999999999985,29,41105.0,41105.0,0.0,41105.0,41105.0,0.0,False
730,CI,2026-02-01,2,2,51.8,2,51.8,0,0.0,0.0,0.0,0.0,0.0,0.0,False
730,CL,2026-02-01,2,2,51.8,2,51.8,0,0.0,0.0,0.0,0.0,0.0,0.0,False
730,CO,2026-02-01,5,4,103.6,5,103.6,0,0.0,0.0,0.0,0.0,0.0,0.0,False
730,CR,2026-02-01,1,1,14.8,1,14.8,0,0.0,0.0,0.0,0.0,0.0,0.0,False
730,CY,2026-02-01,2,2,51.8,2,51.8,0,0.0,0.0,0.0,0.0,0.0,0.0,False
730,CZ,2026-02-01,5,4,59.2,5,59.2,2,130.0,130.0,0.0,130.0,130.0,0.0,False
730,DE,2026-02-01,1984,1293,31694.940000000053,1984,31694.940000000053,110,52045.0,51855.0,190.0,52045.0,51855.0,190.0,True
730,DK,2026-02-01,559,387,8546.999999999995,559,8546.999999999995,33,56510.0,56510.0,0.0,56510.0,56510.0,0.0,True
730,DO,2026-02-01,4,4,103.6,4,103.6,1,150.0,150.0,0.0,150.0,150.0,0.0,False
730,DZ,2026-02-01,5,5,118.4,5,118.4,3,1730.0,1730.0,0.0,1730.0,1730.0,0.0,False
730,EC,2026-02-01,2,2,29.6,2,29.6,1,65.0,65.0,0.0,65.0,65.0,0.0,False
730,EE,2026-02-01,1,1,14.8,1,14.8,0,0.0,0.0,0.0,0.0,0.0,0.0,False
730,ES,2026-02-01,19,14,362.59999999999997,19,362.59999999999997,0,0.0,0.0,0.0,0.0,0.0,0.0,False
730,FI,2026-02-01,253,169,3782.880000000001,253,3782.880000000001,11,9680.0,9580.0,100.0,9680.0,9580.0,100.0,False
730,FR,2026-02-01,26,18,377.4,26,377.4,1,65.0,65.0,0.0,65.0,65.0,0.0,False
730,GB,2026-02-01,3530,2380,48972.460000000196,3530,48972.460000000196,173,164155.0,163790.0,365.0,164155.0,163790.0,365.0,True
730,GL,2026-02-01,1,1,37.0,1,37.0,0,0.0,0.0,0.0,0.0,0.0,0.0,False
730,GM,2026-02-01,1,1,14.8,1,14.8,0,0.0,0.0,0.0,0.0,0.0,0.0,False
730,GR,2026-02-01,2,2,51.8,2,51.8,0,0.0,0.0,0.0,0.0,0.0,0.0,False
730,GY,2026-02-01,2,1,14.8,2,14.8,0,0.0,0.0,0.0,0.0,0.0,0.0,False
730,HK,2026-02-01,3,1,14.8,3,14.8,0,0.0,0.0,0.0,0.0,0.0,0.0,False
730,HR,2026-02-01,5,4,59.2,5,59.2,0,0.0,0.0,0.0,0.0,0.0,0.0,False
730,HT,2026-02-01,1,0,0.0,1,0.0,1,65.0,65.0,0.0,65.0,65.0,0.0,False
730,HU,2026-02-01,4,4,81.39999999999999,4,81.39999999999999,1,65.0,65.0,0.0,65.0,65.0,0.0,False
730,ID,2026-02-01,3,2,51.8,3,51.8,0,0.0,0.0,0.0,0.0,0.0,0.0,False
730,IE,2026-02-01,4,2,29.6,4,29.6,0,0.0,0.0,0.0,0.0,0.0,0.0,False
730,IL,2026-02-01,1,1,14.8,1,14.8,0,0.0,0.0,0.0,0.0,0.0,0.0,False
730,IN,2026-02-01,9,4,103.6,9,103.6,0,0.0,0.0,0.0,0.0,0.0,0.0,False
730,IS,2026-02-01,72,45,976.8,72,976.8,4,605.0,605.0,0.0,605.0,605.0,0.0,False
730,IT,2026-02-01,8,5,96.2,8,96.2,2,710.0,710.0,0.0,710.0,710.0,0.0,False
730,JE,2026-02-01,2,1,14.8,2,14.8,0,0.0,0.0,0.0,0.0,0.0,0.0,False
730,JM,2026-02-01,2,1,14.8,2,14.8,0,0.0,0.0,0.0,0.0,0.0,0.0,False
730,JP,2026-02-01,3,2,74.0,3,74.0,0,0.0,0.0,0.0,0.0,0.0,0.0,False
730,KE,2026-02-01,1,1,14.8,1,14.8,0,0.0,0.0,0.0,0.0,0.0,0.0,False
730,KH,2026-02-01,1,1,14.8,1,14.8,0,0.0,0.0,0.0,0.0,0.0,0.0,False
730,KR,2026-02-01,3,2,29.6,3,29.6,0,0.0,0.0,0.0,0.0,0.0,0.0,False
730,KW,2026-02-01,1,1,14.8,1,14.8,0,0.0,0.0,0.0,0.0,0.0,0.0,False
730,KY,2026-02-01,1,0,0.0,1,0.0,0,0.0,0.0,0.0,0.0,0.0,0.0,False
730,KZ,2026-02-01,1,1,37.0,1,37.0,0,0.0,0.0,0.0,0.0,0.0,0.0,False
730,LC,2026-02-01,2,2,29.6,2,29.6,0,0.0,0.0,0.0,0.0,0.0,0.0,False
730,LT,2026-02-01,7,6,177.6,7,177.6,0,0.0,0.0,0.0,0.0,0.0,0.0,False
730,LU,2026-02-01,1,1,37.0,1,37.0,0,0.0,0.0,0.0,0.0,0.0,0.0,False
730,LV,2026-02-01,3,1,37.0,3,37.0,0,0.0,0.0,0.0,0.0,0.0,0.0,False
730,MA,2026-02-01,5,3,88.8,5,88.8,0,0.0,0.0,0.0,0.0,0.0,0.0,False
730,MD,2026-02-01,1,1,14.8,1,14.8,0,0.0,0.0,0.0,0.0,0.0,0.0,False
730,MK,2026-02-01,1,0,0.0,1,0.0,0,0.0,0.0,0.0,0.0,0.0,0.0,False
730,MT,2026-02-01,2,1,14.8,2,14.8,0,0.0,0.0,0.0,0.0,0.0,0.0,False
730,MX,2026-02-01,15,10,192.39999999999998,15,192.39999999999998,1,245.0,245.0,0.0,245.0,245.0,0.0,False
730,MY,2026-02-01,2,1,37.0,2,37.0,0,0.0,0.0,0.0,0.0,0.0,0.0,False
730,NA,2026-02-01,2,2,29.6,2,29.6,0,0.0,0.0,0.0,0.0,0.0,0.0,False
730,NL,2026-02-01,28,17,429.2,28,429.2,0,0.0,0.0,0.0,0.0,0.0,0.0,False
730,NO,2026-02-01,342,223,5076.4,342,5076.4,15,8330.0,8330.0,0.0,8330.0,8330.0,0.0,False
730,NZ,2026-02-01,318,201,4387.83,318,4387.83,22,19750.0,19660.0,90.0,19750.0,19660.0,90.0,False
730,PA,2026-02-01,3,2,29.6,3,29.6,0,0.0,0.0,0.0,0.0,0.0,0.0,False
730,PE,2026-02-01,1,1,14.8,1,14.8,0,0.0,0.0,0.0,0.0,0.0,0.0,False
730,PG,2026-02-01,1,1,37.0,1,37.0,1,250.0,250.0,0.0,250.0,250.0,0.0,False
730,PH,2026-02-01,21,17,429.19999999999993,21,429.19999999999993,3,2505.0,2505.0,0.0,2505.0,2505.0,0.0,False
730,PK,2026-02-01,1,0,0.0,1,0.0,0,0.0,0.0,0.0,0.0,0.0,0.0,False
730,PL,2026-02-01,9,7,125.8,9,125.8,0,0.0,0.0,0.0,0.0,0.0,0.0,False
730,PR,2026-02-01,5,5,74.0,5,74.0,0,0.0,0.0,0.0,0.0,0.0,0.0,False
730,PT,2026-02-01,7,3,66.6,7,66.6,2,215.0,215.0,0.0,215.0,215.0,0.0,False
730,PY,2026-02-01,1,0,0.0,1,0.0,0,0.0,0.0,0.0,0.0,0.0,0.0,False
730,RO,2026-02-01,12,4,81.39999999999999,12,81.39999999999999,0,0.0,0.0,0.0,0.0,0.0,0.0,False
730,RS,2026-02-01,2,2,51.8,2,51.8,0,0.0,0.0,0.0,0.0,0.0,0.0,False
730,SA,2026-02-01,3,2,29.6,3,29.6,0,0.0,0.0,0.0,0.0,0.0,0.0,False
730,SE,2026-02-01,579,405,8324.999999999995,579,8324.999999999995,29,8180.0,8115.0,65.0,8180.0,8115.0,65.0,True
730,SG,2026-02-01,3,2,51.8,3,51.8,0,0.0,0.0,0.0,0.0,0.0,0.0,False
730,SI,2026-02-01,1,0,0.0,1,0.0,0,0.0,0.0,0.0,0.0,0.0,0.0,False
730,TH,2026-02-01,34,24,710.4,34,710.4,4,660.0,660.0,0.0,660.0,660.0,0.0,False
730,TJ,2026-02-01,1,1,14.8,1,14.8,0,0.0,0.0,0.0,0.0,0.0,0.0,False
730,TR,2026-02-01,2,2,74.0,2,74.0,0,0.0,0.0,0.0,0.0,0.0,0.0,False
730,TW,2026-02-01,1,1,37.0,1,37.0,0,0.0,0.0,0.0,0.0,0.0,0.0,False
730,TZ,2026-02-01,2,1,14.8,2,14.8,0,0.0,0.0,0.0,0.0,0.0,0.0,False
730,UNKNOWN,2026-02-01,1,1,14.8,1,14.8,0,0.0,0.0,0.0,0.0,0.0,0.0,False
730,US,2026-02-01,19845,14296,285020.6199999974,19845,285020.6199999974,1146,1652335.0,1643090.0,9245.0,1652335.0,1643090.0,9245.0,True
730,VI,2026-02-01,2,2,29.6,2,29.6,0,0.0,0.0,0.0,0.0,0.0,0.0,False
730,VN,2026-02-01,7,4,125.8,7,125.8,0,0.0,0.0,0.0,0.0,0.0,0.0,False
730,ZA,2026-02-01,2,1,14.8,2,14.8,0,0.0,0.0,0.0,0.0,0.0,0.0,False
730,ZM,2026-02-01,1,0,0.0,1,0.0,0,0.0,0.0,0.0,0.0,0.0,0.0,False
833,AD,2026-02-01,3,2,12.21,3,12.21,1,255.0,255.0,0.0,255.0,255.0,0.0,False
833,AG,2026-02-01,4,1,9.62,4,9.62,1,250.0,250.0,0.0,250.0,250.0,0.0,False
833,AL,2026-02-01,6,1,7.03,6,7.03,1,150.0,150.0,0.0,150.0,150.0,0.0,False
833,AQ,2026-02-01,1,0,0.0,1,0.0,0,0.0,0.0,0.0,0.0,0.0,0.0,False
833,AS,2026-02-01,7,2,11.469999999999999,7,11.469999999999999,0,0.0,0.0,0.0,0.0,0.0,0.0,False
833,AT,2026-02-01,5,0,0.0,5,0.0,0,0.0,0.0,0.0,0.0,0.0,0.0,False
833,AU,2026-02-01,7052,2443,19455.709999999992,7052,19455.709999999992,113,198250.0,198205.0,45.0,198250.0,198205.0,45.0,True
833,AX,2026-02-01,6,3,21.46,6,21.46,0,0.0,0.0,0.0,0.0,0.0,0.0,False
833,BD,2026-02-01,2,0,0.0,2,0.0,0,0.0,0.0,0.0,0.0,0.0,0.0,False
833,BE,2026-02-01,70,19,133.94,70,133.94,0,0.0,0.0,0.0,0.0,0.0,0.0,False
833,BH,2026-02-01,1,1,5.18,1,5.18,0,0.0,0.0,0.0,0.0,0.0,0.0,False
833,BQ,2026-02-01,1,0,0.0,1,0.0,0,0.0,0.0,0.0,0.0,0.0,0.0,False
833,BR,2026-02-01,9,1,5.18,9,5.18,0,0.0,0.0,0.0,0.0,0.0,0.0,False
833,BT,2026-02-01,1,1,9.62,1,9.62,0,0.0,0.0,0.0,0.0,0.0,0.0,False
833,CA,2026-02-01,16069,5105,41549.14999999985,16069,41549.14999999985,155,521190.0,520280.0,910.0,521190.0,520280.0,910.0,True
833,CL,2026-02-01,3,1,5.18,3,5.18,1,380.0,380.0,0.0,380.0,380.0,0.0,False
833,CM,2026-02-01,2,0,0.0,2,0.0,1,65.0,65.0,0.0,65.0,65.0,0.0,False
833,CO,2026-02-01,1,0,0.0,1,0.0,0,0.0,0.0,0.0,0.0,0.0,0.0,False
833,CR,2026-02-01,2,1,5.18,2,5.18,0,0.0,0.0,0.0,0.0,0.0,0.0,False
833,CY,2026-02-01,9,2,10.36,9,10.36,0,0.0,0.0,0.0,0.0,0.0,0.0,False
833,DE,2026-02-01,15,3,15.54,15,15.54,0,0.0,0.0,0.0,0.0,0.0,0.0,False
833,DO,2026-02-01,4,1,7.03,4,7.03,0,0.0,0.0,0.0,0.0,0.0,0.0,False
833,DZ,2026-02-01,4,1,7.03,4,7.03,0,0.0,0.0,0.0,0.0,0.0,0.0,False
833,EE,2026-02-01,4,0,0.0,4,0.0,0,0.0,0.0,0.0,0.0,0.0,0.0,False
833,EH,2026-02-01,1,0,0.0,1,0.0,0,0.0,0.0,0.0,0.0,0.0,0.0,False
833,FI,2026-02-01,2,1,7.03,2,7.03,0,0.0,0.0,0.0,0.0,0.0,0.0,False
833,FR,2026-02-01,1,0,0.0,1,0.0,0,0.0,0.0,0.0,0.0,0.0,0.0,False
833,GB,2026-02-01,18809,5917,47461.74999999967,18809,47461.74999999967,255,143330.0,142910.0,420.0,143330.0,142910.0,420.0,True
833,GE,2026-02-01,1,0,0.0,1,0.0,0,0.0,0.0,0.0,0.0,0.0,0.0,False
833,GL,2026-02-01,1,0,0.0,1,0.0,0,0.0,0.0,0.0,0.0,0.0,0.0,False
833,GM,2026-02-01,2,1,5.18,2,5.18,0,0.0,0.0,0.0,0.0,0.0,0.0,False
833,GR,2026-02-01,2,1,6.29,2,6.29,0,0.0,0.0,0.0,0.0,0.0,0.0,False
833,GT,2026-02-01,1,1,5.18,1,5.18,0,0.0,0.0,0.0,0.0,0.0,0.0,False
833,HK,2026-02-01,1,0,0.0,1,0.0,0,0.0,0.0,0.0,0.0,0.0,0.0,False
833,HN,2026-02-01,1,1,6.29,1,6.29,0,0.0,0.0,0.0,0.0,0.0,0.0,False
833,HT,2026-02-01,1,0,0.0,1,0.0,0,0.0,0.0,0.0,0.0,0.0,0.0,False
833,ID,2026-02-01,1,0,0.0,1,0.0,0,0.0,0.0,0.0,0.0,0.0,0.0,False
833,IE,2026-02-01,1765,575,4176.929999999993,1765,4176.929999999993,17,6295.0,6265.0,30.0,6295.0,6265.0,30.0,True
833,IL,2026-02-01,1,0,0.0,1,0.0,0,0.0,0.0,0.0,0.0,0.0,0.0,False
833,IN,2026-02-01,1,0,0.0,1,0.0,0,0.0,0.0,0.0,0.0,0.0,0.0,False
833,JP,2026-02-01,1,0,0.0,1,0.0,0,0.0,0.0,0.0,0.0,0.0,0.0,False
833,KY,2026-02-01,3,1,5.18,3,5.18,0,0.0,0.0,0.0,0.0,0.0,0.0,False
833,LT,2026-02-01,1,0,0.0,1,0.0,0,0.0,0.0,0.0,0.0,0.0,0.0,False
833,MD,2026-02-01,13,3,21.83,13,21.83,0,0.0,0.0,0.0,0.0,0.0,0.0,False
833,MX,2026-02-01,7,1,6.29,7,6.29,0,0.0,0.0,0.0,0.0,0.0,0.0,False
833,NE,2026-02-01,1,1,5.18,1,5.18,0,0.0,0.0,0.0,0.0,0.0,0.0,False
833,NL,2026-02-01,3,0,0.0,3,0.0,0,0.0,0.0,0.0,0.0,0.0,0.0,False
833,NO,2026-02-01,3,0,0.0,3,0.0,0,0.0,0.0,0.0,0.0,0.0,0.0,False
833,NZ,2026-02-01,3279,916,6693.6699999999855,3279,6693.6699999999855,35,8310.0,8270.0,40.0,8310.0,8270.0,40.0,True
833,PA,2026-02-01,1,0,0.0,1,0.0,0,0.0,0.0,0.0,0.0,0.0,0.0,False
833,PL,2026-02-01,1,1,7.03,1,7.03,0,0.0,0.0,0.0,0.0,0.0,0.0,False
833,PR,2026-02-01,30,11,68.07999999999998,30,68.07999999999998,0,0.0,0.0,0.0,0.0,0.0,0.0,False
833,RO,2026-02-01,2,0,0.0,2,0.0,0,0.0,0.0,0.0,0.0,0.0,0.0,False
833,RS,2026-02-01,2,0,0.0,2,0.0,0,0.0,0.0,0.0,0.0,0.0,0.0,False
833,SA,2026-02-01,3,1,5.18,3,5.18,0,0.0,0.0,0.0,0.0,0.0,0.0,False
833,SG,2026-02-01,1,0,0.0,1,0.0,0,0.0,0.0,0.0,0.0,0.0,0.0,False
833,TR,2026-02-01,1,0,0.0,1,0.0,0,0.0,0.0,0.0,0.0,0.0,0.0,False
833,UA,2026-02-01,1,0,0.0,1,0.0,0,0.0,0.0,0.0,0.0,0.0,0.0,False
833,UNKNOWN,2026-02-01,1,1,6.29,1,6.29,0,0.0,0.0,0.0,0.0,0.0,0.0,False
833,US,2026-02-01,101846,33519,248326.1660000021,101846,248326.1660000021,1234,1240375.0,1236705.0,3670.0,1240375.0,1236705.0,3670.0,True
833,ZA,2026-02-01,2,1,7.03,2,7.03,0,0.0,0.0,0.0,0.0,0.0,0.0,False
851,AD,2026-02-01,24,10,2.7750000000000004,24,2.7750000000000004,3,1320.0,1320.0,0.0,1320.0,1320.0,0.0,False
851,AE,2026-02-01,578,66,20.905,578,20.905,6,480.0,480.0,0.0,480.0,480.0,0.0,True
851,AF,2026-02-01,1,0,0.0,1,0.0,0,0.0,0.0,0.0,0.0,0.0,0.0,False
851,AL,2026-02-01,305,64,41.218,305,41.218,1,585.0,585.0,0.0,585.0,585.0,0.0,False
851,AR,2026-02-01,286,57,64.56500000000001,286,64.56500000000001,0,0.0,0.0,0.0,0.0,0.0,0.0,False
851,AS,2026-02-01,1,1,0.185,1,0.185,0,0.0,0.0,0.0,0.0,0.0,0.0,False
851,AT,2026-02-01,13,1,0.37,13,0.37,0,0.0,0.0,0.0,0.0,0.0,0.0,False
851,AU,2026-02-01,232,74,215.70999999999998,232,215.70999999999998,2,505.0,505.0,0.0,505.0,505.0,0.0,False
851,AX,2026-02-01,5,1,2.59,5,2.59,1,250.0,250.0,0.0,250.0,250.0,0.0,False
851,AZ,2026-02-01,243,35,8.325,243,8.325,0,0.0,0.0,0.0,0.0,0.0,0.0,False
851,BB,2026-02-01,16,5,1.1099999999999999,16,1.1099999999999999,0,0.0,0.0,0.0,0.0,0.0,0.0,False
851,BD,2026-02-01,4,0,0.0,4,0.0,0,0.0,0.0,0.0,0.0,0.0,0.0,False
851,BE,2026-02-01,287,77,170.12600000000003,287,170.12600000000003,1,65.0,65.0,0.0,65.0,65.0,0.0,False
851,BF,2026-02-01,2,0,0.0,2,0.0,0,0.0,0.0,0.0,0.0,0.0,0.0,False
851,BG,2026-02-01,50,10,9.509,50,9.509,0,0.0,0.0,0.0,0.0,0.0,0.0,False
851,BH,2026-02-01,84,12,12.432,84,12.432,0,0.0,0.0,0.0,0.0,0.0,0.0,False
851,BJ,2026-02-01,1,0,0.0,1,0.0,0,0.0,0.0,0.0,0.0,0.0,0.0,False
851,BO,2026-02-01,246,27,12.321000000000002,246,12.321000000000002,0,0.0,0.0,0.0,0.0,0.0,0.0,False
851,BR,2026-02-01,401,85,32.56,401,32.56,1,65.0,65.0,0.0,65.0,65.0,0.0,False
851,BS,2026-02-01,24,2,0.5549999999999999,24,0.5549999999999999,0,0.0,0.0,0.0,0.0,0.0,0.0,False
851,BT,2026-02-01,2,0,0.0,2,0.0,0,0.0,0.0,0.0,0.0,0.0,0.0,False
851,BW,2026-02-01,2,0,0.0,2,0.0,0,0.0,0.0,0.0,0.0,0.0,0.0,False
851,BZ,2026-02-01,78,15,3.8850000000000002,78,3.8850000000000002,0,0.0,0.0,0.0,0.0,0.0,0.0,False
851,CA,2026-02-01,1095,408,1413.3630000000003,1095,1413.3630000000003,11,1740.0,1740.0,0.0,1740.0,1740.0,0.0,True
851,CH,2026-02-01,50,14,32.93,50,32.93,0,0.0,0.0,0.0,0.0,0.0,0.0,False
851,CI,2026-02-01,2,0,0.0,2,0.0,0,0.0,0.0,0.0,0.0,0.0,0.0,False
851,CL,2026-02-01,3577,1153,1023.9749999999999,3577,1023.9749999999999,12,1525.0,1525.0,0.0,1525.0,1525.0,0.0,True
851,CM,2026-02-01,2,0,0.0,2,0.0,0,0.0,0.0,0.0,0.0,0.0,0.0,False
851,CN,2026-02-01,28,2,0.5549999999999999,28,0.5549999999999999,1,65.0,65.0,0.0,65.0,65.0,0.0,False
851,CO,2026-02-01,229,31,17.908,229,17.908,0,0.0,0.0,0.0,0.0,0.0,0.0,False
851,CR,2026-02-01,76,19,11.84,76,11.84,0,0.0,0.0,0.0,0.0,0.0,0.0,False
851,CW,2026-02-01,28,9,4.218,28,4.218,1,355.0,355.0,0.0,355.0,355.0,0.0,False
851,CY,2026-02-01,164,29,17.019999999999996,164,17.019999999999996,2,305.0,305.0,0.0,305.0,305.0,0.0,False
851,CZ,2026-02-01,18,7,14.059999999999999,18,14.059999999999999,1,3365.0,3365.0,0.0,3365.0,3365.0,0.0,False
851,DE,2026-02-01,1003,202,222.51799999999994,1003,222.51799999999994,3,430.0,430.0,0.0,430.0,430.0,0.0,True
851,DK,2026-02-01,38,8,16.095,38,16.095,0,0.0,0.0,0.0,0.0,0.0,0.0,False
851,DO,2026-02-01,121,19,4.625,121,4.625,1,65.0,65.0,0.0,65.0,65.0,0.0,False
851,DZ,2026-02-01,1,1,2.2199999999999998,1,2.2199999999999998,0,0.0,0.0,0.0,0.0,0.0,0.0,False
851,EC,2026-02-01,363,56,27.195,363,27.195,0,0.0,0.0,0.0,0.0,0.0,0.0,False
851,EE,2026-02-01,3,1,1.85,3,1.85,0,0.0,0.0,0.0,0.0,0.0,0.0,False
851,EG,2026-02-01,2,0,0.0,2,0.0,0,0.0,0.0,0.0,0.0,0.0,0.0,False
851,ES,2026-02-01,856,299,622.7839999999998,856,622.7839999999998,5,6565.0,6565.0,0.0,6565.0,6565.0,0.0,True
851,ET,2026-02-01,1,0,0.0,1,0.0,0,0.0,0.0,0.0,0.0,0.0,0.0,False
851,FI,2026-02-01,50,17,38.257999999999996,50,38.257999999999996,0,0.0,0.0,0.0,0.0,0.0,0.0,False
851,FJ,2026-02-01,87,11,4.662,87,4.662,0,0.0,0.0,0.0,0.0,0.0,0.0,False
851,FM,2026-02-01,7,0,0.0,7,0.0,0,0.0,0.0,0.0,0.0,0.0,0.0,False
851,FO,2026-02-01,3,1,0.74,3,0.74,0,0.0,0.0,0.0,0.0,0.0,0.0,False
851,FR,2026-02-01,1306,475,1016.6119999999999,1306,1016.6119999999999,3,325.0,325.0,0.0,325.0,325.0,0.0,True
851,GB,2026-02-01,201,51,140.23000000000002,201,140.23000000000002,1,65.0,65.0,0.0,65.0,65.0,0.0,False
851,GD,2026-02-01,9,3,1.295,9,1.295,0,0.0,0.0,0.0,0.0,0.0,0.0,False
851,GE,2026-02-01,253,40,52.429,253,52.429,0,0.0,0.0,0.0,0.0,0.0,0.0,False
851,GF,2026-02-01,30,5,0.925,30,0.925,0,0.0,0.0,0.0,0.0,0.0,0.0,False
851,GG,2026-02-01,5,1,0.185,5,0.185,0,0.0,0.0,0.0,0.0,0.0,0.0,False
851,GL,2026-02-01,13,1,0.37,13,0.37,0,0.0,0.0,0.0,0.0,0.0,0.0,False
851,GM,2026-02-01,10,2,4.4399999999999995,10,4.4399999999999995,0,0.0,0.0,0.0,0.0,0.0,0.0,False
851,GN,2026-02-01,4,0,0.0,4,0.0,0,0.0,0.0,0.0,0.0,0.0,0.0,False
851,GP,2026-02-01,66,7,2.2199999999999998,66,2.2199999999999998,0,0.0,0.0,0.0,0.0,0.0,0.0,False
851,GR,2026-02-01,7,0,0.0,7,0.0,0,0.0,0.0,0.0,0.0,0.0,0.0,False
851,GU,2026-02-01,56,20,6.845000000000001,56,6.845000000000001,1,2400.0,2400.0,0.0,2400.0,2400.0,0.0,False
851,GY,2026-02-01,208,44,13.690000000000001,208,13.690000000000001,0,0.0,0.0,0.0,0.0,0.0,0.0,False
851,HK,2026-02-01,487,44,12.21,487,12.21,0,0.0,0.0,0.0,0.0,0.0,0.0,False
851,HR,2026-02-01,32,2,4.4399999999999995,32,4.4399999999999995,1,65.0,65.0,0.0,65.0,65.0,0.0,False
851,HT,2026-02-01,83,6,2.035,83,2.035,0,0.0,0.0,0.0,0.0,0.0,0.0,False
851,HU,2026-02-01,134,37,78.07000000000001,134,78.07000000000001,1,110.0,110.0,0.0,110.0,110.0,0.0,False
851,ID,2026-02-01,10,0,0.0,10,0.0,0,0.0,0.0,0.0,0.0,0.0,0.0,False
851,IE,2026-02-01,148,42,54.131,148,54.131,1,210.0,210.0,0.0,210.0,210.0,0.0,False
851,IL,2026-02-01,434,91,161.764,434,161.764,2,2850.0,2850.0,0.0,2850.0,2850.0,0.0,False
851,IM,2026-02-01,4,1,0.37,4,0.37,0,0.0,0.0,0.0,0.0,0.0,0.0,False
851,IN,2026-02-01,15,1,0.185,15,0.185,0,0.0,0.0,0.0,0.0,0.0,0.0,False
851,IS,2026-02-01,21,6,13.319999999999997,21,13.319999999999997,0,0.0,0.0,0.0,0.0,0.0,0.0,False
851,IT,2026-02-01,1090,310,664.0020000000002,1090,664.0020000000002,6,8650.0,8650.0,0.0,8650.0,8650.0,0.0,True
851,JE,2026-02-01,16,6,2.035,16,2.035,0,0.0,0.0,0.0,0.0,0.0,0.0,False
851,JM,2026-02-01,366,91,31.265000000000004,366,31.265000000000004,0,0.0,0.0,0.0,0.0,0.0,0.0,False
851,JP,2026-02-01,1676,349,637.473,1676,637.473,2,130.0,130.0,0.0,130.0,130.0,0.0,True
851,KE,2026-02-01,333,27,27.306000000000004,333,27.306000000000004,1,155.0,155.0,0.0,155.0,155.0,0.0,False
851,KG,2026-02-01,138,16,6.659999999999999,138,6.659999999999999,0,0.0,0.0,0.0,0.0,0.0,0.0,False
851,KH,2026-02-01,2,0,0.0,2,0.0,0,0.0,0.0,0.0,0.0,0.0,0.0,False
851,KI,2026-02-01,39,8,2.405,39,2.405,0,0.0,0.0,0.0,0.0,0.0,0.0,False
851,KN,2026-02-01,1,0,0.0,1,0.0,0,0.0,0.0,0.0,0.0,0.0,0.0,False
851,KR,2026-02-01,467,88,28.971000000000004,467,28.971000000000004,5,3020.0,3020.0,0.0,3020.0,3020.0,0.0,False
851,KW,2026-02-01,179,21,7.3999999999999995,179,7.3999999999999995,1,65.0,65.0,0.0,65.0,65.0,0.0,False
851,KY,2026-02-01,1,0,0.0,1,0.0,0,0.0,0.0,0.0,0.0,0.0,0.0,False
851,KZ,2026-02-01,2,0,0.0,2,0.0,0,0.0,0.0,0.0,0.0,0.0,0.0,False
851,LA,2026-02-01,17,2,0.74,17,0.74,0,0.0,0.0,0.0,0.0,0.0,0.0,False
851,LC,2026-02-01,13,2,0.925,13,0.925,0,0.0,0.0,0.0,0.0,0.0,0.0,False
851,LT,2026-02-01,37,9,6.438000000000001,37,6.438000000000001,0,0.0,0.0,0.0,0.0,0.0,0.0,False
851,LU,2026-02-01,59,6,12.209999999999999,59,12.209999999999999,1,775.0,775.0,0.0,775.0,775.0,0.0,False
851,LV,2026-02-01,19,3,4.884,19,4.884,0,0.0,0.0,0.0,0.0,0.0,0.0,False
851,MA,2026-02-01,1,1,2.2199999999999998,1,2.2199999999999998,0,0.0,0.0,0.0,0.0,0.0,0.0,False
851,MC,2026-02-01,6,0,0.0,6,0.0,0,0.0,0.0,0.0,0.0,0.0,0.0,False
851,MD,2026-02-01,46,14,16.613000000000003,46,16.613000000000003,1,110.0,110.0,0.0,110.0,110.0,0.0,False
851,ME,2026-02-01,47,8,4.588,47,4.588,0,0.0,0.0,0.0,0.0,0.0,0.0,False
851,MG,2026-02-01,16,2,1.8130000000000002,16,1.8130000000000002,0,0.0,0.0,0.0,0.0,0.0,0.0,False
851,MK,2026-02-01,83,22,8.325000000000001,83,8.325000000000001,0,0.0,0.0,0.0,0.0,0.0,0.0,False
851,MP,2026-02-01,3,0,0.0,3,0.0,0,0.0,0.0,0.0,0.0,0.0,0.0,False
851,MQ,2026-02-01,69,14,9.397999999999998,69,9.397999999999998,0,0.0,0.0,0.0,0.0,0.0,0.0,False
851,MR,2026-02-01,9,0,0.0,9,0.0,0,0.0,0.0,0.0,0.0,0.0,0.0,False
851,MT,2026-02-01,116,31,46.916000000000004,116,46.916000000000004,2,215.0,215.0,0.0,215.0,215.0,0.0,False
851,MU,2026-02-01,41,11,11.692000000000002,41,11.692000000000002,0,0.0,0.0,0.0,0.0,0.0,0.0,False
851,MW,2026-02-01,1,0,0.0,1,0.0,0,0.0,0.0,0.0,0.0,0.0,0.0,False
851,MX,2026-02-01,2907,681,754.2820000000002,2907,754.2820000000002,5,525.0,525.0,0.0,525.0,525.0,0.0,True
851,MY,2026-02-01,2121,400,340.36299999999994,2121,340.36299999999994,3,7130.0,7130.0,0.0,7130.0,7130.0,0.0,True
851,NC,2026-02-01,51,8,2.775,51,2.775,0,0.0,0.0,0.0,0.0,0.0,0.0,False
851,NE,2026-02-01,3,0,0.0,3,0.0,0,0.0,0.0,0.0,0.0,0.0,0.0,False
851,NL,2026-02-01,793,182,302.401,793,302.401,7,500.0,500.0,0.0,500.0,500.0,0.0,True
851,NO,2026-02-01,28,6,7.215,28,7.215,0,0.0,0.0,0.0,0.0,0.0,0.0,False
851,NP,2026-02-01,1,0,0.0,1,0.0,0,0.0,0.0,0.0,0.0,0.0,0.0,False
851,NZ,2026-02-01,109,18,87.32,109,87.32,1,65.0,65.0,0.0,65.0,65.0,0.0,False
851,OM,2026-02-01,163,20,17.464000000000002,163,17.464000000000002,0,0.0,0.0,0.0,0.0,0.0,0.0,False
851,PE,2026-02-01,756,98,32.19,756,32.19,2,205.0,205.0,0.0,205.0,205.0,0.0,True
851,PF,2026-02-01,76,21,6.660000000000001,76,6.660000000000001,0,0.0,0.0,0.0,0.0,0.0,0.0,False
851,PG,2026-02-01,1032,249,88.09700000000001,1032,88.09700000000001,2,8660.0,8570.0,90.0,8660.0,8570.0,90.0,True
851,PH,2026-02-01,13,4,1.1099999999999999,13,1.1099999999999999,0,0.0,0.0,0.0,0.0,0.0,0.0,False
851,PK,2026-02-01,6,0,0.0,6,0.0,0,0.0,0.0,0.0,0.0,0.0,0.0,False
851,PL,2026-02-01,248,52,57.31299999999999,248,57.31299999999999,1,155.0,155.0,0.0,155.0,155.0,0.0,False
851,PR,2026-02-01,116,22,18.944,116,18.944,0,0.0,0.0,0.0,0.0,0.0,0.0,False
851,PT,2026-02-01,538,142,323.306,538,323.306,4,460.0,460.0,0.0,460.0,460.0,0.0,True
851,PW,2026-02-01,1,0,0.0,1,0.0,0,0.0,0.0,0.0,0.0,0.0,0.0,False
851,PY,2026-02-01,457,47,14.430000000000001,457,14.430000000000001,0,0.0,0.0,0.0,0.0,0.0,0.0,False
851,QA,2026-02-01,289,43,46.361000000000004,289,46.361000000000004,1,2170.0,2170.0,0.0,2170.0,2170.0,0.0,False
851,RO,2026-02-01,48,10,25.345,48,25.345,0,0.0,0.0,0.0,0.0,0.0,0.0,False
851,RS,2026-02-01,566,147,53.354,566,53.354,3,4935.0,4935.0,0.0,4935.0,4935.0,0.0,True
851,RU,2026-02-01,3,0,0.0,3,0.0,0,0.0,0.0,0.0,0.0,0.0,0.0,False
851,SA,2026-02-01,821,138,56.61,821,56.61,0,0.0,0.0,0.0,0.0,0.0,0.0,True
851,SC,2026-02-01,11,1,0.37,11,0.37,0,0.0,0.0,0.0,0.0,0.0,0.0,False
851,SE,2026-02-01,92,36,70.596,92,70.596,0,0.0,0.0,0.0,0.0,0.0,0.0,False
851,SG,2026-02-01,630,112,100.78800000000001,630,100.78800000000001,3,775.0,775.0,0.0,775.0,775.0,0.0,True
851,SI,2026-02-01,27,4,5.92,27,5.92,0,0.0,0.0,0.0,0.0,0.0,0.0,False
851,SK,2026-02-01,57,12,16.28,57,16.28,0,0.0,0.0,0.0,0.0,0.0,0.0,False
851,SM,2026-02-01,4,1,0.74,4,0.74,0,0.0,0.0,0.0,0.0,0.0,0.0,False
851,SR,2026-02-01,120,28,10.138,120,10.138,1,295.0,295.0,0.0,295.0,295.0,0.0,False
851,SV,2026-02-01,570,67,21.830000000000002,570,21.830000000000002,2,215.0,215.0,0.0,215.0,215.0,0.0,True
851,TD,2026-02-01,1,0,0.0,1,0.0,0,0.0,0.0,0.0,0.0,0.0,0.0,False
851,TG,2026-02-01,1,0,0.0,1,0.0,0,0.0,0.0,0.0,0.0,0.0,0.0,False
851,TH,2026-02-01,688,122,38.443,688,38.443,4,1405.0,1405.0,0.0,1405.0,1405.0,0.0,True
851,TL,2026-02-01,1,0,0.0,1,0.0,0,0.0,0.0,0.0,0.0,0.0,0.0,False
851,TM,2026-02-01,1,1,0.37,1,0.37,0,0.0,0.0,0.0,0.0,0.0,0.0,False
851,TO,2026-02-01,1,1,2.2199999999999998,1,2.2199999999999998,0,0.0,0.0,0.0,0.0,0.0,0.0,False
851,TR,2026-02-01,921,102,28.305000000000003,921,28.305000000000003,3,515.0,515.0,0.0,515.0,515.0,0.0,True
851,TT,2026-02-01,422,142,51.8,422,51.8,0,0.0,0.0,0.0,0.0,0.0,0.0,False
851,TW,2026-02-01,1101,221,76.03499999999998,1101,76.03499999999998,2,400.0,400.0,0.0,400.0,400.0,0.0,True
851,TZ,2026-02-01,2,0,0.0,2,0.0,0,0.0,0.0,0.0,0.0,0.0,0.0,False
851,UA,2026-02-01,3,1,0.185,3,0.185,0,0.0,0.0,0.0,0.0,0.0,0.0,False
851,UG,2026-02-01,1,0,0.0,1,0.0,0,0.0,0.0,0.0,0.0,0.0,0.0,False
851,UNKNOWN,2026-02-01,23,4,8.14,23,8.14,0,0.0,0.0,0.0,0.0,0.0,0.0,False
851,US,2026-02-01,4393,1252,6567.981000000011,4393,6567.981000000011,52,12825.0,12825.0,0.0,12825.0,12825.0,0.0,True
851,UY,2026-02-01,46,6,4.4030000000000005,46,4.4030000000000005,0,0.0,0.0,0.0,0.0,0.0,0.0,False
851,UZ,2026-02-01,1007,95,41.92100000000001,1007,41.92100000000001,1,65.0,65.0,0.0,65.0,65.0,0.0,True
851,VC,2026-02-01,3,0,0.0,3,0.0,0,0.0,0.0,0.0,0.0,0.0,0.0,False
851,VG,2026-02-01,1,0,0.0,1,0.0,0,0.0,0.0,0.0,0.0,0.0,0.0,False
851,VN,2026-02-01,1434,142,101.861,1434,101.861,1,65.0,65.0,0.0,65.0,65.0,0.0,True
851,VU,2026-02-01,70,17,7.215,70,7.215,0,0.0,0.0,0.0,0.0,0.0,0.0,False
851,XK,2026-02-01,8,1,0.185,8,0.185,0,0.0,0.0,0.0,0.0,0.0,0.0,False
851,YT,2026-02-01,1,0,0.0,1,0.0,0,0.0,0.0,0.0,0.0,0.0,0.0,False
851,ZA,2026-02-01,304,66,23.458,304,23.458,2,230.0,230.0,0.0,230.0,230.0,0.0,False
851,ZW,2026-02-01,1,0,0.0,1,0.0,0,0.0,0.0,0.0,0.0,0.0,0.0,False
889,CH,2026-02-01,1,0,0.0,1,0.0,0,0.0,0.0,0.0,0.0,0.0,0.0,False
889,DE,2026-02-01,123,4,805.12,123,805.12,5,1210.0,1210.0,0.0,1210.0,1210.0,0.0,False
889,ES,2026-02-01,1066,19,4067.7799999999997,1066,4067.7799999999997,26,8645.0,8645.0,0.0,8645.0,8645.0,0.0,True
889,FR,2026-02-01,2043,26,5828.239999999999,2043,5828.239999999999,42,46015.0,45215.0,800.0,46015.0,45215.0,800.0,True
889,GB,2026-02-01,2,0,0.0,2,0.0,0,0.0,0.0,0.0,0.0,0.0,0.0,False
889,IT,2026-02-01,4218,74,14676.42,4218,14676.42,91,428130.0,428005.0,125.0,428130.0,428005.0,125.0,True
889,JP,2026-02-01,1,0,0.0,1,0.0,0,0.0,0.0,0.0,0.0,0.0,0.0,False
889,SN,2026-02-01,1,0,0.0,1,0.0,0,0.0,0.0,0.0,0.0,0.0,0.0,False
897,AG,2026-02-01,1,1,17.02,1,17.02,0,0.0,0.0,0.0,0.0,0.0,0.0,False
897,AL,2026-02-01,8,6,83.61999999999999,8,83.61999999999999,0,0.0,0.0,0.0,0.0,0.0,0.0,False
897,AM,2026-02-01,2,2,20.72,2,20.72,0,0.0,0.0,0.0,0.0,0.0,0.0,False
897,AO,2026-02-01,5,2,17.759999999999998,5,17.759999999999998,0,0.0,0.0,0.0,0.0,0.0,0.0,False
897,AQ,2026-02-01,1,1,8.436,1,8.436,0,0.0,0.0,0.0,0.0,0.0,0.0,False
897,AR,2026-02-01,2,2,20.424,2,20.424,1,150.0,150.0,0.0,150.0,150.0,0.0,False
897,AS,2026-02-01,2,1,11.655,2,11.655,1,540.0,540.0,0.0,540.0,540.0,0.0,False
897,AT,2026-02-01,95,65,874.1693999999998,95,874.1693999999998,9,1615.0,1490.0,125.0,1615.0,1490.0,125.0,False
897,AU,2026-02-01,871,553,7098.0504,871,7098.0504,52,267065.0,266705.0,360.0,267065.0,266705.0,360.0,True
897,AX,2026-02-01,5,5,62.160000000000004,5,62.160000000000004,0,0.0,0.0,0.0,0.0,0.0,0.0,False
897,BB,2026-02-01,2,1,8.879999999999999,2,8.879999999999999,0,0.0,0.0,0.0,0.0,0.0,0.0,False
897,BD,2026-02-01,1,1,21.09,1,21.09,0,0.0,0.0,0.0,0.0,0.0,0.0,False
897,BE,2026-02-01,230,144,1847.9502,230,1847.9502,12,41265.0,40950.0,315.0,41265.0,40950.0,315.0,False
897,BG,2026-02-01,3,2,28.919199999999996,3,28.919199999999996,0,0.0,0.0,0.0,0.0,0.0,0.0,False
897,BR,2026-02-01,12,5,54.75999999999999,12,54.75999999999999,1,480.0,480.0,0.0,480.0,480.0,0.0,False
897,BZ,2026-02-01,3,2,37.74,3,37.74,0,0.0,0.0,0.0,0.0,0.0,0.0,False
897,CA,2026-02-01,1837,1099,13846.213999999996,1837,13846.213999999996,80,62515.0,62140.0,375.0,62515.0,62140.0,375.0,True
897,CH,2026-02-01,79,45,680.3781999999999,79,680.3781999999999,7,13820.0,13790.0,30.0,13820.0,13790.0,30.0,False
897,CL,2026-02-01,1,0,0.0,1,0.0,0,0.0,0.0,0.0,0.0,0.0,0.0,False
897,CN,2026-02-01,2,2,37.0,2,37.0,2,880.0,880.0,0.0,880.0,880.0,0.0,False
897,CO,2026-02-01,5,2,20.72,5,20.72,0,0.0,0.0,0.0,0.0,0.0,0.0,False
897,CZ,2026-02-01,3,1,6.29,3,6.29,0,0.0,0.0,0.0,0.0,0.0,0.0,False
897,DE,2026-02-01,612,382,4946.7519999999995,612,4946.7519999999995,43,34700.0,34565.0,135.0,34700.0,34565.0,135.0,True
897,DK,2026-02-01,68,43,568.949,68,568.949,6,31995.0,31950.0,45.0,31995.0,31950.0,45.0,False
897,DO,2026-02-01,1,0,0.0,1,0.0,0,0.0,0.0,0.0,0.0,0.0,0.0,False
897,DZ,2026-02-01,4,3,42.476,4,42.476,0,0.0,0.0,0.0,0.0,0.0,0.0,False
897,EH,2026-02-01,1,1,11.84,1,11.84,0,0.0,0.0,0.0,0.0,0.0,0.0,False
897,ES,2026-02-01,32,18,229.31119999999999,32,229.31119999999999,0,0.0,0.0,0.0,0.0,0.0,0.0,False
897,FI,2026-02-01,85,59,786.5682,85,786.5682,7,1975.0,1930.0,45.0,1975.0,1930.0,45.0,False
897,FJ,2026-02-01,3,2,28.119999999999997,3,28.119999999999997,0,0.0,0.0,0.0,0.0,0.0,0.0,False
897,FM,2026-02-01,1,1,10.545,1,10.545,0,0.0,0.0,0.0,0.0,0.0,0.0,False
897,FR,2026-02-01,32,15,184.8224,32,184.8224,1,605.0,605.0,0.0,605.0,605.0,0.0,False
897,GB,2026-02-01,2667,1676,20754.809600000008,2667,20754.809600000008,116,159870.0,158095.0,1775.0,159870.0,158095.0,1775.0,True
897,GD,2026-02-01,1,1,24.05,1,24.05,0,0.0,0.0,0.0,0.0,0.0,0.0,False
897,GG,2026-02-01,1,1,8.879999999999999,1,8.879999999999999,0,0.0,0.0,0.0,0.0,0.0,0.0,False
897,GI,2026-02-01,1,1,15.984,1,15.984,0,0.0,0.0,0.0,0.0,0.0,0.0,False
897,GR,2026-02-01,9,5,66.56299999999999,9,66.56299999999999,1,65.0,65.0,0.0,65.0,65.0,0.0,False
897,HK,2026-02-01,2,1,17.02,2,17.02,0,0.0,0.0,0.0,0.0,0.0,0.0,False
897,HN,2026-02-01,1,1,11.1,1,11.1,0,0.0,0.0,0.0,0.0,0.0,0.0,False
897,HR,2026-02-01,4,1,8.879999999999999,4,8.879999999999999,0,0.0,0.0,0.0,0.0,0.0,0.0,False
897,HU,2026-02-01,14,9,90.35399999999998,14,90.35399999999998,1,65.0,65.0,0.0,65.0,65.0,0.0,False
897,ID,2026-02-01,4,3,40.33,4,40.33,0,0.0,0.0,0.0,0.0,0.0,0.0,False
897,IE,2026-02-01,231,153,1849.9482,231,1849.9482,11,4480.0,4355.0,125.0,4480.0,4355.0,125.0,False
897,IL,2026-02-01,4,3,28.046,4,28.046,0,0.0,0.0,0.0,0.0,0.0,0.0,False
897,IN,2026-02-01,6,6,89.5992,6,89.5992,0,0.0,0.0,0.0,0.0,0.0,0.0,False
897,IS,2026-02-01,23,15,206.238,23,206.238,0,0.0,0.0,0.0,0.0,0.0,0.0,False
897,IT,2026-02-01,32,19,249.86839999999998,32,249.86839999999998,4,21370.0,21370.0,0.0,21370.0,21370.0,0.0,False
897,JM,2026-02-01,4,3,48.321999999999996,4,48.321999999999996,0,0.0,0.0,0.0,0.0,0.0,0.0,False
897,JO,2026-02-01,1,1,11.1,1,11.1,0,0.0,0.0,0.0,0.0,0.0,0.0,False
897,JP,2026-02-01,4,4,54.019999999999996,4,54.019999999999996,1,150.0,150.0,0.0,150.0,150.0,0.0,False
897,KE,2026-02-01,5,5,58.459999999999994,5,58.459999999999994,0,0.0,0.0,0.0,0.0,0.0,0.0,False
897,KH,2026-02-01,2,1,15.984,2,15.984,0,0.0,0.0,0.0,0.0,0.0,0.0,False
897,KR,2026-02-01,2,1,17.02,2,17.02,0,0.0,0.0,0.0,0.0,0.0,0.0,False
897,LT,2026-02-01,2,0,0.0,2,0.0,0,0.0,0.0,0.0,0.0,0.0,0.0,False
897,LU,2026-02-01,18,14,172.12400000000002,18,172.12400000000002,1,150.0,150.0,0.0,150.0,150.0,0.0,False
897,LV,2026-02-01,2,0,0.0,2,0.0,0,0.0,0.0,0.0,0.0,0.0,0.0,False
897,ME,2026-02-01,2,2,19.979999999999997,2,19.979999999999997,0,0.0,0.0,0.0,0.0,0.0,0.0,False
897,MK,2026-02-01,3,2,17.759999999999998,3,17.759999999999998,0,0.0,0.0,0.0,0.0,0.0,0.0,False
897,MT,2026-02-01,3,1,8.879999999999999,3,8.879999999999999,0,0.0,0.0,0.0,0.0,0.0,0.0,False
897,MX,2026-02-01,12,11,126.98400000000001,12,126.98400000000001,0,0.0,0.0,0.0,0.0,0.0,0.0,False
897,MY,2026-02-01,1,1,14.06,1,14.06,0,0.0,0.0,0.0,0.0,0.0,0.0,False
897,NL,2026-02-01,285,189,2701.1184,285,2701.1184,17,7010.0,7010.0,0.0,7010.0,7010.0,0.0,False
897,NO,2026-02-01,84,57,712.176,84,712.176,4,1445.0,1445.0,0.0,1445.0,1445.0,0.0,False
897,NP,2026-02-01,1,1,17.02,1,17.02,0,0.0,0.0,0.0,0.0,0.0,0.0,False
897,NZ,2026-02-01,253,143,1839.4772000000003,253,1839.4772000000003,13,11775.0,11650.0,125.0,11775.0,11650.0,125.0,False
897,PA,2026-02-01,1,1,14.06,1,14.06,0,0.0,0.0,0.0,0.0,0.0,0.0,False
897,PE,2026-02-01,3,1,17.02,3,17.02,0,0.0,0.0,0.0,0.0,0.0,0.0,False
897,PH,2026-02-01,40,27,322.973,40,322.973,3,650.0,650.0,0.0,650.0,650.0,0.0,False
897,PL,2026-02-01,13,9,90.28,13,90.28,0,0.0,0.0,0.0,0.0,0.0,0.0,False
897,PR,2026-02-01,3,3,48.84,3,48.84,1,150.0,150.0,0.0,150.0,150.0,0.0,False
897,PT,2026-02-01,22,15,218.19639999999995,22,218.19639999999995,3,11410.0,11410.0,0.0,11410.0,11410.0,0.0,False
897,PY,2026-02-01,1,1,11.84,1,11.84,0,0.0,0.0,0.0,0.0,0.0,0.0,False
897,QA,2026-02-01,1,0,0.0,1,0.0,0,0.0,0.0,0.0,0.0,0.0,0.0,False
897,RO,2026-02-01,29,19,211.04799999999997,29,211.04799999999997,1,65.0,65.0,0.0,65.0,65.0,0.0,False
897,RS,2026-02-01,8,3,40.848,8,40.848,0,0.0,0.0,0.0,0.0,0.0,0.0,False
897,SA,2026-02-01,1,1,14.06,1,14.06,0,0.0,0.0,0.0,0.0,0.0,0.0,False
897,SB,2026-02-01,1,1,12.95,1,12.95,0,0.0,0.0,0.0,0.0,0.0,0.0,False
897,SE,2026-02-01,212,138,1778.1385999999998,212,1778.1385999999998,9,4060.0,4060.0,0.0,4060.0,4060.0,0.0,False
897,SG,2026-02-01,2,2,43.66,2,43.66,2,695.0,695.0,0.0,695.0,695.0,0.0,False
897,SI,2026-02-01,1,0,0.0,1,0.0,0,0.0,0.0,0.0,0.0,0.0,0.0,False
897,SK,2026-02-01,3,1,8.879999999999999,3,8.879999999999999,1,595.0,595.0,0.0,595.0,595.0,0.0,False
897,TH,2026-02-01,9,5,57.72,9,57.72,1,65.0,65.0,0.0,65.0,65.0,0.0,False
897,TR,2026-02-01,2,1,11.84,2,11.84,1,330.0,330.0,0.0,330.0,330.0,0.0,False
897,UG,2026-02-01,1,1,11.84,1,11.84,0,0.0,0.0,0.0,0.0,0.0,0.0,False
897,US,2026-02-01,14347,8937,110032.53880000068,14347,110032.53880000068,610,932170.0,926200.0,5970.0,932170.0,926200.0,5970.0,True
897,UZ,2026-02-01,1,1,8.879999999999999,1,8.879999999999999,1,1830.0,1830.0,0.0,1830.0,1830.0,0.0,False
897,VN,2026-02-01,12,7,102.11999999999999,12,102.11999999999999,1,950.0,950.0,0.0,950.0,950.0,0.0,False
897,VU,2026-02-01,1,0,0.0,1,0.0,0,0.0,0.0,0.0,0.0,0.0,0.0,False
897,WS,2026-02-01,1,0,0.0,1,0.0,0,0.0,0.0,0.0,0.0,0.0,0.0,False
897,ZA,2026-02-01,3,3,34.78,3,34.78,0,0.0,0.0,0.0,0.0,0.0,0.0,False
897,ZM,2026-02-01,3,3,34.78,3,34.78,1,155.0,155.0,0.0,155.0,155.0,0.0,False
911,AG,2026-02-01,1,0,0.0,1,0.0,0,0.0,0.0,0.0,0.0,0.0,0.0,False
911,AL,2026-02-01,2,1,14.8,2,14.8,0,0.0,0.0,0.0,0.0,0.0,0.0,False
911,AS,2026-02-01,2,0,0.0,2,0.0,0,0.0,0.0,0.0,0.0,0.0,0.0,False
911,AU,2026-02-01,48,8,49.58,48,49.58,3,11450.0,11450.0,0.0,11450.0,11450.0,0.0,False
911,BE,2026-02-01,2,1,4.4399999999999995,2,4.4399999999999995,0,0.0,0.0,0.0,0.0,0.0,0.0,False
911,CA,2026-02-01,20,6,39.589999999999996,20,39.589999999999996,0,0.0,0.0,0.0,0.0,0.0,0.0,False
911,CH,2026-02-01,1,0,0.0,1,0.0,0,0.0,0.0,0.0,0.0,0.0,0.0,False
911,CW,2026-02-01,1,0,0.0,1,0.0,0,0.0,0.0,0.0,0.0,0.0,0.0,False
911,DE,2026-02-01,26,9,39.959999999999994,26,39.959999999999994,0,0.0,0.0,0.0,0.0,0.0,0.0,False
911,DZ,2026-02-01,2,1,14.8,2,14.8,2,980.0,980.0,0.0,980.0,980.0,0.0,False
911,ES,2026-02-01,3,0,0.0,3,0.0,0,0.0,0.0,0.0,0.0,0.0,0.0,False
911,FI,2026-02-01,1,0,0.0,1,0.0,0,0.0,0.0,0.0,0.0,0.0,0.0,False
911,FR,2026-02-01,25,0,0.0,25,0.0,0,0.0,0.0,0.0,0.0,0.0,0.0,False
911,GB,2026-02-01,89,14,61.937999999999995,89,61.937999999999995,1,310.0,310.0,0.0,310.0,310.0,0.0,False
911,GM,2026-02-01,1,0,0.0,1,0.0,0,0.0,0.0,0.0,0.0,0.0,0.0,False
911,GY,2026-02-01,1,0,0.0,1,0.0,0,0.0,0.0,0.0,0.0,0.0,0.0,False
911,ID,2026-02-01,2,0,0.0,2,0.0,0,0.0,0.0,0.0,0.0,0.0,0.0,False
911,IE,2026-02-01,49,18,122.83999999999999,49,122.83999999999999,2,780.0,780.0,0.0,780.0,780.0,0.0,False
911,IN,2026-02-01,2,0,0.0,2,0.0,0,0.0,0.0,0.0,0.0,0.0,0.0,False
911,IT,2026-02-01,2,0,0.0,2,0.0,0,0.0,0.0,0.0,0.0,0.0,0.0,False
911,JM,2026-02-01,2,2,10.36,2,10.36,0,0.0,0.0,0.0,0.0,0.0,0.0,False
911,KN,2026-02-01,1,0,0.0,1,0.0,0,0.0,0.0,0.0,0.0,0.0,0.0,False
911,MD,2026-02-01,1,0,0.0,1,0.0,0,0.0,0.0,0.0,0.0,0.0,0.0,False
911,MX,2026-02-01,12,1,2.96,12,2.96,0,0.0,0.0,0.0,0.0,0.0,0.0,False
911,MY,2026-02-01,1,0,0.0,1,0.0,0,0.0,0.0,0.0,0.0,0.0,0.0,False
911,NL,2026-02-01,1,0,0.0,1,0.0,0,0.0,0.0,0.0,0.0,0.0,0.0,False
911,NO,2026-02-01,1,0,0.0,1,0.0,0,0.0,0.0,0.0,0.0,0.0,0.0,False
911,NZ,2026-02-01,37,12,54.75999999999999,37,54.75999999999999,2,640.0,640.0,0.0,640.0,640.0,0.0,False
911,PG,2026-02-01,1,0,0.0,1,0.0,0,0.0,0.0,0.0,0.0,0.0,0.0,False
911,PK,2026-02-01,4,1,4.4399999999999995,4,4.4399999999999995,0,0.0,0.0,0.0,0.0,0.0,0.0,False
911,PR,2026-02-01,1,0,0.0,1,0.0,0,0.0,0.0,0.0,0.0,0.0,0.0,False
911,RW,2026-02-01,1,0,0.0,1,0.0,0,0.0,0.0,0.0,0.0,0.0,0.0,False
911,SA,2026-02-01,8,0,0.0,8,0.0,0,0.0,0.0,0.0,0.0,0.0,0.0,False
911,SB,2026-02-01,1,0,0.0,1,0.0,0,0.0,0.0,0.0,0.0,0.0,0.0,False
911,SC,2026-02-01,1,1,4.4399999999999995,1,4.4399999999999995,0,0.0,0.0,0.0,0.0,0.0,0.0,False
911,SL,2026-02-01,1,0,0.0,1,0.0,0,0.0,0.0,0.0,0.0,0.0,0.0,False
911,SV,2026-02-01,1,0,0.0,1,0.0,0,0.0,0.0,0.0,0.0,0.0,0.0,False
911,TD,2026-02-01,1,0,0.0,1,0.0,0,0.0,0.0,0.0,0.0,0.0,0.0,False
911,TZ,2026-02-01,1,0,0.0,1,0.0,0,0.0,0.0,0.0,0.0,0.0,0.0,False
911,UA,2026-02-01,1,0,0.0,1,0.0,0,0.0,0.0,0.0,0.0,0.0,0.0,False
911,UNKNOWN,2026-02-01,1,1,6.66,1,6.66,0,0.0,0.0,0.0,0.0,0.0,0.0,False
911,US,2026-02-01,9322,3078,26016.99400000006,9322,26016.99400000006,163,390610.0,386050.0,4560.0,390610.0,386050.0,4560.0,True
911,VI,2026-02-01,1,0,0.0,1,0.0,0,0.0,0.0,0.0,0.0,0.0,0.0,False
organic,AD,2026-02-01,36,0,0.0,36,0.0,1,150.0,150.0,0.0,150.0,150.0,0.0,False
organic,AE,2026-02-01,713,0,0.0,713,0.0,13,2285.0,2285.0,0.0,2285.0,2285.0,0.0,True
organic,AF,2026-02-01,10,0,0.0,10,0.0,0,0.0,0.0,0.0,0.0,0.0,0.0,False
organic,AG,2026-02-01,16,0,0.0,16,0.0,0,0.0,0.0,0.0,0.0,0.0,0.0,False
organic,AI,2026-02-01,31,0,0.0,31,0.0,8,6840.0,6840.0,0.0,6840.0,6840.0,0.0,False
organic,AL,2026-02-01,187,0,0.0,187,0.0,8,9925.0,9925.0,0.0,9925.0,9925.0,0.0,False
organic,AM,2026-02-01,78,0,0.0,78,0.0,0,0.0,0.0,0.0,0.0,0.0,0.0,False
organic,AO,2026-02-01,192,0,0.0,192,0.0,5,5645.0,5645.0,0.0,5645.0,5645.0,0.0,False
organic,AQ,2026-02-01,6,0,0.0,6,0.0,1,9285.0,9285.0,0.0,9285.0,9285.0,0.0,False
organic,AR,2026-02-01,1458,0,0.0,1458,0.0,30,11105.0,11105.0,0.0,11105.0,11105.0,0.0,True
organic,AS,2026-02-01,27,0,0.0,27,0.0,5,815.0,815.0,0.0,815.0,815.0,0.0,False
organic,AT,2026-02-01,677,0,0.0,677,0.0,10,37465.0,37465.0,0.0,37465.0,37465.0,0.0,True
organic,AU,2026-02-01,3682,0,0.0,3682,0.0,146,533935.0,531875.0,2060.0,533935.0,531875.0,2060.0,True
organic,AW,2026-02-01,18,0,0.0,18,0.0,1,250.0,250.0,0.0,250.0,250.0,0.0,False
organic,AX,2026-02-01,51,0,0.0,51,0.0,5,2340.0,2340.0,0.0,2340.0,2340.0,0.0,False
organic,AZ,2026-02-01,113,0,0.0,113,0.0,0,0.0,0.0,0.0,0.0,0.0,0.0,False
organic,BB,2026-02-01,54,0,0.0,54,0.0,4,1965.0,1965.0,0.0,1965.0,1965.0,0.0,False
organic,BD,2026-02-01,176,0,0.0,176,0.0,0,0.0,0.0,0.0,0.0,0.0,0.0,False
organic,BE,2026-02-01,871,0,0.0,871,0.0,28,9830.0,9830.0,0.0,9830.0,9830.0,0.0,True
organic,BF,2026-02-01,45,0,0.0,45,0.0,0,0.0,0.0,0.0,0.0,0.0,0.0,False
organic,BG,2026-02-01,157,0,0.0,157,0.0,5,1760.0,1760.0,0.0,1760.0,1760.0,0.0,False
organic,BH,2026-02-01,72,0,0.0,72,0.0,3,555.0,555.0,0.0,555.0,555.0,0.0,False
organic,BJ,2026-02-01,107,0,0.0,107,0.0,2,130.0,130.0,0.0,130.0,130.0,0.0,False
organic,BM,2026-02-01,8,0,0.0,8,0.0,1,275.0,275.0,0.0,275.0,275.0,0.0,False
organic,BN,2026-02-01,31,0,0.0,31,0.0,1,185.0,185.0,0.0,185.0,185.0,0.0,False
organic,BO,2026-02-01,135,0,0.0,135,0.0,2,260.0,260.0,0.0,260.0,260.0,0.0,False
organic,BQ,2026-02-01,25,0,0.0,25,0.0,0,0.0,0.0,0.0,0.0,0.0,0.0,False
organic,BR,2026-02-01,7650,0,0.0,7650,0.0,196,167895.0,167090.0,805.0,167895.0,167090.0,805.0,True
organic,BS,2026-02-01,38,0,0.0,38,0.0,1,65.0,65.0,0.0,65.0,65.0,0.0,False
organic,BT,2026-02-01,8,0,0.0,8,0.0,0,0.0,0.0,0.0,0.0,0.0,0.0,False
organic,BW,2026-02-01,242,0,0.0,242,0.0,10,10305.0,10305.0,0.0,10305.0,10305.0,0.0,False
organic,BY,2026-02-01,4,0,0.0,4,0.0,0,0.0,0.0,0.0,0.0,0.0,0.0,False
organic,BZ,2026-02-01,43,0,0.0,43,0.0,0,0.0,0.0,0.0,0.0,0.0,0.0,False
organic,CA,2026-02-01,5538,0,0.0,5538,0.0,207,335805.0,332905.0,2900.0,335805.0,332905.0,2900.0,True
organic,CH,2026-02-01,509,0,0.0,509,0.0,19,46310.0,46205.0,105.0,46310.0,46205.0,105.0,True
organic,CI,2026-02-01,197,0,0.0,197,0.0,10,1130.0,1065.0,65.0,1130.0,1065.0,65.0,False
organic,CK,2026-02-01,5,0,0.0,5,0.0,0,0.0,0.0,0.0,0.0,0.0,0.0,False
organic,CL,2026-02-01,1043,0,0.0,1043,0.0,36,53245.0,52160.0,1085.0,53245.0,52160.0,1085.0,True
organic,CM,2026-02-01,304,0,0.0,304,0.0,12,1515.0,1515.0,0.0,1515.0,1515.0,0.0,False
organic,CN,2026-02-01,1574,0,0.0,1574,0.0,4,5135.0,5135.0,0.0,5135.0,5135.0,0.0,True
organic,CO,2026-02-01,4405,0,0.0,4405,0.0,35,42110.0,42110.0,0.0,42110.0,42110.0,0.0,True
organic,CR,2026-02-01,322,0,0.0,322,0.0,12,26315.0,26315.0,0.0,26315.0,26315.0,0.0,False
organic,CV,2026-02-01,55,0,0.0,55,0.0,0,0.0,0.0,0.0,0.0,0.0,0.0,False
organic,CW,2026-02-01,25,0,0.0,25,0.0,0,0.0,0.0,0.0,0.0,0.0,0.0,False
organic,CY,2026-02-01,242,0,0.0,242,0.0,3,27745.0,27700.0,45.0,27745.0,27700.0,45.0,False
organic,CZ,2026-02-01,186,0,0.0,186,0.0,8,3795.0,3795.0,0.0,3795.0,3795.0,0.0,False
organic,DE,2026-02-01,3749,0,0.0,3749,0.0,52,28735.0,28645.0,90.0,28735.0,28645.0,90.0,True
organic,DJ,2026-02-01,80,0,0.0,80,0.0,0,0.0,0.0,0.0,0.0,0.0,0.0,False
organic,DK,2026-02-01,390,0,0.0,390,0.0,11,27370.0,27370.0,0.0,27370.0,27370.0,0.0,False
organic,DM,2026-02-01,2,0,0.0,2,0.0,0,0.0,0.0,0.0,0.0,0.0,0.0,False
organic,DO,2026-02-01,502,0,0.0,502,0.0,15,1995.0,1995.0,0.0,1995.0,1995.0,0.0,True
organic,DZ,2026-02-01,347,0,0.0,347,0.0,5,1085.0,1085.0,0.0,1085.0,1085.0,0.0,False
organic,EC,2026-02-01,488,0,0.0,488,0.0,7,14140.0,14005.0,135.0,14140.0,14005.0,135.0,False
organic,EE,2026-02-01,76,0,0.0,76,0.0,0,0.0,0.0,0.0,0.0,0.0,0.0,False
organic,EH,2026-02-01,1,0,0.0,1,0.0,0,0.0,0.0,0.0,0.0,0.0,0.0,False
organic,ER,2026-02-01,1,0,0.0,1,0.0,0,0.0,0.0,0.0,0.0,0.0,0.0,False
organic,ES,2026-02-01,1906,0,0.0,1906,0.0,57,43355.0,43355.0,0.0,43355.0,43355.0,0.0,True
organic,ET,2026-02-01,8,0,0.0,8,0.0,0,0.0,0.0,0.0,0.0,0.0,0.0,False
organic,FI,2026-02-01,502,0,0.0,502,0.0,16,2110.0,2110.0,0.0,2110.0,2110.0,0.0,True
organic,FJ,2026-02-01,55,0,0.0,55,0.0,0,0.0,0.0,0.0,0.0,0.0,0.0,False
organic,FM,2026-02-01,6,0,0.0,6,0.0,0,0.0,0.0,0.0,0.0,0.0,0.0,False
organic,FO,2026-02-01,3,0,0.0,3,0.0,0,0.0,0.0,0.0,0.0,0.0,0.0,False
organic,FR,2026-02-01,3150,0,0.0,3150,0.0,68,92880.0,92725.0,155.0,92880.0,92725.0,155.0,True
organic,GA,2026-02-01,50,0,0.0,50,0.0,0,0.0,0.0,0.0,0.0,0.0,0.0,False
organic,GB,2026-02-01,10364,0,0.0,10364,0.0,236,304570.0,302915.0,1655.0,304570.0,302915.0,1655.0,True
organic,GD,2026-02-01,10,0,0.0,10,0.0,1,1260.0,1260.0,0.0,1260.0,1260.0,0.0,False
organic,GE,2026-02-01,79,0,0.0,79,0.0,2,285.0,285.0,0.0,285.0,285.0,0.0,False
organic,GF,2026-02-01,11,0,0.0,11,0.0,1,155.0,155.0,0.0,155.0,155.0,0.0,False
organic,GG,2026-02-01,11,0,0.0,11,0.0,1,250.0,250.0,0.0,250.0,250.0,0.0,False
organic,GH,2026-02-01,11,0,0.0,11,0.0,0,0.0,0.0,0.0,0.0,0.0,0.0,False
organic,GI,2026-02-01,6,0,0.0,6,0.0,0,0.0,0.0,0.0,0.0,0.0,0.0,False
organic,GL,2026-02-01,18,0,0.0,18,0.0,4,1810.0,1810.0,0.0,1810.0,1810.0,0.0,False
organic,GM,2026-02-01,138,0,0.0,138,0.0,3,565.0,565.0,0.0,565.0,565.0,0.0,False
organic,GN,2026-02-01,14,0,0.0,14,0.0,0,0.0,0.0,0.0,0.0,0.0,0.0,False
organic,GP,2026-02-01,23,0,0.0,23,0.0,0,0.0,0.0,0.0,0.0,0.0,0.0,False
organic,GQ,2026-02-01,23,0,0.0,23,0.0,1,240.0,240.0,0.0,240.0,240.0,0.0,False
organic,GR,2026-02-01,582,0,0.0,582,0.0,13,4735.0,4735.0,0.0,4735.0,4735.0,0.0,True
organic,GT,2026-02-01,57,0,0.0,57,0.0,2,1070.0,1070.0,0.0,1070.0,1070.0,0.0,False
organic,GU,2026-02-01,31,0,0.0,31,0.0,1,395.0,395.0,0.0,395.0,395.0,0.0,False
organic,GY,2026-02-01,77,0,0.0,77,0.0,0,0.0,0.0,0.0,0.0,0.0,0.0,False
organic,HK,2026-02-01,304,0,0.0,304,0.0,3,340.0,340.0,0.0,340.0,340.0,0.0,False
organic,HN,2026-02-01,134,0,0.0,134,0.0,0,0.0,0.0,0.0,0.0,0.0,0.0,False
organic,HR,2026-02-01,163,0,0.0,163,0.0,2,130.0,130.0,0.0,130.0,130.0,0.0,False
organic,HT,2026-02-01,43,0,0.0,43,0.0,1,65.0,65.0,0.0,65.0,65.0,0.0,False
organic,HU,2026-02-01,259,0,0.0,259,0.0,22,31865.0,31695.0,170.0,31865.0,31695.0,170.0,False
organic,ID,2026-02-01,145,0,0.0,145,0.0,0,0.0,0.0,0.0,0.0,0.0,0.0,False
organic,IE,2026-02-01,1024,0,0.0,1024,0.0,21,30040.0,30040.0,0.0,30040.0,30040.0,0.0,True
organic,IL,2026-02-01,550,0,0.0,550,0.0,28,54150.0,53940.0,210.0,54150.0,53940.0,210.0,True
organic,IM,2026-02-01,20,0,0.0,20,0.0,0,0.0,0.0,0.0,0.0,0.0,0.0,False
organic,IN,2026-02-01,2069,0,0.0,2069,0.0,3,2260.0,2260.0,0.0,2260.0,2260.0,0.0,True
organic,IO,2026-02-01,2,0,0.0,2,0.0,0,0.0,0.0,0.0,0.0,0.0,0.0,False
organic,IR,2026-02-01,11,0,0.0,11,0.0,0,0.0,0.0,0.0,0.0,0.0,0.0,False
organic,IS,2026-02-01,65,0,0.0,65,0.0,1,245.0,245.0,0.0,245.0,245.0,0.0,False
organic,IT,2026-02-01,1562,0,0.0,1562,0.0,43,155775.0,155265.0,510.0,155775.0,155265.0,510.0,True
organic,JE,2026-02-01,23,0,0.0,23,0.0,1,200.0,200.0,0.0,200.0,200.0,0.0,False
organic,JM,2026-02-01,219,0,0.0,219,0.0,8,1570.0,1570.0,0.0,1570.0,1570.0,0.0,False
organic,JO,2026-02-01,34,0,0.0,34,0.0,3,295.0,295.0,0.0,295.0,295.0,0.0,False
organic,JP,2026-02-01,490,0,0.0,490,0.0,7,1595.0,1595.0,0.0,1595.0,1595.0,0.0,False
organic,KE,2026-02-01,960,0,0.0,960,0.0,20,2135.0,2070.0,65.0,2135.0,2070.0,65.0,True
organic,KG,2026-02-01,142,0,0.0,142,0.0,1,2510.0,2510.0,0.0,2510.0,2510.0,0.0,False
organic,KH,2026-02-01,61,0,0.0,61,0.0,0,0.0,0.0,0.0,0.0,0.0,0.0,False
organic,KI,2026-02-01,11,0,0.0,11,0.0,0,0.0,0.0,0.0,0.0,0.0,0.0,False
organic,KM,2026-02-01,6,0,0.0,6,0.0,0,0.0,0.0,0.0,0.0,0.0,0.0,False
organic,KN,2026-02-01,10,0,0.0,10,0.0,1,65.0,65.0,0.0,65.0,65.0,0.0,False
organic,KR,2026-02-01,447,0,0.0,447,0.0,9,4490.0,4490.0,0.0,4490.0,4490.0,0.0,False
organic,KW,2026-02-01,159,0,0.0,159,0.0,0,0.0,0.0,0.0,0.0,0.0,0.0,False
organic,KY,2026-02-01,11,0,0.0,11,0.0,1,65.0,65.0,0.0,65.0,65.0,0.0,False
organic,KZ,2026-02-01,22,0,0.0,22,0.0,0,0.0,0.0,0.0,0.0,0.0,0.0,False
organic,LA,2026-02-01,26,0,0.0,26,0.0,1,165.0,165.0,0.0,165.0,165.0,0.0,False
organic,LC,2026-02-01,8,0,0.0,8,0.0,0,0.0,0.0,0.0,0.0,0.0,0.0,False
organic,LI,2026-02-01,4,0,0.0,4,0.0,1,110.0,110.0,0.0,110.0,110.0,0.0,False
organic,LK,2026-02-01,180,0,0.0,180,0.0,3,1790.0,1790.0,0.0,1790.0,1790.0,0.0,False
organic,LS,2026-02-01,23,0,0.0,23,0.0,0,0.0,0.0,0.0,0.0,0.0,0.0,False
organic,LT,2026-02-01,143,0,0.0,143,0.0,1,245.0,245.0,0.0,245.0,245.0,0.0,False
organic,LU,2026-02-01,126,0,0.0,126,0.0,1,320.0,275.0,45.0,320.0,275.0,45.0,False
organic,LV,2026-02-01,280,0,0.0,280,0.0,4,435.0,435.0,0.0,435.0,435.0,0.0,False
organic,MA,2026-02-01,570,0,0.0,570,0.0,4,705.0,705.0,0.0,705.0,705.0,0.0,True
organic,MC,2026-02-01,3,0,0.0,3,0.0,0,0.0,0.0,0.0,0.0,0.0,0.0,False
organic,MD,2026-02-01,213,0,0.0,213,0.0,2,300.0,300.0,0.0,300.0,300.0,0.0,False
organic,ME,2026-02-01,36,0,0.0,36,0.0,0,0.0,0.0,0.0,0.0,0.0,0.0,False
organic,MF,2026-02-01,1,0,0.0,1,0.0,0,0.0,0.0,0.0,0.0,0.0,0.0,False
organic,MG,2026-02-01,273,0,0.0,273,0.0,2,355.0,355.0,0.0,355.0,355.0,0.0,False
organic,MH,2026-02-01,2,0,0.0,2,0.0,0,0.0,0.0,0.0,0.0,0.0,0.0,False
organic,MK,2026-02-01,71,0,0.0,71,0.0,0,0.0,0.0,0.0,0.0,0.0,0.0,False
organic,MN,2026-02-01,20,0,0.0,20,0.0,1,110.0,110.0,0.0,110.0,110.0,0.0,False
organic,MO,2026-02-01,3,0,0.0,3,0.0,0,0.0,0.0,0.0,0.0,0.0,0.0,False
organic,MP,2026-02-01,2,0,0.0,2,0.0,0,0.0,0.0,0.0,0.0,0.0,0.0,False
organic,MQ,2026-02-01,18,0,0.0,18,0.0,0,0.0,0.0,0.0,0.0,0.0,0.0,False
organic,MR,2026-02-01,37,0,0.0,37,0.0,0,0.0,0.0,0.0,0.0,0.0,0.0,False
organic,MT,2026-02-01,71,0,0.0,71,0.0,0,0.0,0.0,0.0,0.0,0.0,0.0,False
organic,MU,2026-02-01,118,0,0.0,118,0.0,4,1200.0,1200.0,0.0,1200.0,1200.0,0.0,False
organic,MV,2026-02-01,17,0,0.0,17,0.0,2,355.0,355.0,0.0,355.0,355.0,0.0,False
organic,MW,2026-02-01,42,0,0.0,42,0.0,0,0.0,0.0,0.0,0.0,0.0,0.0,False
organic,MX,2026-02-01,3163,0,0.0,3163,0.0,72,114350.0,114150.0,200.0,114350.0,114150.0,200.0,True
organic,MY,2026-02-01,803,0,0.0,803,0.0,13,9350.0,9350.0,0.0,9350.0,9350.0,0.0,True
organic,MZ,2026-02-01,302,0,0.0,302,0.0,2,470.0,470.0,0.0,470.0,470.0,0.0,False
organic,NA,2026-02-01,144,0,0.0,144,0.0,2,175.0,175.0,0.0,175.0,175.0,0.0,False
organic,NC,2026-02-01,23,0,0.0,23,0.0,0,0.0,0.0,0.0,0.0,0.0,0.0,False
organic,NE,2026-02-01,57,0,0.0,57,0.0,0,0.0,0.0,0.0,0.0,0.0,0.0,False
organic,NF,2026-02-01,1,0,0.0,1,0.0,0,0.0,0.0,0.0,0.0,0.0,0.0,False
organic,NG,2026-02-01,9,0,0.0,9,0.0,0,0.0,0.0,0.0,0.0,0.0,0.0,False
organic,NL,2026-02-01,3151,0,0.0,3151,0.0,50,37670.0,37500.0,170.0,37670.0,37500.0,170.0,True
organic,NO,2026-02-01,396,0,0.0,396,0.0,18,72930.0,72085.0,845.0,72930.0,72085.0,845.0,False
organic,NP,2026-02-01,26,0,0.0,26,0.0,0,0.0,0.0,0.0,0.0,0.0,0.0,False
organic,NZ,2026-02-01,997,0,0.0,997,0.0,29,53735.0,53675.0,60.0,53735.0,53675.0,60.0,True
organic,OM,2026-02-01,162,0,0.0,162,0.0,3,320.0,320.0,0.0,320.0,320.0,0.0,False
organic,PA,2026-02-01,216,0,0.0,216,0.0,4,430.0,430.0,0.0,430.0,430.0,0.0,False
organic,PE,2026-02-01,692,0,0.0,692,0.0,19,6790.0,6790.0,0.0,6790.0,6790.0,0.0,True
organic,PF,2026-02-01,62,0,0.0,62,0.0,2,4085.0,3815.0,270.0,4085.0,3815.0,270.0,False
organic,PG,2026-02-01,224,0,0.0,224,0.0,2,17405.0,17235.0,170.0,17405.0,17235.0,170.0,False
organic,PH,2026-02-01,641,0,0.0,641,0.0,18,16510.0,16385.0,125.0,16510.0,16385.0,125.0,True
organic,PK,2026-02-01,332,0,0.0,332,0.0,6,1420.0,1420.0,0.0,1420.0,1420.0,0.0,False
organic,PL,2026-02-01,868,0,0.0,868,0.0,10,2505.0,2505.0,0.0,2505.0,2505.0,0.0,True
organic,PM,2026-02-01,1,0,0.0,1,0.0,0,0.0,0.0,0.0,0.0,0.0,0.0,False
organic,PR,2026-02-01,172,0,0.0,172,0.0,9,6580.0,6505.0,75.0,6580.0,6505.0,75.0,False
organic,PS,2026-02-01,9,0,0.0,9,0.0,0,0.0,0.0,0.0,0.0,0.0,0.0,False
organic,PT,2026-02-01,838,0,0.0,838,0.0,28,45590.0,45320.0,270.0,45590.0,45320.0,270.0,True
organic,PY,2026-02-01,186,0,0.0,186,0.0,2,405.0,405.0,0.0,405.0,405.0,0.0,False
organic,QA,2026-02-01,154,0,0.0,154,0.0,2,130.0,130.0,0.0,130.0,130.0,0.0,False
organic,RE,2026-02-01,38,0,0.0,38,0.0,0,0.0,0.0,0.0,0.0,0.0,0.0,False
organic,RO,2026-02-01,753,0,0.0,753,0.0,13,12245.0,12200.0,45.0,12245.0,12200.0,45.0,True
organic,RS,2026-02-01,840,0,0.0,840,0.0,9,7385.0,7385.0,0.0,7385.0,7385.0,0.0,True
organic,RU,2026-02-01,61,0,0.0,61,0.0,0,0.0,0.0,0.0,0.0,0.0,0.0,False
organic,RW,2026-02-01,28,0,0.0,28,0.0,0,0.0,0.0,0.0,0.0,0.0,0.0,False
organic,SA,2026-02-01,237,0,0.0,237,0.0,8,2085.0,2085.0,0.0,2085.0,2085.0,0.0,False
organic,SB,2026-02-01,8,0,0.0,8,0.0,0,0.0,0.0,0.0,0.0,0.0,0.0,False
organic,SC,2026-02-01,56,0,0.0,56,0.0,0,0.0,0.0,0.0,0.0,0.0,0.0,False
organic,SE,2026-02-01,951,0,0.0,951,0.0,18,60655.0,60385.0,270.0,60655.0,60385.0,270.0,True
organic,SG,2026-02-01,807,0,0.0,807,0.0,16,4735.0,4735.0,0.0,4735.0,4735.0,0.0,True
organic,SI,2026-02-01,64,0,0.0,64,0.0,1,65.0,65.0,0.0,65.0,65.0,0.0,False
organic,SK,2026-02-01,197,0,0.0,197,0.0,3,385.0,385.0,0.0,385.0,385.0,0.0,False
organic,SL,2026-02-01,103,0,0.0,103,0.0,0,0.0,0.0,0.0,0.0,0.0,0.0,False
organic,SM,2026-02-01,3,0,0.0,3,0.0,0,0.0,0.0,0.0,0.0,0.0,0.0,False
organic,SN,2026-02-01,283,0,0.0,283,0.0,4,1015.0,1015.0,0.0,1015.0,1015.0,0.0,False
organic,SO,2026-02-01,2,0,0.0,2,0.0,0,0.0,0.0,0.0,0.0,0.0,0.0,False
organic,SR,2026-02-01,158,0,0.0,158,0.0,0,0.0,0.0,0.0,0.0,0.0,0.0,False
organic,ST,2026-02-01,4,0,0.0,4,0.0,0,0.0,0.0,0.0,0.0,0.0,0.0,False
organic,SV,2026-02-01,250,0,0.0,250,0.0,2,130.0,130.0,0.0,130.0,130.0,0.0,False
organic,SX,2026-02-01,6,0,0.0,6,0.0,0,0.0,0.0,0.0,0.0,0.0,0.0,False
organic,SZ,2026-02-01,34,0,0.0,34,0.0,1,65.0,65.0,0.0,65.0,65.0,0.0,False
organic,TC,2026-02-01,9,0,0.0,9,0.0,0,0.0,0.0,0.0,0.0,0.0,0.0,False
organic,TD,2026-02-01,53,0,0.0,53,0.0,0,0.0,0.0,0.0,0.0,0.0,0.0,False
organic,TG,2026-02-01,107,0,0.0,107,0.0,2,175.0,175.0,0.0,175.0,175.0,0.0,False
organic,TH,2026-02-01,445,0,0.0,445,0.0,6,1085.0,1085.0,0.0,1085.0,1085.0,0.0,False
organic,TJ,2026-02-01,63,0,0.0,63,0.0,0,0.0,0.0,0.0,0.0,0.0,0.0,False
organic,TL,2026-02-01,6,0,0.0,6,0.0,0,0.0,0.0,0.0,0.0,0.0,0.0,False
organic,TM,2026-02-01,16,0,0.0,16,0.0,0,0.0,0.0,0.0,0.0,0.0,0.0,False
organic,TN,2026-02-01,2,0,0.0,2,0.0,0,0.0,0.0,0.0,0.0,0.0,0.0,False
organic,TO,2026-02-01,4,0,0.0,4,0.0,0,0.0,0.0,0.0,0.0,0.0,0.0,False
organic,TR,2026-02-01,1986,0,0.0,1986,0.0,20,5900.0,5800.0,100.0,5900.0,5800.0,100.0,True
organic,TT,2026-02-01,197,0,0.0,197,0.0,2,650.0,650.0,0.0,650.0,650.0,0.0,False
organic,TW,2026-02-01,260,0,0.0,260,0.0,4,21980.0,21980.0,0.0,21980.0,21980.0,0.0,False
organic,TZ,2026-02-01,118,0,0.0,118,0.0,0,0.0,0.0,0.0,0.0,0.0,0.0,False
organic,UA,2026-02-01,317,0,0.0,317,0.0,8,1170.0,1170.0,0.0,1170.0,1170.0,0.0,False
organic,UG,2026-02-01,311,0,0.0,311,0.0,3,520.0,520.0,0.0,520.0,520.0,0.0,False
organic,UM,2026-02-01,1,0,0.0,1,0.0,0,0.0,0.0,0.0,0.0,0.0,0.0,False
organic,UNKNOWN,2026-02-01,177,0,0.0,177,0.0,0,0.0,0.0,0.0,0.0,0.0,0.0,False
organic,US,2026-02-01,56174,0,0.0,56174,0.0,1798,5103570.0,5081585.0,21985.0,5103570.0,5081585.0,21985.0,True
organic,UY,2026-02-01,232,0,0.0,232,0.0,5,1595.0,1595.0,0.0,1595.0,1595.0,0.0,False
organic,UZ,2026-02-01,264,0,0.0,264,0.0,7,545.0,545.0,0.0,545.0,545.0,0.0,False
organic,VC,2026-02-01,6,0,0.0,6,0.0,0,0.0,0.0,0.0,0.0,0.0,0.0,False
organic,VE,2026-02-01,3,0,0.0,3,0.0,0,0.0,0.0,0.0,0.0,0.0,0.0,False
organic,VG,2026-02-01,10,0,0.0,10,0.0,0,0.0,0.0,0.0,0.0,0.0,0.0,False
organic,VI,2026-02-01,13,0,0.0,13,0.0,0,0.0,0.0,0.0,0.0,0.0,0.0,False
organic,VN,2026-02-01,772,0,0.0,772,0.0,0,0.0,0.0,0.0,0.0,0.0,0.0,True
organic,VU,2026-02-01,14,0,0.0,14,0.0,0,0.0,0.0,0.0,0.0,0.0,0.0,False
organic,WS,2026-02-01,3,0,0.0,3,0.0,0,0.0,0.0,0.0,0.0,0.0,0.0,False
organic,XK,2026-02-01,39,0,0.0,39,0.0,0,0.0,0.0,0.0,0.0,0.0,0.0,False
organic,YT,2026-02-01,33,0,0.0,33,0.0,0,0.0,0.0,0.0,0.0,0.0,0.0,False
organic,ZA,2026-02-01,2392,0,0.0,2392,0.0,61,29455.0,29345.0,110.0,29455.0,29345.0,110.0,True
organic,ZM,2026-02-01,67,0,0.0,67,0.0,1,65.0,65.0,0.0,65.0,65.0,0.0,False
organic,ZW,2026-02-01,1,0,0.0,1,0.0,0,0.0,0.0,0.0,0.0,0.0,0.0,False
ppc,AD,2026-02-01,40,39,244.50340000000003,40,244.50340000000003,6,235360.0,234560.0,800.0,235360.0,234560.0,800.0,False
ppc,AE,2026-02-01,382,382,1601.7448000000004,382,1601.7448000000004,12,2890.0,2890.0,0.0,2890.0,2890.0,0.0,False
ppc,AF,2026-02-01,1,1,3.9516,1,3.9516,0,0.0,0.0,0.0,0.0,0.0,0.0,False
ppc,AG,2026-02-01,55,55,263.033,55,263.033,1,150.0,150.0,0.0,150.0,150.0,0.0,False
ppc,AI,2026-02-01,41,41,372.05719999999997,41,372.05719999999997,3,1260.0,1260.0,0.0,1260.0,1260.0,0.0,False
ppc,AL,2026-02-01,247,245,2494.614,247,2494.614,15,5420.0,5420.0,0.0,5420.0,5420.0,0.0,False
ppc,AM,2026-02-01,638,636,4632.621999999999,638,4632.621999999999,5,1260.0,1260.0,0.0,1260.0,1260.0,0.0,True
ppc,AO,2026-02-01,244,241,2315.608,244,2315.608,14,2130.0,2130.0,0.0,2130.0,2130.0,0.0,False
ppc,AQ,2026-02-01,7,7,60.7614,7,60.7614,3,590.0,590.0,0.0,590.0,590.0,0.0,False
ppc,AR,2026-02-01,4280,4272,9812.488800000001,4280,9812.488800000001,74,26345.0,26235.0,110.0,26345.0,26235.0,110.0,True
ppc,AS,2026-02-01,58,56,524.8746,58,524.8746,5,1205.0,1205.0,0.0,1205.0,1205.0,0.0,False
ppc,AT,2026-02-01,539,537,5114.843,539,5114.843,13,14795.0,14730.0,65.0,14795.0,14730.0,65.0,True
ppc,AU,2026-02-01,8338,8307,116972.03679999999,8338,116972.03679999999,434,935145.0,929420.0,5725.0,935145.0,929420.0,5725.0,True
ppc,AW,2026-02-01,111,111,1127.1828,111,1127.1828,6,2250.0,2250.0,0.0,2250.0,2250.0,0.0,False
ppc,AX,2026-02-01,95,94,1340.7838,95,1340.7838,18,14355.0,14310.0,45.0,14355.0,14310.0,45.0,False
ppc,AZ,2026-02-01,452,451,1151.6472,452,1151.6472,1,7955.0,7955.0,0.0,7955.0,7955.0,0.0,False
ppc,BB,2026-02-01,157,157,1269.8400000000001,157,1269.8400000000001,1,110.0,110.0,0.0,110.0,110.0,0.0,False
ppc,BD,2026-02-01,26,26,213.29760000000002,26,213.29760000000002,0,0.0,0.0,0.0,0.0,0.0,0.0,False
ppc,BE,2026-02-01,1310,1304,11928.874,1310,11928.874,31,23005.0,22880.0,125.0,23005.0,22880.0,125.0,True
ppc,BF,2026-02-01,122,122,1316.2602000000002,122,1316.2602000000002,0,0.0,0.0,0.0,0.0,0.0,0.0,False
ppc,BG,2026-02-01,573,572,4719.4018000000015,573,4719.4018000000015,9,1260.0,1260.0,0.0,1260.0,1260.0,0.0,True
ppc,BH,2026-02-01,17,17,149.1914,17,149.1914,0,0.0,0.0,0.0,0.0,0.0,0.0,False
ppc,BJ,2026-02-01,296,296,1244.0066000000002,296,1244.0066000000002,0,0.0,0.0,0.0,0.0,0.0,0.0,False
ppc,BM,2026-02-01,63,63,722.7062000000001,63,722.7062000000001,0,0.0,0.0,0.0,0.0,0.0,0.0,False
ppc,BN,2026-02-01,76,75,700.6616,76,700.6616,0,0.0,0.0,0.0,0.0,0.0,0.0,False
ppc,BO,2026-02-01,1073,1070,5035.1968,1073,5035.1968,5,5405.0,5405.0,0.0,5405.0,5405.0,0.0,True
ppc,BQ,2026-02-01,31,31,207.1704,31,207.1704,1,1050.0,1050.0,0.0,1050.0,1050.0,0.0,False
ppc,BR,2026-02-01,42291,42235,106958.51960000061,42291,106958.51960000061,1083,623735.0,620915.0,2820.0,623735.0,620915.0,2820.0,True
ppc,BS,2026-02-01,183,183,1661.6182000000003,183,1661.6182000000003,4,1450.0,1450.0,0.0,1450.0,1450.0,0.0,False
ppc,BT,2026-02-01,76,75,863.5874000000001,76,863.5874000000001,0,0.0,0.0,0.0,0.0,0.0,0.0,False
ppc,BW,2026-02-01,885,880,6877.234399999999,885,6877.234399999999,24,5125.0,5060.0,65.0,5125.0,5060.0,65.0,True
ppc,BZ,2026-02-01,79,77,653.6346,79,653.6346,1,150.0,150.0,0.0,150.0,150.0,0.0,False
ppc,CA,2026-02-01,10069,10037,138004.24279999995,10069,138004.24279999995,415,705580.0,703140.0,2440.0,705580.0,703140.0,2440.0,True
ppc,CH,2026-02-01,1204,1201,10429.685799999997,1204,10429.685799999997,50,82840.0,82670.0,170.0,82840.0,82670.0,170.0,True
ppc,CI,2026-02-01,244,242,519.6724,244,519.6724,2,130.0,130.0,0.0,130.0,130.0,0.0,False
ppc,CK,2026-02-01,26,26,232.3748,26,232.3748,0,0.0,0.0,0.0,0.0,0.0,0.0,False
ppc,CL,2026-02-01,4355,4346,11468.3794,4355,11468.3794,118,76235.0,75985.0,250.0,76235.0,75985.0,250.0,True
ppc,CM,2026-02-01,15,15,133.2222,15,133.2222,0,0.0,0.0,0.0,0.0,0.0,0.0,False
ppc,CN,2026-02-01,221,219,1538.0012000000002,221,1538.0012000000002,6,1760.0,1760.0,0.0,1760.0,1760.0,0.0,False
ppc,CO,2026-02-01,2465,2464,8326.916599999995,2465,8326.916599999995,78,18375.0,18310.0,65.0,18375.0,18310.0,65.0,True
ppc,CR,2026-02-01,1353,1352,4936.8063999999995,1353,4936.8063999999995,29,35195.0,35150.0,45.0,35195.0,35150.0,45.0,True
ppc,CV,2026-02-01,34,34,348.8433999999999,34,348.8433999999999,0,0.0,0.0,0.0,0.0,0.0,0.0,False
ppc,CW,2026-02-01,240,240,2205.4072,240,2205.4072,8,1655.0,1655.0,0.0,1655.0,1655.0,0.0,False
ppc,CX,2026-02-01,1,1,9.4868,1,9.4868,0,0.0,0.0,0.0,0.0,0.0,0.0,False
ppc,CY,2026-02-01,558,557,4676.785199999999,558,4676.785199999999,12,31200.0,31155.0,45.0,31200.0,31155.0,45.0,True
ppc,CZ,2026-02-01,164,163,813.0527999999999,164,813.0527999999999,5,635.0,635.0,0.0,635.0,635.0,0.0,False
ppc,DE,2026-02-01,2804,2782,20791.358200000006,2804,20791.358200000006,59,47640.0,46795.0,845.0,47640.0,46795.0,845.0,True
ppc,DJ,2026-02-01,131,129,1265.696,131,1265.696,0,0.0,0.0,0.0,0.0,0.0,0.0,False
ppc,DK,2026-02-01,347,346,3786.3950000000004,347,3786.3950000000004,13,7525.0,7480.0,45.0,7525.0,7480.0,45.0,False
ppc,DM,2026-02-01,28,27,296.481,28,296.481,0,0.0,0.0,0.0,0.0,0.0,0.0,False
ppc,DO,2026-02-01,2185,2178,5150.540600000001,2185,5150.540600000001,46,25485.0,25420.0,65.0,25485.0,25420.0,65.0,True
ppc,DZ,2026-02-01,93,93,506.58919999999995,93,506.58919999999995,6,1670.0,1670.0,0.0,1670.0,1670.0,0.0,False
ppc,EC,2026-02-01,782,780,2525.9826,782,2525.9826,17,5690.0,5690.0,0.0,5690.0,5690.0,0.0,True
ppc,EE,2026-02-01,151,150,1390.3786,151,1390.3786,5,8220.0,8220.0,0.0,8220.0,8220.0,0.0,False
ppc,ER,2026-02-01,2,2,2.9008000000000003,2,2.9008000000000003,0,0.0,0.0,0.0,0.0,0.0,0.0,False
ppc,ES,2026-02-01,7416,7397,33620.79739999998,7416,33620.79739999998,178,430430.0,428140.0,2290.0,430430.0,428140.0,2290.0,True
ppc,ET,2026-02-01,4,4,23.3544,4,23.3544,0,0.0,0.0,0.0,0.0,0.0,0.0,False
ppc,FI,2026-02-01,426,426,4028.5747999999994,426,4028.5747999999994,12,4925.0,4925.0,0.0,4925.0,4925.0,0.0,False
ppc,FJ,2026-02-01,151,151,743.7222,151,743.7222,2,14205.0,14205.0,0.0,14205.0,14205.0,0.0,False
ppc,FK,2026-02-01,4,4,43.349199999999996,4,43.349199999999996,0,0.0,0.0,0.0,0.0,0.0,0.0,False
ppc,FM,2026-02-01,12,12,119.9762,12,119.9762,0,0.0,0.0,0.0,0.0,0.0,0.0,False
ppc,FO,2026-02-01,25,25,259.64379999999994,25,259.64379999999994,2,1685.0,1685.0,0.0,1685.0,1685.0,0.0,False
ppc,FR,2026-02-01,6241,6231,45140.703000000016,6241,45140.703000000016,146,68335.0,68335.0,0.0,68335.0,68335.0,0.0,True
ppc,GA,2026-02-01,173,172,1385.4279999999999,173,1385.4279999999999,0,0.0,0.0,0.0,0.0,0.0,0.0,False
ppc,GB,2026-02-01,16041,15991,223917.9911999998,16041,223917.9911999998,652,667560.0,664235.0,3325.0,667560.0,664235.0,3325.0,True
ppc,GD,2026-02-01,35,34,299.1006,35,299.1006,2,465.0,465.0,0.0,465.0,465.0,0.0,False
ppc,GE,2026-02-01,354,354,1099.2182000000003,354,1099.2182000000003,10,3775.0,3650.0,125.0,3775.0,3650.0,125.0,False
ppc,GF,2026-02-01,42,42,384.7112,42,384.7112,6,6270.0,6270.0,0.0,6270.0,6270.0,0.0,False
ppc,GG,2026-02-01,26,26,269.7818,26,269.7818,3,4925.0,4880.0,45.0,4925.0,4880.0,45.0,False
ppc,GI,2026-02-01,28,28,325.00800000000004,28,325.00800000000004,1,65.0,65.0,0.0,65.0,65.0,0.0,False
ppc,GL,2026-02-01,27,27,239.2716,27,239.2716,1,65.0,65.0,0.0,65.0,65.0,0.0,False
ppc,GM,2026-02-01,35,35,220.4608,35,220.4608,1,110.0,110.0,0.0,110.0,110.0,0.0,False
ppc,GN,2026-02-01,34,34,99.09339999999999,34,99.09339999999999,0,0.0,0.0,0.0,0.0,0.0,0.0,False
ppc,GP,2026-02-01,103,103,972.1306000000001,103,972.1306000000001,2,260.0,260.0,0.0,260.0,260.0,0.0,False
ppc,GQ,2026-02-01,31,31,200.17739999999998,31,200.17739999999998,0,0.0,0.0,0.0,0.0,0.0,0.0,False
ppc,GR,2026-02-01,671,671,5542.7627999999995,671,5542.7627999999995,20,8315.0,8315.0,0.0,8315.0,8315.0,0.0,True
ppc,GT,2026-02-01,527,524,4425.074199999999,527,4425.074199999999,12,9335.0,9335.0,0.0,9335.0,9335.0,0.0,True
ppc,GU,2026-02-01,142,142,1250.2892,142,1250.2892,5,1020.0,1020.0,0.0,1020.0,1020.0,0.0,False
ppc,GY,2026-02-01,211,209,1616.0046000000004,211,1616.0046000000004,1,65.0,65.0,0.0,65.0,65.0,0.0,False
ppc,HK,2026-02-01,1454,1451,8436.3848,1454,8436.3848,23,12580.0,11780.0,800.0,12580.0,11780.0,800.0,True
ppc,HN,2026-02-01,290,290,866.3772000000001,290,866.3772000000001,0,0.0,0.0,0.0,0.0,0.0,0.0,False
ppc,HR,2026-02-01,560,559,5377.409799999999,560,5377.409799999999,29,10030.0,10030.0,0.0,10030.0,10030.0,0.0,True
ppc,HT,2026-02-01,96,96,850.1637999999999,96,850.1637999999999,2,220.0,220.0,0.0,220.0,220.0,0.0,False
ppc,HU,2026-02-01,235,235,1315.1058,235,1315.1058,6,9525.0,9525.0,0.0,9525.0,9525.0,0.0,False
ppc,ID,2026-02-01,19,19,131.2168,19,131.2168,0,0.0,0.0,0.0,0.0,0.0,0.0,False
ppc,IE,2026-02-01,1672,1667,20466.216999999997,1672,20466.216999999997,68,82410.0,82010.0,400.0,82410.0,82010.0,400.0,True
ppc,IL,2026-02-01,1767,1766,16333.701799999999,1767,16333.701799999999,48,26800.0,25785.0,1015.0,26800.0,25785.0,1015.0,True
ppc,IM,2026-02-01,48,48,494.172,48,494.172,2,495.0,495.0,0.0,495.0,495.0,0.0,False
ppc,IN,2026-02-01,162,159,1326.0356000000002,162,1326.0356000000002,6,525.0,525.0,0.0,525.0,525.0,0.0,False
ppc,IO,2026-02-01,7,7,72.49040000000001,7,72.49040000000001,0,0.0,0.0,0.0,0.0,0.0,0.0,False
ppc,IR,2026-02-01,5,5,27.690799999999996,5,27.690799999999996,0,0.0,0.0,0.0,0.0,0.0,0.0,False
ppc,IS,2026-02-01,87,87,808.2502,87,808.2502,8,1845.0,1845.0,0.0,1845.0,1845.0,0.0,False
ppc,IT,2026-02-01,6903,6888,48066.41880000002,6903,48066.41880000002,135,114860.0,112940.0,1920.0,114860.0,112940.0,1920.0,True
ppc,JE,2026-02-01,69,68,763.8576,69,763.8576,3,1010.0,1010.0,0.0,1010.0,1010.0,0.0,False
ppc,JM,2026-02-01,3877,3869,18670.185199999996,3877,18670.185199999996,80,16060.0,16060.0,0.0,16060.0,16060.0,0.0,True
ppc,JO,2026-02-01,9,9,91.3382,9,91.3382,0,0.0,0.0,0.0,0.0,0.0,0.0,False
ppc,JP,2026-02-01,1398,1395,5135.9034,1398,5135.9034,28,10505.0,10505.0,0.0,10505.0,10505.0,0.0,True
ppc,KE,2026-02-01,9083,9075,15303.962199999974,9083,15303.962199999974,45,28145.0,27990.0,155.0,28145.0,27990.0,155.0,True
ppc,KG,2026-02-01,196,194,1700.8382,196,1700.8382,3,195.0,195.0,0.0,195.0,195.0,0.0,False
ppc,KH,2026-02-01,3,3,25.049,3,25.049,1,150.0,150.0,0.0,150.0,150.0,0.0,False
ppc,KI,2026-02-01,22,21,148.8066,22,148.8066,0,0.0,0.0,0.0,0.0,0.0,0.0,False
ppc,KM,2026-02-01,7,7,58.386,7,58.386,0,0.0,0.0,0.0,0.0,0.0,0.0,False
ppc,KN,2026-02-01,24,24,209.15360000000004,24,209.15360000000004,0,0.0,0.0,0.0,0.0,0.0,0.0,False
ppc,KR,2026-02-01,3404,3403,11672.567599999997,3404,11672.567599999997,60,166565.0,166440.0,125.0,166565.0,166440.0,125.0,True
ppc,KW,2026-02-01,13,12,32.82640000000001,13,32.82640000000001,0,0.0,0.0,0.0,0.0,0.0,0.0,False
ppc,KY,2026-02-01,148,148,1355.7762,148,1355.7762,6,1265.0,1265.0,0.0,1265.0,1265.0,0.0,False
ppc,KZ,2026-02-01,18,18,149.11,18,149.11,0,0.0,0.0,0.0,0.0,0.0,0.0,False
ppc,LA,2026-02-01,268,267,1769.9763999999998,268,1769.9763999999998,0,0.0,0.0,0.0,0.0,0.0,0.0,False
ppc,LC,2026-02-01,88,87,774.4396,88,774.4396,3,21155.0,21155.0,0.0,21155.0,21155.0,0.0,False
ppc,LI,2026-02-01,4,3,12.831599999999998,4,12.831599999999998,0,0.0,0.0,0.0,0.0,0.0,0.0,False
ppc,LK,2026-02-01,135,134,1268.1527999999998,135,1268.1527999999998,4,575.0,575.0,0.0,575.0,575.0,0.0,False
ppc,LS,2026-02-01,141,140,1273.1256,141,1273.1256,1,65.0,65.0,0.0,65.0,65.0,0.0,False
ppc,LT,2026-02-01,149,149,849.2979999999999,149,849.2979999999999,1,165.0,165.0,0.0,165.0,165.0,0.0,False
ppc,LU,2026-02-01,137,137,1194.2785999999999,137,1194.2785999999999,5,810.0,810.0,0.0,810.0,810.0,0.0,False
ppc,LV,2026-02-01,289,286,2478.5486,289,2478.5486,7,13530.0,13530.0,0.0,13530.0,13530.0,0.0,False
ppc,MA,2026-02-01,88,88,782.846,88,782.846,0,0.0,0.0,0.0,0.0,0.0,0.0,False
ppc,MC,2026-02-01,8,8,71.3952,8,71.3952,2,130.0,130.0,0.0,130.0,130.0,0.0,False
ppc,MD,2026-02-01,412,409,3231.4912000000004,412,3231.4912000000004,4,525.0,525.0,0.0,525.0,525.0,0.0,False
ppc,ME,2026-02-01,179,178,1889.3754000000004,179,1889.3754000000004,2,615.0,615.0,0.0,615.0,615.0,0.0,False
ppc,MF,2026-02-01,15,15,189.79519999999997,15,189.79519999999997,1,795.0,795.0,0.0,795.0,795.0,0.0,False
ppc,MG,2026-02-01,339,337,2426.6005999999993,339,2426.6005999999993,2,275.0,275.0,0.0,275.0,275.0,0.0,False
ppc,MH,2026-02-01,6,6,55.53699999999999,6,55.53699999999999,0,0.0,0.0,0.0,0.0,0.0,0.0,False
ppc,MK,2026-02-01,237,237,2082.1602000000003,237,2082.1602000000003,1,165.0,165.0,0.0,165.0,165.0,0.0,False
ppc,MN,2026-02-01,54,54,528.212,54,528.212,0,0.0,0.0,0.0,0.0,0.0,0.0,False
ppc,MO,2026-02-01,25,25,253.3168,25,253.3168,0,0.0,0.0,0.0,0.0,0.0,0.0,False
ppc,MP,2026-02-01,30,30,303.27419999999995,30,303.27419999999995,1,1200.0,1200.0,0.0,1200.0,1200.0,0.0,False
ppc,MQ,2026-02-01,100,100,958.1224,100,958.1224,4,8430.0,8430.0,0.0,8430.0,8430.0,0.0,False
ppc,MR,2026-02-01,86,85,863.95,86,863.95,0,0.0,0.0,0.0,0.0,0.0,0.0,False
ppc,MS,2026-02-01,10,10,81.2076,10,81.2076,0,0.0,0.0,0.0,0.0,0.0,0.0,False
ppc,MT,2026-02-01,284,284,2730.2004,284,2730.2004,7,1510.0,1510.0,0.0,1510.0,1510.0,0.0,False
ppc,MU,2026-02-01,430,426,3863.4142,430,3863.4142,13,28560.0,28470.0,90.0,28560.0,28470.0,90.0,False
ppc,MV,2026-02-01,107,107,1123.764,107,1123.764,4,350.0,350.0,0.0,350.0,350.0,0.0,False
ppc,MW,2026-02-01,9,9,73.00099999999999,9,73.00099999999999,0,0.0,0.0,0.0,0.0,0.0,0.0,False
ppc,MX,2026-02-01,11562,11542,30340.717799999948,11562,30340.717799999948,214,251380.0,249000.0,2380.0,251380.0,249000.0,2380.0,True
ppc,MY,2026-02-01,6397,6392,18965.304600000003,6397,18965.304600000003,108,90910.0,90760.0,150.0,90910.0,90760.0,150.0,True
ppc,MZ,2026-02-01,308,306,2486.9993999999997,308,2486.9993999999997,6,865.0,865.0,0.0,865.0,865.0,0.0,False
ppc,NA,2026-02-01,560,558,2620.2364,560,2620.2364,11,3040.0,2975.0,65.0,3040.0,2975.0,65.0,True
ppc,NC,2026-02-01,101,101,817.4558000000001,101,817.4558000000001,4,2190.0,2190.0,0.0,2190.0,2190.0,0.0,False
ppc,NE,2026-02-01,57,57,495.097,57,495.097,0,0.0,0.0,0.0,0.0,0.0,0.0,False
ppc,NG,2026-02-01,1,1,13.445800000000002,1,13.445800000000002,0,0.0,0.0,0.0,0.0,0.0,0.0,False
ppc,NL,2026-02-01,3526,3515,28816.199399999998,3526,28816.199399999998,72,76400.0,76355.0,45.0,76400.0,76355.0,45.0,True
ppc,NO,2026-02-01,467,466,4962.8544,467,4962.8544,10,3790.0,3790.0,0.0,3790.0,3790.0,0.0,False
ppc,NP,2026-02-01,6,6,38.2358,6,38.2358,1,65.0,65.0,0.0,65.0,65.0,0.0,False
ppc,NR,2026-02-01,2,2,20.1354,2,20.1354,0,0.0,0.0,0.0,0.0,0.0,0.0,False
ppc,NZ,2026-02-01,2216,2205,30479.719399999994,2216,30479.719399999994,91,251460.0,251090.0,370.0,251460.0,251090.0,370.0,True
ppc,OM,2026-02-01,29,29,204.79499999999996,29,204.79499999999996,1,65.0,65.0,0.0,65.0,65.0,0.0,False
ppc,PA,2026-02-01,992,990,3298.0838,992,3298.0838,13,2660.0,2615.0,45.0,2660.0,2615.0,45.0,True
ppc,PE,2026-02-01,1409,1408,5314.931599999999,1409,5314.931599999999,38,38565.0,38565.0,0.0,38565.0,38565.0,0.0,True
ppc,PF,2026-02-01,149,149,1197.7269999999999,149,1197.7269999999999,1,65.0,65.0,0.0,65.0,65.0,0.0,False
ppc,PG,2026-02-01,16,16,241.01799999999997,16,241.01799999999997,0,0.0,0.0,0.0,0.0,0.0,0.0,False
ppc,PH,2026-02-01,12427,12422,31171.870999999992,12427,31171.870999999992,70,228150.0,227210.0,940.0,228150.0,227210.0,940.0,True
ppc,PK,2026-02-01,117,116,906.4112,117,906.4112,2,1135.0,1135.0,0.0,1135.0,1135.0,0.0,False
ppc,PL,2026-02-01,505,505,2537.8225999999995,505,2537.8225999999995,15,15550.0,15550.0,0.0,15550.0,15550.0,0.0,True
ppc,PM,2026-02-01,2,2,18.884800000000002,2,18.884800000000002,0,0.0,0.0,0.0,0.0,0.0,0.0,False
ppc,PR,2026-02-01,1153,1151,4929.732,1153,4929.732,37,19545.0,19480.0,65.0,19545.0,19480.0,65.0,True
ppc,PS,2026-02-01,2,2,25.234,2,25.234,1,65.0,65.0,0.0,65.0,65.0,0.0,False
ppc,PT,2026-02-01,2226,2219,14616.494800000002,2226,14616.494800000002,77,93615.0,93195.0,420.0,93615.0,93195.0,420.0,True
ppc,PW,2026-02-01,15,15,133.85119999999998,15,133.85119999999998,0,0.0,0.0,0.0,0.0,0.0,0.0,False
ppc,PY,2026-02-01,739,739,3192.4414,739,3192.4414,5,3465.0,3465.0,0.0,3465.0,3465.0,0.0,True
ppc,QA,2026-02-01,33,33,130.573,33,130.573,1,65.0,65.0,0.0,65.0,65.0,0.0,False
ppc,RE,2026-02-01,88,88,754.5927999999999,88,754.5927999999999,3,7815.0,7725.0,90.0,7815.0,7725.0,90.0,False
ppc,RO,2026-02-01,1584,1580,14515.521800000002,1584,14515.521800000002,34,56915.0,56115.0,800.0,56915.0,56115.0,800.0,True
ppc,RS,2026-02-01,1288,1283,11551.622,1288,11551.622,32,22995.0,22750.0,245.0,22995.0,22750.0,245.0,True
ppc,RU,2026-02-01,20,20,103.7332,20,103.7332,0,0.0,0.0,0.0,0.0,0.0,0.0,False
ppc,RW,2026-02-01,112,112,245.33219999999997,112,245.33219999999997,2,220.0,220.0,0.0,220.0,220.0,0.0,False
ppc,SA,2026-02-01,45,45,412.5426,45,412.5426,1,150.0,150.0,0.0,150.0,150.0,0.0,False
ppc,SB,2026-02-01,59,58,500.7654,59,500.7654,0,0.0,0.0,0.0,0.0,0.0,0.0,False
ppc,SC,2026-02-01,68,67,637.8208,68,637.8208,1,65.0,65.0,0.0,65.0,65.0,0.0,False
ppc,SE,2026-02-01,790,786,7979.901,790,7979.901,24,5680.0,5680.0,0.0,5680.0,5680.0,0.0,True
ppc,SG,2026-02-01,2946,2938,19452.054399999994,2946,19452.054399999994,75,31715.0,31505.0,210.0,31715.0,31505.0,210.0,True
ppc,SI,2026-02-01,241,240,2320.8398,241,2320.8398,8,6955.0,6955.0,0.0,6955.0,6955.0,0.0,False
ppc,SK,2026-02-01,273,272,2355.6863999999996,273,2355.6863999999996,8,980.0,980.0,0.0,980.0,980.0,0.0,False
ppc,SL,2026-02-01,762,755,6329.419799999999,762,6329.419799999999,3,380.0,380.0,0.0,380.0,380.0,0.0,True
ppc,SM,2026-02-01,10,10,56.0846,10,56.0846,0,0.0,0.0,0.0,0.0,0.0,0.0,False
ppc,SN,2026-02-01,3,3,91.88579999999999,3,91.88579999999999,0,0.0,0.0,0.0,0.0,0.0,0.0,False
ppc,SR,2026-02-01,95,95,795.1078,95,795.1078,0,0.0,0.0,0.0,0.0,0.0,0.0,False
ppc,ST,2026-02-01,2,2,8.6062,2,8.6062,0,0.0,0.0,0.0,0.0,0.0,0.0,False
ppc,SV,2026-02-01,683,682,2762.1535999999996,683,2762.1535999999996,5,460.0,460.0,0.0,460.0,460.0,0.0,True
ppc,SX,2026-02-01,66,66,643.6594,66,643.6594,1,150.0,150.0,0.0,150.0,150.0,0.0,False
ppc,SZ,2026-02-01,118,117,1385.4354,118,1385.4354,1,65.0,65.0,0.0,65.0,65.0,0.0,False
ppc,TC,2026-02-01,71,70,611.0846,71,611.0846,2,480.0,480.0,0.0,480.0,480.0,0.0,False
ppc,TD,2026-02-01,74,74,712.1686000000001,74,712.1686000000001,1,65.0,65.0,0.0,65.0,65.0,0.0,False
ppc,TG,2026-02-01,5,5,26.0702,5,26.0702,0,0.0,0.0,0.0,0.0,0.0,0.0,False
ppc,TH,2026-02-01,3526,3516,19909.566799999993,3526,19909.566799999993,79,94935.0,94725.0,210.0,94935.0,94725.0,210.0,True
ppc,TJ,2026-02-01,85,85,790.5494,85,790.5494,0,0.0,0.0,0.0,0.0,0.0,0.0,False
ppc,TL,2026-02-01,26,26,200.68059999999997,26,200.68059999999997,0,0.0,0.0,0.0,0.0,0.0,0.0,False
ppc,TM,2026-02-01,3,3,34.321200000000005,3,34.321200000000005,0,0.0,0.0,0.0,0.0,0.0,0.0,False
ppc,TO,2026-02-01,13,13,115.477,13,115.477,0,0.0,0.0,0.0,0.0,0.0,0.0,False
ppc,TR,2026-02-01,2711,2706,10424.942399999998,2711,10424.942399999998,40,57930.0,57885.0,45.0,57930.0,57885.0,45.0,True
ppc,TT,2026-02-01,702,699,6590.661999999999,702,6590.661999999999,6,5210.0,5210.0,0.0,5210.0,5210.0,0.0,True
ppc,TV,2026-02-01,4,4,30.606399999999997,4,30.606399999999997,0,0.0,0.0,0.0,0.0,0.0,0.0,False
ppc,TW,2026-02-01,1259,1258,9470.705,1259,9470.705,16,252835.0,252835.0,0.0,252835.0,252835.0,0.0,True
ppc,TZ,2026-02-01,858,858,1815.8119999999997,858,1815.8119999999997,11,9575.0,9575.0,0.0,9575.0,9575.0,0.0,True
ppc,UA,2026-02-01,15,15,136.419,15,136.419,0,0.0,0.0,0.0,0.0,0.0,0.0,False
ppc,UG,2026-02-01,70,70,621.4372,70,621.4372,0,0.0,0.0,0.0,0.0,0.0,0.0,False
ppc,UM,2026-02-01,1,1,8.51,1,8.51,0,0.0,0.0,0.0,0.0,0.0,0.0,False
ppc,UNKNOWN,2026-02-01,70,70,352.3806,70,352.3806,2,230.0,230.0,0.0,230.0,230.0,0.0,False
ppc,US,2026-02-01,90521,90130,1255610.4808000051,90521,1255610.4808000051,4380,9830115.0,9792080.0,38035.0,9830115.0,9792080.0,38035.0,True
ppc,UY,2026-02-01,1522,1509,6045.659399999999,1522,6045.659399999999,25,3705.0,3705.0,0.0,3705.0,3705.0,0.0,True
ppc,UZ,2026-02-01,275,274,2613.717,275,2613.717,5,550.0,550.0,0.0,550.0,550.0,0.0,False
ppc,VC,2026-02-01,32,32,292.90680000000003,32,292.90680000000003,0,0.0,0.0,0.0,0.0,0.0,0.0,False
ppc,VG,2026-02-01,51,50,434.3282,51,434.3282,1,65.0,65.0,0.0,65.0,65.0,0.0,False
ppc,VI,2026-02-01,36,36,354.4008,36,354.4008,0,0.0,0.0,0.0,0.0,0.0,0.0,False
ppc,VN,2026-02-01,1934,1932,4900.442799999999,1934,4900.442799999999,11,4385.0,4385.0,0.0,4385.0,4385.0,0.0,True
ppc,VU,2026-02-01,24,24,182.373,24,182.373,0,0.0,0.0,0.0,0.0,0.0,0.0,False
ppc,WF,2026-02-01,1,1,5.535200000000001,1,5.535200000000001,0,0.0,0.0,0.0,0.0,0.0,0.0,False
ppc,WS,2026-02-01,14,14,141.5324,14,141.5324,0,0.0,0.0,0.0,0.0,0.0,0.0,False
ppc,XK,2026-02-01,70,70,832.4334000000001,70,832.4334000000001,1,65.0,65.0,0.0,65.0,65.0,0.0,False
ppc,YT,2026-02-01,16,16,120.92340000000002,16,120.92340000000002,0,0.0,0.0,0.0,0.0,0.0,0.0,False
ppc,ZA,2026-02-01,4278,4259,21228.764800000023,4278,21228.764800000023,87,35660.0,35660.0,0.0,35660.0,35660.0,0.0,True
ppc,ZM,2026-02-01,12,11,179.4722,12,179.4722,0,0.0,0.0,0.0,0.0,0.0,0.0,False
1002,AD,2026-03-01,3,0,0.0,3,0.0,1,290.0,290.0,0.0,290.0,290.0,0.0,False
1002,AE,2026-03-01,1,1,557.96,1,557.96,1,335.0,335.0,0.0,335.0,335.0,0.0,False
1002,AI,2026-03-01,1,0,0.0,1,0.0,0,0.0,0.0,0.0,0.0,0.0,0.0,False
1002,AL,2026-03-01,5,1,316.71999999999997,5,316.71999999999997,1,150.0,150.0,0.0,150.0,150.0,0.0,False
1002,AO,2026-03-01,2,0,0.0,2,0.0,1,3870.0,3870.0,0.0,3870.0,3870.0,0.0,False
1002,AQ,2026-03-01,1,1,625.3,1,625.3,1,2020.0,2020.0,0.0,2020.0,2020.0,0.0,False
1002,AR,2026-03-01,5,0,0.0,5,0.0,0,0.0,0.0,0.0,0.0,0.0,0.0,False
1002,AT,2026-03-01,79,3,991.5999999999999,79,991.5999999999999,3,650.0,650.0,0.0,650.0,650.0,0.0,False
1002,AU,2026-03-01,1029,58,27977.18,1029,27977.18,82,127495.0,126650.0,845.0,127495.0,126650.0,845.0,True
1002,AX,2026-03-01,13,3,1280.2,13,1280.2,4,10990.0,10990.0,0.0,10990.0,10990.0,0.0,False
1002,BD,2026-03-01,8,0,0.0,8,0.0,0,0.0,0.0,0.0,0.0,0.0,0.0,False
1002,BE,2026-03-01,59,1,337.44,59,337.44,1,200.0,200.0,0.0,200.0,200.0,0.0,False
1002,BG,2026-03-01,2,0,0.0,2,0.0,0,0.0,0.0,0.0,0.0,0.0,0.0,False
1002,BH,2026-03-01,3,0,0.0,3,0.0,1,65.0,65.0,0.0,65.0,65.0,0.0,False
1002,BN,2026-03-01,2,0,0.0,2,0.0,0,0.0,0.0,0.0,0.0,0.0,0.0,False
1002,BR,2026-03-01,6,0,0.0,6,0.0,0,0.0,0.0,0.0,0.0,0.0,0.0,False
1002,BS,2026-03-01,11,0,0.0,11,0.0,0,0.0,0.0,0.0,0.0,0.0,0.0,False
1002,CA,2026-03-01,1435,47,23064.32,1435,23064.32,86,115430.0,115335.0,95.0,115430.0,115335.0,95.0,True
1002,CH,2026-03-01,91,8,2800.16,91,2800.16,8,1510.0,1410.0,100.0,1510.0,1410.0,100.0,False
1002,CI,2026-03-01,3,0,0.0,3,0.0,0,0.0,0.0,0.0,0.0,0.0,0.0,False
1002,CL,2026-03-01,4,0,0.0,4,0.0,0,0.0,0.0,0.0,0.0,0.0,0.0,False
1002,CM,2026-03-01,1,0,0.0,1,0.0,0,0.0,0.0,0.0,0.0,0.0,0.0,False
1002,CN,2026-03-01,4,0,0.0,4,0.0,0,0.0,0.0,0.0,0.0,0.0,0.0,False
1002,CO,2026-03-01,13,1,625.3,13,625.3,1,1460.0,1460.0,0.0,1460.0,1460.0,0.0,False
1002,CR,2026-03-01,2,0,0.0,2,0.0,0,0.0,0.0,0.0,0.0,0.0,0.0,False
1002,CW,2026-03-01,2,0,0.0,2,0.0,0,0.0,0.0,0.0,0.0,0.0,0.0,False
1002,CY,2026-03-01,3,0,0.0,3,0.0,0,0.0,0.0,0.0,0.0,0.0,0.0,False
1002,CZ,2026-03-01,1,0,0.0,1,0.0,0,0.0,0.0,0.0,0.0,0.0,0.0,False
1002,DE,2026-03-01,1764,35,11623.92,1764,11623.92,53,27555.0,27430.0,125.0,27555.0,27430.0,125.0,True
1002,DK,2026-03-01,92,6,2193.36,92,2193.36,7,1795.0,1795.0,0.0,1795.0,1795.0,0.0,False
1002,DO,2026-03-01,4,0,0.0,4,0.0,0,0.0,0.0,0.0,0.0,0.0,0.0,False
1002,DZ,2026-03-01,31,1,688.2,31,688.2,1,375.0,375.0,0.0,375.0,375.0,0.0,False
1002,EC,2026-03-01,2,0,0.0,2,0.0,0,0.0,0.0,0.0,0.0,0.0,0.0,False
1002,EE,2026-03-01,2,1,384.8,2,384.8,1,6765.0,6765.0,0.0,6765.0,6765.0,0.0,False
1002,ES,2026-03-01,127,4,1704.9599999999998,127,1704.9599999999998,11,1680.0,1680.0,0.0,1680.0,1680.0,0.0,False
1002,FI,2026-03-01,40,1,316.71999999999997,40,316.71999999999997,2,130.0,130.0,0.0,130.0,130.0,0.0,False
1002,FJ,2026-03-01,1,0,0.0,1,0.0,0,0.0,0.0,0.0,0.0,0.0,0.0,False
1002,FR,2026-03-01,102,5,1625.04,102,1625.04,9,3355.0,3355.0,0.0,3355.0,3355.0,0.0,False
1002,GB,2026-03-01,1572,47,22950.36,1572,22950.36,90,52190.0,52025.0,165.0,52190.0,52025.0,165.0,True
1002,GR,2026-03-01,3,0,0.0,3,0.0,0,0.0,0.0,0.0,0.0,0.0,0.0,False
1002,GY,2026-03-01,1,0,0.0,1,0.0,0,0.0,0.0,0.0,0.0,0.0,0.0,False
1002,HK,2026-03-01,15,0,0.0,15,0.0,0,0.0,0.0,0.0,0.0,0.0,0.0,False
1002,HN,2026-03-01,3,0,0.0,3,0.0,0,0.0,0.0,0.0,0.0,0.0,0.0,False
1002,HR,2026-03-01,1,0,0.0,1,0.0,0,0.0,0.0,0.0,0.0,0.0,0.0,False
1002,HT,2026-03-01,1,0,0.0,1,0.0,0,0.0,0.0,0.0,0.0,0.0,0.0,False
1002,HU,2026-03-01,3,0,0.0,3,0.0,1,200.0,200.0,0.0,200.0,200.0,0.0,False
1002,ID,2026-03-01,12,0,0.0,12,0.0,0,0.0,0.0,0.0,0.0,0.0,0.0,False
1002,IE,2026-03-01,101,3,1038.96,101,1038.96,3,1280.0,1280.0,0.0,1280.0,1280.0,0.0,False
1002,IL,2026-03-01,14,0,0.0,14,0.0,0,0.0,0.0,0.0,0.0,0.0,0.0,False
1002,IN,2026-03-01,79,0,0.0,79,0.0,0,0.0,0.0,0.0,0.0,0.0,0.0,False
1002,IS,2026-03-01,11,2,722.24,11,722.24,2,130.0,130.0,0.0,130.0,130.0,0.0,False
1002,IT,2026-03-01,319,7,2743.92,319,2743.92,13,6925.0,6925.0,0.0,6925.0,6925.0,0.0,False
1002,JE,2026-03-01,1,0,0.0,1,0.0,0,0.0,0.0,0.0,0.0,0.0,0.0,False
1002,JP,2026-03-01,20,1,550.56,20,550.56,2,130.0,130.0,0.0,130.0,130.0,0.0,False
1002,KE,2026-03-01,9,0,0.0,9,0.0,0,0.0,0.0,0.0,0.0,0.0,0.0,False
1002,KH,2026-03-01,3,0,0.0,3,0.0,0,0.0,0.0,0.0,0.0,0.0,0.0,False
1002,KR,2026-03-01,10,0,0.0,10,0.0,0,0.0,0.0,0.0,0.0,0.0,0.0,False
1002,LA,2026-03-01,2,0,0.0,2,0.0,0,0.0,0.0,0.0,0.0,0.0,0.0,False
1002,LK,2026-03-01,14,1,550.56,14,550.56,1,65.0,65.0,0.0,65.0,65.0,0.0,False
1002,LT,2026-03-01,2,1,557.96,2,557.96,2,395.0,395.0,0.0,395.0,395.0,0.0,False
1002,LU,2026-03-01,11,0,0.0,11,0.0,1,65.0,65.0,0.0,65.0,65.0,0.0,False
1002,LV,2026-03-01,2,0,0.0,2,0.0,0,0.0,0.0,0.0,0.0,0.0,0.0,False
1002,MA,2026-03-01,4,0,0.0,4,0.0,0,0.0,0.0,0.0,0.0,0.0,0.0,False
1002,MK,2026-03-01,2,0,0.0,2,0.0,0,0.0,0.0,0.0,0.0,0.0,0.0,False
1002,MN,2026-03-01,2,0,0.0,2,0.0,0,0.0,0.0,0.0,0.0,0.0,0.0,False
1002,MU,2026-03-01,1,0,0.0,1,0.0,0,0.0,0.0,0.0,0.0,0.0,0.0,False
1002,MW,2026-03-01,1,0,0.0,1,0.0,0,0.0,0.0,0.0,0.0,0.0,0.0,False
1002,MX,2026-03-01,26,1,625.3,26,625.3,1,200.0,200.0,0.0,200.0,200.0,0.0,False
1002,MY,2026-03-01,11,0,0.0,11,0.0,0,0.0,0.0,0.0,0.0,0.0,0.0,False
1002,NE,2026-03-01,1,0,0.0,1,0.0,0,0.0,0.0,0.0,0.0,0.0,0.0,False
1002,NL,2026-03-01,204,10,3312.24,204,3312.24,21,4565.0,4565.0,0.0,4565.0,4565.0,0.0,False
1002,NO,2026-03-01,92,2,701.52,92,701.52,3,615.0,615.0,0.0,615.0,615.0,0.0,False
1002,NP,2026-03-01,2,0,0.0,2,0.0,0,0.0,0.0,0.0,0.0,0.0,0.0,False
1002,NZ,2026-03-01,184,6,3040.66,184,3040.66,10,1595.0,1495.0,100.0,1595.0,1495.0,100.0,False
1002,PA,2026-03-01,6,2,920.56,6,920.56,2,20200.0,19930.0,270.0,20200.0,19930.0,270.0,False
1002,PE,2026-03-01,1,0,0.0,1,0.0,0,0.0,0.0,0.0,0.0,0.0,0.0,False
1002,PG,2026-03-01,1,0,0.0,1,0.0,0,0.0,0.0,0.0,0.0,0.0,0.0,False
1002,PH,2026-03-01,59,0,0.0,59,0.0,1,190.0,190.0,0.0,190.0,190.0,0.0,False
1002,PL,2026-03-01,8,0,0.0,8,0.0,0,0.0,0.0,0.0,0.0,0.0,0.0,False
1002,PR,2026-03-01,7,1,688.2,7,688.2,2,265.0,265.0,0.0,265.0,265.0,0.0,False
1002,PT,2026-03-01,39,0,0.0,39,0.0,2,1795.0,1795.0,0.0,1795.0,1795.0,0.0,False
1002,PY,2026-03-01,1,0,0.0,1,0.0,0,0.0,0.0,0.0,0.0,0.0,0.0,False
1002,QA,2026-03-01,1,0,0.0,1,0.0,0,0.0,0.0,0.0,0.0,0.0,0.0,False
1002,RO,2026-03-01,5,0,0.0,5,0.0,0,0.0,0.0,0.0,0.0,0.0,0.0,False
1002,RS,2026-03-01,5,0,0.0,5,0.0,0,0.0,0.0,0.0,0.0,0.0,0.0,False
1002,RW,2026-03-01,1,0,0.0,1,0.0,0,0.0,0.0,0.0,0.0,0.0,0.0,False
1002,SA,2026-03-01,1,0,0.0,1,0.0,0,0.0,0.0,0.0,0.0,0.0,0.0,False
1002,SE,2026-03-01,70,5,1645.7599999999998,70,1645.7599999999998,8,4680.0,4680.0,0.0,4680.0,4680.0,0.0,False
1002,SG,2026-03-01,19,0,0.0,19,0.0,0,0.0,0.0,0.0,0.0,0.0,0.0,False
1002,SI,2026-03-01,2,0,0.0,2,0.0,0,0.0,0.0,0.0,0.0,0.0,0.0,False
1002,SK,2026-03-01,4,0,0.0,4,0.0,0,0.0,0.0,0.0,0.0,0.0,0.0,False
1002,SL,2026-03-01,1,0,0.0,1,0.0,0,0.0,0.0,0.0,0.0,0.0,0.0,False
1002,SN,2026-03-01,1,0,0.0,1,0.0,0,0.0,0.0,0.0,0.0,0.0,0.0,False
1002,SR,2026-03-01,1,0,0.0,1,0.0,0,0.0,0.0,0.0,0.0,0.0,0.0,False
1002,TG,2026-03-01,4,0,0.0,4,0.0,0,0.0,0.0,0.0,0.0,0.0,0.0,False
1002,TH,2026-03-01,16,1,550.56,16,550.56,1,150.0,150.0,0.0,150.0,150.0,0.0,False
1002,TR,2026-03-01,9,0,0.0,9,0.0,0,0.0,0.0,0.0,0.0,0.0,0.0,False
1002,TZ,2026-03-01,2,0,0.0,2,0.0,0,0.0,0.0,0.0,0.0,0.0,0.0,False
1002,UG,2026-03-01,3,0,0.0,3,0.0,0,0.0,0.0,0.0,0.0,0.0,0.0,False
1002,UNKNOWN,2026-03-01,6,0,0.0,6,0.0,0,0.0,0.0,0.0,0.0,0.0,0.0,False
1002,US,2026-03-01,9644,441,210686.14,9644,210686.14,723,1888290.0,1879465.0,8825.0,1888290.0,1879465.0,8825.0,True
1002,VE,2026-03-01,1,0,0.0,1,0.0,0,0.0,0.0,0.0,0.0,0.0,0.0,False
1002,VI,2026-03-01,1,1,500.24,1,500.24,1,455.0,455.0,0.0,455.0,455.0,0.0,False
1002,VN,2026-03-01,6,0,0.0,6,0.0,0,0.0,0.0,0.0,0.0,0.0,0.0,False
1002,WS,2026-03-01,1,0,0.0,1,0.0,0,0.0,0.0,0.0,0.0,0.0,0.0,False
1002,ZA,2026-03-01,27,1,407.0,27,407.0,1,20805.0,20805.0,0.0,20805.0,20805.0,0.0,False
1052,AE,2026-03-01,2,0,0.0,2,0.0,0,0.0,0.0,0.0,0.0,0.0,0.0,False
1052,AI,2026-03-01,1,0,0.0,1,0.0,0,0.0,0.0,0.0,0.0,0.0,0.0,False
1052,AL,2026-03-01,1,0,0.0,1,0.0,0,0.0,0.0,0.0,0.0,0.0,0.0,False
1052,AO,2026-03-01,1,0,0.0,1,0.0,0,0.0,0.0,0.0,0.0,0.0,0.0,False
1052,AQ,2026-03-01,1,0,0.0,1,0.0,0,0.0,0.0,0.0,0.0,0.0,0.0,False
1052,AS,2026-03-01,1,1,74.0,1,74.0,0,0.0,0.0,0.0,0.0,0.0,0.0,False
1052,AU,2026-03-01,1234,174,26011.0,1234,26011.0,53,266290.0,264165.0,2125.0,266290.0,264165.0,2125.0,True
1052,AW,2026-03-01,2,0,0.0,2,0.0,0,0.0,0.0,0.0,0.0,0.0,0.0,False
1052,AX,2026-03-01,3,1,444.0,3,444.0,1,150.0,150.0,0.0,150.0,150.0,0.0,False
1052,AZ,2026-03-01,1,0,0.0,1,0.0,0,0.0,0.0,0.0,0.0,0.0,0.0,False
1052,BD,2026-03-01,2,0,0.0,2,0.0,0,0.0,0.0,0.0,0.0,0.0,0.0,False
1052,BE,2026-03-01,2,0,0.0,2,0.0,0,0.0,0.0,0.0,0.0,0.0,0.0,False
1052,BF,2026-03-01,1,0,0.0,1,0.0,0,0.0,0.0,0.0,0.0,0.0,0.0,False
1052,BG,2026-03-01,1,0,0.0,1,0.0,0,0.0,0.0,0.0,0.0,0.0,0.0,False
1052,BH,2026-03-01,1,0,0.0,1,0.0,0,0.0,0.0,0.0,0.0,0.0,0.0,False
1052,BJ,2026-03-01,1,0,0.0,1,0.0,0,0.0,0.0,0.0,0.0,0.0,0.0,False
1052,BR,2026-03-01,4,1,629.0,4,629.0,1,150.0,150.0,0.0,150.0,150.0,0.0,False
1052,BS,2026-03-01,1,0,0.0,1,0.0,0,0.0,0.0,0.0,0.0,0.0,0.0,False
1052,BZ,2026-03-01,4,2,148.0,4,148.0,0,0.0,0.0,0.0,0.0,0.0,0.0,False
1052,CA,2026-03-01,1232,61,18019.370000000003,1232,18019.370000000003,50,252705.0,251510.0,1195.0,252705.0,251510.0,1195.0,True
1052,CH,2026-03-01,1,0,0.0,1,0.0,0,0.0,0.0,0.0,0.0,0.0,0.0,False
1052,DE,2026-03-01,7,0,0.0,7,0.0,0,0.0,0.0,0.0,0.0,0.0,0.0,False
1052,DK,2026-03-01,1,0,0.0,1,0.0,0,0.0,0.0,0.0,0.0,0.0,0.0,False
1052,DO,2026-03-01,2,0,0.0,2,0.0,0,0.0,0.0,0.0,0.0,0.0,0.0,False
1052,DZ,2026-03-01,2,0,0.0,2,0.0,0,0.0,0.0,0.0,0.0,0.0,0.0,False
1052,ES,2026-03-01,5,1,444.0,5,444.0,1,150.0,150.0,0.0,150.0,150.0,0.0,False
1052,FI,2026-03-01,1,0,0.0,1,0.0,0,0.0,0.0,0.0,0.0,0.0,0.0,False
1052,FJ,2026-03-01,4,2,148.0,4,148.0,0,0.0,0.0,0.0,0.0,0.0,0.0,False
1052,FR,2026-03-01,13,0,0.0,13,0.0,0,0.0,0.0,0.0,0.0,0.0,0.0,False
1052,GB,2026-03-01,2461,82,26864.960000000003,2461,26864.960000000003,72,138800.0,137875.0,925.0,138800.0,137875.0,925.0,True
1052,GG,2026-03-01,1,1,444.0,1,444.0,1,150.0,150.0,0.0,150.0,150.0,0.0,False
1052,GR,2026-03-01,1,0,0.0,1,0.0,0,0.0,0.0,0.0,0.0,0.0,0.0,False
1052,HK,2026-03-01,1,0,0.0,1,0.0,0,0.0,0.0,0.0,0.0,0.0,0.0,False
1052,HT,2026-03-01,1,0,0.0,1,0.0,0,0.0,0.0,0.0,0.0,0.0,0.0,False
1052,ID,2026-03-01,4,0,0.0,4,0.0,0,0.0,0.0,0.0,0.0,0.0,0.0,False
1052,IE,2026-03-01,48,1,629.0,48,629.0,1,380.0,380.0,0.0,380.0,380.0,0.0,False
1052,IN,2026-03-01,34,1,444.0,34,444.0,1,1795.0,1795.0,0.0,1795.0,1795.0,0.0,False
1052,JE,2026-03-01,1,0,0.0,1,0.0,0,0.0,0.0,0.0,0.0,0.0,0.0,False
1052,JO,2026-03-01,1,0,0.0,1,0.0,0,0.0,0.0,0.0,0.0,0.0,0.0,False
1052,JP,2026-03-01,3,0,0.0,3,0.0,0,0.0,0.0,0.0,0.0,0.0,0.0,False
1052,KE,2026-03-01,13,0,0.0,13,0.0,0,0.0,0.0,0.0,0.0,0.0,0.0,False
1052,KH,2026-03-01,1,0,0.0,1,0.0,0,0.0,0.0,0.0,0.0,0.0,0.0,False
1052,LA,2026-03-01,1,0,0.0,1,0.0,0,0.0,0.0,0.0,0.0,0.0,0.0,False
1052,LS,2026-03-01,1,0,0.0,1,0.0,0,0.0,0.0,0.0,0.0,0.0,0.0,False
1052,LU,2026-03-01,1,0,0.0,1,0.0,0,0.0,0.0,0.0,0.0,0.0,0.0,False
1052,LV,2026-03-01,3,0,0.0,3,0.0,0,0.0,0.0,0.0,0.0,0.0,0.0,False
1052,MG,2026-03-01,2,0,0.0,2,0.0,0,0.0,0.0,0.0,0.0,0.0,0.0,False
1052,MW,2026-03-01,1,0,0.0,1,0.0,0,0.0,0.0,0.0,0.0,0.0,0.0,False
1052,MX,2026-03-01,2,0,0.0,2,0.0,0,0.0,0.0,0.0,0.0,0.0,0.0,False
1052,MY,2026-03-01,3,0,0.0,3,0.0,0,0.0,0.0,0.0,0.0,0.0,0.0,False
1052,NL,2026-03-01,12,0,0.0,12,0.0,0,0.0,0.0,0.0,0.0,0.0,0.0,False
1052,NZ,2026-03-01,189,25,2590.0,189,2590.0,5,4270.0,4270.0,0.0,4270.0,4270.0,0.0,False
1052,PA,2026-03-01,1,0,0.0,1,0.0,0,0.0,0.0,0.0,0.0,0.0,0.0,False
1052,PE,2026-03-01,1,0,0.0,1,0.0,0,0.0,0.0,0.0,0.0,0.0,0.0,False
1052,PG,2026-03-01,9,0,0.0,9,0.0,0,0.0,0.0,0.0,0.0,0.0,0.0,False
1052,PH,2026-03-01,15,0,0.0,15,0.0,0,0.0,0.0,0.0,0.0,0.0,0.0,False
1052,PK,2026-03-01,4,0,0.0,4,0.0,0,0.0,0.0,0.0,0.0,0.0,0.0,False
1052,PL,2026-03-01,1,1,444.0,1,444.0,1,565.0,565.0,0.0,565.0,565.0,0.0,False
1052,PR,2026-03-01,4,2,148.0,4,148.0,0,0.0,0.0,0.0,0.0,0.0,0.0,False
1052,PT,2026-03-01,1,0,0.0,1,0.0,0,0.0,0.0,0.0,0.0,0.0,0.0,False
1052,RO,2026-03-01,6,0,0.0,6,0.0,0,0.0,0.0,0.0,0.0,0.0,0.0,False
1052,RS,2026-03-01,1,0,0.0,1,0.0,0,0.0,0.0,0.0,0.0,0.0,0.0,False
1052,SE,2026-03-01,2,0,0.0,2,0.0,0,0.0,0.0,0.0,0.0,0.0,0.0,False
1052,SG,2026-03-01,3,0,0.0,3,0.0,1,210.0,210.0,0.0,210.0,210.0,0.0,False
1052,SR,2026-03-01,1,0,0.0,1,0.0,0,0.0,0.0,0.0,0.0,0.0,0.0,False
1052,TO,2026-03-01,1,0,0.0,1,0.0,0,0.0,0.0,0.0,0.0,0.0,0.0,False
1052,TZ,2026-03-01,1,0,0.0,1,0.0,0,0.0,0.0,0.0,0.0,0.0,0.0,False
1052,UG,2026-03-01,6,0,0.0,6,0.0,0,0.0,0.0,0.0,0.0,0.0,0.0,False
1052,UNKNOWN,2026-03-01,1,0,0.0,1,0.0,0,0.0,0.0,0.0,0.0,0.0,0.0,False
1052,US,2026-03-01,15543,2643,326270.44,15543,326270.44,517,2532725.0,1065475.0,1467250.0,2532725.0,1065475.0,1467250.0,True
1052,ZA,2026-03-01,12,0,0.0,12,0.0,0,0.0,0.0,0.0,0.0,0.0,0.0,False
1052,ZM,2026-03-01,1,0,0.0,1,0.0,0,0.0,0.0,0.0,0.0,0.0,0.0,False
303,AD,2026-03-01,18,12,86.21,18,86.21,3,815.0,815.0,0.0,815.0,815.0,0.0,False
303,AE,2026-03-01,1,1,7.4,1,7.4,0,0.0,0.0,0.0,0.0,0.0,0.0,False
303,AL,2026-03-01,378,241,1176.9699999999998,378,1176.9699999999998,2,215.0,215.0,0.0,215.0,215.0,0.0,False
303,AM,2026-03-01,1,1,0.5549999999999999,1,0.5549999999999999,0,0.0,0.0,0.0,0.0,0.0,0.0,False
303,AO,2026-03-01,6,6,15.132999999999997,6,15.132999999999997,0,0.0,0.0,0.0,0.0,0.0,0.0,False
303,AR,2026-03-01,13,4,9.139,13,9.139,0,0.0,0.0,0.0,0.0,0.0,0.0,False
303,AS,2026-03-01,1,1,5.772,1,5.772,0,0.0,0.0,0.0,0.0,0.0,0.0,False
303,AT,2026-03-01,152,114,593.628,152,593.628,5,2115.0,2115.0,0.0,2115.0,2115.0,0.0,False
303,AU,2026-03-01,4,2,11.84,4,11.84,0,0.0,0.0,0.0,0.0,0.0,0.0,False
303,AX,2026-03-01,6,5,20.0688,6,20.0688,2,445.0,445.0,0.0,445.0,445.0,0.0,False
303,AZ,2026-03-01,1,0,0.0,1,0.0,0,0.0,0.0,0.0,0.0,0.0,0.0,False
303,BB,2026-03-01,1,1,4.4399999999999995,1,4.4399999999999995,0,0.0,0.0,0.0,0.0,0.0,0.0,False
303,BD,2026-03-01,1,1,4.4399999999999995,1,4.4399999999999995,0,0.0,0.0,0.0,0.0,0.0,0.0,False
303,BE,2026-03-01,331,242,1330.5199999999998,331,1330.5199999999998,11,3115.0,3115.0,0.0,3115.0,3115.0,0.0,False
303,BG,2026-03-01,964,645,3221.293999999998,964,3221.293999999998,25,18895.0,18855.0,40.0,18895.0,18855.0,40.0,True
303,BH,2026-03-01,2,2,11.84,2,11.84,0,0.0,0.0,0.0,0.0,0.0,0.0,False
303,BL,2026-03-01,1,1,7.4,1,7.4,1,150.0,150.0,0.0,150.0,150.0,0.0,False
303,BN,2026-03-01,1,1,4.4399999999999995,1,4.4399999999999995,0,0.0,0.0,0.0,0.0,0.0,0.0,False
303,BO,2026-03-01,1,0,0.0,1,0.0,0,0.0,0.0,0.0,0.0,0.0,0.0,False
303,BQ,2026-03-01,1,1,3.7,1,3.7,0,0.0,0.0,0.0,0.0,0.0,0.0,False
303,BR,2026-03-01,43948,29710,35595.553999998934,43948,35595.553999998934,352,89890.0,89565.0,325.0,89890.0,89565.0,325.0,True
303,CA,2026-03-01,6,3,14.652,6,14.652,0,0.0,0.0,0.0,0.0,0.0,0.0,False
303,CH,2026-03-01,104,78,435.86,104,435.86,6,945.0,945.0,0.0,945.0,945.0,0.0,False
303,CN,2026-03-01,1,1,4.4399999999999995,1,4.4399999999999995,0,0.0,0.0,0.0,0.0,0.0,0.0,False
303,CO,2026-03-01,3,3,13.097999999999999,3,13.097999999999999,1,150.0,150.0,0.0,150.0,150.0,0.0,False
303,CY,2026-03-01,4,4,19.092,4,19.092,0,0.0,0.0,0.0,0.0,0.0,0.0,False
303,CZ,2026-03-01,565,409,2265.1399999999994,565,2265.1399999999994,17,4770.0,4770.0,0.0,4770.0,4770.0,0.0,True
303,DE,2026-03-01,781,529,2988.526999999998,781,2988.526999999998,20,9110.0,9010.0,100.0,9110.0,9010.0,100.0,True
303,DK,2026-03-01,149,112,624.6340000000001,149,624.6340000000001,6,2545.0,2545.0,0.0,2545.0,2545.0,0.0,False
303,DO,2026-03-01,1,1,3.7,1,3.7,0,0.0,0.0,0.0,0.0,0.0,0.0,False
303,DZ,2026-03-01,3,2,11.100000000000001,3,11.100000000000001,1,150.0,150.0,0.0,150.0,150.0,0.0,False
303,EC,2026-03-01,2,1,5.772,2,5.772,1,65.0,65.0,0.0,65.0,65.0,0.0,False
303,EE,2026-03-01,168,129,692.4920000000001,168,692.4920000000001,10,870.0,870.0,0.0,870.0,870.0,0.0,False
303,EG,2026-03-01,1,1,5.92,1,5.92,0,0.0,0.0,0.0,0.0,0.0,0.0,False
303,ES,2026-03-01,1458,989,5544.746000000006,1458,5544.746000000006,37,13735.0,13425.0,310.0,13735.0,13425.0,310.0,True
303,FI,2026-03-01,101,59,301.106,101,301.106,0,0.0,0.0,0.0,0.0,0.0,0.0,False
303,FO,2026-03-01,10,9,37.221999999999994,10,37.221999999999994,1,990.0,865.0,125.0,990.0,865.0,125.0,False
303,FR,2026-03-01,1472,1035,5589.442000000004,1472,5589.442000000004,25,14560.0,14560.0,0.0,14560.0,14560.0,0.0,True
303,GB,2026-03-01,834,560,3092.9187999999995,834,3092.9187999999995,25,4830.0,4785.0,45.0,4830.0,4785.0,45.0,True
303,GE,2026-03-01,2,2,9.472000000000001,2,9.472000000000001,0,0.0,0.0,0.0,0.0,0.0,0.0,False
303,GF,2026-03-01,4,2,2.96,4,2.96,0,0.0,0.0,0.0,0.0,0.0,0.0,False
303,GG,2026-03-01,20,16,86.654,20,86.654,1,1750.0,1750.0,0.0,1750.0,1750.0,0.0,False
303,GI,2026-03-01,23,20,94.94199999999998,23,94.94199999999998,0,0.0,0.0,0.0,0.0,0.0,0.0,False
303,GP,2026-03-01,2,2,8.51,2,8.51,0,0.0,0.0,0.0,0.0,0.0,0.0,False
303,GR,2026-03-01,1266,917,4719.720000000001,1266,4719.720000000001,37,9115.0,9115.0,0.0,9115.0,9115.0,0.0,True
303,GY,2026-03-01,2,1,0.518,2,0.518,0,0.0,0.0,0.0,0.0,0.0,0.0,False
303,HK,2026-03-01,4,3,15.540000000000001,4,15.540000000000001,0,0.0,0.0,0.0,0.0,0.0,0.0,False
303,HR,2026-03-01,774,513,2403.963999999999,774,2403.963999999999,14,27370.0,27370.0,0.0,27370.0,27370.0,0.0,True
303,HU,2026-03-01,780,566,3152.3259999999987,780,3152.3259999999987,14,4495.0,4495.0,0.0,4495.0,4495.0,0.0,True
303,ID,2026-03-01,1,0,0.0,1,0.0,0,0.0,0.0,0.0,0.0,0.0,0.0,False
303,IE,2026-03-01,232,158,794.02,232,794.02,9,3885.0,3885.0,0.0,3885.0,3885.0,0.0,False
303,IL,2026-03-01,1,1,4.4399999999999995,1,4.4399999999999995,0,0.0,0.0,0.0,0.0,0.0,0.0,False
303,IM,2026-03-01,34,23,125.652,34,125.652,1,150.0,150.0,0.0,150.0,150.0,0.0,False
303,IN,2026-03-01,12,8,36.112,12,36.112,0,0.0,0.0,0.0,0.0,0.0,0.0,False
303,IS,2026-03-01,25,17,89.68800000000002,25,89.68800000000002,2,300.0,300.0,0.0,300.0,300.0,0.0,False
303,IT,2026-03-01,1887,1358,6872.491000000014,1887,6872.491000000014,33,16900.0,16900.0,0.0,16900.0,16900.0,0.0,True
303,JE,2026-03-01,33,18,102.71200000000002,33,102.71200000000002,1,110.0,110.0,0.0,110.0,110.0,0.0,False
303,JO,2026-03-01,1,1,7.4,1,7.4,0,0.0,0.0,0.0,0.0,0.0,0.0,False
303,JP,2026-03-01,10,8,38.665,10,38.665,1,65.0,65.0,0.0,65.0,65.0,0.0,False
303,KE,2026-03-01,2,1,4.4399999999999995,2,4.4399999999999995,0,0.0,0.0,0.0,0.0,0.0,0.0,False
303,KH,2026-03-01,1,1,4.4399999999999995,1,4.4399999999999995,0,0.0,0.0,0.0,0.0,0.0,0.0,False
303,KR,2026-03-01,3,3,12.58,3,12.58,0,0.0,0.0,0.0,0.0,0.0,0.0,False
303,LA,2026-03-01,2,2,8.879999999999999,2,8.879999999999999,0,0.0,0.0,0.0,0.0,0.0,0.0,False
303,LI,2026-03-01,4,4,23.31,4,23.31,0,0.0,0.0,0.0,0.0,0.0,0.0,False
303,LK,2026-03-01,3,3,11.84,3,11.84,0,0.0,0.0,0.0,0.0,0.0,0.0,False
303,LT,2026-03-01,356,263,1335.774,356,1335.774,3,635.0,635.0,0.0,635.0,635.0,0.0,False
303,LU,2026-03-01,28,14,103.304,28,103.304,1,65.0,65.0,0.0,65.0,65.0,0.0,False
303,LV,2026-03-01,158,94,474.26599999999996,158,474.26599999999996,3,330.0,330.0,0.0,330.0,330.0,0.0,False
303,MA,2026-03-01,3,3,11.544,3,11.544,0,0.0,0.0,0.0,0.0,0.0,0.0,False
303,MC,2026-03-01,4,2,10.212,4,10.212,0,0.0,0.0,0.0,0.0,0.0,0.0,False
303,MD,2026-03-01,98,49,223.77599999999998,98,223.77599999999998,0,0.0,0.0,0.0,0.0,0.0,0.0,False
303,ME,2026-03-01,133,96,449.62399999999997,133,449.62399999999997,3,2085.0,2085.0,0.0,2085.0,2085.0,0.0,False
303,MK,2026-03-01,125,82,409.9599999999999,125,409.9599999999999,1,65.0,65.0,0.0,65.0,65.0,0.0,False
303,MQ,2026-03-01,1,1,7.4,1,7.4,0,0.0,0.0,0.0,0.0,0.0,0.0,False
303,MT,2026-03-01,311,196,960.8159999999999,311,960.8159999999999,8,3190.0,3190.0,0.0,3190.0,3190.0,0.0,False
303,MX,2026-03-01,3,0,0.0,3,0.0,0,0.0,0.0,0.0,0.0,0.0,0.0,False
303,MY,2026-03-01,3,3,16.28,3,16.28,0,0.0,0.0,0.0,0.0,0.0,0.0,False
303,NL,2026-03-01,464,352,1899.2025999999998,464,1899.2025999999998,25,4435.0,4435.0,0.0,4435.0,4435.0,0.0,False
303,NO,2026-03-01,114,90,485.14399999999995,114,485.14399999999995,7,2280.0,2280.0,0.0,2280.0,2280.0,0.0,False
303,NP,2026-03-01,1,1,5.772,1,5.772,0,0.0,0.0,0.0,0.0,0.0,0.0,False
303,NZ,2026-03-01,1,1,16.28,1,16.28,0,0.0,0.0,0.0,0.0,0.0,0.0,False
303,PA,2026-03-01,2,1,3.404,2,3.404,0,0.0,0.0,0.0,0.0,0.0,0.0,False
303,PE,2026-03-01,2,1,0.5549999999999999,2,0.5549999999999999,1,210.0,210.0,0.0,210.0,210.0,0.0,False
303,PH,2026-03-01,11,10,56.831999999999994,11,56.831999999999994,0,0.0,0.0,0.0,0.0,0.0,0.0,False
303,PK,2026-03-01,5,4,19.092,5,19.092,0,0.0,0.0,0.0,0.0,0.0,0.0,False
303,PL,2026-03-01,1034,743,3712.727999999998,1034,3712.727999999998,31,7645.0,7645.0,0.0,7645.0,7645.0,0.0,True
303,PT,2026-03-01,1078,786,3830.047599999997,1078,3830.047599999997,18,2740.0,2740.0,0.0,2740.0,2740.0,0.0,True
303,PY,2026-03-01,15,7,4.957999999999999,15,4.957999999999999,0,0.0,0.0,0.0,0.0,0.0,0.0,False
303,RO,2026-03-01,1420,1106,5341.172000000005,1420,5341.172000000005,23,4925.0,4925.0,0.0,4925.0,4925.0,0.0,True
303,RS,2026-03-01,1051,750,3318.6039999999975,1051,3318.6039999999975,11,3010.0,3010.0,0.0,3010.0,3010.0,0.0,True
303,SA,2026-03-01,1,1,4.4399999999999995,1,4.4399999999999995,0,0.0,0.0,0.0,0.0,0.0,0.0,False
303,SC,2026-03-01,1,0,0.0,1,0.0,0,0.0,0.0,0.0,0.0,0.0,0.0,False
303,SE,2026-03-01,206,168,953.0459999999997,206,953.0459999999997,7,1090.0,1090.0,0.0,1090.0,1090.0,0.0,False
303,SG,2026-03-01,7,7,36.408,7,36.408,0,0.0,0.0,0.0,0.0,0.0,0.0,False
303,SI,2026-03-01,356,253,1291.8919999999998,356,1291.8919999999998,12,3970.0,3970.0,0.0,3970.0,3970.0,0.0,False
303,SK,2026-03-01,380,252,1318.8279999999997,380,1318.8279999999997,12,2225.0,2180.0,45.0,2225.0,2180.0,45.0,False
303,SM,2026-03-01,1,1,5.18,1,5.18,0,0.0,0.0,0.0,0.0,0.0,0.0,False
303,SR,2026-03-01,3,1,0.9768,3,0.9768,0,0.0,0.0,0.0,0.0,0.0,0.0,False
303,TH,2026-03-01,25,22,153.476,25,153.476,1,2190.0,2190.0,0.0,2190.0,2190.0,0.0,False
303,TR,2026-03-01,11,10,44.91799999999999,11,44.91799999999999,0,0.0,0.0,0.0,0.0,0.0,0.0,False
303,TW,2026-03-01,2,0,0.0,2,0.0,0,0.0,0.0,0.0,0.0,0.0,0.0,False
303,UG,2026-03-01,1,1,5.772,1,5.772,0,0.0,0.0,0.0,0.0,0.0,0.0,False
303,UNKNOWN,2026-03-01,3,1,11.1,3,11.1,0,0.0,0.0,0.0,0.0,0.0,0.0,False
303,US,2026-03-01,82,63,256.7578,82,256.7578,5,51445.0,51445.0,0.0,51445.0,51445.0,0.0,False
303,UY,2026-03-01,5,0,0.0,5,0.0,0,0.0,0.0,0.0,0.0,0.0,0.0,False
303,VC,2026-03-01,2,2,8.879999999999999,2,8.879999999999999,0,0.0,0.0,0.0,0.0,0.0,0.0,False
303,VN,2026-03-01,8,5,34.78,8,34.78,0,0.0,0.0,0.0,0.0,0.0,0.0,False
303,XK,2026-03-01,330,206,1120.5819999999999,330,1120.5819999999999,2,260.0,260.0,0.0,260.0,260.0,0.0,False
303,ZA,2026-03-01,2,2,9.472000000000001,2,9.472000000000001,0,0.0,0.0,0.0,0.0,0.0,0.0,False
303,ZM,2026-03-01,1,1,4.4399999999999995,1,4.4399999999999995,0,0.0,0.0,0.0,0.0,0.0,0.0,False
413,AE,2026-03-01,3,3,70.3,3,70.3,0,0.0,0.0,0.0,0.0,0.0,0.0,False
413,AL,2026-03-01,4,4,71.78,4,71.78,2,535.0,535.0,0.0,535.0,535.0,0.0,False
413,AO,2026-03-01,1,1,14.8,1,14.8,0,0.0,0.0,0.0,0.0,0.0,0.0,False
413,AQ,2026-03-01,1,1,18.5,1,18.5,1,195.0,195.0,0.0,195.0,195.0,0.0,False
413,AR,2026-03-01,1,1,25.9,1,25.9,0,0.0,0.0,0.0,0.0,0.0,0.0,False
413,AT,2026-03-01,2,1,8.879999999999999,2,8.879999999999999,0,0.0,0.0,0.0,0.0,0.0,0.0,False
413,AU,2026-03-01,2010,1574,28242.10000000005,2010,28242.10000000005,137,70450.0,70360.0,90.0,70450.0,70360.0,90.0,True
413,AX,2026-03-01,3,3,60.68,3,60.68,1,150.0,150.0,0.0,150.0,150.0,0.0,False
413,BE,2026-03-01,273,212,4130.679999999999,273,4130.679999999999,8,1180.0,1115.0,65.0,1180.0,1115.0,65.0,False
413,BJ,2026-03-01,1,1,18.5,1,18.5,1,150.0,150.0,0.0,150.0,150.0,0.0,False
413,BL,2026-03-01,1,1,25.9,1,25.9,0,0.0,0.0,0.0,0.0,0.0,0.0,False
413,BM,2026-03-01,1,1,25.9,1,25.9,0,0.0,0.0,0.0,0.0,0.0,0.0,False
413,BO,2026-03-01,2,1,18.5,2,18.5,0,0.0,0.0,0.0,0.0,0.0,0.0,False
413,BZ,2026-03-01,1,1,17.02,1,17.02,0,0.0,0.0,0.0,0.0,0.0,0.0,False
413,CA,2026-03-01,1895,1494,26333.640000000047,1895,26333.640000000047,89,149320.0,148995.0,325.0,149320.0,148995.0,325.0,True
413,CH,2026-03-01,121,92,1567.32,121,1567.32,10,12945.0,12945.0,0.0,12945.0,12945.0,0.0,False
413,CN,2026-03-01,1,1,17.02,1,17.02,0,0.0,0.0,0.0,0.0,0.0,0.0,False
413,CO,2026-03-01,2,2,34.78,2,34.78,0,0.0,0.0,0.0,0.0,0.0,0.0,False
413,CR,2026-03-01,1,1,22.2,1,22.2,0,0.0,0.0,0.0,0.0,0.0,0.0,False
413,CW,2026-03-01,1,0,0.0,1,0.0,1,300.0,300.0,0.0,300.0,300.0,0.0,False
413,CY,2026-03-01,1,0,0.0,1,0.0,0,0.0,0.0,0.0,0.0,0.0,0.0,False
413,DE,2026-03-01,9,8,139.86,9,139.86,0,0.0,0.0,0.0,0.0,0.0,0.0,False
413,DK,2026-03-01,1,1,18.5,1,18.5,0,0.0,0.0,0.0,0.0,0.0,0.0,False
413,DM,2026-03-01,1,1,25.9,1,25.9,0,0.0,0.0,0.0,0.0,0.0,0.0,False
413,DO,2026-03-01,1,1,8.879999999999999,1,8.879999999999999,1,65.0,65.0,0.0,65.0,65.0,0.0,False
413,DZ,2026-03-01,1,1,8.879999999999999,1,8.879999999999999,1,475.0,475.0,0.0,475.0,475.0,0.0,False
413,EC,2026-03-01,1,0,0.0,1,0.0,0,0.0,0.0,0.0,0.0,0.0,0.0,False
413,ES,2026-03-01,7,7,146.52,7,146.52,1,250.0,250.0,0.0,250.0,250.0,0.0,False
413,FI,2026-03-01,110,83,1308.32,110,1308.32,6,4300.0,4300.0,0.0,4300.0,4300.0,0.0,False
413,FR,2026-03-01,5,5,84.36,5,84.36,1,290.0,290.0,0.0,290.0,290.0,0.0,False
413,GB,2026-03-01,7,6,99.89999999999999,7,99.89999999999999,1,1325.0,1325.0,0.0,1325.0,1325.0,0.0,False
413,GE,2026-03-01,1,1,22.2,1,22.2,0,0.0,0.0,0.0,0.0,0.0,0.0,False
413,GF,2026-03-01,1,1,25.9,1,25.9,0,0.0,0.0,0.0,0.0,0.0,0.0,False
413,GM,2026-03-01,1,1,22.2,1,22.2,0,0.0,0.0,0.0,0.0,0.0,0.0,False
413,GR,2026-03-01,1,1,22.2,1,22.2,0,0.0,0.0,0.0,0.0,0.0,0.0,False
413,HK,2026-03-01,4,4,54.75999999999999,4,54.75999999999999,1,150.0,150.0,0.0,150.0,150.0,0.0,False
413,ID,2026-03-01,6,4,71.78,6,71.78,0,0.0,0.0,0.0,0.0,0.0,0.0,False
413,IE,2026-03-01,1,1,25.9,1,25.9,0,0.0,0.0,0.0,0.0,0.0,0.0,False
413,IL,2026-03-01,500,374,6916.039999999997,500,6916.039999999997,25,63150.0,62895.0,255.0,63150.0,62895.0,255.0,True
413,IN,2026-03-01,1,0,0.0,1,0.0,0,0.0,0.0,0.0,0.0,0.0,0.0,False
413,IO,2026-03-01,1,1,22.2,1,22.2,0,0.0,0.0,0.0,0.0,0.0,0.0,False
413,IS,2026-03-01,36,25,408.18399999999997,36,408.18399999999997,1,65.0,65.0,0.0,65.0,65.0,0.0,False
413,IT,2026-03-01,3,2,51.8,3,51.8,0,0.0,0.0,0.0,0.0,0.0,0.0,False
413,JP,2026-03-01,4,3,61.42,4,61.42,0,0.0,0.0,0.0,0.0,0.0,0.0,False
413,KH,2026-03-01,1,1,13.32,1,13.32,0,0.0,0.0,0.0,0.0,0.0,0.0,False
413,KR,2026-03-01,2,2,29.599999999999998,2,29.599999999999998,0,0.0,0.0,0.0,0.0,0.0,0.0,False
413,LI,2026-03-01,1,0,0.0,1,0.0,0,0.0,0.0,0.0,0.0,0.0,0.0,False
413,LT,2026-03-01,1,1,8.879999999999999,1,8.879999999999999,0,0.0,0.0,0.0,0.0,0.0,0.0,False
413,LU,2026-03-01,26,19,276.02,26,276.02,0,0.0,0.0,0.0,0.0,0.0,0.0,False
413,MA,2026-03-01,1,1,8.879999999999999,1,8.879999999999999,0,0.0,0.0,0.0,0.0,0.0,0.0,False
413,MX,2026-03-01,15,11,162.05999999999997,15,162.05999999999997,1,17515.0,17515.0,0.0,17515.0,17515.0,0.0,False
413,NL,2026-03-01,804,622,12392.780000000012,804,12392.780000000012,43,24745.0,24610.0,135.0,24745.0,24610.0,135.0,True
413,NO,2026-03-01,271,212,3716.2799999999993,271,3716.2799999999993,14,18770.0,18770.0,0.0,18770.0,18770.0,0.0,False
413,NP,2026-03-01,2,2,40.7,2,40.7,1,65.0,65.0,0.0,65.0,65.0,0.0,False
413,NZ,2026-03-01,590,472,8083.76,590,8083.76,24,9175.0,9175.0,0.0,9175.0,9175.0,0.0,True
413,PG,2026-03-01,1,0,0.0,1,0.0,0,0.0,0.0,0.0,0.0,0.0,0.0,False
413,PH,2026-03-01,9,6,104.33999999999999,9,104.33999999999999,0,0.0,0.0,0.0,0.0,0.0,0.0,False
413,PL,2026-03-01,1,1,8.879999999999999,1,8.879999999999999,0,0.0,0.0,0.0,0.0,0.0,0.0,False
413,PR,2026-03-01,2,1,11.1,2,11.1,1,150.0,150.0,0.0,150.0,150.0,0.0,False
413,PT,2026-03-01,3,3,49.58,3,49.58,0,0.0,0.0,0.0,0.0,0.0,0.0,False
413,RO,2026-03-01,1,1,18.5,1,18.5,0,0.0,0.0,0.0,0.0,0.0,0.0,False
413,RS,2026-03-01,1,1,18.5,1,18.5,0,0.0,0.0,0.0,0.0,0.0,0.0,False
413,SE,2026-03-01,311,245,4289.039999999999,311,4289.039999999999,18,13780.0,13655.0,125.0,13780.0,13655.0,125.0,False
413,SG,2026-03-01,4,4,64.38,4,64.38,0,0.0,0.0,0.0,0.0,0.0,0.0,False
413,SI,2026-03-01,1,0,0.0,1,0.0,0,0.0,0.0,0.0,0.0,0.0,0.0,False
413,TC,2026-03-01,1,0,0.0,1,0.0,0,0.0,0.0,0.0,0.0,0.0,0.0,False
413,TH,2026-03-01,22,17,339.65999999999997,22,339.65999999999997,2,375.0,375.0,0.0,375.0,375.0,0.0,False
413,TO,2026-03-01,1,0,0.0,1,0.0,0,0.0,0.0,0.0,0.0,0.0,0.0,False
413,TR,2026-03-01,3,0,0.0,3,0.0,0,0.0,0.0,0.0,0.0,0.0,0.0,False
413,TT,2026-03-01,1,0,0.0,1,0.0,0,0.0,0.0,0.0,0.0,0.0,0.0,False
413,US,2026-03-01,11866,9339,165933.15999999997,11866,165933.15999999997,643,2045955.0,2038040.0,7915.0,2045955.0,2038040.0,7915.0,True
413,VN,2026-03-01,8,6,102.86,8,102.86,0,0.0,0.0,0.0,0.0,0.0,0.0,False
413,ZA,2026-03-01,1,1,8.879999999999999,1,8.879999999999999,0,0.0,0.0,0.0,0.0,0.0,0.0,False
427,AD,2026-03-01,1,1,13.32,1,13.32,0,0.0,0.0,0.0,0.0,0.0,0.0,False
427,AE,2026-03-01,2,2,45.879999999999995,2,45.879999999999995,0,0.0,0.0,0.0,0.0,0.0,0.0,False
427,AL,2026-03-01,6,5,88.8,6,88.8,2,340.0,340.0,0.0,340.0,340.0,0.0,False
427,AQ,2026-03-01,1,1,19.98,1,19.98,1,5745.0,5725.0,20.0,5745.0,5725.0,20.0,False
427,AR,2026-03-01,2,2,27.379999999999995,2,27.379999999999995,1,150.0,150.0,0.0,150.0,150.0,0.0,False
427,AS,2026-03-01,2,2,35.519999999999996,2,35.519999999999996,0,0.0,0.0,0.0,0.0,0.0,0.0,False
427,AT,2026-03-01,55,46,779.9599999999999,55,779.9599999999999,2,315.0,315.0,0.0,315.0,315.0,0.0,False
427,AU,2026-03-01,1488,1217,21727.140000000014,1488,21727.140000000014,93,64900.0,64900.0,0.0,64900.0,64900.0,0.0,True
427,AX,2026-03-01,5,4,69.56,5,69.56,1,650.0,650.0,0.0,650.0,650.0,0.0,False
427,BE,2026-03-01,73,63,1041.92,73,1041.92,2,260.0,260.0,0.0,260.0,260.0,0.0,False
427,BH,2026-03-01,1,1,20.72,1,20.72,1,150.0,150.0,0.0,150.0,150.0,0.0,False
427,BM,2026-03-01,1,0,0.0,1,0.0,0,0.0,0.0,0.0,0.0,0.0,0.0,False
427,BO,2026-03-01,2,2,44.4,2,44.4,0,0.0,0.0,0.0,0.0,0.0,0.0,False
427,BR,2026-03-01,3,2,32.56,3,32.56,0,0.0,0.0,0.0,0.0,0.0,0.0,False
427,BS,2026-03-01,1,0,0.0,1,0.0,0,0.0,0.0,0.0,0.0,0.0,0.0,False
427,BW,2026-03-01,1,1,17.759999999999998,1,17.759999999999998,0,0.0,0.0,0.0,0.0,0.0,0.0,False
427,BZ,2026-03-01,1,1,22.2,1,22.2,0,0.0,0.0,0.0,0.0,0.0,0.0,False
427,CA,2026-03-01,1366,1085,19211.88000000001,1366,19211.88000000001,70,61395.0,60960.0,435.0,61395.0,60960.0,435.0,True
427,CH,2026-03-01,116,85,1443.74,116,1443.74,8,82480.0,82480.0,0.0,82480.0,82480.0,0.0,False
427,CO,2026-03-01,2,2,24.42,2,24.42,1,3395.0,3395.0,0.0,3395.0,3395.0,0.0,False
427,CY,2026-03-01,2,1,25.16,2,25.16,0,0.0,0.0,0.0,0.0,0.0,0.0,False
427,DE,2026-03-01,9,8,144.3,9,144.3,1,150.0,150.0,0.0,150.0,150.0,0.0,False
427,DK,2026-03-01,1,1,17.759999999999998,1,17.759999999999998,0,0.0,0.0,0.0,0.0,0.0,0.0,False
427,DO,2026-03-01,2,1,22.2,2,22.2,0,0.0,0.0,0.0,0.0,0.0,0.0,False
427,DZ,2026-03-01,6,6,104.33999999999997,6,104.33999999999997,3,3690.0,3690.0,0.0,3690.0,3690.0,0.0,False
427,ES,2026-03-01,9,9,160.57999999999998,9,160.57999999999998,1,150.0,150.0,0.0,150.0,150.0,0.0,False
427,FI,2026-03-01,78,54,861.36,78,861.36,1,580.0,580.0,0.0,580.0,580.0,0.0,False
427,FR,2026-03-01,6,5,89.53999999999999,6,89.53999999999999,1,415.0,415.0,0.0,415.0,415.0,0.0,False
427,GB,2026-03-01,5,4,80.66,5,80.66,0,0.0,0.0,0.0,0.0,0.0,0.0,False
427,GM,2026-03-01,1,1,17.759999999999998,1,17.759999999999998,0,0.0,0.0,0.0,0.0,0.0,0.0,False
427,GR,2026-03-01,1,0,0.0,1,0.0,0,0.0,0.0,0.0,0.0,0.0,0.0,False
427,GU,2026-03-01,1,1,14.8,1,14.8,0,0.0,0.0,0.0,0.0,0.0,0.0,False
427,GY,2026-03-01,2,0,0.0,2,0.0,0,0.0,0.0,0.0,0.0,0.0,0.0,False
427,HK,2026-03-01,1,1,26.64,1,26.64,0,0.0,0.0,0.0,0.0,0.0,0.0,False
427,HU,2026-03-01,2,1,17.759999999999998,2,17.759999999999998,0,0.0,0.0,0.0,0.0,0.0,0.0,False
427,ID,2026-03-01,5,2,35.519999999999996,5,35.519999999999996,0,0.0,0.0,0.0,0.0,0.0,0.0,False
427,IL,2026-03-01,282,209,3158.3199999999997,282,3158.3199999999997,16,4355.0,4355.0,0.0,4355.0,4355.0,0.0,False
427,IN,2026-03-01,4,3,62.900000000000006,4,62.900000000000006,1,815.0,815.0,0.0,815.0,815.0,0.0,False
427,IS,2026-03-01,9,7,106.55999999999999,9,106.55999999999999,0,0.0,0.0,0.0,0.0,0.0,0.0,False
427,IT,2026-03-01,1,1,13.32,1,13.32,0,0.0,0.0,0.0,0.0,0.0,0.0,False
427,JP,2026-03-01,7,7,122.10000000000001,7,122.10000000000001,0,0.0,0.0,0.0,0.0,0.0,0.0,False
427,KR,2026-03-01,8,7,131.72,8,131.72,2,5955.0,5955.0,0.0,5955.0,5955.0,0.0,False
427,LI,2026-03-01,1,1,20.72,1,20.72,0,0.0,0.0,0.0,0.0,0.0,0.0,False
427,LU,2026-03-01,6,4,55.49999999999999,6,55.49999999999999,0,0.0,0.0,0.0,0.0,0.0,0.0,False
427,MA,2026-03-01,2,2,31.82,2,31.82,0,0.0,0.0,0.0,0.0,0.0,0.0,False
427,MD,2026-03-01,1,1,19.98,1,19.98,0,0.0,0.0,0.0,0.0,0.0,0.0,False
427,MX,2026-03-01,11,10,176.86,11,176.86,1,3160.0,3160.0,0.0,3160.0,3160.0,0.0,False
427,MY,2026-03-01,1,0,0.0,1,0.0,0,0.0,0.0,0.0,0.0,0.0,0.0,False
427,NL,2026-03-01,167,131,2140.8199999999997,167,2140.8199999999997,7,8395.0,8395.0,0.0,8395.0,8395.0,0.0,False
427,NO,2026-03-01,187,138,2255.52,187,2255.52,12,3110.0,3010.0,100.0,3110.0,3010.0,100.0,False
427,NZ,2026-03-01,299,237,4078.14,299,4078.14,23,17100.0,17100.0,0.0,17100.0,17100.0,0.0,False
427,PH,2026-03-01,17,13,251.59999999999997,17,251.59999999999997,2,1440.0,1440.0,0.0,1440.0,1440.0,0.0,False
427,PK,2026-03-01,1,1,17.759999999999998,1,17.759999999999998,0,0.0,0.0,0.0,0.0,0.0,0.0,False
427,PL,2026-03-01,2,1,20.72,2,20.72,0,0.0,0.0,0.0,0.0,0.0,0.0,False
427,PR,2026-03-01,4,4,65.12,4,65.12,2,540.0,540.0,0.0,540.0,540.0,0.0,False
427,PT,2026-03-01,5,5,85.84,5,85.84,1,200.0,200.0,0.0,200.0,200.0,0.0,False
427,RO,2026-03-01,2,1,15.54,2,15.54,0,0.0,0.0,0.0,0.0,0.0,0.0,False
427,RS,2026-03-01,1,1,16.28,1,16.28,0,0.0,0.0,0.0,0.0,0.0,0.0,False
427,SE,2026-03-01,247,195,3210.12,247,3210.12,17,11040.0,11040.0,0.0,11040.0,11040.0,0.0,False
427,SG,2026-03-01,1,0,0.0,1,0.0,0,0.0,0.0,0.0,0.0,0.0,0.0,False
427,SR,2026-03-01,1,1,16.28,1,16.28,0,0.0,0.0,0.0,0.0,0.0,0.0,False
427,SX,2026-03-01,1,1,20.72,1,20.72,0,0.0,0.0,0.0,0.0,0.0,0.0,False
427,TH,2026-03-01,13,9,169.45999999999998,13,169.45999999999998,2,530.0,530.0,0.0,530.0,530.0,0.0,False
427,TO,2026-03-01,1,1,16.28,1,16.28,0,0.0,0.0,0.0,0.0,0.0,0.0,False
427,TR,2026-03-01,2,2,38.48,2,38.48,0,0.0,0.0,0.0,0.0,0.0,0.0,False
427,TT,2026-03-01,1,1,16.28,1,16.28,0,0.0,0.0,0.0,0.0,0.0,0.0,False
427,TW,2026-03-01,1,1,25.9,1,25.9,0,0.0,0.0,0.0,0.0,0.0,0.0,False
427,UNKNOWN,2026-03-01,3,1,15.54,3,15.54,0,0.0,0.0,0.0,0.0,0.0,0.0,False
427,US,2026-03-01,22807,17891,326702.5999999988,22807,326702.5999999988,1205,2922335.0,2905525.0,16810.0,2922335.0,2905525.0,16810.0,True
427,VE,2026-03-01,1,1,13.32,1,13.32,0,0.0,0.0,0.0,0.0,0.0,0.0,False
427,VI,2026-03-01,3,0,0.0,3,0.0,0,0.0,0.0,0.0,0.0,0.0,0.0,False
427,VN,2026-03-01,5,4,75.48,5,75.48,0,0.0,0.0,0.0,0.0,0.0,0.0,False
427,ZA,2026-03-01,2,1,22.2,2,22.2,0,0.0,0.0,0.0,0.0,0.0,0.0,False
523,AD,2026-03-01,3,1,3.7,3,3.7,0,0.0,0.0,0.0,0.0,0.0,0.0,False
523,AE,2026-03-01,18,7,21.46,18,21.46,0,0.0,0.0,0.0,0.0,0.0,0.0,False
523,AI,2026-03-01,3,1,3.7,3,3.7,1,13590.0,13590.0,0.0,13590.0,13590.0,0.0,False
523,AL,2026-03-01,17,3,9.62,17,9.62,0,0.0,0.0,0.0,0.0,0.0,0.0,False
523,AM,2026-03-01,1,0,0.0,1,0.0,0,0.0,0.0,0.0,0.0,0.0,0.0,False
523,AO,2026-03-01,954,140,36.26,954,36.26,1,865.0,865.0,0.0,865.0,865.0,0.0,True
523,AR,2026-03-01,100,21,49.432,100,49.432,1,65.0,65.0,0.0,65.0,65.0,0.0,False
523,AS,2026-03-01,2,0,0.0,2,0.0,0,0.0,0.0,0.0,0.0,0.0,0.0,False
523,AT,2026-03-01,15,2,5.92,15,5.92,0,0.0,0.0,0.0,0.0,0.0,0.0,False
523,AU,2026-03-01,1590,657,2380.21,1590,2380.21,21,9360.0,9360.0,0.0,9360.0,9360.0,0.0,True
523,AW,2026-03-01,1,1,0.259,1,0.259,0,0.0,0.0,0.0,0.0,0.0,0.0,False
523,AX,2026-03-01,3,2,11.84,3,11.84,1,965.0,965.0,0.0,965.0,965.0,0.0,False
523,AZ,2026-03-01,5,0,0.0,5,0.0,0,0.0,0.0,0.0,0.0,0.0,0.0,False
523,BB,2026-03-01,1,0,0.0,1,0.0,0,0.0,0.0,0.0,0.0,0.0,0.0,False
523,BD,2026-03-01,26,3,8.14,26,8.14,0,0.0,0.0,0.0,0.0,0.0,0.0,False
523,BE,2026-03-01,339,90,321.16,339,321.16,0,0.0,0.0,0.0,0.0,0.0,0.0,False
523,BF,2026-03-01,52,5,14.059999999999999,52,14.059999999999999,0,0.0,0.0,0.0,0.0,0.0,0.0,False
523,BG,2026-03-01,22,5,17.020000000000003,22,17.020000000000003,0,0.0,0.0,0.0,0.0,0.0,0.0,False
523,BH,2026-03-01,1,0,0.0,1,0.0,0,0.0,0.0,0.0,0.0,0.0,0.0,False
523,BJ,2026-03-01,18,2,4.4399999999999995,18,4.4399999999999995,0,0.0,0.0,0.0,0.0,0.0,0.0,False
523,BN,2026-03-01,2,1,5.18,2,5.18,0,0.0,0.0,0.0,0.0,0.0,0.0,False
523,BO,2026-03-01,7,3,4.218,7,4.218,0,0.0,0.0,0.0,0.0,0.0,0.0,False
523,BR,2026-03-01,55715,20598,5445.475000000133,55715,5445.475000000133,51,17805.0,17680.0,125.0,17805.0,17680.0,125.0,True
523,BS,2026-03-01,7,2,11.84,7,11.84,0,0.0,0.0,0.0,0.0,0.0,0.0,False
523,BW,2026-03-01,12,0,0.0,12,0.0,0,0.0,0.0,0.0,0.0,0.0,0.0,False
523,CA,2026-03-01,4827,2029,5186.290000000027,4827,5186.290000000027,36,15060.0,14960.0,100.0,15060.0,14960.0,100.0,True
523,CH,2026-03-01,147,24,93.98000000000002,147,93.98000000000002,0,0.0,0.0,0.0,0.0,0.0,0.0,False
523,CI,2026-03-01,95,16,42.92,95,42.92,1,65.0,65.0,0.0,65.0,65.0,0.0,False
523,CL,2026-03-01,713,192,50.20900000000002,713,50.20900000000002,2,130.0,130.0,0.0,130.0,130.0,0.0,True
523,CM,2026-03-01,48,5,12.579999999999998,48,12.579999999999998,0,0.0,0.0,0.0,0.0,0.0,0.0,False
523,CN,2026-03-01,59,5,12.579999999999998,59,12.579999999999998,1,165.0,165.0,0.0,165.0,165.0,0.0,False
523,CO,2026-03-01,133,29,53.132000000000005,133,53.132000000000005,0,0.0,0.0,0.0,0.0,0.0,0.0,False
523,CR,2026-03-01,8,1,2.2199999999999998,8,2.2199999999999998,0,0.0,0.0,0.0,0.0,0.0,0.0,False
523,CU,2026-03-01,1,0,0.0,1,0.0,0,0.0,0.0,0.0,0.0,0.0,0.0,False
523,CV,2026-03-01,5,1,2.2199999999999998,5,2.2199999999999998,0,0.0,0.0,0.0,0.0,0.0,0.0,False
523,CY,2026-03-01,1,1,3.7,1,3.7,0,0.0,0.0,0.0,0.0,0.0,0.0,False
523,CZ,2026-03-01,9,3,6.179,9,6.179,0,0.0,0.0,0.0,0.0,0.0,0.0,False
523,DE,2026-03-01,182,25,79.92,182,79.92,1,150.0,150.0,0.0,150.0,150.0,0.0,False
523,DJ,2026-03-01,1,0,0.0,1,0.0,0,0.0,0.0,0.0,0.0,0.0,0.0,False
523,DK,2026-03-01,3,0,0.0,3,0.0,0,0.0,0.0,0.0,0.0,0.0,0.0,False
523,DO,2026-03-01,80,11,39.96,80,39.96,0,0.0,0.0,0.0,0.0,0.0,0.0,False
523,DZ,2026-03-01,7,2,2.4789999999999996,7,2.4789999999999996,0,0.0,0.0,0.0,0.0,0.0,0.0,False
523,EC,2026-03-01,4,2,6.179,4,6.179,0,0.0,0.0,0.0,0.0,0.0,0.0,False
523,EE,2026-03-01,8,2,5.92,8,5.92,0,0.0,0.0,0.0,0.0,0.0,0.0,False
523,ES,2026-03-01,66,12,36.260000000000005,66,36.260000000000005,0,0.0,0.0,0.0,0.0,0.0,0.0,False
523,FI,2026-03-01,90,11,81.4,90,81.4,0,0.0,0.0,0.0,0.0,0.0,0.0,False
523,FR,2026-03-01,665,122,394.42,665,394.42,3,240.0,240.0,0.0,240.0,240.0,0.0,True
523,GA,2026-03-01,6,0,0.0,6,0.0,0,0.0,0.0,0.0,0.0,0.0,0.0,False
523,GB,2026-03-01,7697,2486,12046.090000000047,7697,12046.090000000047,98,36295.0,36295.0,0.0,36295.0,36295.0,0.0,True
523,GE,2026-03-01,1,0,0.0,1,0.0,0,0.0,0.0,0.0,0.0,0.0,0.0,False
523,GF,2026-03-01,1,0,0.0,1,0.0,0,0.0,0.0,0.0,0.0,0.0,0.0,False
523,GM,2026-03-01,139,26,99.16,139,99.16,0,0.0,0.0,0.0,0.0,0.0,0.0,False
523,GN,2026-03-01,66,4,8.879999999999999,66,8.879999999999999,0,0.0,0.0,0.0,0.0,0.0,0.0,False
523,GQ,2026-03-01,3,0,0.0,3,0.0,0,0.0,0.0,0.0,0.0,0.0,0.0,False
523,GR,2026-03-01,12,6,37.0,12,37.0,0,0.0,0.0,0.0,0.0,0.0,0.0,False
523,GU,2026-03-01,1,1,2.2199999999999998,1,2.2199999999999998,0,0.0,0.0,0.0,0.0,0.0,0.0,False
523,GY,2026-03-01,81,20,68.08,81,68.08,0,0.0,0.0,0.0,0.0,0.0,0.0,False
523,HK,2026-03-01,65,9,15.096,65,15.096,0,0.0,0.0,0.0,0.0,0.0,0.0,False
523,HN,2026-03-01,26,4,13.32,26,13.32,0,0.0,0.0,0.0,0.0,0.0,0.0,False
523,HR,2026-03-01,6,2,5.92,6,5.92,0,0.0,0.0,0.0,0.0,0.0,0.0,False
523,HT,2026-03-01,3,1,2.2199999999999998,3,2.2199999999999998,0,0.0,0.0,0.0,0.0,0.0,0.0,False
523,HU,2026-03-01,3,1,2.2199999999999998,3,2.2199999999999998,0,0.0,0.0,0.0,0.0,0.0,0.0,False
523,ID,2026-03-01,86,29,101.63899999999998,86,101.63899999999998,0,0.0,0.0,0.0,0.0,0.0,0.0,False
523,IE,2026-03-01,4,3,9.62,4,9.62,0,0.0,0.0,0.0,0.0,0.0,0.0,False
523,IL,2026-03-01,1,0,0.0,1,0.0,0,0.0,0.0,0.0,0.0,0.0,0.0,False
523,IM,2026-03-01,1,1,3.7,1,3.7,0,0.0,0.0,0.0,0.0,0.0,0.0,False
523,IN,2026-03-01,277,22,96.94000000000001,277,96.94000000000001,1,515.0,515.0,0.0,515.0,515.0,0.0,False
523,IT,2026-03-01,154,14,37.999,154,37.999,1,2760.0,2760.0,0.0,2760.0,2760.0,0.0,False
523,JM,2026-03-01,13,3,14.059999999999999,13,14.059999999999999,0,0.0,0.0,0.0,0.0,0.0,0.0,False
523,JO,2026-03-01,2,0,0.0,2,0.0,0,0.0,0.0,0.0,0.0,0.0,0.0,False
523,JP,2026-03-01,51,7,14.837,51,14.837,0,0.0,0.0,0.0,0.0,0.0,0.0,False
523,KE,2026-03-01,6,1,2.2199999999999998,6,2.2199999999999998,0,0.0,0.0,0.0,0.0,0.0,0.0,False
523,KH,2026-03-01,2,0,0.0,2,0.0,0,0.0,0.0,0.0,0.0,0.0,0.0,False
523,KI,2026-03-01,13,2,5.92,13,5.92,1,65.0,65.0,0.0,65.0,65.0,0.0,False
523,KR,2026-03-01,113,16,4.144,113,4.144,0,0.0,0.0,0.0,0.0,0.0,0.0,False
523,KW,2026-03-01,1,0,0.0,1,0.0,0,0.0,0.0,0.0,0.0,0.0,0.0,False
523,KY,2026-03-01,2,2,4.4399999999999995,2,4.4399999999999995,0,0.0,0.0,0.0,0.0,0.0,0.0,False
523,KZ,2026-03-01,9,4,10.36,9,10.36,0,0.0,0.0,0.0,0.0,0.0,0.0,False
523,LT,2026-03-01,4,1,7.4,4,7.4,0,0.0,0.0,0.0,0.0,0.0,0.0,False
523,LU,2026-03-01,1,0,0.0,1,0.0,0,0.0,0.0,0.0,0.0,0.0,0.0,False
523,MD,2026-03-01,13,7,28.119999999999997,13,28.119999999999997,1,7050.0,7050.0,0.0,7050.0,7050.0,0.0,False
523,MG,2026-03-01,1,0,0.0,1,0.0,0,0.0,0.0,0.0,0.0,0.0,0.0,False
523,MN,2026-03-01,4,2,5.92,4,5.92,0,0.0,0.0,0.0,0.0,0.0,0.0,False
523,MQ,2026-03-01,3,1,3.7,3,3.7,0,0.0,0.0,0.0,0.0,0.0,0.0,False
523,MR,2026-03-01,5,0,0.0,5,0.0,0,0.0,0.0,0.0,0.0,0.0,0.0,False
523,MV,2026-03-01,3,0,0.0,3,0.0,0,0.0,0.0,0.0,0.0,0.0,0.0,False
523,MW,2026-03-01,2,1,3.7,2,3.7,0,0.0,0.0,0.0,0.0,0.0,0.0,False
523,MX,2026-03-01,1889,708,358.7890000000001,1889,358.7890000000001,6,930.0,930.0,0.0,930.0,930.0,0.0,True
523,MY,2026-03-01,344,72,30.932,344,30.932,0,0.0,0.0,0.0,0.0,0.0,0.0,False
523,MZ,2026-03-01,13,3,12.579999999999998,13,12.579999999999998,0,0.0,0.0,0.0,0.0,0.0,0.0,False
523,NE,2026-03-01,63,6,19.240000000000002,63,19.240000000000002,0,0.0,0.0,0.0,0.0,0.0,0.0,False
523,NL,2026-03-01,1459,352,1338.7709999999997,1459,1338.7709999999997,3,330.0,330.0,0.0,330.0,330.0,0.0,True
523,NO,2026-03-01,102,14,64.38,102,64.38,0,0.0,0.0,0.0,0.0,0.0,0.0,False
523,NP,2026-03-01,9,1,5.92,9,5.92,0,0.0,0.0,0.0,0.0,0.0,0.0,False
523,NZ,2026-03-01,315,93,230.87999999999994,315,230.87999999999994,1,65.0,65.0,0.0,65.0,65.0,0.0,False
523,OM,2026-03-01,2,1,16.28,2,16.28,0,0.0,0.0,0.0,0.0,0.0,0.0,False
523,PA,2026-03-01,7,0,0.0,7,0.0,0,0.0,0.0,0.0,0.0,0.0,0.0,False
523,PE,2026-03-01,40,6,16.279999999999998,40,16.279999999999998,0,0.0,0.0,0.0,0.0,0.0,0.0,False
523,PH,2026-03-01,125,20,65.86,125,65.86,0,0.0,0.0,0.0,0.0,0.0,0.0,False
523,PK,2026-03-01,173,27,84.35999999999999,173,84.35999999999999,0,0.0,0.0,0.0,0.0,0.0,0.0,False
523,PL,2026-03-01,20,2,8.14,20,8.14,0,0.0,0.0,0.0,0.0,0.0,0.0,False
523,PR,2026-03-01,88,32,126.54,88,126.54,0,0.0,0.0,0.0,0.0,0.0,0.0,False
523,PT,2026-03-01,2763,1054,1951.0469999999968,2763,1951.0469999999968,19,9840.0,9840.0,0.0,9840.0,9840.0,0.0,True
523,PY,2026-03-01,8,1,2.2199999999999998,8,2.2199999999999998,0,0.0,0.0,0.0,0.0,0.0,0.0,False
523,QA,2026-03-01,10,0,0.0,10,0.0,0,0.0,0.0,0.0,0.0,0.0,0.0,False
523,RO,2026-03-01,8,1,3.7,8,3.7,0,0.0,0.0,0.0,0.0,0.0,0.0,False
523,RS,2026-03-01,45,7,18.5,45,18.5,0,0.0,0.0,0.0,0.0,0.0,0.0,False
523,RU,2026-03-01,10,1,7.4,10,7.4,0,0.0,0.0,0.0,0.0,0.0,0.0,False
523,SA,2026-03-01,40,6,40.7,40,40.7,0,0.0,0.0,0.0,0.0,0.0,0.0,False
523,SB,2026-03-01,8,1,3.7,8,3.7,0,0.0,0.0,0.0,0.0,0.0,0.0,False
523,SC,2026-03-01,3,2,7.4,3,7.4,0,0.0,0.0,0.0,0.0,0.0,0.0,False
523,SE,2026-03-01,56,13,97.68,56,97.68,0,0.0,0.0,0.0,0.0,0.0,0.0,False
523,SG,2026-03-01,421,51,91.09400000000001,421,91.09400000000001,0,0.0,0.0,0.0,0.0,0.0,0.0,False
523,SN,2026-03-01,27,1,2.2199999999999998,27,2.2199999999999998,0,0.0,0.0,0.0,0.0,0.0,0.0,False
523,SV,2026-03-01,12,2,4.4399999999999995,12,4.4399999999999995,0,0.0,0.0,0.0,0.0,0.0,0.0,False
523,SX,2026-03-01,1,0,0.0,1,0.0,0,0.0,0.0,0.0,0.0,0.0,0.0,False
523,SZ,2026-03-01,1,0,0.0,1,0.0,0,0.0,0.0,0.0,0.0,0.0,0.0,False
523,TD,2026-03-01,57,4,13.32,57,13.32,0,0.0,0.0,0.0,0.0,0.0,0.0,False
523,TG,2026-03-01,1,0,0.0,1,0.0,0,0.0,0.0,0.0,0.0,0.0,0.0,False
523,TH,2026-03-01,3,0,0.0,3,0.0,0,0.0,0.0,0.0,0.0,0.0,0.0,False
523,TJ,2026-03-01,3,1,2.2199999999999998,3,2.2199999999999998,0,0.0,0.0,0.0,0.0,0.0,0.0,False
523,TL,2026-03-01,1,1,2.2199999999999998,1,2.2199999999999998,0,0.0,0.0,0.0,0.0,0.0,0.0,False
523,TM,2026-03-01,1,1,5.92,1,5.92,0,0.0,0.0,0.0,0.0,0.0,0.0,False
523,TR,2026-03-01,127,9,25.899999999999995,127,25.899999999999995,0,0.0,0.0,0.0,0.0,0.0,0.0,False
523,TT,2026-03-01,6,4,17.02,6,17.02,0,0.0,0.0,0.0,0.0,0.0,0.0,False
523,TV,2026-03-01,1,1,3.7,1,3.7,0,0.0,0.0,0.0,0.0,0.0,0.0,False
523,TW,2026-03-01,505,122,35.51999999999999,505,35.51999999999999,2,355.0,355.0,0.0,355.0,355.0,0.0,True
523,TZ,2026-03-01,2,0,0.0,2,0.0,0,0.0,0.0,0.0,0.0,0.0,0.0,False
523,UG,2026-03-01,13,0,0.0,13,0.0,0,0.0,0.0,0.0,0.0,0.0,0.0,False
523,UNKNOWN,2026-03-01,10,1,3.7,10,3.7,0,0.0,0.0,0.0,0.0,0.0,0.0,False
523,US,2026-03-01,74236,31088,159979.23099999933,74236,159979.23099999933,1009,831380.0,823865.0,7515.0,831380.0,823865.0,7515.0,True
523,UY,2026-03-01,1,1,0.259,1,0.259,0,0.0,0.0,0.0,0.0,0.0,0.0,False
523,UZ,2026-03-01,34,8,26.64,34,26.64,0,0.0,0.0,0.0,0.0,0.0,0.0,False
523,VA,2026-03-01,1,1,1.85,1,1.85,0,0.0,0.0,0.0,0.0,0.0,0.0,False
523,VI,2026-03-01,2,1,2.2199999999999998,2,2.2199999999999998,0,0.0,0.0,0.0,0.0,0.0,0.0,False
523,VN,2026-03-01,1395,226,58.53400000000002,1395,58.53400000000002,1,265.0,265.0,0.0,265.0,265.0,0.0,True
523,VU,2026-03-01,1,0,0.0,1,0.0,0,0.0,0.0,0.0,0.0,0.0,0.0,False
523,YT,2026-03-01,3,1,3.7,3,3.7,0,0.0,0.0,0.0,0.0,0.0,0.0,False
523,ZA,2026-03-01,8,3,11.099999999999998,8,11.099999999999998,0,0.0,0.0,0.0,0.0,0.0,0.0,False
523,ZM,2026-03-01,29,7,28.12,29,28.12,0,0.0,0.0,0.0,0.0,0.0,0.0,False
612,AD,2026-03-01,1,0,0.0,1,0.0,0,0.0,0.0,0.0,0.0,0.0,0.0,False
612,AE,2026-03-01,9,1,496.54,9,496.54,1,150.0,150.0,0.0,150.0,150.0,0.0,False
612,AG,2026-03-01,1,0,0.0,1,0.0,0,0.0,0.0,0.0,0.0,0.0,0.0,False
612,AL,2026-03-01,5,1,91.76,5,91.76,1,65.0,65.0,0.0,65.0,65.0,0.0,False
612,AM,2026-03-01,1,0,0.0,1,0.0,0,0.0,0.0,0.0,0.0,0.0,0.0,False
612,AO,2026-03-01,1,0,0.0,1,0.0,0,0.0,0.0,0.0,0.0,0.0,0.0,False
612,AQ,2026-03-01,1,0,0.0,1,0.0,0,0.0,0.0,0.0,0.0,0.0,0.0,False
612,AR,2026-03-01,1,0,0.0,1,0.0,0,0.0,0.0,0.0,0.0,0.0,0.0,False
612,AT,2026-03-01,19,0,0.0,19,0.0,0,0.0,0.0,0.0,0.0,0.0,0.0,False
612,AU,2026-03-01,993,31,12581.48,993,12581.48,44,5475.0,4605.0,870.0,5475.0,4605.0,870.0,True
612,AX,2026-03-01,3,0,0.0,3,0.0,0,0.0,0.0,0.0,0.0,0.0,0.0,False
612,BD,2026-03-01,42,0,0.0,42,0.0,0,0.0,0.0,0.0,0.0,0.0,0.0,False
612,BE,2026-03-01,99,1,610.5,99,610.5,1,65.0,65.0,0.0,65.0,65.0,0.0,False
612,BG,2026-03-01,2,0,0.0,2,0.0,0,0.0,0.0,0.0,0.0,0.0,0.0,False
612,BO,2026-03-01,1,0,0.0,1,0.0,0,0.0,0.0,0.0,0.0,0.0,0.0,False
612,BR,2026-03-01,6,0,0.0,6,0.0,0,0.0,0.0,0.0,0.0,0.0,0.0,False
612,BS,2026-03-01,2,0,0.0,2,0.0,0,0.0,0.0,0.0,0.0,0.0,0.0,False
612,CA,2026-03-01,1198,27,10130.6,1198,10130.6,34,4190.0,3550.0,640.0,4190.0,3550.0,640.0,True
612,CH,2026-03-01,16,1,325.6,16,325.6,1,65.0,65.0,0.0,65.0,65.0,0.0,False
612,CM,2026-03-01,4,0,0.0,4,0.0,0,0.0,0.0,0.0,0.0,0.0,0.0,False
612,CN,2026-03-01,10,1,451.4,10,451.4,2,130.0,130.0,0.0,130.0,130.0,0.0,False
612,CO,2026-03-01,2,0,0.0,2,0.0,0,0.0,0.0,0.0,0.0,0.0,0.0,False
612,CY,2026-03-01,1,0,0.0,1,0.0,0,0.0,0.0,0.0,0.0,0.0,0.0,False
612,DE,2026-03-01,88,0,0.0,88,0.0,0,0.0,0.0,0.0,0.0,0.0,0.0,False
612,DK,2026-03-01,132,2,1164.02,132,1164.02,3,365.0,215.0,150.0,365.0,215.0,150.0,False
612,DZ,2026-03-01,4,0,0.0,4,0.0,0,0.0,0.0,0.0,0.0,0.0,0.0,False
612,EE,2026-03-01,1,0,0.0,1,0.0,0,0.0,0.0,0.0,0.0,0.0,0.0,False
612,ES,2026-03-01,274,1,252.34,274,252.34,1,65.0,65.0,0.0,65.0,65.0,0.0,False
612,FI,2026-03-01,63,1,318.2,63,318.2,1,65.0,65.0,0.0,65.0,65.0,0.0,False
612,FJ,2026-03-01,1,0,0.0,1,0.0,0,0.0,0.0,0.0,0.0,0.0,0.0,False
612,FR,2026-03-01,42,0,0.0,42,0.0,0,0.0,0.0,0.0,0.0,0.0,0.0,False
612,GA,2026-03-01,5,0,0.0,5,0.0,0,0.0,0.0,0.0,0.0,0.0,0.0,False
612,GB,2026-03-01,1973,34,14984.259999999998,1973,14984.259999999998,57,4920.0,3970.0,950.0,4920.0,3970.0,950.0,True
612,GD,2026-03-01,1,0,0.0,1,0.0,0,0.0,0.0,0.0,0.0,0.0,0.0,False
612,GP,2026-03-01,2,0,0.0,2,0.0,0,0.0,0.0,0.0,0.0,0.0,0.0,False
612,HK,2026-03-01,1,0,0.0,1,0.0,0,0.0,0.0,0.0,0.0,0.0,0.0,False
612,HT,2026-03-01,1,0,0.0,1,0.0,0,0.0,0.0,0.0,0.0,0.0,0.0,False
612,HU,2026-03-01,1,0,0.0,1,0.0,0,0.0,0.0,0.0,0.0,0.0,0.0,False
612,ID,2026-03-01,4,0,0.0,4,0.0,0,0.0,0.0,0.0,0.0,0.0,0.0,False
612,IE,2026-03-01,78,3,930.1799999999998,78,930.1799999999998,4,345.0,280.0,65.0,345.0,280.0,65.0,False
612,IM,2026-03-01,1,0,0.0,1,0.0,0,0.0,0.0,0.0,0.0,0.0,0.0,False
612,IN,2026-03-01,322,0,0.0,322,0.0,0,0.0,0.0,0.0,0.0,0.0,0.0,False
612,IT,2026-03-01,46,0,0.0,46,0.0,0,0.0,0.0,0.0,0.0,0.0,0.0,False
612,JM,2026-03-01,3,0,0.0,3,0.0,0,0.0,0.0,0.0,0.0,0.0,0.0,False
612,JO,2026-03-01,2,0,0.0,2,0.0,0,0.0,0.0,0.0,0.0,0.0,0.0,False
612,JP,2026-03-01,4,0,0.0,4,0.0,0,0.0,0.0,0.0,0.0,0.0,0.0,False
612,KE,2026-03-01,5,0,0.0,5,0.0,0,0.0,0.0,0.0,0.0,0.0,0.0,False
612,KZ,2026-03-01,1,0,0.0,1,0.0,0,0.0,0.0,0.0,0.0,0.0,0.0,False
612,LI,2026-03-01,1,0,0.0,1,0.0,0,0.0,0.0,0.0,0.0,0.0,0.0,False
612,LV,2026-03-01,2,0,0.0,2,0.0,0,0.0,0.0,0.0,0.0,0.0,0.0,False
612,MA,2026-03-01,3,0,0.0,3,0.0,0,0.0,0.0,0.0,0.0,0.0,0.0,False
612,MD,2026-03-01,5,0,0.0,5,0.0,0,0.0,0.0,0.0,0.0,0.0,0.0,False
612,ME,2026-03-01,1,0,0.0,1,0.0,0,0.0,0.0,0.0,0.0,0.0,0.0,False
612,MR,2026-03-01,1,0,0.0,1,0.0,0,0.0,0.0,0.0,0.0,0.0,0.0,False
612,MT,2026-03-01,1,0,0.0,1,0.0,0,0.0,0.0,0.0,0.0,0.0,0.0,False
612,MX,2026-03-01,20,0,0.0,20,0.0,0,0.0,0.0,0.0,0.0,0.0,0.0,False
612,MY,2026-03-01,1,0,0.0,1,0.0,0,0.0,0.0,0.0,0.0,0.0,0.0,False
612,NL,2026-03-01,889,9,3256.7400000000002,889,3256.7400000000002,11,1190.0,990.0,200.0,1190.0,990.0,200.0,True
612,NO,2026-03-01,229,2,660.08,229,660.08,3,195.0,195.0,0.0,195.0,195.0,0.0,False
612,NZ,2026-03-01,284,2,691.9000000000001,284,691.9000000000001,11,7300.0,7235.0,65.0,7300.0,7235.0,65.0,False
612,OM,2026-03-01,1,0,0.0,1,0.0,0,0.0,0.0,0.0,0.0,0.0,0.0,False
612,PG,2026-03-01,1,0,0.0,1,0.0,0,0.0,0.0,0.0,0.0,0.0,0.0,False
612,PH,2026-03-01,11,0,0.0,11,0.0,0,0.0,0.0,0.0,0.0,0.0,0.0,False
612,PK,2026-03-01,14,0,0.0,14,0.0,0,0.0,0.0,0.0,0.0,0.0,0.0,False
612,PL,2026-03-01,3,0,0.0,3,0.0,0,0.0,0.0,0.0,0.0,0.0,0.0,False
612,PR,2026-03-01,3,0,0.0,3,0.0,0,0.0,0.0,0.0,0.0,0.0,0.0,False
612,PT,2026-03-01,21,0,0.0,21,0.0,0,0.0,0.0,0.0,0.0,0.0,0.0,False
612,QA,2026-03-01,2,0,0.0,2,0.0,0,0.0,0.0,0.0,0.0,0.0,0.0,False
612,RO,2026-03-01,10,0,0.0,10,0.0,0,0.0,0.0,0.0,0.0,0.0,0.0,False
612,RS,2026-03-01,4,0,0.0,4,0.0,0,0.0,0.0,0.0,0.0,0.0,0.0,False
612,RU,2026-03-01,1,0,0.0,1,0.0,0,0.0,0.0,0.0,0.0,0.0,0.0,False
612,SA,2026-03-01,2,0,0.0,2,0.0,0,0.0,0.0,0.0,0.0,0.0,0.0,False
612,SE,2026-03-01,245,1,366.3,245,366.3,4,480.0,280.0,200.0,480.0,280.0,200.0,False
612,SG,2026-03-01,59,0,0.0,59,0.0,2,265.0,65.0,200.0,265.0,65.0,200.0,False
612,SI,2026-03-01,2,0,0.0,2,0.0,0,0.0,0.0,0.0,0.0,0.0,0.0,False
612,SL,2026-03-01,1,0,0.0,1,0.0,0,0.0,0.0,0.0,0.0,0.0,0.0,False
612,SN,2026-03-01,1,0,0.0,1,0.0,0,0.0,0.0,0.0,0.0,0.0,0.0,False
612,SV,2026-03-01,1,0,0.0,1,0.0,0,0.0,0.0,0.0,0.0,0.0,0.0,False
612,TJ,2026-03-01,3,0,0.0,3,0.0,0,0.0,0.0,0.0,0.0,0.0,0.0,False
612,TM,2026-03-01,1,0,0.0,1,0.0,0,0.0,0.0,0.0,0.0,0.0,0.0,False
612,TR,2026-03-01,5,0,0.0,5,0.0,0,0.0,0.0,0.0,0.0,0.0,0.0,False
612,TW,2026-03-01,4,0,0.0,4,0.0,0,0.0,0.0,0.0,0.0,0.0,0.0,False
612,TZ,2026-03-01,3,0,0.0,3,0.0,0,0.0,0.0,0.0,0.0,0.0,0.0,False
612,UNKNOWN,2026-03-01,5,0,0.0,5,0.0,0,0.0,0.0,0.0,0.0,0.0,0.0,False
612,US,2026-03-01,10046,218,100895.3,10046,100895.3,313,44295.0,30140.0,14155.0,44295.0,30140.0,14155.0,True
612,UY,2026-03-01,1,0,0.0,1,0.0,0,0.0,0.0,0.0,0.0,0.0,0.0,False
612,UZ,2026-03-01,2,1,382.58,2,382.58,1,110.0,110.0,0.0,110.0,110.0,0.0,False
612,VN,2026-03-01,1,0,0.0,1,0.0,0,0.0,0.0,0.0,0.0,0.0,0.0,False
612,ZA,2026-03-01,6,0,0.0,6,0.0,0,0.0,0.0,0.0,0.0,0.0,0.0,False
612,ZM,2026-03-01,1,0,0.0,1,0.0,0,0.0,0.0,0.0,0.0,0.0,0.0,False
719,AD,2026-03-01,2,1,18.5,2,18.5,0,0.0,0.0,0.0,0.0,0.0,0.0,False
719,AE,2026-03-01,4,2,16.28,4,16.28,0,0.0,0.0,0.0,0.0,0.0,0.0,False
719,AG,2026-03-01,1,1,8.14,1,8.14,0,0.0,0.0,0.0,0.0,0.0,0.0,False
719,AL,2026-03-01,3,2,47.36,3,47.36,1,110.0,110.0,0.0,110.0,110.0,0.0,False
719,AO,2026-03-01,2,2,19.240000000000002,2,19.240000000000002,0,0.0,0.0,0.0,0.0,0.0,0.0,False
719,AQ,2026-03-01,1,1,8.14,1,8.14,1,335.0,335.0,0.0,335.0,335.0,0.0,False
719,AU,2026-03-01,2742,1991,30832.099999999977,2742,30832.099999999977,101,261440.0,260990.0,450.0,261440.0,260990.0,450.0,True
719,BB,2026-03-01,1,1,8.14,1,8.14,1,110.0,110.0,0.0,110.0,110.0,0.0,False
719,BD,2026-03-01,2,0,0.0,2,0.0,0,0.0,0.0,0.0,0.0,0.0,0.0,False
719,BE,2026-03-01,2,2,47.36,2,47.36,0,0.0,0.0,0.0,0.0,0.0,0.0,False
719,BR,2026-03-01,1,0,0.0,1,0.0,0,0.0,0.0,0.0,0.0,0.0,0.0,False
719,BS,2026-03-01,1,1,12.58,1,12.58,0,0.0,0.0,0.0,0.0,0.0,0.0,False
719,CA,2026-03-01,3373,2324,35178.11999999999,3373,35178.11999999999,108,158105.0,157645.0,460.0,158105.0,157645.0,460.0,True
719,CH,2026-03-01,1,0,0.0,1,0.0,0,0.0,0.0,0.0,0.0,0.0,0.0,False
719,CK,2026-03-01,1,1,18.5,1,18.5,0,0.0,0.0,0.0,0.0,0.0,0.0,False
719,CM,2026-03-01,3,2,16.28,3,16.28,0,0.0,0.0,0.0,0.0,0.0,0.0,False
719,CN,2026-03-01,2,1,12.58,2,12.58,0,0.0,0.0,0.0,0.0,0.0,0.0,False
719,CY,2026-03-01,1,0,0.0,1,0.0,0,0.0,0.0,0.0,0.0,0.0,0.0,False
719,CZ,2026-03-01,2,2,22.2,2,22.2,0,0.0,0.0,0.0,0.0,0.0,0.0,False
719,DE,2026-03-01,6,5,83.62,6,83.62,0,0.0,0.0,0.0,0.0,0.0,0.0,False
719,DZ,2026-03-01,1,1,8.14,1,8.14,0,0.0,0.0,0.0,0.0,0.0,0.0,False
719,EC,2026-03-01,1,0,0.0,1,0.0,0,0.0,0.0,0.0,0.0,0.0,0.0,False
719,ES,2026-03-01,2,1,11.1,2,11.1,0,0.0,0.0,0.0,0.0,0.0,0.0,False
719,FI,2026-03-01,1,1,12.58,1,12.58,0,0.0,0.0,0.0,0.0,0.0,0.0,False
719,FR,2026-03-01,13,7,98.41999999999999,13,98.41999999999999,0,0.0,0.0,0.0,0.0,0.0,0.0,False
719,GA,2026-03-01,2,2,29.6,2,29.6,1,105.0,105.0,0.0,105.0,105.0,0.0,False
719,GB,2026-03-01,5520,4003,60055.44000000023,5520,60055.44000000023,178,533955.0,533665.0,290.0,533955.0,533665.0,290.0,True
719,GR,2026-03-01,2,1,8.14,2,8.14,0,0.0,0.0,0.0,0.0,0.0,0.0,False
719,HK,2026-03-01,1,0,0.0,1,0.0,0,0.0,0.0,0.0,0.0,0.0,0.0,False
719,HR,2026-03-01,1,1,18.5,1,18.5,0,0.0,0.0,0.0,0.0,0.0,0.0,False
719,ID,2026-03-01,1,0,0.0,1,0.0,0,0.0,0.0,0.0,0.0,0.0,0.0,False
719,IE,2026-03-01,4,2,37.0,4,37.0,0,0.0,0.0,0.0,0.0,0.0,0.0,False
719,IL,2026-03-01,2,2,42.92,2,42.92,0,0.0,0.0,0.0,0.0,0.0,0.0,False
719,IN,2026-03-01,13,7,82.14000000000001,13,82.14000000000001,1,150.0,150.0,0.0,150.0,150.0,0.0,False
719,IT,2026-03-01,4,3,56.980000000000004,4,56.980000000000004,0,0.0,0.0,0.0,0.0,0.0,0.0,False
719,JM,2026-03-01,3,2,26.64,3,26.64,0,0.0,0.0,0.0,0.0,0.0,0.0,False
719,JP,2026-03-01,2,2,26.64,2,26.64,0,0.0,0.0,0.0,0.0,0.0,0.0,False
719,KE,2026-03-01,12,5,40.7,12,40.7,0,0.0,0.0,0.0,0.0,0.0,0.0,False
719,KH,2026-03-01,1,1,28.86,1,28.86,0,0.0,0.0,0.0,0.0,0.0,0.0,False
719,KR,2026-03-01,1,1,8.14,1,8.14,0,0.0,0.0,0.0,0.0,0.0,0.0,False
719,LA,2026-03-01,1,1,28.86,1,28.86,0,0.0,0.0,0.0,0.0,0.0,0.0,False
719,LT,2026-03-01,1,0,0.0,1,0.0,0,0.0,0.0,0.0,0.0,0.0,0.0,False
719,MX,2026-03-01,5,4,35.52,5,35.52,0,0.0,0.0,0.0,0.0,0.0,0.0,False
719,MY,2026-03-01,1,0,0.0,1,0.0,0,0.0,0.0,0.0,0.0,0.0,0.0,False
719,MZ,2026-03-01,1,0,0.0,1,0.0,0,0.0,0.0,0.0,0.0,0.0,0.0,False
719,NL,2026-03-01,19,11,170.94,19,170.94,0,0.0,0.0,0.0,0.0,0.0,0.0,False
719,NO,2026-03-01,2,2,26.64,2,26.64,0,0.0,0.0,0.0,0.0,0.0,0.0,False
719,NZ,2026-03-01,836,572,8482.619999999999,836,8482.619999999999,26,27810.0,27810.0,0.0,27810.0,27810.0,0.0,True
719,PH,2026-03-01,5,3,48.1,5,48.1,1,295.0,295.0,0.0,295.0,295.0,0.0,False
719,PL,2026-03-01,1,0,0.0,1,0.0,0,0.0,0.0,0.0,0.0,0.0,0.0,False
719,PT,2026-03-01,1,1,28.86,1,28.86,0,0.0,0.0,0.0,0.0,0.0,0.0,False
719,RO,2026-03-01,1,0,0.0,1,0.0,0,0.0,0.0,0.0,0.0,0.0,0.0,False
719,SB,2026-03-01,1,1,18.5,1,18.5,1,65.0,65.0,0.0,65.0,65.0,0.0,False
719,SG,2026-03-01,4,1,18.5,4,18.5,0,0.0,0.0,0.0,0.0,0.0,0.0,False
719,SN,2026-03-01,1,0,0.0,1,0.0,0,0.0,0.0,0.0,0.0,0.0,0.0,False
719,TH,2026-03-01,4,4,72.52,4,72.52,0,0.0,0.0,0.0,0.0,0.0,0.0,False
719,TM,2026-03-01,1,0,0.0,1,0.0,0,0.0,0.0,0.0,0.0,0.0,0.0,False
719,TR,2026-03-01,1,0,0.0,1,0.0,0,0.0,0.0,0.0,0.0,0.0,0.0,False
719,TZ,2026-03-01,1,1,8.14,1,8.14,0,0.0,0.0,0.0,0.0,0.0,0.0,False
719,UG,2026-03-01,9,4,35.52,9,35.52,0,0.0,0.0,0.0,0.0,0.0,0.0,False
719,UNKNOWN,2026-03-01,2,2,26.64,2,26.64,0,0.0,0.0,0.0,0.0,0.0,0.0,False
719,US,2026-03-01,7427,5136,67256.38000000031,7427,67256.38000000031,223,412690.0,412580.0,110.0,412690.0,412580.0,110.0,True
719,VN,2026-03-01,3,3,31.82,3,31.82,0,0.0,0.0,0.0,0.0,0.0,0.0,False
719,ZA,2026-03-01,14,9,99.9,14,99.9,0,0.0,0.0,0.0,0.0,0.0,0.0,False
719,ZM,2026-03-01,1,0,0.0,1,0.0,0,0.0,0.0,0.0,0.0,0.0,0.0,False
719,ZW,2026-03-01,1,0,0.0,1,0.0,0,0.0,0.0,0.0,0.0,0.0,0.0,False
730,AD,2026-03-01,2,1,14.8,2,14.8,0,0.0,0.0,0.0,0.0,0.0,0.0,False
730,AE,2026-03-01,1,1,14.8,1,14.8,0,0.0,0.0,0.0,0.0,0.0,0.0,False
730,AI,2026-03-01,1,1,14.8,1,14.8,1,1765.0,1765.0,0.0,1765.0,1765.0,0.0,False
730,AL,2026-03-01,4,2,51.8,4,51.8,2,810.0,810.0,0.0,810.0,810.0,0.0,False
730,AO,2026-03-01,4,3,44.400000000000006,4,44.400000000000006,2,315.0,315.0,0.0,315.0,315.0,0.0,False
730,AQ,2026-03-01,1,1,14.8,1,14.8,0,0.0,0.0,0.0,0.0,0.0,0.0,False
730,AS,2026-03-01,1,1,37.0,1,37.0,0,0.0,0.0,0.0,0.0,0.0,0.0,False
730,AT,2026-03-01,135,86,1731.6000000000001,135,1731.6000000000001,6,4780.0,4780.0,0.0,4780.0,4780.0,0.0,False
730,AU,2026-03-01,1658,1242,26489.780000000035,1658,26489.780000000035,106,64220.0,64105.0,115.0,64220.0,64105.0,115.0,True
730,AX,2026-03-01,3,3,66.6,3,66.6,1,210.0,210.0,0.0,210.0,210.0,0.0,False
730,BB,2026-03-01,1,0,0.0,1,0.0,0,0.0,0.0,0.0,0.0,0.0,0.0,False
730,BE,2026-03-01,614,420,9279.599999999993,614,9279.599999999993,15,11675.0,11675.0,0.0,11675.0,11675.0,0.0,True
730,BG,2026-03-01,1,1,59.2,1,59.2,0,0.0,0.0,0.0,0.0,0.0,0.0,False
730,BM,2026-03-01,1,1,14.8,1,14.8,1,1235.0,1235.0,0.0,1235.0,1235.0,0.0,False
730,BO,2026-03-01,2,2,37.0,2,37.0,0,0.0,0.0,0.0,0.0,0.0,0.0,False
730,BR,2026-03-01,5,3,66.6,5,66.6,0,0.0,0.0,0.0,0.0,0.0,0.0,False
730,CA,2026-03-01,1169,840,18573.999999999996,1169,18573.999999999996,48,63050.0,63050.0,0.0,63050.0,63050.0,0.0,True
730,CH,2026-03-01,247,171,3714.800000000001,247,3714.800000000001,9,26750.0,26750.0,0.0,26750.0,26750.0,0.0,False
730,CL,2026-03-01,1,1,14.8,1,14.8,1,65.0,65.0,0.0,65.0,65.0,0.0,False
730,CN,2026-03-01,1,1,14.8,1,14.8,1,165.0,165.0,0.0,165.0,165.0,0.0,False
730,CO,2026-03-01,1,1,14.8,1,14.8,0,0.0,0.0,0.0,0.0,0.0,0.0,False
730,CR,2026-03-01,1,0,0.0,1,0.0,0,0.0,0.0,0.0,0.0,0.0,0.0,False
730,CY,2026-03-01,2,1,14.8,2,14.8,0,0.0,0.0,0.0,0.0,0.0,0.0,False
730,CZ,2026-03-01,1,1,14.8,1,14.8,0,0.0,0.0,0.0,0.0,0.0,0.0,False
730,DE,2026-03-01,1104,757,15895.199999999986,1104,15895.199999999986,53,61460.0,60615.0,845.0,61460.0,60615.0,845.0,True
730,DJ,2026-03-01,1,1,37.0,1,37.0,0,0.0,0.0,0.0,0.0,0.0,0.0,False
730,DK,2026-03-01,439,294,6186.399999999998,439,6186.399999999998,17,36050.0,36005.0,45.0,36050.0,36005.0,45.0,False
730,DO,2026-03-01,1,1,22.2,1,22.2,0,0.0,0.0,0.0,0.0,0.0,0.0,False
730,DZ,2026-03-01,2,2,29.6,2,29.6,0,0.0,0.0,0.0,0.0,0.0,0.0,False
730,ES,2026-03-01,27,15,362.6,27,362.6,1,210.0,210.0,0.0,210.0,210.0,0.0,False
730,FI,2026-03-01,146,101,2197.8,146,2197.8,7,1995.0,1995.0,0.0,1995.0,1995.0,0.0,False
730,FR,2026-03-01,11,6,177.6,11,177.6,0,0.0,0.0,0.0,0.0,0.0,0.0,False
730,GB,2026-03-01,2393,1729,37592.000000000095,2393,37592.000000000095,99,119165.0,118875.0,290.0,119165.0,118875.0,290.0,True
730,GR,2026-03-01,1,0,0.0,1,0.0,1,65.0,65.0,0.0,65.0,65.0,0.0,False
730,HK,2026-03-01,2,1,37.0,2,37.0,0,0.0,0.0,0.0,0.0,0.0,0.0,False
730,HR,2026-03-01,2,2,29.6,2,29.6,0,0.0,0.0,0.0,0.0,0.0,0.0,False
730,HT,2026-03-01,1,1,14.8,1,14.8,1,1315.0,1315.0,0.0,1315.0,1315.0,0.0,False
730,HU,2026-03-01,2,0,0.0,2,0.0,0,0.0,0.0,0.0,0.0,0.0,0.0,False
730,ID,2026-03-01,6,6,151.7,6,151.7,0,0.0,0.0,0.0,0.0,0.0,0.0,False
730,IE,2026-03-01,2,2,51.8,2,51.8,0,0.0,0.0,0.0,0.0,0.0,0.0,False
730,IN,2026-03-01,5,2,51.8,5,51.8,0,0.0,0.0,0.0,0.0,0.0,0.0,False
730,IS,2026-03-01,37,25,495.8,37,495.8,3,1410.0,1410.0,0.0,1410.0,1410.0,0.0,False
730,IT,2026-03-01,10,5,96.19999999999999,10,96.19999999999999,1,150.0,150.0,0.0,150.0,150.0,0.0,False
730,JE,2026-03-01,2,1,14.8,2,14.8,0,0.0,0.0,0.0,0.0,0.0,0.0,False
730,JM,2026-03-01,1,1,14.8,1,14.8,0,0.0,0.0,0.0,0.0,0.0,0.0,False
730,JO,2026-03-01,2,2,29.6,2,29.6,0,0.0,0.0,0.0,0.0,0.0,0.0,False
730,JP,2026-03-01,5,4,59.2,5,59.2,0,0.0,0.0,0.0,0.0,0.0,0.0,False
730,KH,2026-03-01,3,2,29.6,3,29.6,0,0.0,0.0,0.0,0.0,0.0,0.0,False
730,KR,2026-03-01,1,1,14.8,1,14.8,0,0.0,0.0,0.0,0.0,0.0,0.0,False
730,LT,2026-03-01,1,0,0.0,1,0.0,0,0.0,0.0,0.0,0.0,0.0,0.0,False
730,MA,2026-03-01,1,1,14.8,1,14.8,0,0.0,0.0,0.0,0.0,0.0,0.0,False
730,MD,2026-03-01,1,0,0.0,1,0.0,0,0.0,0.0,0.0,0.0,0.0,0.0,False
730,MG,2026-03-01,1,0,0.0,1,0.0,0,0.0,0.0,0.0,0.0,0.0,0.0,False
730,MX,2026-03-01,5,3,66.6,5,66.6,2,21990.0,21990.0,0.0,21990.0,21990.0,0.0,False
730,NA,2026-03-01,1,0,0.0,1,0.0,0,0.0,0.0,0.0,0.0,0.0,0.0,False
730,NL,2026-03-01,8,7,170.20000000000002,8,170.20000000000002,0,0.0,0.0,0.0,0.0,0.0,0.0,False
730,NO,2026-03-01,276,192,3803.6000000000004,276,3803.6000000000004,19,11325.0,11285.0,40.0,11325.0,11285.0,40.0,False
730,NZ,2026-03-01,295,213,4608.35,295,4608.35,21,7565.0,7565.0,0.0,7565.0,7565.0,0.0,False
730,PA,2026-03-01,1,0,0.0,1,0.0,0,0.0,0.0,0.0,0.0,0.0,0.0,False
730,PH,2026-03-01,17,14,340.4,17,340.4,0,0.0,0.0,0.0,0.0,0.0,0.0,False
730,PK,2026-03-01,1,1,22.2,1,22.2,0,0.0,0.0,0.0,0.0,0.0,0.0,False
730,PL,2026-03-01,6,2,29.6,6,29.6,0,0.0,0.0,0.0,0.0,0.0,0.0,False
730,PT,2026-03-01,2,1,14.8,2,14.8,0,0.0,0.0,0.0,0.0,0.0,0.0,False
730,RO,2026-03-01,7,7,170.2,7,170.2,0,0.0,0.0,0.0,0.0,0.0,0.0,False
730,RW,2026-03-01,1,1,14.8,1,14.8,0,0.0,0.0,0.0,0.0,0.0,0.0,False
730,SE,2026-03-01,434,329,6948.599999999997,434,6948.599999999997,25,24985.0,24985.0,0.0,24985.0,24985.0,0.0,False
730,SG,2026-03-01,5,4,125.8,5,125.8,1,165.0,165.0,0.0,165.0,165.0,0.0,False
730,TD,2026-03-01,1,1,37.0,1,37.0,0,0.0,0.0,0.0,0.0,0.0,0.0,False
730,TH,2026-03-01,26,22,503.20000000000005,26,503.20000000000005,2,215.0,215.0,0.0,215.0,215.0,0.0,False
730,TR,2026-03-01,4,2,29.6,4,29.6,0,0.0,0.0,0.0,0.0,0.0,0.0,False
730,UA,2026-03-01,1,0,0.0,1,0.0,0,0.0,0.0,0.0,0.0,0.0,0.0,False
730,UNKNOWN,2026-03-01,1,1,14.8,1,14.8,0,0.0,0.0,0.0,0.0,0.0,0.0,False
730,US,2026-03-01,10428,7519,166943.25999999806,10428,166943.25999999806,520,318305.0,317600.0,705.0,318305.0,317600.0,705.0,True
730,VN,2026-03-01,5,4,81.39999999999999,5,81.39999999999999,0,0.0,0.0,0.0,0.0,0.0,0.0,False
730,ZA,2026-03-01,2,2,29.6,2,29.6,0,0.0,0.0,0.0,0.0,0.0,0.0,False
833,AG,2026-03-01,2,2,10.36,2,10.36,0,0.0,0.0,0.0,0.0,0.0,0.0,False
833,AI,2026-03-01,3,1,9.62,3,9.62,0,0.0,0.0,0.0,0.0,0.0,0.0,False
833,AL,2026-03-01,2,0,0.0,2,0.0,0,0.0,0.0,0.0,0.0,0.0,0.0,False
833,AO,2026-03-01,2,1,7.03,2,7.03,0,0.0,0.0,0.0,0.0,0.0,0.0,False
833,AQ,2026-03-01,3,0,0.0,3,0.0,1,3050.0,3050.0,0.0,3050.0,3050.0,0.0,False
833,AR,2026-03-01,1,0,0.0,1,0.0,0,0.0,0.0,0.0,0.0,0.0,0.0,False
833,AS,2026-03-01,2,2,10.73,2,10.73,0,0.0,0.0,0.0,0.0,0.0,0.0,False
833,AT,2026-03-01,6,0,0.0,6,0.0,0,0.0,0.0,0.0,0.0,0.0,0.0,False
833,AU,2026-03-01,11073,4461,36900.46999999991,11073,36900.46999999991,183,138380.0,137555.0,825.0,138380.0,137555.0,825.0,True
833,AX,2026-03-01,2,2,16.65,2,16.65,0,0.0,0.0,0.0,0.0,0.0,0.0,False
833,BD,2026-03-01,1,0,0.0,1,0.0,0,0.0,0.0,0.0,0.0,0.0,0.0,False
833,BE,2026-03-01,90,33,241.98000000000002,90,241.98000000000002,1,65.0,65.0,0.0,65.0,65.0,0.0,False
833,BJ,2026-03-01,1,1,5.18,1,5.18,0,0.0,0.0,0.0,0.0,0.0,0.0,False
833,BQ,2026-03-01,1,0,0.0,1,0.0,0,0.0,0.0,0.0,0.0,0.0,0.0,False
833,BR,2026-03-01,10,3,14.059999999999999,10,14.059999999999999,0,0.0,0.0,0.0,0.0,0.0,0.0,False
833,BS,2026-03-01,4,1,4.4399999999999995,4,4.4399999999999995,0,0.0,0.0,0.0,0.0,0.0,0.0,False
833,CA,2026-03-01,20569,7112,60228.229999999385,20569,60228.229999999385,195,78085.0,78085.0,0.0,78085.0,78085.0,0.0,True
833,CH,2026-03-01,1,0,0.0,1,0.0,0,0.0,0.0,0.0,0.0,0.0,0.0,False
833,CO,2026-03-01,5,0,0.0,5,0.0,1,300.0,300.0,0.0,300.0,300.0,0.0,False
833,CR,2026-03-01,6,1,9.62,6,9.62,0,0.0,0.0,0.0,0.0,0.0,0.0,False
833,CW,2026-03-01,1,1,5.18,1,5.18,0,0.0,0.0,0.0,0.0,0.0,0.0,False
833,CZ,2026-03-01,1,0,0.0,1,0.0,0,0.0,0.0,0.0,0.0,0.0,0.0,False
833,DE,2026-03-01,2,2,10.36,2,10.36,0,0.0,0.0,0.0,0.0,0.0,0.0,False
833,DO,2026-03-01,6,0,0.0,6,0.0,0,0.0,0.0,0.0,0.0,0.0,0.0,False
833,DZ,2026-03-01,1,0,0.0,1,0.0,0,0.0,0.0,0.0,0.0,0.0,0.0,False
833,EC,2026-03-01,2,1,9.62,2,9.62,1,195.0,195.0,0.0,195.0,195.0,0.0,False
833,ES,2026-03-01,2,1,7.03,2,7.03,1,290.0,290.0,0.0,290.0,290.0,0.0,False
833,FI,2026-03-01,1,0,0.0,1,0.0,0,0.0,0.0,0.0,0.0,0.0,0.0,False
833,FM,2026-03-01,1,1,4.4399999999999995,1,4.4399999999999995,0,0.0,0.0,0.0,0.0,0.0,0.0,False
833,FR,2026-03-01,3,1,7.4,3,7.4,0,0.0,0.0,0.0,0.0,0.0,0.0,False
833,GA,2026-03-01,1,0,0.0,1,0.0,0,0.0,0.0,0.0,0.0,0.0,0.0,False
833,GB,2026-03-01,24034,8601,71591.66999999969,24034,71591.66999999969,286,294270.0,292900.0,1370.0,294270.0,292900.0,1370.0,True
833,GE,2026-03-01,2,1,5.18,2,5.18,0,0.0,0.0,0.0,0.0,0.0,0.0,False
833,GM,2026-03-01,9,1,5.18,9,5.18,0,0.0,0.0,0.0,0.0,0.0,0.0,False
833,GN,2026-03-01,3,1,6.29,3,6.29,0,0.0,0.0,0.0,0.0,0.0,0.0,False
833,GP,2026-03-01,3,0,0.0,3,0.0,0,0.0,0.0,0.0,0.0,0.0,0.0,False
833,GR,2026-03-01,3,1,13.32,3,13.32,0,0.0,0.0,0.0,0.0,0.0,0.0,False
833,GT,2026-03-01,1,0,0.0,1,0.0,0,0.0,0.0,0.0,0.0,0.0,0.0,False
833,HK,2026-03-01,1,0,0.0,1,0.0,0,0.0,0.0,0.0,0.0,0.0,0.0,False
833,HN,2026-03-01,1,0,0.0,1,0.0,0,0.0,0.0,0.0,0.0,0.0,0.0,False
833,HR,2026-03-01,1,0,0.0,1,0.0,0,0.0,0.0,0.0,0.0,0.0,0.0,False
833,IE,2026-03-01,2089,642,4713.059999999994,2089,4713.059999999994,26,5750.0,5750.0,0.0,5750.0,5750.0,0.0,True
833,IL,2026-03-01,1,1,9.62,1,9.62,0,0.0,0.0,0.0,0.0,0.0,0.0,False
833,IN,2026-03-01,1,0,0.0,1,0.0,0,0.0,0.0,0.0,0.0,0.0,0.0,False
833,JM,2026-03-01,2,1,4.4399999999999995,2,4.4399999999999995,0,0.0,0.0,0.0,0.0,0.0,0.0,False
833,JO,2026-03-01,2,0,0.0,2,0.0,0,0.0,0.0,0.0,0.0,0.0,0.0,False
833,JP,2026-03-01,1,1,7.03,1,7.03,0,0.0,0.0,0.0,0.0,0.0,0.0,False
833,KN,2026-03-01,1,1,5.18,1,5.18,0,0.0,0.0,0.0,0.0,0.0,0.0,False
833,KR,2026-03-01,1,0,0.0,1,0.0,0,0.0,0.0,0.0,0.0,0.0,0.0,False
833,KY,2026-03-01,1,1,5.18,1,5.18,0,0.0,0.0,0.0,0.0,0.0,0.0,False
833,LT,2026-03-01,2,0,0.0,2,0.0,0,0.0,0.0,0.0,0.0,0.0,0.0,False
833,MD,2026-03-01,2,0,0.0,2,0.0,0,0.0,0.0,0.0,0.0,0.0,0.0,False
833,MF,2026-03-01,3,0,0.0,3,0.0,0,0.0,0.0,0.0,0.0,0.0,0.0,False
833,MG,2026-03-01,1,0,0.0,1,0.0,0,0.0,0.0,0.0,0.0,0.0,0.0,False
833,MX,2026-03-01,12,1,5.18,12,5.18,0,0.0,0.0,0.0,0.0,0.0,0.0,False
833,NL,2026-03-01,7,2,12.21,7,12.21,0,0.0,0.0,0.0,0.0,0.0,0.0,False
833,NO,2026-03-01,1,0,0.0,1,0.0,0,0.0,0.0,0.0,0.0,0.0,0.0,False
833,NZ,2026-03-01,3734,1074,7586.849999999987,3734,7586.849999999987,30,12895.0,12745.0,150.0,12895.0,12745.0,150.0,True
833,PE,2026-03-01,1,0,0.0,1,0.0,0,0.0,0.0,0.0,0.0,0.0,0.0,False
833,PH,2026-03-01,1,1,7.4,1,7.4,0,0.0,0.0,0.0,0.0,0.0,0.0,False
833,PR,2026-03-01,32,12,78.43999999999998,32,78.43999999999998,2,695.0,695.0,0.0,695.0,695.0,0.0,False
833,RO,2026-03-01,4,1,7.03,4,7.03,0,0.0,0.0,0.0,0.0,0.0,0.0,False
833,RS,2026-03-01,1,1,5.18,1,5.18,0,0.0,0.0,0.0,0.0,0.0,0.0,False
833,SB,2026-03-01,1,1,4.4399999999999995,1,4.4399999999999995,0,0.0,0.0,0.0,0.0,0.0,0.0,False
833,SE,2026-03-01,2,1,7.03,2,7.03,0,0.0,0.0,0.0,0.0,0.0,0.0,False
833,SG,2026-03-01,1,1,4.4399999999999995,1,4.4399999999999995,0,0.0,0.0,0.0,0.0,0.0,0.0,False
833,SK,2026-03-01,1,0,0.0,1,0.0,0,0.0,0.0,0.0,0.0,0.0,0.0,False
833,SV,2026-03-01,1,0,0.0,1,0.0,0,0.0,0.0,0.0,0.0,0.0,0.0,False
833,TD,2026-03-01,2,1,7.03,2,7.03,0,0.0,0.0,0.0,0.0,0.0,0.0,False
833,TV,2026-03-01,1,0,0.0,1,0.0,0,0.0,0.0,0.0,0.0,0.0,0.0,False
833,UA,2026-03-01,2,0,0.0,2,0.0,0,0.0,0.0,0.0,0.0,0.0,0.0,False
833,UM,2026-03-01,1,0,0.0,1,0.0,0,0.0,0.0,0.0,0.0,0.0,0.0,False
833,UNKNOWN,2026-03-01,10,2,12.58,10,12.58,0,0.0,0.0,0.0,0.0,0.0,0.0,False
833,US,2026-03-01,136870,54499,427527.6000000278,136870,427527.6000000278,1717,1567305.0,1562150.0,5155.0,1567305.0,1562150.0,5155.0,True
833,VI,2026-03-01,1,1,5.18,1,5.18,0,0.0,0.0,0.0,0.0,0.0,0.0,False
833,VU,2026-03-01,1,0,0.0,1,0.0,0,0.0,0.0,0.0,0.0,0.0,0.0,False
833,ZA,2026-03-01,1,0,0.0,1,0.0,0,0.0,0.0,0.0,0.0,0.0,0.0,False
851,AD,2026-03-01,13,2,0.962,13,0.962,0,0.0,0.0,0.0,0.0,0.0,0.0,False
851,AE,2026-03-01,1262,138,63.63999999999999,1262,63.63999999999999,7,680.0,680.0,0.0,680.0,680.0,0.0,True
851,AF,2026-03-01,1,0,0.0,1,0.0,0,0.0,0.0,0.0,0.0,0.0,0.0,False
851,AG,2026-03-01,9,1,0.74,9,0.74,0,0.0,0.0,0.0,0.0,0.0,0.0,False
851,AI,2026-03-01,5,1,0.592,5,0.592,0,0.0,0.0,0.0,0.0,0.0,0.0,False
851,AL,2026-03-01,487,90,52.53999999999999,487,52.53999999999999,4,260.0,260.0,0.0,260.0,260.0,0.0,False
851,AM,2026-03-01,6,0,0.0,6,0.0,0,0.0,0.0,0.0,0.0,0.0,0.0,False
851,AO,2026-03-01,3,0,0.0,3,0.0,0,0.0,0.0,0.0,0.0,0.0,0.0,False
851,AQ,2026-03-01,2,0,0.0,2,0.0,0,0.0,0.0,0.0,0.0,0.0,0.0,False
851,AR,2026-03-01,1657,516,423.3539999999999,1657,423.3539999999999,4,1430.0,1430.0,0.0,1430.0,1430.0,0.0,True
851,AS,2026-03-01,16,2,5.476,16,5.476,0,0.0,0.0,0.0,0.0,0.0,0.0,False
851,AT,2026-03-01,17,4,1.702,17,1.702,0,0.0,0.0,0.0,0.0,0.0,0.0,False
851,AU,2026-03-01,891,308,1275.8339999999996,891,1275.8339999999996,17,5830.0,5830.0,0.0,5830.0,5830.0,0.0,True
851,AW,2026-03-01,9,3,2.072,9,2.072,0,0.0,0.0,0.0,0.0,0.0,0.0,False
851,AX,2026-03-01,6,0,0.0,6,0.0,0,0.0,0.0,0.0,0.0,0.0,0.0,False
851,AZ,2026-03-01,255,23,10.73,255,10.73,0,0.0,0.0,0.0,0.0,0.0,0.0,False
851,BB,2026-03-01,90,31,17.094,90,17.094,0,0.0,0.0,0.0,0.0,0.0,0.0,False
851,BD,2026-03-01,90,7,2.59,90,2.59,0,0.0,0.0,0.0,0.0,0.0,0.0,False
851,BE,2026-03-01,546,128,300.58799999999997,546,300.58799999999997,3,195.0,195.0,0.0,195.0,195.0,0.0,True
851,BF,2026-03-01,4,1,2.2199999999999998,4,2.2199999999999998,0,0.0,0.0,0.0,0.0,0.0,0.0,False
851,BG,2026-03-01,112,28,53.28,112,53.28,0,0.0,0.0,0.0,0.0,0.0,0.0,False
851,BH,2026-03-01,4,0,0.0,4,0.0,0,0.0,0.0,0.0,0.0,0.0,0.0,False
851,BJ,2026-03-01,16,3,1.702,16,1.702,0,0.0,0.0,0.0,0.0,0.0,0.0,False
851,BM,2026-03-01,3,0,0.0,3,0.0,0,0.0,0.0,0.0,0.0,0.0,0.0,False
851,BN,2026-03-01,1,1,0.37,1,0.37,0,0.0,0.0,0.0,0.0,0.0,0.0,False
851,BO,2026-03-01,364,42,37.148,364,37.148,0,0.0,0.0,0.0,0.0,0.0,0.0,False
851,BQ,2026-03-01,4,1,0.592,4,0.592,0,0.0,0.0,0.0,0.0,0.0,0.0,False
851,BR,2026-03-01,3587,660,560.7719999999997,3587,560.7719999999997,6,1060.0,1015.0,45.0,1060.0,1015.0,45.0,True
851,BS,2026-03-01,37,3,1.48,37,1.48,0,0.0,0.0,0.0,0.0,0.0,0.0,False
851,BT,2026-03-01,4,0,0.0,4,0.0,0,0.0,0.0,0.0,0.0,0.0,0.0,False
851,BW,2026-03-01,6,0,0.0,6,0.0,0,0.0,0.0,0.0,0.0,0.0,0.0,False
851,BZ,2026-03-01,151,36,19.757999999999996,151,19.757999999999996,0,0.0,0.0,0.0,0.0,0.0,0.0,False
851,CA,2026-03-01,2021,818,2360.822000000001,2021,2360.822000000001,11,1795.0,1795.0,0.0,1795.0,1795.0,0.0,True
851,CH,2026-03-01,83,16,40.774,83,40.774,1,65.0,65.0,0.0,65.0,65.0,0.0,False
851,CI,2026-03-01,8,2,0.74,8,0.74,0,0.0,0.0,0.0,0.0,0.0,0.0,False
851,CL,2026-03-01,6582,1977,1567.2090000000069,6582,1567.2090000000069,26,16775.0,16775.0,0.0,16775.0,16775.0,0.0,True
851,CM,2026-03-01,34,5,4.07,34,4.07,0,0.0,0.0,0.0,0.0,0.0,0.0,False
851,CN,2026-03-01,515,53,32.634,515,32.634,0,0.0,0.0,0.0,0.0,0.0,0.0,True
851,CO,2026-03-01,5733,1384,1402.1520000000037,5733,1402.1520000000037,8,910.0,910.0,0.0,910.0,910.0,0.0,True
851,CR,2026-03-01,50,7,4.884,50,4.884,1,870.0,870.0,0.0,870.0,870.0,0.0,False
851,CV,2026-03-01,2,0,0.0,2,0.0,0,0.0,0.0,0.0,0.0,0.0,0.0,False
851,CW,2026-03-01,31,17,6.289999999999999,31,6.289999999999999,0,0.0,0.0,0.0,0.0,0.0,0.0,False
851,CY,2026-03-01,218,43,28.12,218,28.12,1,65.0,65.0,0.0,65.0,65.0,0.0,False
851,CZ,2026-03-01,311,78,98.19799999999998,311,98.19799999999998,1,65.0,65.0,0.0,65.0,65.0,0.0,False
851,DE,2026-03-01,1733,323,502.97799999999984,1733,502.97799999999984,5,2280.0,2280.0,0.0,2280.0,2280.0,0.0,True
851,DJ,2026-03-01,3,0,0.0,3,0.0,0,0.0,0.0,0.0,0.0,0.0,0.0,False
851,DK,2026-03-01,293,78,183.59399999999997,293,183.59399999999997,1,65.0,65.0,0.0,65.0,65.0,0.0,False
851,DM,2026-03-01,2,1,2.2199999999999998,2,2.2199999999999998,0,0.0,0.0,0.0,0.0,0.0,0.0,False
851,DO,2026-03-01,167,22,9.693999999999999,167,9.693999999999999,0,0.0,0.0,0.0,0.0,0.0,0.0,False
851,DZ,2026-03-01,217,27,21.015999999999995,217,21.015999999999995,0,0.0,0.0,0.0,0.0,0.0,0.0,False
851,EC,2026-03-01,763,123,95.68199999999999,763,95.68199999999999,0,0.0,0.0,0.0,0.0,0.0,0.0,True
851,EE,2026-03-01,29,8,9.249999999999998,29,9.249999999999998,0,0.0,0.0,0.0,0.0,0.0,0.0,False
851,ES,2026-03-01,1792,562,1282.7899999999995,1792,1282.7899999999995,17,4560.0,4560.0,0.0,4560.0,4560.0,0.0,True
851,FI,2026-03-01,214,34,79.99399999999999,214,79.99399999999999,0,0.0,0.0,0.0,0.0,0.0,0.0,False
851,FJ,2026-03-01,340,89,58.755999999999986,340,58.755999999999986,1,245.0,245.0,0.0,245.0,245.0,0.0,False
851,FM,2026-03-01,11,6,3.6260000000000003,11,3.6260000000000003,0,0.0,0.0,0.0,0.0,0.0,0.0,False
851,FO,2026-03-01,3,2,0.74,3,0.74,0,0.0,0.0,0.0,0.0,0.0,0.0,False
851,FR,2026-03-01,4958,1888,4306.874000000021,4958,4306.874000000021,15,1490.0,1490.0,0.0,1490.0,1490.0,0.0,True
851,GA,2026-03-01,3,1,0.37,3,0.37,0,0.0,0.0,0.0,0.0,0.0,0.0,False
851,GB,2026-03-01,455,157,374.80999999999995,455,374.80999999999995,1,110.0,110.0,0.0,110.0,110.0,0.0,False
851,GD,2026-03-01,8,0,0.0,8,0.0,0,0.0,0.0,0.0,0.0,0.0,0.0,False
851,GE,2026-03-01,257,41,72.29799999999999,257,72.29799999999999,1,65.0,65.0,0.0,65.0,65.0,0.0,False
851,GF,2026-03-01,37,3,1.924,37,1.924,0,0.0,0.0,0.0,0.0,0.0,0.0,False
851,GG,2026-03-01,12,6,2.22,12,2.22,0,0.0,0.0,0.0,0.0,0.0,0.0,False
851,GI,2026-03-01,13,6,3.7739999999999996,13,3.7739999999999996,0,0.0,0.0,0.0,0.0,0.0,0.0,False
851,GL,2026-03-01,6,0,0.0,6,0.0,0,0.0,0.0,0.0,0.0,0.0,0.0,False
851,GM,2026-03-01,29,0,0.0,29,0.0,0,0.0,0.0,0.0,0.0,0.0,0.0,False
851,GN,2026-03-01,31,1,0.37,31,0.37,0,0.0,0.0,0.0,0.0,0.0,0.0,False
851,GP,2026-03-01,68,5,4.292,68,4.292,0,0.0,0.0,0.0,0.0,0.0,0.0,False
851,GQ,2026-03-01,4,0,0.0,4,0.0,0,0.0,0.0,0.0,0.0,0.0,0.0,False
851,GR,2026-03-01,207,50,42.69800000000001,207,42.69800000000001,0,0.0,0.0,0.0,0.0,0.0,0.0,False
851,GT,2026-03-01,3,0,0.0,3,0.0,0,0.0,0.0,0.0,0.0,0.0,0.0,False
851,GU,2026-03-01,49,14,7.3260000000000005,49,7.3260000000000005,0,0.0,0.0,0.0,0.0,0.0,0.0,False
851,GY,2026-03-01,434,80,40.40400000000001,434,40.40400000000001,1,210.0,210.0,0.0,210.0,210.0,0.0,False
851,HK,2026-03-01,219,19,8.51,219,8.51,1,165.0,165.0,0.0,165.0,165.0,0.0,False
851,HN,2026-03-01,1,0,0.0,1,0.0,0,0.0,0.0,0.0,0.0,0.0,0.0,False
851,HR,2026-03-01,310,81,152.06999999999994,310,152.06999999999994,2,130.0,130.0,0.0,130.0,130.0,0.0,False
851,HT,2026-03-01,240,18,10.064,240,10.064,0,0.0,0.0,0.0,0.0,0.0,0.0,False
851,HU,2026-03-01,308,67,163.98399999999998,308,163.98399999999998,2,485.0,485.0,0.0,485.0,485.0,0.0,False
851,ID,2026-03-01,24,3,1.702,24,1.702,0,0.0,0.0,0.0,0.0,0.0,0.0,False
851,IE,2026-03-01,845,192,204.536,845,204.536,11,7640.0,7640.0,0.0,7640.0,7640.0,0.0,True
851,IL,2026-03-01,1080,237,529.0259999999998,1080,529.0259999999998,8,2520.0,2520.0,0.0,2520.0,2520.0,0.0,True
851,IM,2026-03-01,6,0,0.0,6,0.0,0,0.0,0.0,0.0,0.0,0.0,0.0,False
851,IN,2026-03-01,51,5,3.9219999999999997,51,3.9219999999999997,0,0.0,0.0,0.0,0.0,0.0,0.0,False
851,IQ,2026-03-01,1,0,0.0,1,0.0,0,0.0,0.0,0.0,0.0,0.0,0.0,False
851,IR,2026-03-01,1,0,0.0,1,0.0,0,0.0,0.0,0.0,0.0,0.0,0.0,False
851,IS,2026-03-01,36,11,22.791999999999994,36,22.791999999999994,0,0.0,0.0,0.0,0.0,0.0,0.0,False
851,IT,2026-03-01,1714,449,1026.676,1714,1026.676,3,695.0,695.0,0.0,695.0,695.0,0.0,True
851,JE,2026-03-01,8,3,1.48,8,1.48,0,0.0,0.0,0.0,0.0,0.0,0.0,False
851,JM,2026-03-01,779,202,112.40599999999998,779,112.40599999999998,4,305.0,305.0,0.0,305.0,305.0,0.0,True
851,JO,2026-03-01,6,1,2.2199999999999998,6,2.2199999999999998,0,0.0,0.0,0.0,0.0,0.0,0.0,False
851,JP,2026-03-01,1548,269,590.5939999999999,1548,590.5939999999999,1,2700.0,2700.0,0.0,2700.0,2700.0,0.0,True
851,KE,2026-03-01,210,18,9.546000000000001,210,9.546000000000001,1,65.0,65.0,0.0,65.0,65.0,0.0,False
851,KG,2026-03-01,42,2,0.962,42,0.962,0,0.0,0.0,0.0,0.0,0.0,0.0,False
851,KH,2026-03-01,63,10,3.7,63,3.7,0,0.0,0.0,0.0,0.0,0.0,0.0,False
851,KI,2026-03-01,53,11,5.92,53,5.92,0,0.0,0.0,0.0,0.0,0.0,0.0,False
851,KM,2026-03-01,1,0,0.0,1,0.0,0,0.0,0.0,0.0,0.0,0.0,0.0,False
851,KN,2026-03-01,5,1,0.592,5,0.592,0,0.0,0.0,0.0,0.0,0.0,0.0,False
851,KR,2026-03-01,676,108,47.06400000000001,676,47.06400000000001,1,165.0,165.0,0.0,165.0,165.0,0.0,True
851,KW,2026-03-01,249,33,17.168,249,17.168,2,230.0,230.0,0.0,230.0,230.0,0.0,False
851,KZ,2026-03-01,10,1,0.37,10,0.37,0,0.0,0.0,0.0,0.0,0.0,0.0,False
851,LA,2026-03-01,6,0,0.0,6,0.0,0,0.0,0.0,0.0,0.0,0.0,0.0,False
851,LC,2026-03-01,14,3,1.5539999999999998,14,1.5539999999999998,0,0.0,0.0,0.0,0.0,0.0,0.0,False
851,LI,2026-03-01,3,1,2.2199999999999998,3,2.2199999999999998,0,0.0,0.0,0.0,0.0,0.0,0.0,False
851,LK,2026-03-01,2,0,0.0,2,0.0,0,0.0,0.0,0.0,0.0,0.0,0.0,False
851,LT,2026-03-01,129,36,74.962,129,74.962,0,0.0,0.0,0.0,0.0,0.0,0.0,False
851,LU,2026-03-01,66,20,44.104,66,44.104,0,0.0,0.0,0.0,0.0,0.0,0.0,False
851,LV,2026-03-01,417,244,399.74800000000005,417,399.74800000000005,0,0.0,0.0,0.0,0.0,0.0,0.0,False
851,MA,2026-03-01,262,31,13.098,262,13.098,0,0.0,0.0,0.0,0.0,0.0,0.0,False
851,MC,2026-03-01,7,1,0.37,7,0.37,0,0.0,0.0,0.0,0.0,0.0,0.0,False
851,MD,2026-03-01,134,26,43.955999999999996,134,43.955999999999996,0,0.0,0.0,0.0,0.0,0.0,0.0,False
851,ME,2026-03-01,69,12,8.658,69,8.658,0,0.0,0.0,0.0,0.0,0.0,0.0,False
851,MG,2026-03-01,26,3,1.5539999999999998,26,1.5539999999999998,0,0.0,0.0,0.0,0.0,0.0,0.0,False
851,MH,2026-03-01,4,2,0.962,4,0.962,0,0.0,0.0,0.0,0.0,0.0,0.0,False
851,MK,2026-03-01,60,18,6.66,60,6.66,1,65.0,65.0,0.0,65.0,65.0,0.0,False
851,MN,2026-03-01,4,1,0.592,4,0.592,0,0.0,0.0,0.0,0.0,0.0,0.0,False
851,MP,2026-03-01,4,0,0.0,4,0.0,0,0.0,0.0,0.0,0.0,0.0,0.0,False
851,MQ,2026-03-01,73,10,10.508,73,10.508,0,0.0,0.0,0.0,0.0,0.0,0.0,False
851,MR,2026-03-01,9,3,3.182,9,3.182,0,0.0,0.0,0.0,0.0,0.0,0.0,False
851,MT,2026-03-01,267,74,160.57999999999996,267,160.57999999999996,3,295.0,295.0,0.0,295.0,295.0,0.0,False
851,MU,2026-03-01,7,1,0.37,7,0.37,0,0.0,0.0,0.0,0.0,0.0,0.0,False
851,MV,2026-03-01,6,1,3.7,6,3.7,0,0.0,0.0,0.0,0.0,0.0,0.0,False
851,MW,2026-03-01,2,0,0.0,2,0.0,0,0.0,0.0,0.0,0.0,0.0,0.0,False
851,MX,2026-03-01,24164,6884,5788.354000000045,24164,5788.354000000045,39,7390.0,7390.0,0.0,7390.0,7390.0,0.0,True
851,MY,2026-03-01,2294,377,230.43599999999995,2294,230.43599999999995,5,820.0,820.0,0.0,820.0,820.0,0.0,True
851,MZ,2026-03-01,8,0,0.0,8,0.0,0,0.0,0.0,0.0,0.0,0.0,0.0,False
851,NA,2026-03-01,7,1,0.592,7,0.592,0,0.0,0.0,0.0,0.0,0.0,0.0,False
851,NC,2026-03-01,26,3,1.7759999999999998,26,1.7759999999999998,0,0.0,0.0,0.0,0.0,0.0,0.0,False
851,NE,2026-03-01,9,0,0.0,9,0.0,0,0.0,0.0,0.0,0.0,0.0,0.0,False
851,NL,2026-03-01,1247,225,387.3159999999999,1247,387.3159999999999,7,2375.0,2375.0,0.0,2375.0,2375.0,0.0,True
851,NO,2026-03-01,99,20,52.391999999999996,99,52.391999999999996,0,0.0,0.0,0.0,0.0,0.0,0.0,False
851,NP,2026-03-01,35,2,0.74,35,0.74,0,0.0,0.0,0.0,0.0,0.0,0.0,False
851,NR,2026-03-01,1,0,0.0,1,0.0,0,0.0,0.0,0.0,0.0,0.0,0.0,False
851,NZ,2026-03-01,309,69,309.17199999999997,309,309.17199999999997,4,260.0,260.0,0.0,260.0,260.0,0.0,False
851,OM,2026-03-01,26,2,0.74,26,0.74,0,0.0,0.0,0.0,0.0,0.0,0.0,False
851,PA,2026-03-01,29,5,3.108,29,3.108,0,0.0,0.0,0.0,0.0,0.0,0.0,False
851,PE,2026-03-01,1555,214,111.22199999999997,1555,111.22199999999997,2,175.0,175.0,0.0,175.0,175.0,0.0,True
851,PF,2026-03-01,53,10,3.6999999999999997,53,3.6999999999999997,1,65.0,65.0,0.0,65.0,65.0,0.0,False
851,PG,2026-03-01,1453,339,178.19199999999998,1453,178.19199999999998,3,440.0,440.0,0.0,440.0,440.0,0.0,True
851,PH,2026-03-01,318,38,19.462000000000003,318,19.462000000000003,2,130.0,130.0,0.0,130.0,130.0,0.0,False
851,PK,2026-03-01,68,8,8.879999999999999,68,8.879999999999999,0,0.0,0.0,0.0,0.0,0.0,0.0,False
851,PL,2026-03-01,450,128,249.37999999999994,450,249.37999999999994,1,200.0,200.0,0.0,200.0,200.0,0.0,False
851,PM,2026-03-01,3,1,0.74,3,0.74,0,0.0,0.0,0.0,0.0,0.0,0.0,False
851,PR,2026-03-01,89,29,31.449999999999996,89,31.449999999999996,0,0.0,0.0,0.0,0.0,0.0,0.0,False
851,PT,2026-03-01,677,147,353.86799999999994,677,353.86799999999994,3,195.0,195.0,0.0,195.0,195.0,0.0,True
851,PW,2026-03-01,11,2,1.1099999999999999,11,1.1099999999999999,0,0.0,0.0,0.0,0.0,0.0,0.0,False
851,PY,2026-03-01,499,58,31.228,499,31.228,0,0.0,0.0,0.0,0.0,0.0,0.0,False
851,QA,2026-03-01,418,51,94.868,418,94.868,0,0.0,0.0,0.0,0.0,0.0,0.0,False
851,RE,2026-03-01,2,0,0.0,2,0.0,0,0.0,0.0,0.0,0.0,0.0,0.0,False
851,RO,2026-03-01,152,35,46.546,152,46.546,1,17295.0,16495.0,800.0,17295.0,16495.0,800.0,False
851,RS,2026-03-01,405,88,48.248,405,48.248,2,470.0,470.0,0.0,470.0,470.0,0.0,False
851,RU,2026-03-01,6,3,1.702,6,1.702,0,0.0,0.0,0.0,0.0,0.0,0.0,False
851,SA,2026-03-01,29,9,6.807999999999999,29,6.807999999999999,0,0.0,0.0,0.0,0.0,0.0,0.0,False
851,SB,2026-03-01,9,1,0.37,9,0.37,0,0.0,0.0,0.0,0.0,0.0,0.0,False
851,SC,2026-03-01,11,1,0.74,11,0.74,0,0.0,0.0,0.0,0.0,0.0,0.0,False
851,SE,2026-03-01,252,70,174.12199999999999,252,174.12199999999999,2,320.0,320.0,0.0,320.0,320.0,0.0,False
851,SG,2026-03-01,2873,491,705.4049999999999,2873,705.4049999999999,11,1655.0,1655.0,0.0,1655.0,1655.0,0.0,True
851,SI,2026-03-01,215,66,136.308,215,136.308,2,545.0,545.0,0.0,545.0,545.0,0.0,False
851,SK,2026-03-01,139,29,54.75999999999999,139,54.75999999999999,0,0.0,0.0,0.0,0.0,0.0,0.0,False
851,SL,2026-03-01,1,0,0.0,1,0.0,0,0.0,0.0,0.0,0.0,0.0,0.0,False
851,SM,2026-03-01,8,2,0.74,8,0.74,0,0.0,0.0,0.0,0.0,0.0,0.0,False
851,SN,2026-03-01,28,1,0.37,28,0.37,0,0.0,0.0,0.0,0.0,0.0,0.0,False
851,SR,2026-03-01,179,41,23.087999999999997,179,23.087999999999997,0,0.0,0.0,0.0,0.0,0.0,0.0,False
851,SV,2026-03-01,746,108,57.57200000000001,746,57.57200000000001,0,0.0,0.0,0.0,0.0,0.0,0.0,True
851,SX,2026-03-01,2,2,0.962,2,0.962,0,0.0,0.0,0.0,0.0,0.0,0.0,False
851,TC,2026-03-01,4,0,0.0,4,0.0,0,0.0,0.0,0.0,0.0,0.0,0.0,False
851,TD,2026-03-01,4,0,0.0,4,0.0,0,0.0,0.0,0.0,0.0,0.0,0.0,False
851,TG,2026-03-01,13,1,0.37,13,0.37,0,0.0,0.0,0.0,0.0,0.0,0.0,False
851,TH,2026-03-01,849,162,83.176,849,83.176,3,555.0,555.0,0.0,555.0,555.0,0.0,True
851,TJ,2026-03-01,4,0,0.0,4,0.0,0,0.0,0.0,0.0,0.0,0.0,0.0,False
851,TL,2026-03-01,8,2,1.3319999999999999,8,1.3319999999999999,0,0.0,0.0,0.0,0.0,0.0,0.0,False
851,TM,2026-03-01,4,2,1.1099999999999999,4,1.1099999999999999,0,0.0,0.0,0.0,0.0,0.0,0.0,False
851,TO,2026-03-01,4,2,0.74,4,0.74,0,0.0,0.0,0.0,0.0,0.0,0.0,False
851,TR,2026-03-01,3114,445,235.61599999999987,3114,235.61599999999987,7,820.0,820.0,0.0,820.0,820.0,0.0,True
851,TT,2026-03-01,314,103,39.072,314,39.072,0,0.0,0.0,0.0,0.0,0.0,0.0,False
851,TW,2026-03-01,1077,227,119.06599999999997,1077,119.06599999999997,5,1785.0,1785.0,0.0,1785.0,1785.0,0.0,True
851,TZ,2026-03-01,3,0,0.0,3,0.0,0,0.0,0.0,0.0,0.0,0.0,0.0,False
851,UA,2026-03-01,3,0,0.0,3,0.0,0,0.0,0.0,0.0,0.0,0.0,0.0,False
851,UG,2026-03-01,21,0,0.0,21,0.0,0,0.0,0.0,0.0,0.0,0.0,0.0,False
851,UNKNOWN,2026-03-01,13,0,0.0,13,0.0,0,0.0,0.0,0.0,0.0,0.0,0.0,False
851,US,2026-03-01,8082,2496,11047.97800000005,8082,11047.97800000005,82,102210.0,101875.0,335.0,102210.0,101875.0,335.0,True
851,UY,2026-03-01,31,11,8.584,31,8.584,0,0.0,0.0,0.0,0.0,0.0,0.0,False
851,UZ,2026-03-01,1364,147,75.702,1364,75.702,4,260.0,260.0,0.0,260.0,260.0,0.0,True
851,VC,2026-03-01,16,4,2.072,16,2.072,0,0.0,0.0,0.0,0.0,0.0,0.0,False
851,VE,2026-03-01,3,0,0.0,3,0.0,0,0.0,0.0,0.0,0.0,0.0,0.0,False
851,VG,2026-03-01,1,1,0.592,1,0.592,0,0.0,0.0,0.0,0.0,0.0,0.0,False
851,VI,2026-03-01,4,0,0.0,4,0.0,0,0.0,0.0,0.0,0.0,0.0,0.0,False
851,VN,2026-03-01,2393,179,90.206,2393,90.206,1,8925.0,8925.0,0.0,8925.0,8925.0,0.0,True
851,VU,2026-03-01,66,15,7.843999999999999,66,7.843999999999999,0,0.0,0.0,0.0,0.0,0.0,0.0,False
851,WS,2026-03-01,7,1,0.37,7,0.37,0,0.0,0.0,0.0,0.0,0.0,0.0,False
851,XK,2026-03-01,1,0,0.0,1,0.0,0,0.0,0.0,0.0,0.0,0.0,0.0,False
851,YT,2026-03-01,6,0,0.0,6,0.0,0,0.0,0.0,0.0,0.0,0.0,0.0,False
851,ZA,2026-03-01,8366,1551,1241.424000000002,8366,1241.424000000002,15,1415.0,1415.0,0.0,1415.0,1415.0,0.0,True
851,ZM,2026-03-01,17,2,4.4399999999999995,17,4.4399999999999995,0,0.0,0.0,0.0,0.0,0.0,0.0,False
889,AL,2026-03-01,1,0,0.0,1,0.0,0,0.0,0.0,0.0,0.0,0.0,0.0,False
889,AT,2026-03-01,7,1,117.66,7,117.66,1,65.0,65.0,0.0,65.0,65.0,0.0,False
889,AX,2026-03-01,3,1,85.1,3,85.1,1,200.0,200.0,0.0,200.0,200.0,0.0,False
889,BE,2026-03-01,15,0,0.0,15,0.0,0,0.0,0.0,0.0,0.0,0.0,0.0,False
889,BR,2026-03-01,10,0,0.0,10,0.0,0,0.0,0.0,0.0,0.0,0.0,0.0,False
889,CH,2026-03-01,5,0,0.0,5,0.0,0,0.0,0.0,0.0,0.0,0.0,0.0,False
889,DE,2026-03-01,179,6,1414.1399999999999,179,1414.1399999999999,6,4345.0,4345.0,0.0,4345.0,4345.0,0.0,False
889,DK,2026-03-01,2,0,0.0,2,0.0,0,0.0,0.0,0.0,0.0,0.0,0.0,False
889,DZ,2026-03-01,2,0,0.0,2,0.0,0,0.0,0.0,0.0,0.0,0.0,0.0,False
889,ES,2026-03-01,880,15,2937.0600000000004,880,2937.0600000000004,20,3175.0,3175.0,0.0,3175.0,3175.0,0.0,True
889,FR,2026-03-01,1704,29,6713.28,1704,6713.28,45,42780.0,42740.0,40.0,42780.0,42740.0,40.0,True
889,GA,2026-03-01,1,0,0.0,1,0.0,0,0.0,0.0,0.0,0.0,0.0,0.0,False
889,IT,2026-03-01,6442,100,22091.22,6442,22091.22,129,40060.0,39950.0,110.0,40060.0,39950.0,110.0,True
889,JP,2026-03-01,3,0,0.0,3,0.0,0,0.0,0.0,0.0,0.0,0.0,0.0,False
889,NL,2026-03-01,23,0,0.0,23,0.0,0,0.0,0.0,0.0,0.0,0.0,0.0,False
889,NO,2026-03-01,7,0,0.0,7,0.0,0,0.0,0.0,0.0,0.0,0.0,0.0,False
889,OM,2026-03-01,1,0,0.0,1,0.0,0,0.0,0.0,0.0,0.0,0.0,0.0,False
889,SE,2026-03-01,6,0,0.0,6,0.0,0,0.0,0.0,0.0,0.0,0.0,0.0,False
889,TJ,2026-03-01,1,0,0.0,1,0.0,0,0.0,0.0,0.0,0.0,0.0,0.0,False
889,US,2026-03-01,1,1,210.9,1,210.9,1,150.0,150.0,0.0,150.0,150.0,0.0,False
897,AD,2026-03-01,2,1,15.984,2,15.984,0,0.0,0.0,0.0,0.0,0.0,0.0,False
897,AE,2026-03-01,3,1,17.02,3,17.02,0,0.0,0.0,0.0,0.0,0.0,0.0,False
897,AL,2026-03-01,1,1,11.1,1,11.1,0,0.0,0.0,0.0,0.0,0.0,0.0,False
897,AO,2026-03-01,4,4,37.0,4,37.0,1,200.0,200.0,0.0,200.0,200.0,0.0,False
897,AS,2026-03-01,2,1,11.1,2,11.1,0,0.0,0.0,0.0,0.0,0.0,0.0,False
897,AT,2026-03-01,28,21,212.82399999999996,28,212.82399999999996,3,425.0,425.0,0.0,425.0,425.0,0.0,False
897,AU,2026-03-01,1005,627,8045.139400000001,1005,8045.139400000001,54,150255.0,149985.0,270.0,150255.0,149985.0,270.0,True
897,AX,2026-03-01,2,1,8.51,2,8.51,0,0.0,0.0,0.0,0.0,0.0,0.0,False
897,BE,2026-03-01,116,78,752.8759999999999,116,752.8759999999999,4,1300.0,1300.0,0.0,1300.0,1300.0,0.0,False
897,BJ,2026-03-01,1,1,8.879999999999999,1,8.879999999999999,0,0.0,0.0,0.0,0.0,0.0,0.0,False
897,BR,2026-03-01,5,4,62.16,5,62.16,0,0.0,0.0,0.0,0.0,0.0,0.0,False
897,BS,2026-03-01,1,0,0.0,1,0.0,0,0.0,0.0,0.0,0.0,0.0,0.0,False
897,CA,2026-03-01,1639,1017,12507.916599999999,1639,12507.916599999999,47,30085.0,29960.0,125.0,30085.0,29960.0,125.0,True
897,CH,2026-03-01,23,16,182.484,23,182.484,0,0.0,0.0,0.0,0.0,0.0,0.0,False
897,CL,2026-03-01,1,1,11.84,1,11.84,0,0.0,0.0,0.0,0.0,0.0,0.0,False
897,CO,2026-03-01,8,6,84.804,8,84.804,1,815.0,815.0,0.0,815.0,815.0,0.0,False
897,CR,2026-03-01,3,2,34.521,3,34.521,1,6040.0,6040.0,0.0,6040.0,6040.0,0.0,False
897,CY,2026-03-01,1,1,17.02,1,17.02,0,0.0,0.0,0.0,0.0,0.0,0.0,False
897,CZ,2026-03-01,1,0,0.0,1,0.0,0,0.0,0.0,0.0,0.0,0.0,0.0,False
897,DE,2026-03-01,192,143,1508.638,192,1508.638,12,3210.0,3210.0,0.0,3210.0,3210.0,0.0,False
897,DK,2026-03-01,49,36,342.21299999999997,49,342.21299999999997,3,365.0,365.0,0.0,365.0,365.0,0.0,False
897,DO,2026-03-01,3,2,19.424999999999997,3,19.424999999999997,0,0.0,0.0,0.0,0.0,0.0,0.0,False
897,DZ,2026-03-01,3,3,42.18,3,42.18,0,0.0,0.0,0.0,0.0,0.0,0.0,False
897,ER,2026-03-01,1,1,11.1,1,11.1,1,150.0,150.0,0.0,150.0,150.0,0.0,False
897,ES,2026-03-01,17,10,126.281,17,126.281,0,0.0,0.0,0.0,0.0,0.0,0.0,False
897,FI,2026-03-01,88,61,702.001,88,702.001,8,5050.0,5010.0,40.0,5050.0,5010.0,40.0,False
897,FJ,2026-03-01,3,3,28.934,3,28.934,0,0.0,0.0,0.0,0.0,0.0,0.0,False
897,FR,2026-03-01,11,8,112.99799999999999,11,112.99799999999999,2,340.0,340.0,0.0,340.0,340.0,0.0,False
897,GB,2026-03-01,1821,1145,13770.526799999992,1821,13770.526799999992,59,54485.0,54420.0,65.0,54485.0,54420.0,65.0,True
897,GR,2026-03-01,3,2,31.968,3,31.968,0,0.0,0.0,0.0,0.0,0.0,0.0,False
897,HK,2026-03-01,1,1,8.51,1,8.51,0,0.0,0.0,0.0,0.0,0.0,0.0,False
897,HR,2026-03-01,3,1,15.984,3,15.984,0,0.0,0.0,0.0,0.0,0.0,0.0,False
897,HU,2026-03-01,1,1,20.039199999999997,1,20.039199999999997,0,0.0,0.0,0.0,0.0,0.0,0.0,False
897,ID,2026-03-01,4,4,55.20399999999999,4,55.20399999999999,0,0.0,0.0,0.0,0.0,0.0,0.0,False
897,IE,2026-03-01,151,101,1112.183,151,1112.183,9,8225.0,8180.0,45.0,8225.0,8180.0,45.0,False
897,IL,2026-03-01,3,3,37.739999999999995,3,37.739999999999995,0,0.0,0.0,0.0,0.0,0.0,0.0,False
897,IM,2026-03-01,1,1,11.84,1,11.84,0,0.0,0.0,0.0,0.0,0.0,0.0,False
897,IN,2026-03-01,1,1,8.879999999999999,1,8.879999999999999,0,0.0,0.0,0.0,0.0,0.0,0.0,False
897,IS,2026-03-01,12,10,123.876,12,123.876,1,380.0,380.0,0.0,380.0,380.0,0.0,False
897,IT,2026-03-01,9,6,104.932,9,104.932,1,1845.0,1845.0,0.0,1845.0,1845.0,0.0,False
897,JM,2026-03-01,2,0,0.0,2,0.0,0,0.0,0.0,0.0,0.0,0.0,0.0,False
897,JP,2026-03-01,9,9,144.152,9,144.152,0,0.0,0.0,0.0,0.0,0.0,0.0,False
897,KE,2026-03-01,1,1,11.1,1,11.1,0,0.0,0.0,0.0,0.0,0.0,0.0,False
897,KH,2026-03-01,1,0,0.0,1,0.0,0,0.0,0.0,0.0,0.0,0.0,0.0,False
897,KR,2026-03-01,3,3,32.56,3,32.56,0,0.0,0.0,0.0,0.0,0.0,0.0,False
897,LT,2026-03-01,2,1,13.32,2,13.32,0,0.0,0.0,0.0,0.0,0.0,0.0,False
897,LU,2026-03-01,7,5,54.75999999999999,7,54.75999999999999,1,65.0,65.0,0.0,65.0,65.0,0.0,False
897,MA,2026-03-01,3,3,30.339999999999996,3,30.339999999999996,0,0.0,0.0,0.0,0.0,0.0,0.0,False
897,MC,2026-03-01,1,0,0.0,1,0.0,0,0.0,0.0,0.0,0.0,0.0,0.0,False
897,MK,2026-03-01,1,0,0.0,1,0.0,0,0.0,0.0,0.0,0.0,0.0,0.0,False
897,MT,2026-03-01,2,1,8.879999999999999,2,8.879999999999999,0,0.0,0.0,0.0,0.0,0.0,0.0,False
897,MX,2026-03-01,9,6,58.756,9,58.756,1,165.0,165.0,0.0,165.0,165.0,0.0,False
897,MY,2026-03-01,4,3,41.884,4,41.884,0,0.0,0.0,0.0,0.0,0.0,0.0,False
897,NL,2026-03-01,119,84,986.0869999999999,119,986.0869999999999,5,6855.0,6815.0,40.0,6855.0,6815.0,40.0,False
897,NO,2026-03-01,63,48,555.925,63,555.925,5,11730.0,11690.0,40.0,11730.0,11690.0,40.0,False
897,NZ,2026-03-01,312,206,2372.2993999999994,312,2372.2993999999994,19,10985.0,10940.0,45.0,10985.0,10940.0,45.0,False
897,PA,2026-03-01,2,2,21.238,2,21.238,0,0.0,0.0,0.0,0.0,0.0,0.0,False
897,PG,2026-03-01,1,1,11.84,1,11.84,0,0.0,0.0,0.0,0.0,0.0,0.0,False
897,PH,2026-03-01,18,10,116.032,18,116.032,0,0.0,0.0,0.0,0.0,0.0,0.0,False
897,PL,2026-03-01,6,2,22.2,6,22.2,0,0.0,0.0,0.0,0.0,0.0,0.0,False
897,PR,2026-03-01,8,6,86.136,8,86.136,0,0.0,0.0,0.0,0.0,0.0,0.0,False
897,PT,2026-03-01,5,3,25.9,5,25.9,0,0.0,0.0,0.0,0.0,0.0,0.0,False
897,QA,2026-03-01,1,1,8.879999999999999,1,8.879999999999999,0,0.0,0.0,0.0,0.0,0.0,0.0,False
897,RO,2026-03-01,7,4,58.497,7,58.497,1,320.0,320.0,0.0,320.0,320.0,0.0,False
897,RS,2026-03-01,2,1,8.879999999999999,2,8.879999999999999,1,525.0,525.0,0.0,525.0,525.0,0.0,False
897,RW,2026-03-01,1,1,17.02,1,17.02,0,0.0,0.0,0.0,0.0,0.0,0.0,False
897,SE,2026-03-01,107,67,581.603,107,581.603,10,9085.0,8995.0,90.0,9085.0,8995.0,90.0,False
897,SG,2026-03-01,2,2,17.759999999999998,2,17.759999999999998,0,0.0,0.0,0.0,0.0,0.0,0.0,False
897,TH,2026-03-01,7,4,44.104,7,44.104,0,0.0,0.0,0.0,0.0,0.0,0.0,False
897,TR,2026-03-01,6,4,51.8,6,51.8,0,0.0,0.0,0.0,0.0,0.0,0.0,False
897,TT,2026-03-01,2,0,0.0,2,0.0,0,0.0,0.0,0.0,0.0,0.0,0.0,False
897,TW,2026-03-01,1,1,23.976,1,23.976,0,0.0,0.0,0.0,0.0,0.0,0.0,False
897,TZ,2026-03-01,1,0,0.0,1,0.0,0,0.0,0.0,0.0,0.0,0.0,0.0,False
897,UG,2026-03-01,1,1,10.36,1,10.36,1,150.0,150.0,0.0,150.0,150.0,0.0,False
897,UNKNOWN,2026-03-01,1,0,0.0,1,0.0,0,0.0,0.0,0.0,0.0,0.0,0.0,False
897,US,2026-03-01,11089,6943,90600.05740000073,11089,90600.05740000073,405,520130.0,518400.0,1730.0,520130.0,518400.0,1730.0,True
897,VI,2026-03-01,1,1,11.84,1,11.84,1,65.0,65.0,0.0,65.0,65.0,0.0,False
897,VN,2026-03-01,7,5,79.92,7,79.92,0,0.0,0.0,0.0,0.0,0.0,0.0,False
897,ZA,2026-03-01,1,1,8.879999999999999,1,8.879999999999999,0,0.0,0.0,0.0,0.0,0.0,0.0,False
911,AE,2026-03-01,3,0,0.0,3,0.0,0,0.0,0.0,0.0,0.0,0.0,0.0,False
911,AL,2026-03-01,1,0,0.0,1,0.0,0,0.0,0.0,0.0,0.0,0.0,0.0,False
911,AR,2026-03-01,2,0,0.0,2,0.0,0,0.0,0.0,0.0,0.0,0.0,0.0,False
911,AS,2026-03-01,1,0,0.0,1,0.0,0,0.0,0.0,0.0,0.0,0.0,0.0,False
911,AU,2026-03-01,29,8,53.279999999999994,29,53.279999999999994,0,0.0,0.0,0.0,0.0,0.0,0.0,False
911,BD,2026-03-01,1,0,0.0,1,0.0,0,0.0,0.0,0.0,0.0,0.0,0.0,False
911,BR,2026-03-01,50032,8529,6320.858000000061,50032,6320.858000000061,138,37110.0,36980.0,130.0,37110.0,36980.0,130.0,True
911,BS,2026-03-01,1,0,0.0,1,0.0,0,0.0,0.0,0.0,0.0,0.0,0.0,False
911,CA,2026-03-01,36,9,44.029999999999994,36,44.029999999999994,0,0.0,0.0,0.0,0.0,0.0,0.0,False
911,CO,2026-03-01,1,0,0.0,1,0.0,0,0.0,0.0,0.0,0.0,0.0,0.0,False
911,CV,2026-03-01,1,0,0.0,1,0.0,0,0.0,0.0,0.0,0.0,0.0,0.0,False
911,DE,2026-03-01,57,19,84.35999999999999,57,84.35999999999999,1,130.0,130.0,0.0,130.0,130.0,0.0,False
911,ES,2026-03-01,3,0,0.0,3,0.0,0,0.0,0.0,0.0,0.0,0.0,0.0,False
911,FR,2026-03-01,95,1,4.4399999999999995,95,4.4399999999999995,0,0.0,0.0,0.0,0.0,0.0,0.0,False
911,GB,2026-03-01,33,4,19.24,33,19.24,0,0.0,0.0,0.0,0.0,0.0,0.0,False
911,GM,2026-03-01,18,2,8.879999999999999,18,8.879999999999999,0,0.0,0.0,0.0,0.0,0.0,0.0,False
911,HK,2026-03-01,1,0,0.0,1,0.0,0,0.0,0.0,0.0,0.0,0.0,0.0,False
911,ID,2026-03-01,2,0,0.0,2,0.0,0,0.0,0.0,0.0,0.0,0.0,0.0,False
911,IE,2026-03-01,50,16,84.35999999999999,50,84.35999999999999,1,130.0,130.0,0.0,130.0,130.0,0.0,False
911,IL,2026-03-01,1,1,14.8,1,14.8,0,0.0,0.0,0.0,0.0,0.0,0.0,False
911,IN,2026-03-01,6,0,0.0,6,0.0,0,0.0,0.0,0.0,0.0,0.0,0.0,False
911,IT,2026-03-01,4,0,0.0,4,0.0,0,0.0,0.0,0.0,0.0,0.0,0.0,False
911,JM,2026-03-01,3,0,0.0,3,0.0,0,0.0,0.0,0.0,0.0,0.0,0.0,False
911,JP,2026-03-01,2,0,0.0,2,0.0,0,0.0,0.0,0.0,0.0,0.0,0.0,False
911,KI,2026-03-01,1,1,4.4399999999999995,1,4.4399999999999995,0,0.0,0.0,0.0,0.0,0.0,0.0,False
911,KN,2026-03-01,5,2,8.879999999999999,5,8.879999999999999,0,0.0,0.0,0.0,0.0,0.0,0.0,False
911,KR,2026-03-01,1,0,0.0,1,0.0,0,0.0,0.0,0.0,0.0,0.0,0.0,False
911,LU,2026-03-01,1,0,0.0,1,0.0,0,0.0,0.0,0.0,0.0,0.0,0.0,False
911,MH,2026-03-01,1,0,0.0,1,0.0,0,0.0,0.0,0.0,0.0,0.0,0.0,False
911,MV,2026-03-01,1,1,4.4399999999999995,1,4.4399999999999995,0,0.0,0.0,0.0,0.0,0.0,0.0,False
911,MX,2026-03-01,139,22,65.11999999999999,139,65.11999999999999,1,220.0,220.0,0.0,220.0,220.0,0.0,False
911,MZ,2026-03-01,2,0,0.0,2,0.0,0,0.0,0.0,0.0,0.0,0.0,0.0,False
911,NE,2026-03-01,2,0,0.0,2,0.0,0,0.0,0.0,0.0,0.0,0.0,0.0,False
911,NL,2026-03-01,14,0,0.0,14,0.0,0,0.0,0.0,0.0,0.0,0.0,0.0,False
911,NP,2026-03-01,2,0,0.0,2,0.0,0,0.0,0.0,0.0,0.0,0.0,0.0,False
911,NZ,2026-03-01,38,10,49.58,38,49.58,0,0.0,0.0,0.0,0.0,0.0,0.0,False
911,PH,2026-03-01,1,0,0.0,1,0.0,0,0.0,0.0,0.0,0.0,0.0,0.0,False
911,PK,2026-03-01,12,0,0.0,12,0.0,0,0.0,0.0,0.0,0.0,0.0,0.0,False
911,PR,2026-03-01,4,0,0.0,4,0.0,1,130.0,130.0,0.0,130.0,130.0,0.0,False
911,PT,2026-03-01,1,0,0.0,1,0.0,0,0.0,0.0,0.0,0.0,0.0,0.0,False
911,SA,2026-03-01,3,0,0.0,3,0.0,0,0.0,0.0,0.0,0.0,0.0,0.0,False
911,SB,2026-03-01,10,2,8.879999999999999,10,8.879999999999999,0,0.0,0.0,0.0,0.0,0.0,0.0,False
911,SE,2026-03-01,2,0,0.0,2,0.0,0,0.0,0.0,0.0,0.0,0.0,0.0,False
911,SG,2026-03-01,2,0,0.0,2,0.0,0,0.0,0.0,0.0,0.0,0.0,0.0,False
911,TZ,2026-03-01,1,0,0.0,1,0.0,0,0.0,0.0,0.0,0.0,0.0,0.0,False
911,UNKNOWN,2026-03-01,6,1,22.2,6,22.2,0,0.0,0.0,0.0,0.0,0.0,0.0,False
911,US,2026-03-01,12877,3794,49201.11999999995,12877,49201.11999999995,185,407380.0,406500.0,880.0,407380.0,406500.0,880.0,True
911,VI,2026-03-01,1,0,0.0,1,0.0,0,0.0,0.0,0.0,0.0,0.0,0.0,False
911,ZM,2026-03-01,1,0,0.0,1,0.0,0,0.0,0.0,0.0,0.0,0.0,0.0,False
organic,AD,2026-03-01,42,0,0.0,42,0.0,1,190.0,190.0,0.0,190.0,190.0,0.0,False
organic,AE,2026-03-01,1245,0,0.0,1245,0.0,21,74505.0,74235.0,270.0,74505.0,74235.0,270.0,True
organic,AF,2026-03-01,1,0,0.0,1,0.0,0,0.0,0.0,0.0,0.0,0.0,0.0,False
organic,AG,2026-03-01,20,0,0.0,20,0.0,1,165.0,165.0,0.0,165.0,165.0,0.0,False
organic,AI,2026-03-01,26,0,0.0,26,0.0,1,11685.0,11685.0,0.0,11685.0,11685.0,0.0,False
organic,AL,2026-03-01,302,0,0.0,302,0.0,5,780.0,780.0,0.0,780.0,780.0,0.0,False
organic,AM,2026-03-01,74,0,0.0,74,0.0,1,5280.0,5280.0,0.0,5280.0,5280.0,0.0,False
organic,AO,2026-03-01,203,0,0.0,203,0.0,3,195.0,195.0,0.0,195.0,195.0,0.0,False
organic,AQ,2026-03-01,4,0,0.0,4,0.0,2,1765.0,1765.0,0.0,1765.0,1765.0,0.0,False
organic,AR,2026-03-01,1487,0,0.0,1487,0.0,37,28075.0,27965.0,110.0,28075.0,27965.0,110.0,True
organic,AS,2026-03-01,20,0,0.0,20,0.0,0,0.0,0.0,0.0,0.0,0.0,0.0,False
organic,AT,2026-03-01,603,0,0.0,603,0.0,5,2760.0,2760.0,0.0,2760.0,2760.0,0.0,True
organic,AU,2026-03-01,4525,0,0.0,4525,0.0,168,561180.0,557535.0,3645.0,561180.0,557535.0,3645.0,True
organic,AW,2026-03-01,20,0,0.0,20,0.0,2,175.0,175.0,0.0,175.0,175.0,0.0,False
organic,AX,2026-03-01,130,0,0.0,130,0.0,6,1955.0,1955.0,0.0,1955.0,1955.0,0.0,False
organic,AZ,2026-03-01,181,0,0.0,181,0.0,1,65.0,65.0,0.0,65.0,65.0,0.0,False
organic,BA,2026-03-01,1,0,0.0,1,0.0,0,0.0,0.0,0.0,0.0,0.0,0.0,False
organic,BB,2026-03-01,77,0,0.0,77,0.0,6,3935.0,3935.0,0.0,3935.0,3935.0,0.0,False
organic,BD,2026-03-01,454,0,0.0,454,0.0,0,0.0,0.0,0.0,0.0,0.0,0.0,False
organic,BE,2026-03-01,1009,0,0.0,1009,0.0,22,11230.0,11185.0,45.0,11230.0,11185.0,45.0,True
organic,BF,2026-03-01,25,0,0.0,25,0.0,1,150.0,150.0,0.0,150.0,150.0,0.0,False
organic,BG,2026-03-01,281,0,0.0,281,0.0,7,12755.0,12755.0,0.0,12755.0,12755.0,0.0,False
organic,BH,2026-03-01,53,0,0.0,53,0.0,2,230.0,230.0,0.0,230.0,230.0,0.0,False
organic,BJ,2026-03-01,162,0,0.0,162,0.0,0,0.0,0.0,0.0,0.0,0.0,0.0,False
organic,BM,2026-03-01,10,0,0.0,10,0.0,4,1175.0,1175.0,0.0,1175.0,1175.0,0.0,False
organic,BN,2026-03-01,35,0,0.0,35,0.0,0,0.0,0.0,0.0,0.0,0.0,0.0,False
organic,BO,2026-03-01,205,0,0.0,205,0.0,2,215.0,215.0,0.0,215.0,215.0,0.0,False
organic,BQ,2026-03-01,41,0,0.0,41,0.0,0,0.0,0.0,0.0,0.0,0.0,0.0,False
organic,BR,2026-03-01,13433,0,0.0,13433,0.0,248,251955.0,251560.0,395.0,251955.0,251560.0,395.0,True
organic,BS,2026-03-01,79,0,0.0,79,0.0,2,565.0,565.0,0.0,565.0,565.0,0.0,False
organic,BT,2026-03-01,7,0,0.0,7,0.0,1,200.0,200.0,0.0,200.0,200.0,0.0,False
organic,BW,2026-03-01,841,0,0.0,841,0.0,28,5625.0,5580.0,45.0,5625.0,5580.0,45.0,True
organic,BY,2026-03-01,1,0,0.0,1,0.0,0,0.0,0.0,0.0,0.0,0.0,0.0,False
organic,BZ,2026-03-01,52,0,0.0,52,0.0,1,290.0,290.0,0.0,290.0,290.0,0.0,False
organic,CA,2026-03-01,6180,0,0.0,6180,0.0,233,376085.0,374805.0,1280.0,376085.0,374805.0,1280.0,True
organic,CC,2026-03-01,2,0,0.0,2,0.0,1,65.0,65.0,0.0,65.0,65.0,0.0,False
organic,CH,2026-03-01,529,0,0.0,529,0.0,23,34760.0,34715.0,45.0,34760.0,34715.0,45.0,True
organic,CI,2026-03-01,113,0,0.0,113,0.0,5,370.0,370.0,0.0,370.0,370.0,0.0,False
organic,CK,2026-03-01,8,0,0.0,8,0.0,0,0.0,0.0,0.0,0.0,0.0,0.0,False
organic,CL,2026-03-01,1598,0,0.0,1598,0.0,33,17000.0,17000.0,0.0,17000.0,17000.0,0.0,True
organic,CM,2026-03-01,159,0,0.0,159,0.0,7,1760.0,1760.0,0.0,1760.0,1760.0,0.0,False
organic,CN,2026-03-01,2165,0,0.0,2165,0.0,3,725.0,725.0,0.0,725.0,725.0,0.0,True
organic,CO,2026-03-01,3257,0,0.0,3257,0.0,46,71370.0,71000.0,370.0,71370.0,71000.0,370.0,True
organic,CR,2026-03-01,403,0,0.0,403,0.0,15,49295.0,48900.0,395.0,49295.0,48900.0,395.0,False
organic,CV,2026-03-01,73,0,0.0,73,0.0,1,110.0,110.0,0.0,110.0,110.0,0.0,False
organic,CW,2026-03-01,52,0,0.0,52,0.0,0,0.0,0.0,0.0,0.0,0.0,0.0,False
organic,CX,2026-03-01,1,0,0.0,1,0.0,0,0.0,0.0,0.0,0.0,0.0,0.0,False
organic,CY,2026-03-01,209,0,0.0,209,0.0,0,0.0,0.0,0.0,0.0,0.0,0.0,False
organic,CZ,2026-03-01,344,0,0.0,344,0.0,9,2185.0,2185.0,0.0,2185.0,2185.0,0.0,False
organic,DE,2026-03-01,3182,0,0.0,3182,0.0,42,55115.0,54865.0,250.0,55115.0,54865.0,250.0,True
organic,DJ,2026-03-01,115,0,0.0,115,0.0,0,0.0,0.0,0.0,0.0,0.0,0.0,False
organic,DK,2026-03-01,440,0,0.0,440,0.0,19,10365.0,10365.0,0.0,10365.0,10365.0,0.0,False
organic,DM,2026-03-01,8,0,0.0,8,0.0,0,0.0,0.0,0.0,0.0,0.0,0.0,False
organic,DO,2026-03-01,415,0,0.0,415,0.0,17,3350.0,3350.0,0.0,3350.0,3350.0,0.0,False
organic,DZ,2026-03-01,625,0,0.0,625,0.0,5,845.0,845.0,0.0,845.0,845.0,0.0,True
organic,EC,2026-03-01,566,0,0.0,566,0.0,18,39625.0,39380.0,245.0,39625.0,39380.0,245.0,True
organic,EE,2026-03-01,94,0,0.0,94,0.0,2,315.0,315.0,0.0,315.0,315.0,0.0,False
organic,EG,2026-03-01,1,0,0.0,1,0.0,0,0.0,0.0,0.0,0.0,0.0,0.0,False
organic,ER,2026-03-01,2,0,0.0,2,0.0,0,0.0,0.0,0.0,0.0,0.0,0.0,False
organic,ES,2026-03-01,2626,0,0.0,2626,0.0,66,68145.0,68105.0,40.0,68145.0,68105.0,40.0,True
organic,ET,2026-03-01,6,0,0.0,6,0.0,0,0.0,0.0,0.0,0.0,0.0,0.0,False
organic,FI,2026-03-01,477,0,0.0,477,0.0,14,11720.0,11720.0,0.0,11720.0,11720.0,0.0,False
organic,FJ,2026-03-01,181,0,0.0,181,0.0,1,255.0,255.0,0.0,255.0,255.0,0.0,False
organic,FM,2026-03-01,12,0,0.0,12,0.0,0,0.0,0.0,0.0,0.0,0.0,0.0,False
organic,FO,2026-03-01,5,0,0.0,5,0.0,0,0.0,0.0,0.0,0.0,0.0,0.0,False
organic,FR,2026-03-01,2902,0,0.0,2902,0.0,66,61195.0,61110.0,85.0,61195.0,61110.0,85.0,True
organic,GA,2026-03-01,16,0,0.0,16,0.0,1,65.0,65.0,0.0,65.0,65.0,0.0,False
organic,GB,2026-03-01,10707,0,0.0,10707,0.0,277,389560.0,388350.0,1210.0,389560.0,388350.0,1210.0,True
organic,GD,2026-03-01,17,0,0.0,17,0.0,0,0.0,0.0,0.0,0.0,0.0,0.0,False
organic,GE,2026-03-01,105,0,0.0,105,0.0,0,0.0,0.0,0.0,0.0,0.0,0.0,False
organic,GF,2026-03-01,15,0,0.0,15,0.0,1,150.0,150.0,0.0,150.0,150.0,0.0,False
organic,GG,2026-03-01,12,0,0.0,12,0.0,0,0.0,0.0,0.0,0.0,0.0,0.0,False
organic,GH,2026-03-01,3,0,0.0,3,0.0,0,0.0,0.0,0.0,0.0,0.0,0.0,False
organic,GI,2026-03-01,19,0,0.0,19,0.0,0,0.0,0.0,0.0,0.0,0.0,0.0,False
organic,GL,2026-03-01,14,0,0.0,14,0.0,1,4345.0,4345.0,0.0,4345.0,4345.0,0.0,False
organic,GM,2026-03-01,125,0,0.0,125,0.0,7,2110.0,2110.0,0.0,2110.0,2110.0,0.0,False
organic,GN,2026-03-01,21,0,0.0,21,0.0,1,165.0,165.0,0.0,165.0,165.0,0.0,False
organic,GP,2026-03-01,20,0,0.0,20,0.0,0,0.0,0.0,0.0,0.0,0.0,0.0,False
organic,GQ,2026-03-01,23,0,0.0,23,0.0,0,0.0,0.0,0.0,0.0,0.0,0.0,False
organic,GR,2026-03-01,566,0,0.0,566,0.0,25,20205.0,20175.0,30.0,20205.0,20175.0,30.0,True
organic,GT,2026-03-01,119,0,0.0,119,0.0,3,775.0,775.0,0.0,775.0,775.0,0.0,False
organic,GU,2026-03-01,31,0,0.0,31,0.0,3,790.0,790.0,0.0,790.0,790.0,0.0,False
organic,GY,2026-03-01,173,0,0.0,173,0.0,2,1550.0,1550.0,0.0,1550.0,1550.0,0.0,False
organic,HK,2026-03-01,325,0,0.0,325,0.0,7,1035.0,1035.0,0.0,1035.0,1035.0,0.0,False
organic,HN,2026-03-01,207,0,0.0,207,0.0,0,0.0,0.0,0.0,0.0,0.0,0.0,False
organic,HR,2026-03-01,237,0,0.0,237,0.0,5,4565.0,4440.0,125.0,4565.0,4440.0,125.0,False
organic,HT,2026-03-01,109,0,0.0,109,0.0,0,0.0,0.0,0.0,0.0,0.0,0.0,False
organic,HU,2026-03-01,335,0,0.0,335,0.0,6,3405.0,3405.0,0.0,3405.0,3405.0,0.0,False
organic,ID,2026-03-01,136,0,0.0,136,0.0,0,0.0,0.0,0.0,0.0,0.0,0.0,False
organic,IE,2026-03-01,1159,0,0.0,1159,0.0,17,13770.0,13645.0,125.0,13770.0,13645.0,125.0,True
organic,IL,2026-03-01,983,0,0.0,983,0.0,18,45140.0,45140.0,0.0,45140.0,45140.0,0.0,True
organic,IM,2026-03-01,17,0,0.0,17,0.0,0,0.0,0.0,0.0,0.0,0.0,0.0,False
organic,IN,2026-03-01,2827,0,0.0,2827,0.0,10,10440.0,10395.0,45.0,10440.0,10395.0,45.0,True
organic,IR,2026-03-01,1,0,0.0,1,0.0,0,0.0,0.0,0.0,0.0,0.0,0.0,False
organic,IS,2026-03-01,95,0,0.0,95,0.0,3,325.0,325.0,0.0,325.0,325.0,0.0,False
organic,IT,2026-03-01,1577,0,0.0,1577,0.0,44,10050.0,10050.0,0.0,10050.0,10050.0,0.0,True
organic,JE,2026-03-01,9,0,0.0,9,0.0,0,0.0,0.0,0.0,0.0,0.0,0.0,False
organic,JM,2026-03-01,483,0,0.0,483,0.0,12,2740.0,2695.0,45.0,2740.0,2695.0,45.0,False
organic,JO,2026-03-01,56,0,0.0,56,0.0,1,2575.0,2575.0,0.0,2575.0,2575.0,0.0,False
organic,JP,2026-03-01,607,0,0.0,607,0.0,10,1495.0,1495.0,0.0,1495.0,1495.0,0.0,True
organic,KE,2026-03-01,3296,0,0.0,3296,0.0,49,7425.0,7380.0,45.0,7425.0,7380.0,45.0,True
organic,KG,2026-03-01,89,0,0.0,89,0.0,2,175.0,175.0,0.0,175.0,175.0,0.0,False
organic,KH,2026-03-01,53,0,0.0,53,0.0,0,0.0,0.0,0.0,0.0,0.0,0.0,False
organic,KI,2026-03-01,17,0,0.0,17,0.0,0,0.0,0.0,0.0,0.0,0.0,0.0,False
organic,KM,2026-03-01,4,0,0.0,4,0.0,0,0.0,0.0,0.0,0.0,0.0,0.0,False
organic,KN,2026-03-01,6,0,0.0,6,0.0,0,0.0,0.0,0.0,0.0,0.0,0.0,False
organic,KR,2026-03-01,454,0,0.0,454,0.0,10,2265.0,2265.0,0.0,2265.0,2265.0,0.0,False
organic,KW,2026-03-01,299,0,0.0,299,0.0,5,1345.0,1345.0,0.0,1345.0,1345.0,0.0,False
organic,KY,2026-03-01,16,0,0.0,16,0.0,1,620.0,620.0,0.0,620.0,620.0,0.0,False
organic,KZ,2026-03-01,39,0,0.0,39,0.0,1,65.0,65.0,0.0,65.0,65.0,0.0,False
organic,LA,2026-03-01,28,0,0.0,28,0.0,1,165.0,165.0,0.0,165.0,165.0,0.0,False
organic,LB,2026-03-01,1,0,0.0,1,0.0,0,0.0,0.0,0.0,0.0,0.0,0.0,False
organic,LC,2026-03-01,28,0,0.0,28,0.0,2,130.0,130.0,0.0,130.0,130.0,0.0,False
organic,LI,2026-03-01,5,0,0.0,5,0.0,0,0.0,0.0,0.0,0.0,0.0,0.0,False
organic,LK,2026-03-01,149,0,0.0,149,0.0,2,230.0,230.0,0.0,230.0,230.0,0.0,False
organic,LR,2026-03-01,1,0,0.0,1,0.0,0,0.0,0.0,0.0,0.0,0.0,0.0,False
organic,LS,2026-03-01,16,0,0.0,16,0.0,0,0.0,0.0,0.0,0.0,0.0,0.0,False
organic,LT,2026-03-01,183,0,0.0,183,0.0,3,25545.0,25500.0,45.0,25545.0,25500.0,45.0,False
organic,LU,2026-03-01,124,0,0.0,124,0.0,2,215.0,215.0,0.0,215.0,215.0,0.0,False
organic,LV,2026-03-01,342,0,0.0,342,0.0,4,670.0,670.0,0.0,670.0,670.0,0.0,False
organic,MA,2026-03-01,1041,0,0.0,1041,0.0,2,85.0,85.0,0.0,85.0,85.0,0.0,True
organic,MC,2026-03-01,11,0,0.0,11,0.0,0,0.0,0.0,0.0,0.0,0.0,0.0,False
organic,MD,2026-03-01,203,0,0.0,203,0.0,3,725.0,725.0,0.0,725.0,725.0,0.0,False
organic,ME,2026-03-01,62,0,0.0,62,0.0,0,0.0,0.0,0.0,0.0,0.0,0.0,False
organic,MF,2026-03-01,2,0,0.0,2,0.0,0,0.0,0.0,0.0,0.0,0.0,0.0,False
organic,MG,2026-03-01,921,0,0.0,921,0.0,10,795.0,795.0,0.0,795.0,795.0,0.0,True
organic,MH,2026-03-01,2,0,0.0,2,0.0,0,0.0,0.0,0.0,0.0,0.0,0.0,False
organic,MK,2026-03-01,42,0,0.0,42,0.0,3,480.0,480.0,0.0,480.0,480.0,0.0,False
organic,MN,2026-03-01,38,0,0.0,38,0.0,0,0.0,0.0,0.0,0.0,0.0,0.0,False
organic,MO,2026-03-01,6,0,0.0,6,0.0,0,0.0,0.0,0.0,0.0,0.0,0.0,False
organic,MP,2026-03-01,2,0,0.0,2,0.0,0,0.0,0.0,0.0,0.0,0.0,0.0,False
organic,MQ,2026-03-01,30,0,0.0,30,0.0,0,0.0,0.0,0.0,0.0,0.0,0.0,False
organic,MR,2026-03-01,114,0,0.0,114,0.0,0,0.0,0.0,0.0,0.0,0.0,0.0,False
organic,MS,2026-03-01,1,0,0.0,1,0.0,0,0.0,0.0,0.0,0.0,0.0,0.0,False
organic,MT,2026-03-01,106,0,0.0,106,0.0,2,635.0,635.0,0.0,635.0,635.0,0.0,False
organic,MU,2026-03-01,200,0,0.0,200,0.0,7,1905.0,1905.0,0.0,1905.0,1905.0,0.0,False
organic,MV,2026-03-01,13,0,0.0,13,0.0,1,855.0,855.0,0.0,855.0,855.0,0.0,False
organic,MW,2026-03-01,78,0,0.0,78,0.0,1,65.0,65.0,0.0,65.0,65.0,0.0,False
organic,MX,2026-03-01,5891,0,0.0,5891,0.0,78,52665.0,52540.0,125.0,52665.0,52540.0,125.0,True
organic,MY,2026-03-01,1126,0,0.0,1126,0.0,13,3245.0,3245.0,0.0,3245.0,3245.0,0.0,True
organic,MZ,2026-03-01,523,0,0.0,523,0.0,1,65.0,65.0,0.0,65.0,65.0,0.0,True
organic,NA,2026-03-01,410,0,0.0,410,0.0,9,2340.0,2340.0,0.0,2340.0,2340.0,0.0,False
organic,NC,2026-03-01,12,0,0.0,12,0.0,0,0.0,0.0,0.0,0.0,0.0,0.0,False
organic,NE,2026-03-01,23,0,0.0,23,0.0,0,0.0,0.0,0.0,0.0,0.0,0.0,False
organic,NG,2026-03-01,20,0,0.0,20,0.0,0,0.0,0.0,0.0,0.0,0.0,0.0,False
organic,NL,2026-03-01,2905,0,0.0,2905,0.0,45,34565.0,34395.0,170.0,34565.0,34395.0,170.0,True
organic,NO,2026-03-01,526,0,0.0,526,0.0,9,2760.0,2760.0,0.0,2760.0,2760.0,0.0,True
organic,NP,2026-03-01,28,0,0.0,28,0.0,0,0.0,0.0,0.0,0.0,0.0,0.0,False
organic,NZ,2026-03-01,967,0,0.0,967,0.0,38,20665.0,20575.0,90.0,20665.0,20575.0,90.0,True
organic,OM,2026-03-01,168,0,0.0,168,0.0,2,995.0,995.0,0.0,995.0,995.0,0.0,False
organic,PA,2026-03-01,201,0,0.0,201,0.0,4,13370.0,13330.0,40.0,13370.0,13330.0,40.0,False
organic,PE,2026-03-01,1003,0,0.0,1003,0.0,25,46930.0,46805.0,125.0,46930.0,46805.0,125.0,True
organic,PF,2026-03-01,39,0,0.0,39,0.0,3,810.0,810.0,0.0,810.0,810.0,0.0,False
organic,PG,2026-03-01,548,0,0.0,548,0.0,1,1630.0,1630.0,0.0,1630.0,1630.0,0.0,True
organic,PH,2026-03-01,574,0,0.0,574,0.0,15,5830.0,5830.0,0.0,5830.0,5830.0,0.0,True
organic,PK,2026-03-01,354,0,0.0,354,0.0,2,680.0,680.0,0.0,680.0,680.0,0.0,False
organic,PL,2026-03-01,925,0,0.0,925,0.0,8,3290.0,3165.0,125.0,3290.0,3165.0,125.0,True
organic,PM,2026-03-01,1,0,0.0,1,0.0,0,0.0,0.0,0.0,0.0,0.0,0.0,False
organic,PR,2026-03-01,219,0,0.0,219,0.0,10,3205.0,3205.0,0.0,3205.0,3205.0,0.0,False
organic,PS,2026-03-01,6,0,0.0,6,0.0,0,0.0,0.0,0.0,0.0,0.0,0.0,False
organic,PT,2026-03-01,1236,0,0.0,1236,0.0,25,102870.0,102730.0,140.0,102870.0,102730.0,140.0,True
organic,PW,2026-03-01,3,0,0.0,3,0.0,0,0.0,0.0,0.0,0.0,0.0,0.0,False
organic,PY,2026-03-01,250,0,0.0,250,0.0,1,8540.0,8540.0,0.0,8540.0,8540.0,0.0,False
organic,QA,2026-03-01,274,0,0.0,274,0.0,5,470.0,470.0,0.0,470.0,470.0,0.0,False
organic,RE,2026-03-01,49,0,0.0,49,0.0,1,1370.0,1370.0,0.0,1370.0,1370.0,0.0,False
organic,RO,2026-03-01,613,0,0.0,613,0.0,15,5930.0,5930.0,0.0,5930.0,5930.0,0.0,True
organic,RS,2026-03-01,1080,0,0.0,1080,0.0,8,705.0,705.0,0.0,705.0,705.0,0.0,True
organic,RU,2026-03-01,23,0,0.0,23,0.0,0,0.0,0.0,0.0,0.0,0.0,0.0,False
organic,RW,2026-03-01,33,0,0.0,33,0.0,0,0.0,0.0,0.0,0.0,0.0,0.0,False
organic,SA,2026-03-01,283,0,0.0,283,0.0,4,1075.0,1075.0,0.0,1075.0,1075.0,0.0,False
organic,SB,2026-03-01,18,0,0.0,18,0.0,0,0.0,0.0,0.0,0.0,0.0,0.0,False
organic,SC,2026-03-01,65,0,0.0,65,0.0,1,65.0,65.0,0.0,65.0,65.0,0.0,False
organic,SE,2026-03-01,949,0,0.0,949,0.0,22,29660.0,29630.0,30.0,29660.0,29630.0,30.0,True
organic,SG,2026-03-01,1552,0,0.0,1552,0.0,13,2820.0,2820.0,0.0,2820.0,2820.0,0.0,True
organic,SI,2026-03-01,104,0,0.0,104,0.0,3,195.0,195.0,0.0,195.0,195.0,0.0,False
organic,SK,2026-03-01,172,0,0.0,172,0.0,3,1830.0,1830.0,0.0,1830.0,1830.0,0.0,False
organic,SL,2026-03-01,51,0,0.0,51,0.0,0,0.0,0.0,0.0,0.0,0.0,0.0,False
organic,SN,2026-03-01,192,0,0.0,192,0.0,5,415.0,415.0,0.0,415.0,415.0,0.0,False
organic,SR,2026-03-01,88,0,0.0,88,0.0,0,0.0,0.0,0.0,0.0,0.0,0.0,False
organic,ST,2026-03-01,2,0,0.0,2,0.0,0,0.0,0.0,0.0,0.0,0.0,0.0,False
organic,SV,2026-03-01,275,0,0.0,275,0.0,3,195.0,195.0,0.0,195.0,195.0,0.0,False
organic,SX,2026-03-01,9,0,0.0,9,0.0,0,0.0,0.0,0.0,0.0,0.0,0.0,False
organic,SZ,2026-03-01,125,0,0.0,125,0.0,1,65.0,65.0,0.0,65.0,65.0,0.0,False
organic,TC,2026-03-01,11,0,0.0,11,0.0,1,65.0,65.0,0.0,65.0,65.0,0.0,False
organic,TD,2026-03-01,60,0,0.0,60,0.0,0,0.0,0.0,0.0,0.0,0.0,0.0,False
organic,TG,2026-03-01,53,0,0.0,53,0.0,1,65.0,65.0,0.0,65.0,65.0,0.0,False
organic,TH,2026-03-01,595,0,0.0,595,0.0,9,3665.0,3600.0,65.0,3665.0,3600.0,65.0,True
organic,TJ,2026-03-01,20,0,0.0,20,0.0,0,0.0,0.0,0.0,0.0,0.0,0.0,False
organic,TL,2026-03-01,18,0,0.0,18,0.0,0,0.0,0.0,0.0,0.0,0.0,0.0,False
organic,TM,2026-03-01,16,0,0.0,16,0.0,0,0.0,0.0,0.0,0.0,0.0,0.0,False
organic,TO,2026-03-01,3,0,0.0,3,0.0,0,0.0,0.0,0.0,0.0,0.0,0.0,False
organic,TR,2026-03-01,2578,0,0.0,2578,0.0,12,7955.0,7955.0,0.0,7955.0,7955.0,0.0,True
organic,TT,2026-03-01,212,0,0.0,212,0.0,1,65.0,65.0,0.0,65.0,65.0,0.0,False
organic,TW,2026-03-01,395,0,0.0,395,0.0,1,200.0,200.0,0.0,200.0,200.0,0.0,False
organic,TZ,2026-03-01,221,0,0.0,221,0.0,5,1320.0,1320.0,0.0,1320.0,1320.0,0.0,False
organic,UA,2026-03-01,228,0,0.0,228,0.0,0,0.0,0.0,0.0,0.0,0.0,0.0,False
organic,UG,2026-03-01,401,0,0.0,401,0.0,2,130.0,130.0,0.0,130.0,130.0,0.0,False
organic,UM,2026-03-01,1,0,0.0,1,0.0,0,0.0,0.0,0.0,0.0,0.0,0.0,False
organic,UNKNOWN,2026-03-01,122,0,0.0,122,0.0,0,0.0,0.0,0.0,0.0,0.0,0.0,False
organic,US,2026-03-01,59465,0,0.0,59465,0.0,2055,5264955.0,5236500.0,28455.0,5264955.0,5236500.0,28455.0,True
organic,UY,2026-03-01,278,0,0.0,278,0.0,8,765.0,765.0,0.0,765.0,765.0,0.0,False
organic,UZ,2026-03-01,307,0,0.0,307,0.0,2,530.0,530.0,0.0,530.0,530.0,0.0,False
organic,VA,2026-03-01,2,0,0.0,2,0.0,1,150.0,150.0,0.0,150.0,150.0,0.0,False
organic,VC,2026-03-01,8,0,0.0,8,0.0,0,0.0,0.0,0.0,0.0,0.0,0.0,False
organic,VG,2026-03-01,10,0,0.0,10,0.0,0,0.0,0.0,0.0,0.0,0.0,0.0,False
organic,VI,2026-03-01,17,0,0.0,17,0.0,0,0.0,0.0,0.0,0.0,0.0,0.0,False
organic,VN,2026-03-01,1921,0,0.0,1921,0.0,2,265.0,265.0,0.0,265.0,265.0,0.0,True
organic,VU,2026-03-01,18,0,0.0,18,0.0,0,0.0,0.0,0.0,0.0,0.0,0.0,False
organic,WS,2026-03-01,11,0,0.0,11,0.0,0,0.0,0.0,0.0,0.0,0.0,0.0,False
organic,XK,2026-03-01,72,0,0.0,72,0.0,1,65.0,65.0,0.0,65.0,65.0,0.0,False
organic,YT,2026-03-01,7,0,0.0,7,0.0,0,0.0,0.0,0.0,0.0,0.0,0.0,False
organic,ZA,2026-03-01,4764,0,0.0,4764,0.0,85,117705.0,117450.0,255.0,117705.0,117450.0,255.0,True
organic,ZM,2026-03-01,63,0,0.0,63,0.0,0,0.0,0.0,0.0,0.0,0.0,0.0,False
ppc,AD,2026-03-01,58,58,292.448,58,292.448,6,4870.0,4870.0,0.0,4870.0,4870.0,0.0,False
ppc,AE,2026-03-01,1453,1451,3466.5818,1453,3466.5818,25,7000.0,7000.0,0.0,7000.0,7000.0,0.0,True
ppc,AG,2026-03-01,204,204,684.8922,204,684.8922,1,255.0,255.0,0.0,255.0,255.0,0.0,False
ppc,AI,2026-03-01,49,49,446.2718,49,446.2718,4,805.0,805.0,0.0,805.0,805.0,0.0,False
ppc,AL,2026-03-01,280,278,2037.1016000000002,280,2037.1016000000002,20,9160.0,9160.0,0.0,9160.0,9160.0,0.0,False
ppc,AM,2026-03-01,1450,1445,9113.973200000004,1450,9113.973200000004,9,1005.0,1005.0,0.0,1005.0,1005.0,0.0,True
ppc,AO,2026-03-01,706,704,3079.5914000000002,706,3079.5914000000002,16,2240.0,2240.0,0.0,2240.0,2240.0,0.0,True
ppc,AQ,2026-03-01,7,7,48.2924,7,48.2924,0,0.0,0.0,0.0,0.0,0.0,0.0,False
ppc,AR,2026-03-01,8933,8927,16984.731599999985,8933,16984.731599999985,130,41345.0,41300.0,45.0,41345.0,41300.0,45.0,True
ppc,AS,2026-03-01,45,45,287.4456,45,287.4456,6,5895.0,5895.0,0.0,5895.0,5895.0,0.0,False
ppc,AT,2026-03-01,517,516,3539.383,517,3539.383,13,62255.0,61455.0,800.0,62255.0,61455.0,800.0,True
ppc,AU,2026-03-01,10959,10933,142858.19140000007,10959,142858.19140000007,545,763335.0,759835.0,3500.0,763335.0,759835.0,3500.0,True
ppc,AW,2026-03-01,131,130,876.5374,131,876.5374,10,7900.0,7900.0,0.0,7900.0,7900.0,0.0,False
ppc,AX,2026-03-01,56,56,391.0678,56,391.0678,16,6950.0,6950.0,0.0,6950.0,6950.0,0.0,False
ppc,AZ,2026-03-01,605,604,1641.1128,605,1641.1128,8,745.0,745.0,0.0,745.0,745.0,0.0,True
ppc,BB,2026-03-01,222,221,1318.9907999999998,222,1318.9907999999998,8,940.0,940.0,0.0,940.0,940.0,0.0,False
ppc,BD,2026-03-01,35,35,234.8982,35,234.8982,1,65.0,65.0,0.0,65.0,65.0,0.0,False
ppc,BE,2026-03-01,1421,1417,10528.446200000002,1421,10528.446200000002,40,36255.0,36215.0,40.0,36255.0,36215.0,40.0,True
ppc,BF,2026-03-01,234,232,1059.4506,234,1059.4506,2,320.0,320.0,0.0,320.0,320.0,0.0,False
ppc,BG,2026-03-01,635,633,3943.7856000000006,635,3943.7856000000006,21,8625.0,8425.0,200.0,8625.0,8425.0,200.0,True
ppc,BH,2026-03-01,6,6,48.8622,6,48.8622,0,0.0,0.0,0.0,0.0,0.0,0.0,False
ppc,BJ,2026-03-01,305,304,1199.5325999999998,305,1199.5325999999998,1,335.0,335.0,0.0,335.0,335.0,0.0,False
ppc,BL,2026-03-01,1,1,7.2668,1,7.2668,0,0.0,0.0,0.0,0.0,0.0,0.0,False
ppc,BM,2026-03-01,96,96,833.4842,96,833.4842,8,104175.0,103995.0,180.0,104175.0,103995.0,180.0,False
ppc,BN,2026-03-01,120,119,861.7226,120,861.7226,0,0.0,0.0,0.0,0.0,0.0,0.0,False
ppc,BO,2026-03-01,1116,1111,4380.970199999998,1116,4380.970199999998,1,65.0,65.0,0.0,65.0,65.0,0.0,True
ppc,BQ,2026-03-01,32,32,203.6924,32,203.6924,0,0.0,0.0,0.0,0.0,0.0,0.0,False
ppc,BR,2026-03-01,81416,81329,226379.26080000034,81416,226379.26080000034,2098,1889685.0,1880630.0,9055.0,1889685.0,1880630.0,9055.0,True
ppc,BS,2026-03-01,321,321,2534.7146,321,2534.7146,12,2805.0,2805.0,0.0,2805.0,2805.0,0.0,False
ppc,BT,2026-03-01,174,173,722.6618,174,722.6618,2,230.0,230.0,0.0,230.0,230.0,0.0,False
ppc,BW,2026-03-01,1117,1112,5871.604,1117,5871.604,13,4680.0,4680.0,0.0,4680.0,4680.0,0.0,True
ppc,BZ,2026-03-01,125,124,737.6542,125,737.6542,0,0.0,0.0,0.0,0.0,0.0,0.0,False
ppc,CA,2026-03-01,13657,13601,171450.97739999997,13657,171450.97739999997,511,775440.0,771825.0,3615.0,775440.0,771825.0,3615.0,True
ppc,CC,2026-03-01,1,1,11.0852,1,11.0852,0,0.0,0.0,0.0,0.0,0.0,0.0,False
ppc,CH,2026-03-01,1163,1157,8786.9598,1163,8786.9598,45,67490.0,67400.0,90.0,67490.0,67400.0,90.0,True
ppc,CI,2026-03-01,665,664,1635.77,665,1635.77,12,1860.0,1860.0,0.0,1860.0,1860.0,0.0,True
ppc,CK,2026-03-01,30,30,251.85160000000002,30,251.85160000000002,3,2100.0,2100.0,0.0,2100.0,2100.0,0.0,False
ppc,CL,2026-03-01,5690,5683,14933.340600000003,5690,14933.340600000003,153,155245.0,154145.0,1100.0,155245.0,154145.0,1100.0,True
ppc,CM,2026-03-01,24,24,283.235,24,283.235,3,1165.0,1165.0,0.0,1165.0,1165.0,0.0,False
ppc,CN,2026-03-01,280,274,1311.1616,280,1311.1616,6,1810.0,1810.0,0.0,1810.0,1810.0,0.0,False
ppc,CO,2026-03-01,4789,4781,21917.815799999997,4789,21917.815799999997,75,27835.0,27835.0,0.0,27835.0,27835.0,0.0,True
ppc,CR,2026-03-01,1909,1900,6975.2104,1909,6975.2104,45,20025.0,20025.0,0.0,20025.0,20025.0,0.0,True
ppc,CV,2026-03-01,52,51,289.91720000000004,52,289.91720000000004,4,305.0,305.0,0.0,305.0,305.0,0.0,False
ppc,CW,2026-03-01,256,256,1980.4398,256,1980.4398,5,2660.0,2660.0,0.0,2660.0,2660.0,0.0,False
ppc,CX,2026-03-01,1,1,18.211399999999998,1,18.211399999999998,1,250.0,250.0,0.0,250.0,250.0,0.0,False
ppc,CY,2026-03-01,703,702,5039.932799999999,703,5039.932799999999,16,22510.0,22510.0,0.0,22510.0,22510.0,0.0,True
ppc,CZ,2026-03-01,218,218,1093.6460000000002,218,1093.6460000000002,10,24555.0,24510.0,45.0,24555.0,24510.0,45.0,False
ppc,DE,2026-03-01,2817,2805,18032.127600000003,2817,18032.127600000003,64,74765.0,74495.0,270.0,74765.0,74495.0,270.0,True
ppc,DJ,2026-03-01,251,251,1287.9773999999998,251,1287.9773999999998,4,450.0,450.0,0.0,450.0,450.0,0.0,False
ppc,DK,2026-03-01,419,419,3588.3044000000004,419,3588.3044000000004,12,16240.0,16240.0,0.0,16240.0,16240.0,0.0,False
ppc,DM,2026-03-01,30,30,197.94259999999997,30,197.94259999999997,1,155.0,155.0,0.0,155.0,155.0,0.0,False
ppc,DO,2026-03-01,4367,4365,10357.890999999996,4367,10357.890999999996,65,11515.0,11470.0,45.0,11515.0,11470.0,45.0,True
ppc,DZ,2026-03-01,143,141,581.8102,143,581.8102,10,4495.0,4495.0,0.0,4495.0,4495.0,0.0,False
ppc,EC,2026-03-01,1653,1650,4666.2624000000005,1653,4666.2624000000005,42,12590.0,12590.0,0.0,12590.0,12590.0,0.0,True
ppc,EE,2026-03-01,195,194,1458.0812,195,1458.0812,6,2075.0,2075.0,0.0,2075.0,2075.0,0.0,False
ppc,EH,2026-03-01,2,2,16.206,2,16.206,1,150.0,150.0,0.0,150.0,150.0,0.0,False
ppc,ES,2026-03-01,7691,7674,30798.170999999984,7691,30798.170999999984,190,157680.0,157240.0,440.0,157680.0,157240.0,440.0,True
ppc,ET,2026-03-01,12,12,109.0316,12,109.0316,0,0.0,0.0,0.0,0.0,0.0,0.0,False
ppc,FI,2026-03-01,396,396,3250.3390000000004,396,3250.3390000000004,9,4820.0,4820.0,0.0,4820.0,4820.0,0.0,False
ppc,FJ,2026-03-01,350,350,1225.4622,350,1225.4622,1,165.0,165.0,0.0,165.0,165.0,0.0,False
ppc,FK,2026-03-01,1,1,4.958,1,4.958,0,0.0,0.0,0.0,0.0,0.0,0.0,False
ppc,FM,2026-03-01,18,18,88.97019999999999,18,88.97019999999999,1,200.0,200.0,0.0,200.0,200.0,0.0,False
ppc,FO,2026-03-01,30,30,260.67240000000004,30,260.67240000000004,2,8375.0,8375.0,0.0,8375.0,8375.0,0.0,False
ppc,FR,2026-03-01,7049,7021,48697.33540000002,7049,48697.33540000002,151,143380.0,140975.0,2405.0,143380.0,140975.0,2405.0,True
ppc,GA,2026-03-01,171,171,931.6748,171,931.6748,2,255.0,255.0,0.0,255.0,255.0,0.0,False
ppc,GB,2026-03-01,20549,20493,256203.20699999997,20549,256203.20699999997,790,1175545.0,1170765.0,4780.0,1175545.0,1170765.0,4780.0,True
ppc,GD,2026-03-01,58,58,383.88980000000004,58,383.88980000000004,3,3280.0,3280.0,0.0,3280.0,3280.0,0.0,False
ppc,GE,2026-03-01,594,594,1913.7658000000001,594,1913.7658000000001,14,1130.0,1130.0,0.0,1130.0,1130.0,0.0,True
ppc,GF,2026-03-01,73,72,515.4470000000001,73,515.4470000000001,2,315.0,315.0,0.0,315.0,315.0,0.0,False
ppc,GG,2026-03-01,33,33,226.72859999999997,33,226.72859999999997,0,0.0,0.0,0.0,0.0,0.0,0.0,False
ppc,GI,2026-03-01,29,29,222.1258,29,222.1258,0,0.0,0.0,0.0,0.0,0.0,0.0,False
ppc,GL,2026-03-01,31,31,201.42059999999998,31,201.42059999999998,1,250.0,250.0,0.0,250.0,250.0,0.0,False
ppc,GM,2026-03-01,18,18,291.95959999999997,18,291.95959999999997,1,65.0,65.0,0.0,65.0,65.0,0.0,False
ppc,GN,2026-03-01,86,86,150.2718,86,150.2718,1,65.0,65.0,0.0,65.0,65.0,0.0,False
ppc,GP,2026-03-01,211,211,1544.1506,211,1544.1506,1,1135.0,1135.0,0.0,1135.0,1135.0,0.0,False
ppc,GQ,2026-03-01,93,92,378.10299999999995,93,378.10299999999995,1,65.0,65.0,0.0,65.0,65.0,0.0,False
ppc,GR,2026-03-01,919,916,5879.3962,919,5879.3962,29,24285.0,23970.0,315.0,24285.0,23970.0,315.0,True
ppc,GT,2026-03-01,990,986,5791.891200000001,990,5791.891200000001,10,4460.0,4460.0,0.0,4460.0,4460.0,0.0,True
ppc,GU,2026-03-01,195,195,1433.935,195,1433.935,6,23060.0,23060.0,0.0,23060.0,23060.0,0.0,False
ppc,GY,2026-03-01,303,302,1565.8547999999996,303,1565.8547999999996,3,1585.0,1585.0,0.0,1585.0,1585.0,0.0,False
ppc,HK,2026-03-01,2282,2274,11331.0872,2282,11331.0872,31,16655.0,16655.0,0.0,16655.0,16655.0,0.0,True
ppc,HN,2026-03-01,600,599,1515.6680000000001,600,1515.6680000000001,0,0.0,0.0,0.0,0.0,0.0,0.0,True
ppc,HR,2026-03-01,582,582,4144.8214,582,4144.8214,19,15305.0,15215.0,90.0,15305.0,15215.0,90.0,True
ppc,HT,2026-03-01,280,276,1189.7128,280,1189.7128,0,0.0,0.0,0.0,0.0,0.0,0.0,False
ppc,HU,2026-03-01,306,306,1654.4697999999999,306,1654.4697999999999,13,16990.0,16895.0,95.0,16990.0,16895.0,95.0,False
ppc,ID,2026-03-01,27,27,118.99199999999999,27,118.99199999999999,0,0.0,0.0,0.0,0.0,0.0,0.0,False
ppc,IE,2026-03-01,2073,2068,25698.246400000004,2073,25698.246400000004,68,64125.0,63765.0,360.0,64125.0,63765.0,360.0,True
ppc,IL,2026-03-01,3053,3044,22945.934799999995,3053,22945.934799999995,75,69905.0,69690.0,215.0,69905.0,69690.0,215.0,True
ppc,IM,2026-03-01,51,50,430.4876,51,430.4876,3,2070.0,2070.0,0.0,2070.0,2070.0,0.0,False
ppc,IN,2026-03-01,710,709,1974.0610000000015,710,1974.0610000000015,12,4360.0,4360.0,0.0,4360.0,4360.0,0.0,True
ppc,IO,2026-03-01,10,10,42.046800000000005,10,42.046800000000005,0,0.0,0.0,0.0,0.0,0.0,0.0,False
ppc,IQ,2026-03-01,2,2,6.038399999999999,2,6.038399999999999,0,0.0,0.0,0.0,0.0,0.0,0.0,False
ppc,IS,2026-03-01,109,108,903.8507999999999,109,903.8507999999999,5,1030.0,1030.0,0.0,1030.0,1030.0,0.0,False
ppc,IT,2026-03-01,8098,8051,46803.734599999996,8098,46803.734599999996,179,195605.0,194465.0,1140.0,195605.0,194465.0,1140.0,True
ppc,JE,2026-03-01,84,84,865.0082,84,865.0082,8,1170.0,1170.0,0.0,1170.0,1170.0,0.0,False
ppc,JM,2026-03-01,5465,5457,27962.143200000017,5465,27962.143200000017,91,35220.0,35220.0,0.0,35220.0,35220.0,0.0,True
ppc,JO,2026-03-01,6,6,25.0194,6,25.0194,0,0.0,0.0,0.0,0.0,0.0,0.0,False
ppc,JP,2026-03-01,1966,1963,8885.305799999998,1966,8885.305799999998,21,24440.0,24270.0,170.0,24440.0,24270.0,170.0,True
ppc,KE,2026-03-01,15479,15467,32709.47259999993,15479,32709.47259999993,87,32730.0,32640.0,90.0,32730.0,32640.0,90.0,True
ppc,KG,2026-03-01,267,266,1713.2332,267,1713.2332,6,435.0,435.0,0.0,435.0,435.0,0.0,False
ppc,KH,2026-03-01,5,5,38.9166,5,38.9166,1,200.0,200.0,0.0,200.0,200.0,0.0,False
ppc,KI,2026-03-01,32,32,170.9548,32,170.9548,0,0.0,0.0,0.0,0.0,0.0,0.0,False
ppc,KM,2026-03-01,34,34,242.49060000000003,34,242.49060000000003,1,65.0,65.0,0.0,65.0,65.0,0.0,False
ppc,KN,2026-03-01,36,36,216.5758,36,216.5758,0,0.0,0.0,0.0,0.0,0.0,0.0,False
ppc,KR,2026-03-01,4906,4900,18287.738400000002,4906,18287.738400000002,79,56570.0,56505.0,65.0,56570.0,56505.0,65.0,True
ppc,KW,2026-03-01,7,7,61.24979999999999,7,61.24979999999999,0,0.0,0.0,0.0,0.0,0.0,0.0,False
ppc,KY,2026-03-01,166,164,1291.0188,166,1291.0188,6,1870.0,1870.0,0.0,1870.0,1870.0,0.0,False
ppc,KZ,2026-03-01,11,10,116.8978,11,116.8978,0,0.0,0.0,0.0,0.0,0.0,0.0,False
ppc,LA,2026-03-01,409,406,2026.6158000000005,409,2026.6158000000005,0,0.0,0.0,0.0,0.0,0.0,0.0,False
ppc,LB,2026-03-01,1,1,7.3260000000000005,1,7.3260000000000005,0,0.0,0.0,0.0,0.0,0.0,0.0,False
ppc,LC,2026-03-01,120,120,668.1164000000001,120,668.1164000000001,3,195.0,195.0,0.0,195.0,195.0,0.0,False
ppc,LI,2026-03-01,5,5,47.434,5,47.434,0,0.0,0.0,0.0,0.0,0.0,0.0,False
ppc,LK,2026-03-01,26,26,133.9918,26,133.9918,3,735.0,735.0,0.0,735.0,735.0,0.0,False
ppc,LS,2026-03-01,278,275,1436.9023999999997,278,1436.9023999999997,0,0.0,0.0,0.0,0.0,0.0,0.0,False
ppc,LT,2026-03-01,201,201,992.7914,201,992.7914,11,3165.0,3165.0,0.0,3165.0,3165.0,0.0,False
ppc,LU,2026-03-01,174,174,1076.5372,174,1076.5372,8,2685.0,2685.0,0.0,2685.0,2685.0,0.0,False
ppc,LV,2026-03-01,360,359,2671.3777999999998,360,2671.3777999999998,4,1905.0,1905.0,0.0,1905.0,1905.0,0.0,False
ppc,MA,2026-03-01,168,168,1173.5808000000002,168,1173.5808000000002,1,500.0,500.0,0.0,500.0,500.0,0.0,False
ppc,MC,2026-03-01,7,7,75.46520000000001,7,75.46520000000001,0,0.0,0.0,0.0,0.0,0.0,0.0,False
ppc,MD,2026-03-01,445,445,2906.6312,445,2906.6312,5,510.0,510.0,0.0,510.0,510.0,0.0,False
ppc,ME,2026-03-01,258,258,1973.6909999999998,258,1973.6909999999998,1,65.0,65.0,0.0,65.0,65.0,0.0,False
ppc,MF,2026-03-01,8,8,63.418,8,63.418,0,0.0,0.0,0.0,0.0,0.0,0.0,False
ppc,MG,2026-03-01,382,382,2435.1698,382,2435.1698,2,230.0,230.0,0.0,230.0,230.0,0.0,False
ppc,MH,2026-03-01,15,15,110.48939999999999,15,110.48939999999999,0,0.0,0.0,0.0,0.0,0.0,0.0,False
ppc,MK,2026-03-01,312,312,1997.4672,312,1997.4672,4,1045.0,1045.0,0.0,1045.0,1045.0,0.0,False
ppc,MM,2026-03-01,1,1,8.8874,1,8.8874,0,0.0,0.0,0.0,0.0,0.0,0.0,False
ppc,MN,2026-03-01,126,125,804.0840000000001,126,804.0840000000001,2,350.0,350.0,0.0,350.0,350.0,0.0,False
ppc,MO,2026-03-01,29,29,221.02319999999997,29,221.02319999999997,1,1280.0,1280.0,0.0,1280.0,1280.0,0.0,False
ppc,MP,2026-03-01,21,21,121.37480000000001,21,121.37480000000001,1,865.0,865.0,0.0,865.0,865.0,0.0,False
ppc,MQ,2026-03-01,180,179,1247.0184,180,1247.0184,11,9245.0,9245.0,0.0,9245.0,9245.0,0.0,False
ppc,MR,2026-03-01,146,146,595.8036,146,595.8036,1,65.0,65.0,0.0,65.0,65.0,0.0,False
ppc,MS,2026-03-01,13,13,79.6092,13,79.6092,1,390.0,390.0,0.0,390.0,390.0,0.0,False
ppc,MT,2026-03-01,337,335,2729.0385999999994,337,2729.0385999999994,12,13785.0,13785.0,0.0,13785.0,13785.0,0.0,False
ppc,MU,2026-03-01,751,749,4667.468600000001,751,4667.468600000001,20,3200.0,3200.0,0.0,3200.0,3200.0,0.0,True
ppc,MV,2026-03-01,255,255,1468.0859999999998,255,1468.0859999999998,8,1085.0,1085.0,0.0,1085.0,1085.0,0.0,False
ppc,MW,2026-03-01,17,16,118.0522,17,118.0522,0,0.0,0.0,0.0,0.0,0.0,0.0,False
ppc,MX,2026-03-01,20362,20327,59023.08820000005,20362,59023.08820000005,363,306140.0,303630.0,2510.0,306140.0,303630.0,2510.0,True
ppc,MY,2026-03-01,8057,8049,32057.78419999997,8057,32057.78419999997,152,265940.0,265300.0,640.0,265940.0,265300.0,640.0,True
ppc,MZ,2026-03-01,794,791,3300.4222,794,3300.4222,7,645.0,645.0,0.0,645.0,645.0,0.0,True
ppc,NA,2026-03-01,871,870,2813.554,871,2813.554,14,1705.0,1605.0,100.0,1705.0,1605.0,100.0,True
ppc,NC,2026-03-01,114,114,878.4465999999999,114,878.4465999999999,1,65.0,65.0,0.0,65.0,65.0,0.0,False
ppc,NE,2026-03-01,139,139,568.0462,139,568.0462,1,110.0,110.0,0.0,110.0,110.0,0.0,False
ppc,NG,2026-03-01,7,7,37.2072,7,37.2072,0,0.0,0.0,0.0,0.0,0.0,0.0,False
ppc,NL,2026-03-01,4119,4101,25848.91779999999,4119,25848.91779999999,72,48925.0,48700.0,225.0,48925.0,48700.0,225.0,True
ppc,NO,2026-03-01,481,481,3774.4514,481,3774.4514,15,33605.0,33195.0,410.0,33605.0,33195.0,410.0,False
ppc,NP,2026-03-01,7,7,27.6464,7,27.6464,0,0.0,0.0,0.0,0.0,0.0,0.0,False
ppc,NR,2026-03-01,4,4,13.8676,4,13.8676,0,0.0,0.0,0.0,0.0,0.0,0.0,False
ppc,NZ,2026-03-01,2835,2828,37314.374199999984,2835,37314.374199999984,117,113175.0,112695.0,480.0,113175.0,112695.0,480.0,True
ppc,OM,2026-03-01,15,15,98.6494,15,98.6494,0,0.0,0.0,0.0,0.0,0.0,0.0,False
ppc,PA,2026-03-01,1507,1504,5706.2806,1507,5706.2806,28,11275.0,11210.0,65.0,11275.0,11210.0,65.0,True
ppc,PE,2026-03-01,3133,3126,10503.005000000001,3133,10503.005000000001,51,15020.0,15020.0,0.0,15020.0,15020.0,0.0,True
ppc,PF,2026-03-01,149,148,1116.4823999999999,149,1116.4823999999999,6,7760.0,7760.0,0.0,7760.0,7760.0,0.0,False
ppc,PG,2026-03-01,1924,1918,8573.329199999996,1924,8573.329199999996,14,4830.0,4700.0,130.0,4830.0,4700.0,130.0,True
ppc,PH,2026-03-01,5410,5400,16506.69900000001,5410,16506.69900000001,53,20985.0,20985.0,0.0,20985.0,20985.0,0.0,True
ppc,PK,2026-03-01,109,107,704.3394000000001,109,704.3394000000001,0,0.0,0.0,0.0,0.0,0.0,0.0,False
ppc,PL,2026-03-01,620,618,2855.504600000001,620,2855.504600000001,13,36775.0,36730.0,45.0,36775.0,36730.0,45.0,True
ppc,PM,2026-03-01,2,2,8.7468,2,8.7468,0,0.0,0.0,0.0,0.0,0.0,0.0,False
ppc,PR,2026-03-01,1719,1710,6771.924999999999,1719,6771.924999999999,62,100525.0,100265.0,260.0,100525.0,100265.0,260.0,True
ppc,PS,2026-03-01,2,2,10.9446,2,10.9446,0,0.0,0.0,0.0,0.0,0.0,0.0,False
ppc,PT,2026-03-01,2314,2311,14045.643999999997,2314,14045.643999999997,63,101145.0,100260.0,885.0,101145.0,100260.0,885.0,True
ppc,PW,2026-03-01,10,10,69.967,10,69.967,0,0.0,0.0,0.0,0.0,0.0,0.0,False
ppc,PY,2026-03-01,680,677,2574.1566,680,2574.1566,8,2050.0,2050.0,0.0,2050.0,2050.0,0.0,True
ppc,QA,2026-03-01,31,31,173.1378,31,173.1378,1,695.0,695.0,0.0,695.0,695.0,0.0,False
ppc,RE,2026-03-01,206,206,1306.5958,206,1306.5958,11,3230.0,3230.0,0.0,3230.0,3230.0,0.0,False
ppc,RO,2026-03-01,1361,1360,9452.019999999999,1361,9452.019999999999,26,5680.0,5680.0,0.0,5680.0,5680.0,0.0,True
ppc,RS,2026-03-01,1502,1498,10423.6548,1502,10423.6548,20,8325.0,8250.0,75.0,8325.0,8250.0,75.0,True
ppc,RU,2026-03-01,11,11,57.2464,11,57.2464,0,0.0,0.0,0.0,0.0,0.0,0.0,False
ppc,RW,2026-03-01,749,749,3146.923999999999,749,3146.923999999999,5,2360.0,2360.0,0.0,2360.0,2360.0,0.0,True
ppc,SA,2026-03-01,60,59,421.47439999999995,60,421.47439999999995,0,0.0,0.0,0.0,0.0,0.0,0.0,False
ppc,SB,2026-03-01,118,116,545.491,118,545.491,0,0.0,0.0,0.0,0.0,0.0,0.0,False
ppc,SC,2026-03-01,82,81,605.4384,82,605.4384,1,235.0,235.0,0.0,235.0,235.0,0.0,False
ppc,SE,2026-03-01,800,795,6662.109,800,6662.109,23,17190.0,16905.0,285.0,17190.0,16905.0,285.0,True
ppc,SG,2026-03-01,4383,4370,26401.668199999996,4383,26401.668199999996,112,136385.0,136295.0,90.0,136385.0,136295.0,90.0,True
ppc,SI,2026-03-01,288,288,2233.6308,288,2233.6308,13,24050.0,24020.0,30.0,24050.0,24020.0,30.0,False
ppc,SK,2026-03-01,301,301,2274.8636,301,2274.8636,6,2335.0,2270.0,65.0,2335.0,2270.0,65.0,False
ppc,SL,2026-03-01,812,807,5331.892400000001,812,5331.892400000001,1,65.0,65.0,0.0,65.0,65.0,0.0,True
ppc,SM,2026-03-01,8,8,47.966800000000006,8,47.966800000000006,0,0.0,0.0,0.0,0.0,0.0,0.0,False
ppc,SN,2026-03-01,12,12,349.56859999999995,12,349.56859999999995,0,0.0,0.0,0.0,0.0,0.0,0.0,False
ppc,SR,2026-03-01,206,204,968.9559999999999,206,968.9559999999999,2,535.0,470.0,65.0,535.0,470.0,65.0,False
ppc,ST,2026-03-01,4,4,26.336600000000004,4,26.336600000000004,0,0.0,0.0,0.0,0.0,0.0,0.0,False
ppc,SV,2026-03-01,900,897,3667.5805999999993,900,3667.5805999999993,10,3785.0,3785.0,0.0,3785.0,3785.0,0.0,True
ppc,SX,2026-03-01,93,93,643.8369999999999,93,643.8369999999999,4,3300.0,3300.0,0.0,3300.0,3300.0,0.0,False
ppc,SZ,2026-03-01,361,355,1471.7786000000003,361,1471.7786000000003,1,65.0,65.0,0.0,65.0,65.0,0.0,False
ppc,TC,2026-03-01,59,59,476.4416,59,476.4416,2,2515.0,2515.0,0.0,2515.0,2515.0,0.0,False
ppc,TD,2026-03-01,119,118,429.20739999999995,119,429.20739999999995,0,0.0,0.0,0.0,0.0,0.0,0.0,False
ppc,TF,2026-03-01,1,1,2.0423999999999998,1,2.0423999999999998,0,0.0,0.0,0.0,0.0,0.0,0.0,False
ppc,TG,2026-03-01,6,6,52.3772,6,52.3772,0,0.0,0.0,0.0,0.0,0.0,0.0,False
ppc,TH,2026-03-01,5044,5034,23439.2114,5044,23439.2114,63,52025.0,51800.0,225.0,52025.0,51800.0,225.0,True
ppc,TJ,2026-03-01,133,131,665.4746,133,665.4746,0,0.0,0.0,0.0,0.0,0.0,0.0,False
ppc,TL,2026-03-01,40,40,195.37480000000002,40,195.37480000000002,0,0.0,0.0,0.0,0.0,0.0,0.0,False
ppc,TM,2026-03-01,14,14,59.895599999999995,14,59.895599999999995,0,0.0,0.0,0.0,0.0,0.0,0.0,False
ppc,TO,2026-03-01,17,17,89.50300000000001,17,89.50300000000001,0,0.0,0.0,0.0,0.0,0.0,0.0,False
ppc,TR,2026-03-01,5673,5662,22064.735399999965,5673,22064.735399999965,68,35555.0,35535.0,20.0,35555.0,35535.0,20.0,True
ppc,TT,2026-03-01,472,470,3538.1323999999995,472,3538.1323999999995,1,165.0,165.0,0.0,165.0,165.0,0.0,False
ppc,TV,2026-03-01,1,1,7.8292,1,7.8292,0,0.0,0.0,0.0,0.0,0.0,0.0,False
ppc,TW,2026-03-01,1759,1753,10385.8408,1759,10385.8408,22,6150.0,6150.0,0.0,6150.0,6150.0,0.0,True
ppc,TZ,2026-03-01,3142,3132,5946.188600000003,3142,5946.188600000003,30,5175.0,5110.0,65.0,5175.0,5110.0,65.0,True
ppc,UA,2026-03-01,1,1,6.4454,1,6.4454,0,0.0,0.0,0.0,0.0,0.0,0.0,False
ppc,UG,2026-03-01,99,98,524.7562,99,524.7562,0,0.0,0.0,0.0,0.0,0.0,0.0,False
ppc,UNKNOWN,2026-03-01,52,52,407.96200000000005,52,407.96200000000005,0,0.0,0.0,0.0,0.0,0.0,0.0,False
ppc,US,2026-03-01,110110,109695,1404795.5537999992,110110,1404795.5537999992,5058,10353280.0,10315595.0,37685.0,10353280.0,10315595.0,37685.0,True
ppc,UY,2026-03-01,2333,2330,8249.364600000003,2333,8249.364600000003,47,449545.0,444545.0,5000.0,449545.0,444545.0,5000.0,True
ppc,UZ,2026-03-01,563,560,2203.757,563,2203.757,2,230.0,230.0,0.0,230.0,230.0,0.0,True
ppc,VA,2026-03-01,1,1,1.036,1,1.036,1,18840.0,18840.0,0.0,18840.0,18840.0,0.0,False
ppc,VC,2026-03-01,53,53,315.6174,53,315.6174,0,0.0,0.0,0.0,0.0,0.0,0.0,False
ppc,VG,2026-03-01,67,66,471.9202,67,471.9202,2,4100.0,4100.0,0.0,4100.0,4100.0,0.0,False
ppc,VI,2026-03-01,71,71,622.6064,71,622.6064,1,520.0,520.0,0.0,520.0,520.0,0.0,False
ppc,VN,2026-03-01,2738,2736,9089.493999999999,2738,9089.493999999999,19,28390.0,28390.0,0.0,28390.0,28390.0,0.0,True
ppc,VU,2026-03-01,38,38,195.7152,38,195.7152,1,4435.0,4435.0,0.0,4435.0,4435.0,0.0,False
ppc,WF,2026-03-01,1,1,8.3842,1,8.3842,0,0.0,0.0,0.0,0.0,0.0,0.0,False
ppc,WS,2026-03-01,32,32,222.65859999999998,32,222.65859999999998,0,0.0,0.0,0.0,0.0,0.0,0.0,False
ppc,XK,2026-03-01,52,52,466.92519999999996,52,466.92519999999996,0,0.0,0.0,0.0,0.0,0.0,0.0,False
ppc,YT,2026-03-01,32,32,198.99339999999998,32,198.99339999999998,1,65.0,65.0,0.0,65.0,65.0,0.0,False
ppc,ZA,2026-03-01,19535,19464,74175.99420000004,19535,74175.99420000004,366,443785.0,441490.0,2295.0,443785.0,441490.0,2295.0,True
ppc,ZM,2026-03-01,31,31,303.84400000000005,31,303.84400000000005,2,130.0,130.0,0.0,130.0,130.0,0.0,False
1002,AD,2026-04-01,2,1,74.0,2,74.0,0,0.0,0.0,0.0,0.0,0.0,0.0,False
1002,AE,2026-04-01,2,0,0.0,2,0.0,0,0.0,0.0,0.0,0.0,0.0,0.0,False
1002,AG,2026-04-01,2,1,500.24,2,500.24,1,1050.0,1050.0,0.0,1050.0,1050.0,0.0,False
1002,AL,2026-04-01,4,0,0.0,4,0.0,1,250.0,250.0,0.0,250.0,250.0,0.0,False
1002,AM,2026-04-01,3,0,0.0,3,0.0,0,0.0,0.0,0.0,0.0,0.0,0.0,False
1002,AR,2026-04-01,8,0,0.0,8,0.0,0,0.0,0.0,0.0,0.0,0.0,0.0,False
1002,AT,2026-04-01,46,1,337.44,46,337.44,4,790.0,790.0,0.0,790.0,790.0,0.0,False
1002,AU,2026-04-01,968,83,32557.780000000002,968,32557.780000000002,84,221695.0,221210.0,485.0,221695.0,221210.0,485.0,True
1002,AW,2026-04-01,2,0,0.0,2,0.0,0,0.0,0.0,0.0,0.0,0.0,0.0,False
1002,AX,2026-04-01,4,2,674.88,4,674.88,3,2020.0,2020.0,0.0,2020.0,2020.0,0.0,False
1002,AZ,2026-04-01,1,1,550.56,1,550.56,1,165.0,165.0,0.0,165.0,165.0,0.0,False
1002,BD,2026-04-01,6,0,0.0,6,0.0,0,0.0,0.0,0.0,0.0,0.0,0.0,False
1002,BE,2026-04-01,64,0,0.0,64,0.0,0,0.0,0.0,0.0,0.0,0.0,0.0,False
1002,BG,2026-04-01,1,0,0.0,1,0.0,0,0.0,0.0,0.0,0.0,0.0,0.0,False
1002,BJ,2026-04-01,1,0,0.0,1,0.0,1,2870.0,2870.0,0.0,2870.0,2870.0,0.0,False
1002,BR,2026-04-01,5,1,370.0,5,370.0,1,150.0,150.0,0.0,150.0,150.0,0.0,False
1002,BS,2026-04-01,7,0,0.0,7,0.0,1,200.0,200.0,0.0,200.0,200.0,0.0,False
1002,BW,2026-04-01,1,0,0.0,1,0.0,0,0.0,0.0,0.0,0.0,0.0,0.0,False
1002,BZ,2026-04-01,1,0,0.0,1,0.0,0,0.0,0.0,0.0,0.0,0.0,0.0,False
1002,CA,2026-04-01,1140,50,15716.12,1140,15716.12,49,274380.0,273855.0,525.0,274380.0,273855.0,525.0,True
1002,CH,2026-04-01,69,6,1941.76,69,1941.76,9,4640.0,4640.0,0.0,4640.0,4640.0,0.0,False
1002,CL,2026-04-01,5,2,1108.52,5,1108.52,2,385.0,385.0,0.0,385.0,385.0,0.0,False
1002,CM,2026-04-01,1,0,0.0,1,0.0,0,0.0,0.0,0.0,0.0,0.0,0.0,False
1002,CN,2026-04-01,4,0,0.0,4,0.0,0,0.0,0.0,0.0,0.0,0.0,0.0,False
1002,CO,2026-04-01,6,1,370.0,6,370.0,1,710.0,710.0,0.0,710.0,710.0,0.0,False
1002,CR,2026-04-01,4,0,0.0,4,0.0,0,0.0,0.0,0.0,0.0,0.0,0.0,False
1002,CY,2026-04-01,1,0,0.0,1,0.0,0,0.0,0.0,0.0,0.0,0.0,0.0,False
1002,CZ,2026-04-01,7,0,0.0,7,0.0,0,0.0,0.0,0.0,0.0,0.0,0.0,False
1002,DE,2026-04-01,1024,19,5911.12,1024,5911.12,30,17105.0,17060.0,45.0,17105.0,17060.0,45.0,True
1002,DK,2026-04-01,49,4,1308.32,49,1308.32,5,1140.0,1140.0,0.0,1140.0,1140.0,0.0,False
1002,DO,2026-04-01,1,0,0.0,1,0.0,0,0.0,0.0,0.0,0.0,0.0,0.0,False
1002,DZ,2026-04-01,6,1,550.56,6,550.56,1,3555.0,3555.0,0.0,3555.0,3555.0,0.0,False
1002,EC,2026-04-01,1,0,0.0,1,0.0,0,0.0,0.0,0.0,0.0,0.0,0.0,False
1002,EE,2026-04-01,2,0,0.0,2,0.0,0,0.0,0.0,0.0,0.0,0.0,0.0,False
1002,ES,2026-04-01,70,2,643.8,70,643.8,3,6785.0,6745.0,40.0,6785.0,6745.0,40.0,False
1002,FI,2026-04-01,32,2,654.16,32,654.16,3,1430.0,1430.0,0.0,1430.0,1430.0,0.0,False
1002,FJ,2026-04-01,5,0,0.0,5,0.0,0,0.0,0.0,0.0,0.0,0.0,0.0,False
1002,FR,2026-04-01,129,2,654.16,129,654.16,3,410.0,410.0,0.0,410.0,410.0,0.0,False
1002,GB,2026-04-01,1231,66,23408.420000000002,1231,23408.420000000002,69,46770.0,46635.0,135.0,46770.0,46635.0,135.0,True
1002,GE,2026-04-01,1,0,0.0,1,0.0,0,0.0,0.0,0.0,0.0,0.0,0.0,False
1002,GR,2026-04-01,2,1,337.44,2,337.44,1,65.0,65.0,0.0,65.0,65.0,0.0,False
1002,GU,2026-04-01,1,0,0.0,1,0.0,0,0.0,0.0,0.0,0.0,0.0,0.0,False
1002,GY,2026-04-01,4,0,0.0,4,0.0,0,0.0,0.0,0.0,0.0,0.0,0.0,False
1002,HK,2026-04-01,7,0,0.0,7,0.0,0,0.0,0.0,0.0,0.0,0.0,0.0,False
1002,HR,2026-04-01,4,0,0.0,4,0.0,0,0.0,0.0,0.0,0.0,0.0,0.0,False
1002,HU,2026-04-01,2,0,0.0,2,0.0,0,0.0,0.0,0.0,0.0,0.0,0.0,False
1002,ID,2026-04-01,6,0,0.0,6,0.0,0,0.0,0.0,0.0,0.0,0.0,0.0,False
1002,IE,2026-04-01,99,1,316.71999999999997,99,316.71999999999997,3,330.0,330.0,0.0,330.0,330.0,0.0,False
1002,IL,2026-04-01,10,1,625.3,10,625.3,1,65.0,65.0,0.0,65.0,65.0,0.0,False
1002,IN,2026-04-01,57,0,0.0,57,0.0,0,0.0,0.0,0.0,0.0,0.0,0.0,False
1002,IS,2026-04-01,5,0,0.0,5,0.0,0,0.0,0.0,0.0,0.0,0.0,0.0,False
1002,IT,2026-04-01,261,11,3628.9599999999996,261,3628.9599999999996,13,1720.0,1720.0,0.0,1720.0,1720.0,0.0,False
1002,JE,2026-04-01,1,0,0.0,1,0.0,0,0.0,0.0,0.0,0.0,0.0,0.0,False
1002,JM,2026-04-01,2,0,0.0,2,0.0,0,0.0,0.0,0.0,0.0,0.0,0.0,False
1002,JP,2026-04-01,14,0,0.0,14,0.0,0,0.0,0.0,0.0,0.0,0.0,0.0,False
1002,KE,2026-04-01,21,0,0.0,21,0.0,0,0.0,0.0,0.0,0.0,0.0,0.0,False
1002,KR,2026-04-01,5,0,0.0,5,0.0,0,0.0,0.0,0.0,0.0,0.0,0.0,False
1002,KY,2026-04-01,1,0,0.0,1,0.0,0,0.0,0.0,0.0,0.0,0.0,0.0,False
1002,KZ,2026-04-01,1,0,0.0,1,0.0,0,0.0,0.0,0.0,0.0,0.0,0.0,False
1002,LA,2026-04-01,1,0,0.0,1,0.0,0,0.0,0.0,0.0,0.0,0.0,0.0,False
1002,LC,2026-04-01,1,0,0.0,1,0.0,0,0.0,0.0,0.0,0.0,0.0,0.0,False
1002,LI,2026-04-01,1,0,0.0,1,0.0,0,0.0,0.0,0.0,0.0,0.0,0.0,False
1002,LK,2026-04-01,3,0,0.0,3,0.0,0,0.0,0.0,0.0,0.0,0.0,0.0,False
1002,LT,2026-04-01,1,1,316.71999999999997,1,316.71999999999997,1,415.0,415.0,0.0,415.0,415.0,0.0,False
1002,LU,2026-04-01,4,1,384.8,4,384.8,1,770.0,770.0,0.0,770.0,770.0,0.0,False
1002,LV,2026-04-01,3,0,0.0,3,0.0,0,0.0,0.0,0.0,0.0,0.0,0.0,False
1002,MA,2026-04-01,1,0,0.0,1,0.0,0,0.0,0.0,0.0,0.0,0.0,0.0,False
1002,MC,2026-04-01,1,0,0.0,1,0.0,0,0.0,0.0,0.0,0.0,0.0,0.0,False
1002,MD,2026-04-01,8,0,0.0,8,0.0,0,0.0,0.0,0.0,0.0,0.0,0.0,False
1002,MK,2026-04-01,1,0,0.0,1,0.0,0,0.0,0.0,0.0,0.0,0.0,0.0,False
1002,MN,2026-04-01,1,0,0.0,1,0.0,0,0.0,0.0,0.0,0.0,0.0,0.0,False
1002,MT,2026-04-01,1,0,0.0,1,0.0,0,0.0,0.0,0.0,0.0,0.0,0.0,False
1002,MU,2026-04-01,1,0,0.0,1,0.0,0,0.0,0.0,0.0,0.0,0.0,0.0,False
1002,MW,2026-04-01,1,0,0.0,1,0.0,0,0.0,0.0,0.0,0.0,0.0,0.0,False
1002,MX,2026-04-01,29,1,74.0,29,74.0,0,0.0,0.0,0.0,0.0,0.0,0.0,False
1002,MY,2026-04-01,8,1,688.2,8,688.2,1,430.0,430.0,0.0,430.0,430.0,0.0,False
1002,NL,2026-04-01,187,8,2595.9199999999996,187,2595.9199999999996,12,2735.0,2735.0,0.0,2735.0,2735.0,0.0,False
1002,NO,2026-04-01,84,2,654.16,84,654.16,3,480.0,480.0,0.0,480.0,480.0,0.0,False
1002,NP,2026-04-01,1,0,0.0,1,0.0,0,0.0,0.0,0.0,0.0,0.0,0.0,False
1002,NZ,2026-04-01,175,6,1253.56,175,1253.56,5,6480.0,6480.0,0.0,6480.0,6480.0,0.0,False
1002,PA,2026-04-01,2,0,0.0,2,0.0,0,0.0,0.0,0.0,0.0,0.0,0.0,False
1002,PE,2026-04-01,1,0,0.0,1,0.0,0,0.0,0.0,0.0,0.0,0.0,0.0,False
1002,PG,2026-04-01,2,0,0.0,2,0.0,0,0.0,0.0,0.0,0.0,0.0,0.0,False
1002,PH,2026-04-01,62,1,688.2,62,688.2,1,165.0,165.0,0.0,165.0,165.0,0.0,False
1002,PK,2026-04-01,2,0,0.0,2,0.0,0,0.0,0.0,0.0,0.0,0.0,0.0,False
1002,PL,2026-04-01,9,2,1035.26,9,1035.26,2,455.0,455.0,0.0,455.0,455.0,0.0,False
1002,PR,2026-04-01,4,0,0.0,4,0.0,0,0.0,0.0,0.0,0.0,0.0,0.0,False
1002,PT,2026-04-01,15,0,0.0,15,0.0,1,150.0,150.0,0.0,150.0,150.0,0.0,False
1002,RO,2026-04-01,6,1,337.44,6,337.44,1,65.0,65.0,0.0,65.0,65.0,0.0,False
1002,SA,2026-04-01,1,0,0.0,1,0.0,0,0.0,0.0,0.0,0.0,0.0,0.0,False
1002,SE,2026-04-01,93,5,1625.04,93,1625.04,9,4945.0,4945.0,0.0,4945.0,4945.0,0.0,False
1002,SG,2026-04-01,16,1,550.56,16,550.56,1,150.0,150.0,0.0,150.0,150.0,0.0,False
1002,SI,2026-04-01,3,1,550.56,3,550.56,1,110.0,110.0,0.0,110.0,110.0,0.0,False
1002,SK,2026-04-01,1,0,0.0,1,0.0,0,0.0,0.0,0.0,0.0,0.0,0.0,False
1002,SN,2026-04-01,1,0,0.0,1,0.0,0,0.0,0.0,0.0,0.0,0.0,0.0,False
1002,SR,2026-04-01,2,0,0.0,2,0.0,0,0.0,0.0,0.0,0.0,0.0,0.0,False
1002,SV,2026-04-01,2,0,0.0,2,0.0,0,0.0,0.0,0.0,0.0,0.0,0.0,False
1002,TH,2026-04-01,15,0,0.0,15,0.0,0,0.0,0.0,0.0,0.0,0.0,0.0,False
1002,TR,2026-04-01,7,0,0.0,7,0.0,0,0.0,0.0,0.0,0.0,0.0,0.0,False
1002,TT,2026-04-01,4,0,0.0,4,0.0,0,0.0,0.0,0.0,0.0,0.0,0.0,False
1002,TW,2026-04-01,3,0,0.0,3,0.0,0,0.0,0.0,0.0,0.0,0.0,0.0,False
1002,TZ,2026-04-01,5,0,0.0,5,0.0,0,0.0,0.0,0.0,0.0,0.0,0.0,False
1002,UG,2026-04-01,6,0,0.0,6,0.0,0,0.0,0.0,0.0,0.0,0.0,0.0,False
1002,UM,2026-04-01,1,0,0.0,1,0.0,0,0.0,0.0,0.0,0.0,0.0,0.0,False
1002,UNKNOWN,2026-04-01,6,0,0.0,6,0.0,0,0.0,0.0,0.0,0.0,0.0,0.0,False
1002,US,2026-04-01,9145,1513,257650.98000000004,9145,257650.98000000004,536,1809290.0,1801890.0,7400.0,1809290.0,1801890.0,7400.0,True
1002,UZ,2026-04-01,1,0,0.0,1,0.0,0,0.0,0.0,0.0,0.0,0.0,0.0,False
1002,VN,2026-04-01,9,0,0.0,9,0.0,0,0.0,0.0,0.0,0.0,0.0,0.0,False
1002,ZA,2026-04-01,8,0,0.0,8,0.0,0,0.0,0.0,0.0,0.0,0.0,0.0,False
1002,ZM,2026-04-01,1,0,0.0,1,0.0,0,0.0,0.0,0.0,0.0,0.0,0.0,False
1052,AE,2026-04-01,2,0,0.0,2,0.0,0,0.0,0.0,0.0,0.0,0.0,0.0,False
1052,AL,2026-04-01,3,0,0.0,3,0.0,0,0.0,0.0,0.0,0.0,0.0,0.0,False
1052,AO,2026-04-01,2,1,74.0,2,74.0,0,0.0,0.0,0.0,0.0,0.0,0.0,False
1052,AT,2026-04-01,2,0,0.0,2,0.0,0,0.0,0.0,0.0,0.0,0.0,0.0,False
1052,AU,2026-04-01,1125,34,11692.0,1125,11692.0,46,29310.0,29180.0,130.0,29310.0,29180.0,130.0,True
1052,AX,2026-04-01,1,0,0.0,1,0.0,1,150.0,150.0,0.0,150.0,150.0,0.0,False
1052,BE,2026-04-01,5,0,0.0,5,0.0,0,0.0,0.0,0.0,0.0,0.0,0.0,False
1052,BG,2026-04-01,1,0,0.0,1,0.0,0,0.0,0.0,0.0,0.0,0.0,0.0,False
1052,BJ,2026-04-01,1,0,0.0,1,0.0,0,0.0,0.0,0.0,0.0,0.0,0.0,False
1052,BR,2026-04-01,2,2,666.0,2,666.0,2,11120.0,11120.0,0.0,11120.0,11120.0,0.0,False
1052,BS,2026-04-01,1,0,0.0,1,0.0,0,0.0,0.0,0.0,0.0,0.0,0.0,False
1052,CA,2026-04-01,1108,47,13251.18,1108,13251.18,49,112230.0,111835.0,395.0,112230.0,111835.0,395.0,True
1052,CH,2026-04-01,3,0,0.0,3,0.0,0,0.0,0.0,0.0,0.0,0.0,0.0,False
1052,CI,2026-04-01,1,0,0.0,1,0.0,0,0.0,0.0,0.0,0.0,0.0,0.0,False
1052,CM,2026-04-01,6,1,222.0,6,222.0,1,65.0,65.0,0.0,65.0,65.0,0.0,False
1052,CY,2026-04-01,3,0,0.0,3,0.0,0,0.0,0.0,0.0,0.0,0.0,0.0,False
1052,CZ,2026-04-01,1,0,0.0,1,0.0,0,0.0,0.0,0.0,0.0,0.0,0.0,False
1052,DE,2026-04-01,15,1,222.0,15,222.0,1,165.0,165.0,0.0,165.0,165.0,0.0,False
1052,DK,2026-04-01,1,0,0.0,1,0.0,0,0.0,0.0,0.0,0.0,0.0,0.0,False
1052,DO,2026-04-01,1,0,0.0,1,0.0,0,0.0,0.0,0.0,0.0,0.0,0.0,False
1052,DZ,2026-04-01,2,2,703.0,2,703.0,1,195.0,195.0,0.0,195.0,195.0,0.0,False
1052,EC,2026-04-01,1,0,0.0,1,0.0,0,0.0,0.0,0.0,0.0,0.0,0.0,False
1052,ES,2026-04-01,3,0,0.0,3,0.0,0,0.0,0.0,0.0,0.0,0.0,0.0,False
1052,FI,2026-04-01,1,0,0.0,1,0.0,0,0.0,0.0,0.0,0.0,0.0,0.0,False
1052,FJ,2026-04-01,1,0,0.0,1,0.0,0,0.0,0.0,0.0,0.0,0.0,0.0,False
1052,FR,2026-04-01,10,0,0.0,10,0.0,0,0.0,0.0,0.0,0.0,0.0,0.0,False
1052,GB,2026-04-01,2749,84,24019.66,2749,24019.66,72,69680.0,68730.0,950.0,69680.0,68730.0,950.0,True
1052,GF,2026-04-01,1,0,0.0,1,0.0,0,0.0,0.0,0.0,0.0,0.0,0.0,False
1052,GG,2026-04-01,1,0,0.0,1,0.0,0,0.0,0.0,0.0,0.0,0.0,0.0,False
1052,GM,2026-04-01,2,0,0.0,2,0.0,0,0.0,0.0,0.0,0.0,0.0,0.0,False
1052,GT,2026-04-01,1,0,0.0,1,0.0,0,0.0,0.0,0.0,0.0,0.0,0.0,False
1052,GY,2026-04-01,1,0,0.0,1,0.0,0,0.0,0.0,0.0,0.0,0.0,0.0,False
1052,HK,2026-04-01,1,0,0.0,1,0.0,0,0.0,0.0,0.0,0.0,0.0,0.0,False
1052,HN,2026-04-01,1,0,0.0,1,0.0,0,0.0,0.0,0.0,0.0,0.0,0.0,False
1052,HT,2026-04-01,2,0,0.0,2,0.0,0,0.0,0.0,0.0,0.0,0.0,0.0,False
1052,HU,2026-04-01,2,1,444.0,2,444.0,1,150.0,150.0,0.0,150.0,150.0,0.0,False
1052,ID,2026-04-01,2,0,0.0,2,0.0,0,0.0,0.0,0.0,0.0,0.0,0.0,False
1052,IE,2026-04-01,140,4,902.06,140,902.06,7,1740.0,1740.0,0.0,1740.0,1740.0,0.0,False
1052,IM,2026-04-01,1,0,0.0,1,0.0,0,0.0,0.0,0.0,0.0,0.0,0.0,False
1052,IN,2026-04-01,41,0,0.0,41,0.0,0,0.0,0.0,0.0,0.0,0.0,0.0,False
1052,IT,2026-04-01,1,0,0.0,1,0.0,0,0.0,0.0,0.0,0.0,0.0,0.0,False
1052,JM,2026-04-01,1,0,0.0,1,0.0,0,0.0,0.0,0.0,0.0,0.0,0.0,False
1052,JO,2026-04-01,1,0,0.0,1,0.0,0,0.0,0.0,0.0,0.0,0.0,0.0,False
1052,JP,2026-04-01,7,2,518.0,7,518.0,2,635.0,635.0,0.0,635.0,635.0,0.0,False
1052,KE,2026-04-01,16,0,0.0,16,0.0,0,0.0,0.0,0.0,0.0,0.0,0.0,False
1052,KH,2026-04-01,2,0,0.0,2,0.0,0,0.0,0.0,0.0,0.0,0.0,0.0,False
1052,KR,2026-04-01,1,0,0.0,1,0.0,0,0.0,0.0,0.0,0.0,0.0,0.0,False
1052,KW,2026-04-01,1,0,0.0,1,0.0,0,0.0,0.0,0.0,0.0,0.0,0.0,False
1052,LA,2026-04-01,2,0,0.0,2,0.0,0,0.0,0.0,0.0,0.0,0.0,0.0,False
1052,LK,2026-04-01,1,0,0.0,1,0.0,0,0.0,0.0,0.0,0.0,0.0,0.0,False
1052,LS,2026-04-01,1,0,0.0,1,0.0,0,0.0,0.0,0.0,0.0,0.0,0.0,False
1052,MK,2026-04-01,1,0,0.0,1,0.0,0,0.0,0.0,0.0,0.0,0.0,0.0,False
1052,MX,2026-04-01,8,1,444.0,8,444.0,1,150.0,150.0,0.0,150.0,150.0,0.0,False
1052,MY,2026-04-01,2,0,0.0,2,0.0,0,0.0,0.0,0.0,0.0,0.0,0.0,False
1052,NL,2026-04-01,16,0,0.0,16,0.0,0,0.0,0.0,0.0,0.0,0.0,0.0,False
1052,NO,2026-04-01,1,0,0.0,1,0.0,0,0.0,0.0,0.0,0.0,0.0,0.0,False
1052,NZ,2026-04-01,141,5,1591.0,141,1591.0,8,13945.0,13945.0,0.0,13945.0,13945.0,0.0,False
1052,PG,2026-04-01,1,0,0.0,1,0.0,0,0.0,0.0,0.0,0.0,0.0,0.0,False
1052,PH,2026-04-01,21,0,0.0,21,0.0,0,0.0,0.0,0.0,0.0,0.0,0.0,False
1052,PL,2026-04-01,1,0,0.0,1,0.0,0,0.0,0.0,0.0,0.0,0.0,0.0,False
1052,PT,2026-04-01,1,0,0.0,1,0.0,0,0.0,0.0,0.0,0.0,0.0,0.0,False
1052,QA,2026-04-01,1,0,0.0,1,0.0,0,0.0,0.0,0.0,0.0,0.0,0.0,False
1052,RO,2026-04-01,3,0,0.0,3,0.0,0,0.0,0.0,0.0,0.0,0.0,0.0,False
1052,RW,2026-04-01,1,0,0.0,1,0.0,0,0.0,0.0,0.0,0.0,0.0,0.0,False
1052,SE,2026-04-01,3,1,629.0,3,629.0,1,451765.0,449600.0,2165.0,451765.0,449600.0,2165.0,False
1052,SG,2026-04-01,4,0,0.0,4,0.0,0,0.0,0.0,0.0,0.0,0.0,0.0,False
1052,SL,2026-04-01,1,0,0.0,1,0.0,0,0.0,0.0,0.0,0.0,0.0,0.0,False
1052,SR,2026-04-01,1,0,0.0,1,0.0,0,0.0,0.0,0.0,0.0,0.0,0.0,False
1052,TH,2026-04-01,4,0,0.0,4,0.0,0,0.0,0.0,0.0,0.0,0.0,0.0,False
1052,TR,2026-04-01,3,0,0.0,3,0.0,0,0.0,0.0,0.0,0.0,0.0,0.0,False
1052,TT,2026-04-01,1,0,0.0,1,0.0,0,0.0,0.0,0.0,0.0,0.0,0.0,False
1052,TW,2026-04-01,1,1,222.0,1,222.0,1,190.0,190.0,0.0,190.0,190.0,0.0,False
1052,TZ,2026-04-01,2,0,0.0,2,0.0,0,0.0,0.0,0.0,0.0,0.0,0.0,False
1052,UG,2026-04-01,16,0,0.0,16,0.0,0,0.0,0.0,0.0,0.0,0.0,0.0,False
1052,US,2026-04-01,11188,998,178965.30000000002,11188,178965.30000000002,443,1147150.0,1143755.0,3395.0,1147150.0,1143755.0,3395.0,True
1052,UZ,2026-04-01,1,0,0.0,1,0.0,0,0.0,0.0,0.0,0.0,0.0,0.0,False
1052,VA,2026-04-01,1,1,444.0,1,444.0,1,285.0,285.0,0.0,285.0,285.0,0.0,False
1052,VN,2026-04-01,3,0,0.0,3,0.0,0,0.0,0.0,0.0,0.0,0.0,0.0,False
1052,XK,2026-04-01,1,0,0.0,1,0.0,0,0.0,0.0,0.0,0.0,0.0,0.0,False
1052,ZA,2026-04-01,12,0,0.0,12,0.0,0,0.0,0.0,0.0,0.0,0.0,0.0,False
1052,ZM,2026-04-01,2,0,0.0,2,0.0,0,0.0,0.0,0.0,0.0,0.0,0.0,False
303,AD,2026-04-01,3,3,9.805,3,9.805,0,0.0,0.0,0.0,0.0,0.0,0.0,False
303,AL,2026-04-01,5,3,14.652,5,14.652,0,0.0,0.0,0.0,0.0,0.0,0.0,False
303,AO,2026-04-01,4,3,7.844,4,7.844,0,0.0,0.0,0.0,0.0,0.0,0.0,False
303,AR,2026-04-01,3,1,0.5549999999999999,3,0.5549999999999999,0,0.0,0.0,0.0,0.0,0.0,0.0,False
303,AT,2026-04-01,116,79,314.833,116,314.833,2,300.0,300.0,0.0,300.0,300.0,0.0,False
303,AU,2026-04-01,1,1,2.072,1,2.072,1,2750.0,2750.0,0.0,2750.0,2750.0,0.0,False
303,AX,2026-04-01,1,1,2.072,1,2.072,0,0.0,0.0,0.0,0.0,0.0,0.0,False
303,BD,2026-04-01,1,0,0.0,1,0.0,0,0.0,0.0,0.0,0.0,0.0,0.0,False
303,BE,2026-04-01,39,26,115.40299999999999,39,115.40299999999999,0,0.0,0.0,0.0,0.0,0.0,0.0,False
303,BG,2026-04-01,37,17,69.782,37,69.782,0,0.0,0.0,0.0,0.0,0.0,0.0,False
303,BH,2026-04-01,1,0,0.0,1,0.0,0,0.0,0.0,0.0,0.0,0.0,0.0,False
303,BO,2026-04-01,4,2,1.295,4,1.295,0,0.0,0.0,0.0,0.0,0.0,0.0,False
303,BR,2026-04-01,44099,30336,31765.617400000658,44099,31765.617400000658,406,95800.0,95045.0,755.0,95800.0,95045.0,755.0,True
303,CA,2026-04-01,1,0,0.0,1,0.0,0,0.0,0.0,0.0,0.0,0.0,0.0,False
303,CH,2026-04-01,69,41,172.01299999999998,69,172.01299999999998,4,3305.0,3305.0,0.0,3305.0,3305.0,0.0,False
303,CL,2026-04-01,67,43,17.02,67,17.02,0,0.0,0.0,0.0,0.0,0.0,0.0,False
303,CO,2026-04-01,314,203,75.84999999999998,314,75.84999999999998,1,65.0,65.0,0.0,65.0,65.0,0.0,False
303,CR,2026-04-01,20,10,3.7,20,3.7,0,0.0,0.0,0.0,0.0,0.0,0.0,False
303,CZ,2026-04-01,140,94,421.57800000000003,140,421.57800000000003,1,150.0,150.0,0.0,150.0,150.0,0.0,False
303,DE,2026-04-01,858,554,2173.823999999998,858,2173.823999999998,10,3905.0,3905.0,0.0,3905.0,3905.0,0.0,True
303,DK,2026-04-01,17,12,57.720000000000006,17,57.720000000000006,0,0.0,0.0,0.0,0.0,0.0,0.0,False
303,DZ,2026-04-01,2,2,5.402,2,5.402,0,0.0,0.0,0.0,0.0,0.0,0.0,False
303,EC,2026-04-01,115,74,28.490000000000006,115,28.490000000000006,0,0.0,0.0,0.0,0.0,0.0,0.0,False
303,EE,2026-04-01,57,44,220.15,57,220.15,2,670.0,670.0,0.0,670.0,670.0,0.0,False
303,ES,2026-04-01,8,5,6.178999999999999,8,6.178999999999999,0,0.0,0.0,0.0,0.0,0.0,0.0,False
303,FI,2026-04-01,8,8,37.739999999999995,8,37.739999999999995,1,65.0,65.0,0.0,65.0,65.0,0.0,False
303,FO,2026-04-01,8,4,16.686999999999998,8,16.686999999999998,0,0.0,0.0,0.0,0.0,0.0,0.0,False
303,FR,2026-04-01,209,134,611.4250000000001,209,611.4250000000001,2,300.0,300.0,0.0,300.0,300.0,0.0,False
303,GB,2026-04-01,45,32,149.406,45,149.406,0,0.0,0.0,0.0,0.0,0.0,0.0,False
303,GF,2026-04-01,1,1,0.925,1,0.925,0,0.0,0.0,0.0,0.0,0.0,0.0,False
303,GG,2026-04-01,2,0,0.0,2,0.0,0,0.0,0.0,0.0,0.0,0.0,0.0,False
303,GI,2026-04-01,6,4,14.43,6,14.43,0,0.0,0.0,0.0,0.0,0.0,0.0,False
303,GP,2026-04-01,1,0,0.0,1,0.0,0,0.0,0.0,0.0,0.0,0.0,0.0,False
303,GR,2026-04-01,61,34,144.781,61,144.781,2,1345.0,1345.0,0.0,1345.0,1345.0,0.0,False
303,GY,2026-04-01,8,6,5.143,8,5.143,0,0.0,0.0,0.0,0.0,0.0,0.0,False
303,HR,2026-04-01,234,148,596.8100000000002,234,596.8100000000002,5,6420.0,6420.0,0.0,6420.0,6420.0,0.0,False
303,HU,2026-04-01,184,123,537.684,184,537.684,3,530.0,530.0,0.0,530.0,530.0,0.0,False
303,IE,2026-04-01,34,26,104.19200000000001,34,104.19200000000001,3,665.0,620.0,45.0,665.0,620.0,45.0,False
303,IM,2026-04-01,9,6,25.974000000000004,9,25.974000000000004,0,0.0,0.0,0.0,0.0,0.0,0.0,False
303,IN,2026-04-01,1,0,0.0,1,0.0,0,0.0,0.0,0.0,0.0,0.0,0.0,False
303,IO,2026-04-01,1,1,0.925,1,0.925,0,0.0,0.0,0.0,0.0,0.0,0.0,False
303,IS,2026-04-01,4,4,16.502000000000002,4,16.502000000000002,0,0.0,0.0,0.0,0.0,0.0,0.0,False
303,IT,2026-04-01,53,41,179.00600000000003,53,179.00600000000003,1,65.0,65.0,0.0,65.0,65.0,0.0,False
303,JE,2026-04-01,12,5,26.195999999999998,12,26.195999999999998,2,300.0,300.0,0.0,300.0,300.0,0.0,False
303,JP,2026-04-01,2,1,0.925,2,0.925,0,0.0,0.0,0.0,0.0,0.0,0.0,False
303,LT,2026-04-01,100,70,305.398,100,305.398,3,650.0,650.0,0.0,650.0,650.0,0.0,False
303,LU,2026-04-01,7,5,29.896,7,29.896,0,0.0,0.0,0.0,0.0,0.0,0.0,False
303,LV,2026-04-01,70,47,201.502,70,201.502,4,745.0,745.0,0.0,745.0,745.0,0.0,False
303,MC,2026-04-01,1,0,0.0,1,0.0,0,0.0,0.0,0.0,0.0,0.0,0.0,False
303,MD,2026-04-01,10,7,32.856,10,32.856,0,0.0,0.0,0.0,0.0,0.0,0.0,False
303,ME,2026-04-01,18,10,37.37,18,37.37,0,0.0,0.0,0.0,0.0,0.0,0.0,False
303,MK,2026-04-01,47,26,96.052,47,96.052,0,0.0,0.0,0.0,0.0,0.0,0.0,False
303,MQ,2026-04-01,1,0,0.0,1,0.0,0,0.0,0.0,0.0,0.0,0.0,0.0,False
303,MT,2026-04-01,70,40,171.08800000000002,70,171.08800000000002,1,340.0,295.0,45.0,340.0,295.0,45.0,False
303,MX,2026-04-01,145,98,37.370000000000005,145,37.370000000000005,0,0.0,0.0,0.0,0.0,0.0,0.0,False
303,NA,2026-04-01,1,1,3.7,1,3.7,0,0.0,0.0,0.0,0.0,0.0,0.0,False
303,NL,2026-04-01,64,43,176.527,64,176.527,2,355.0,355.0,0.0,355.0,355.0,0.0,False
303,NO,2026-04-01,17,13,66.896,17,66.896,0,0.0,0.0,0.0,0.0,0.0,0.0,False
303,PH,2026-04-01,1,0,0.0,1,0.0,0,0.0,0.0,0.0,0.0,0.0,0.0,False
303,PL,2026-04-01,36,27,106.92999999999999,36,106.92999999999999,1,65.0,65.0,0.0,65.0,65.0,0.0,False
303,PT,2026-04-01,380,276,1177.3400000000001,380,1177.3400000000001,7,2025.0,2025.0,0.0,2025.0,2025.0,0.0,False
303,PY,2026-04-01,5,3,2.3680000000000003,5,2.3680000000000003,0,0.0,0.0,0.0,0.0,0.0,0.0,False
303,RO,2026-04-01,5,3,11.100000000000001,5,11.100000000000001,0,0.0,0.0,0.0,0.0,0.0,0.0,False
303,RS,2026-04-01,239,145,570.3920000000002,239,570.3920000000002,2,300.0,300.0,0.0,300.0,300.0,0.0,False
303,SA,2026-04-01,1,1,3.7,1,3.7,1,65.0,65.0,0.0,65.0,65.0,0.0,False
303,SC,2026-04-01,1,1,0.925,1,0.925,0,0.0,0.0,0.0,0.0,0.0,0.0,False
303,SE,2026-04-01,22,13,57.72,22,57.72,0,0.0,0.0,0.0,0.0,0.0,0.0,False
303,SG,2026-04-01,1,1,0.925,1,0.925,0,0.0,0.0,0.0,0.0,0.0,0.0,False
303,SI,2026-04-01,98,69,279.35,98,279.35,2,215.0,215.0,0.0,215.0,215.0,0.0,False
303,SK,2026-04-01,93,56,243.38599999999997,93,243.38599999999997,3,380.0,380.0,0.0,380.0,380.0,0.0,False
303,SM,2026-04-01,2,2,11.84,2,11.84,0,0.0,0.0,0.0,0.0,0.0,0.0,False
303,SR,2026-04-01,2,2,1.85,2,1.85,0,0.0,0.0,0.0,0.0,0.0,0.0,False
303,TH,2026-04-01,4,3,14.652000000000001,4,14.652000000000001,0,0.0,0.0,0.0,0.0,0.0,0.0,False
303,TR,2026-04-01,3,2,11.544,3,11.544,0,0.0,0.0,0.0,0.0,0.0,0.0,False
303,UNKNOWN,2026-04-01,2,2,1.85,2,1.85,0,0.0,0.0,0.0,0.0,0.0,0.0,False
303,US,2026-04-01,27,17,21.238000000000003,27,21.238000000000003,1,65.0,65.0,0.0,65.0,65.0,0.0,False
303,UY,2026-04-01,1,1,0.5549999999999999,1,0.5549999999999999,0,0.0,0.0,0.0,0.0,0.0,0.0,False
303,XK,2026-04-01,3,1,3.7,3,3.7,0,0.0,0.0,0.0,0.0,0.0,0.0,False
303,ZA,2026-04-01,1,1,2.072,1,2.072,1,65.0,65.0,0.0,65.0,65.0,0.0,False
413,AD,2026-04-01,1,0,0.0,1,0.0,1,65.0,65.0,0.0,65.0,65.0,0.0,False
413,AI,2026-04-01,1,1,22.2,1,22.2,1,165.0,165.0,0.0,165.0,165.0,0.0,False
413,AL,2026-04-01,4,4,58.46,4,58.46,1,150.0,150.0,0.0,150.0,150.0,0.0,False
413,AO,2026-04-01,1,1,17.02,1,17.02,1,370.0,370.0,0.0,370.0,370.0,0.0,False
413,AR,2026-04-01,1,0,0.0,1,0.0,0,0.0,0.0,0.0,0.0,0.0,0.0,False
413,AT,2026-04-01,2,2,31.08,2,31.08,0,0.0,0.0,0.0,0.0,0.0,0.0,False
413,AU,2026-04-01,2986,2358,44668.61999999997,2986,44668.61999999997,185,465995.0,462510.0,3485.0,465995.0,462510.0,3485.0,True
413,AX,2026-04-01,1,0,0.0,1,0.0,0,0.0,0.0,0.0,0.0,0.0,0.0,False
413,BE,2026-04-01,286,216,4291.999999999998,286,4291.999999999998,10,3370.0,3370.0,0.0,3370.0,3370.0,0.0,False
413,BG,2026-04-01,3,3,39.959999999999994,3,39.959999999999994,0,0.0,0.0,0.0,0.0,0.0,0.0,False
413,BR,2026-04-01,2756,1987,6399.002000000004,2756,6399.002000000004,37,8290.0,8290.0,0.0,8290.0,8290.0,0.0,True
413,CA,2026-04-01,2852,2249,43587.84999999997,2852,43587.84999999997,142,97225.0,97225.0,0.0,97225.0,97225.0,0.0,True
413,CH,2026-04-01,107,83,1662.78,107,1662.78,6,2955.0,2955.0,0.0,2955.0,2955.0,0.0,False
413,CK,2026-04-01,1,1,8.879999999999999,1,8.879999999999999,1,375.0,375.0,0.0,375.0,375.0,0.0,False
413,CO,2026-04-01,1,1,22.2,1,22.2,0,0.0,0.0,0.0,0.0,0.0,0.0,False
413,CR,2026-04-01,1,1,22.2,1,22.2,0,0.0,0.0,0.0,0.0,0.0,0.0,False
413,CY,2026-04-01,1,1,22.2,1,22.2,0,0.0,0.0,0.0,0.0,0.0,0.0,False
413,CZ,2026-04-01,2,2,31.08,2,31.08,0,0.0,0.0,0.0,0.0,0.0,0.0,False
413,DE,2026-04-01,14,11,155.39999999999998,14,155.39999999999998,1,250.0,250.0,0.0,250.0,250.0,0.0,False
413,DK,2026-04-01,1,1,8.879999999999999,1,8.879999999999999,0,0.0,0.0,0.0,0.0,0.0,0.0,False
413,DO,2026-04-01,3,3,48.099999999999994,3,48.099999999999994,1,150.0,150.0,0.0,150.0,150.0,0.0,False
413,DZ,2026-04-01,1,1,8.879999999999999,1,8.879999999999999,0,0.0,0.0,0.0,0.0,0.0,0.0,False
413,EE,2026-04-01,1,1,11.1,1,11.1,0,0.0,0.0,0.0,0.0,0.0,0.0,False
413,ES,2026-04-01,9,6,121.35999999999999,9,121.35999999999999,0,0.0,0.0,0.0,0.0,0.0,0.0,False
413,FI,2026-04-01,130,94,1659.0799999999997,130,1659.0799999999997,2,875.0,875.0,0.0,875.0,875.0,0.0,False
413,FR,2026-04-01,2,1,25.9,2,25.9,0,0.0,0.0,0.0,0.0,0.0,0.0,False
413,GB,2026-04-01,7,5,94.72,7,94.72,0,0.0,0.0,0.0,0.0,0.0,0.0,False
413,GD,2026-04-01,1,1,8.879999999999999,1,8.879999999999999,0,0.0,0.0,0.0,0.0,0.0,0.0,False
413,GE,2026-04-01,1,1,22.2,1,22.2,0,0.0,0.0,0.0,0.0,0.0,0.0,False
413,GP,2026-04-01,1,1,22.2,1,22.2,0,0.0,0.0,0.0,0.0,0.0,0.0,False
413,GU,2026-04-01,1,1,22.2,1,22.2,0,0.0,0.0,0.0,0.0,0.0,0.0,False
413,HK,2026-04-01,7,5,65.86,7,65.86,1,8440.0,8440.0,0.0,8440.0,8440.0,0.0,False
413,HR,2026-04-01,1,0,0.0,1,0.0,0,0.0,0.0,0.0,0.0,0.0,0.0,False
413,HT,2026-04-01,1,1,25.9,1,25.9,0,0.0,0.0,0.0,0.0,0.0,0.0,False
413,HU,2026-04-01,1,1,29.6,1,29.6,1,275.0,275.0,0.0,275.0,275.0,0.0,False
413,ID,2026-04-01,1,0,0.0,1,0.0,0,0.0,0.0,0.0,0.0,0.0,0.0,False
413,IE,2026-04-01,1,1,22.2,1,22.2,0,0.0,0.0,0.0,0.0,0.0,0.0,False
413,IL,2026-04-01,380,296,5293.959999999999,380,5293.959999999999,9,14325.0,14325.0,0.0,14325.0,14325.0,0.0,False
413,IN,2026-04-01,4,1,25.9,4,25.9,0,0.0,0.0,0.0,0.0,0.0,0.0,False
413,IS,2026-04-01,33,26,444.73999999999995,33,444.73999999999995,3,1850.0,1850.0,0.0,1850.0,1850.0,0.0,False
413,IT,2026-04-01,2,1,8.879999999999999,2,8.879999999999999,0,0.0,0.0,0.0,0.0,0.0,0.0,False
413,JO,2026-04-01,2,2,40.7,2,40.7,0,0.0,0.0,0.0,0.0,0.0,0.0,False
413,JP,2026-04-01,7,7,118.4,7,118.4,0,0.0,0.0,0.0,0.0,0.0,0.0,False
413,KH,2026-04-01,2,2,17.759999999999998,2,17.759999999999998,0,0.0,0.0,0.0,0.0,0.0,0.0,False
413,KR,2026-04-01,2,2,38.480000000000004,2,38.480000000000004,1,150.0,150.0,0.0,150.0,150.0,0.0,False
413,KZ,2026-04-01,1,1,17.02,1,17.02,0,0.0,0.0,0.0,0.0,0.0,0.0,False
413,LA,2026-04-01,1,1,22.2,1,22.2,0,0.0,0.0,0.0,0.0,0.0,0.0,False
413,LU,2026-04-01,28,19,350.02,28,350.02,0,0.0,0.0,0.0,0.0,0.0,0.0,False
413,MA,2026-04-01,1,1,8.879999999999999,1,8.879999999999999,0,0.0,0.0,0.0,0.0,0.0,0.0,False
413,MD,2026-04-01,6,5,119.88,6,119.88,0,0.0,0.0,0.0,0.0,0.0,0.0,False
413,MO,2026-04-01,1,1,29.6,1,29.6,0,0.0,0.0,0.0,0.0,0.0,0.0,False
413,MT,2026-04-01,1,1,22.2,1,22.2,0,0.0,0.0,0.0,0.0,0.0,0.0,False
413,MX,2026-04-01,14,11,210.16,14,210.16,0,0.0,0.0,0.0,0.0,0.0,0.0,False
413,NL,2026-04-01,531,437,8458.199999999999,531,8458.199999999999,38,37510.0,37385.0,125.0,37510.0,37385.0,125.0,True
413,NO,2026-04-01,309,242,4827.76,309,4827.76,13,7780.0,7780.0,0.0,7780.0,7780.0,0.0,False
413,NZ,2026-04-01,898,689,12925.210000000014,898,12925.210000000014,42,17190.0,17150.0,40.0,17190.0,17150.0,40.0,True
413,PA,2026-04-01,1,1,8.879999999999999,1,8.879999999999999,0,0.0,0.0,0.0,0.0,0.0,0.0,False
413,PH,2026-04-01,19,16,310.79999999999995,19,310.79999999999995,0,0.0,0.0,0.0,0.0,0.0,0.0,False
413,PK,2026-04-01,1,0,0.0,1,0.0,0,0.0,0.0,0.0,0.0,0.0,0.0,False
413,PL,2026-04-01,3,2,31.08,3,31.08,0,0.0,0.0,0.0,0.0,0.0,0.0,False
413,PR,2026-04-01,5,4,71.78,5,71.78,0,0.0,0.0,0.0,0.0,0.0,0.0,False
413,PT,2026-04-01,4,3,53.28,4,53.28,0,0.0,0.0,0.0,0.0,0.0,0.0,False
413,PY,2026-04-01,1,1,5.18,1,5.18,1,110.0,110.0,0.0,110.0,110.0,0.0,False
413,RO,2026-04-01,4,4,93.98,4,93.98,1,65.0,65.0,0.0,65.0,65.0,0.0,False
413,RS,2026-04-01,1,1,8.879999999999999,1,8.879999999999999,0,0.0,0.0,0.0,0.0,0.0,0.0,False
413,SA,2026-04-01,1,1,22.2,1,22.2,0,0.0,0.0,0.0,0.0,0.0,0.0,False
413,SE,2026-04-01,385,296,5731.299999999999,385,5731.299999999999,19,61170.0,61125.0,45.0,61170.0,61125.0,45.0,False
413,SG,2026-04-01,4,4,82.88,4,82.88,0,0.0,0.0,0.0,0.0,0.0,0.0,False
413,TH,2026-04-01,20,14,261.21999999999997,20,261.21999999999997,4,445.0,445.0,0.0,445.0,445.0,0.0,False
413,TR,2026-04-01,1,0,0.0,1,0.0,0,0.0,0.0,0.0,0.0,0.0,0.0,False
413,TW,2026-04-01,2,2,17.759999999999998,2,17.759999999999998,0,0.0,0.0,0.0,0.0,0.0,0.0,False
413,TZ,2026-04-01,1,0,0.0,1,0.0,0,0.0,0.0,0.0,0.0,0.0,0.0,False
413,UG,2026-04-01,1,1,8.879999999999999,1,8.879999999999999,0,0.0,0.0,0.0,0.0,0.0,0.0,False
413,US,2026-04-01,16508,13175,247958.46000000328,16508,247958.46000000328,842,1114330.0,1107690.0,6640.0,1114330.0,1107690.0,6640.0,True
413,UY,2026-04-01,1,1,25.9,1,25.9,0,0.0,0.0,0.0,0.0,0.0,0.0,False
413,VN,2026-04-01,4,3,56.980000000000004,4,56.980000000000004,0,0.0,0.0,0.0,0.0,0.0,0.0,False
413,XK,2026-04-01,1,0,0.0,1,0.0,0,0.0,0.0,0.0,0.0,0.0,0.0,False
413,ZA,2026-04-01,1,1,22.2,1,22.2,0,0.0,0.0,0.0,0.0,0.0,0.0,False
427,AE,2026-04-01,1,1,26.64,1,26.64,1,950.0,950.0,0.0,950.0,950.0,0.0,False
427,AL,2026-04-01,6,6,89.53999999999999,6,89.53999999999999,4,1845.0,1845.0,0.0,1845.0,1845.0,0.0,False
427,AO,2026-04-01,2,1,34.04,2,34.04,0,0.0,0.0,0.0,0.0,0.0,0.0,False
427,AR,2026-04-01,2,1,26.64,2,26.64,0,0.0,0.0,0.0,0.0,0.0,0.0,False
427,AS,2026-04-01,1,1,14.8,1,14.8,0,0.0,0.0,0.0,0.0,0.0,0.0,False
427,AT,2026-04-01,1,0,0.0,1,0.0,0,0.0,0.0,0.0,0.0,0.0,0.0,False
427,AU,2026-04-01,3088,2489,56098.660000000054,3088,56098.660000000054,195,419555.0,418520.0,1035.0,419555.0,418520.0,1035.0,True
427,AX,2026-04-01,3,3,48.099999999999994,3,48.099999999999994,1,535.0,535.0,0.0,535.0,535.0,0.0,False
427,BE,2026-04-01,3,2,54.019999999999996,3,54.019999999999996,0,0.0,0.0,0.0,0.0,0.0,0.0,False
427,BO,2026-04-01,1,1,1.1099999999999999,1,1.1099999999999999,0,0.0,0.0,0.0,0.0,0.0,0.0,False
427,BR,2026-04-01,4206,3297,6783.83900000005,4206,6783.83900000005,65,28805.0,28535.0,270.0,28805.0,28535.0,270.0,True
427,BW,2026-04-01,1,1,25.9,1,25.9,0,0.0,0.0,0.0,0.0,0.0,0.0,False
427,BZ,2026-04-01,3,2,35.519999999999996,3,35.519999999999996,1,110.0,110.0,0.0,110.0,110.0,0.0,False
427,CA,2026-04-01,2885,2342,51388.560000000034,2885,51388.560000000034,154,230395.0,228965.0,1430.0,230395.0,228965.0,1430.0,True
427,CH,2026-04-01,100,78,1806.3400000000001,100,1806.3400000000001,13,10195.0,10195.0,0.0,10195.0,10195.0,0.0,False
427,CK,2026-04-01,1,1,23.68,1,23.68,0,0.0,0.0,0.0,0.0,0.0,0.0,False
427,CL,2026-04-01,1,1,19.24,1,19.24,0,0.0,0.0,0.0,0.0,0.0,0.0,False
427,CM,2026-04-01,1,1,21.46,1,21.46,0,0.0,0.0,0.0,0.0,0.0,0.0,False
427,CO,2026-04-01,5,1,21.46,5,21.46,0,0.0,0.0,0.0,0.0,0.0,0.0,False
427,CR,2026-04-01,5,4,86.58,5,86.58,0,0.0,0.0,0.0,0.0,0.0,0.0,False
427,CZ,2026-04-01,2,2,48.84,2,48.84,0,0.0,0.0,0.0,0.0,0.0,0.0,False
427,DE,2026-04-01,7,3,61.419999999999995,7,61.419999999999995,0,0.0,0.0,0.0,0.0,0.0,0.0,False
427,DO,2026-04-01,7,4,89.53999999999999,7,89.53999999999999,1,165.0,165.0,0.0,165.0,165.0,0.0,False
427,DZ,2026-04-01,1,1,29.6,1,29.6,0,0.0,0.0,0.0,0.0,0.0,0.0,False
427,EC,2026-04-01,4,4,86.57999999999998,4,86.57999999999998,0,0.0,0.0,0.0,0.0,0.0,0.0,False
427,ES,2026-04-01,5,5,105.82,5,105.82,1,285.0,285.0,0.0,285.0,285.0,0.0,False
427,FR,2026-04-01,5,4,69.93,5,69.93,0,0.0,0.0,0.0,0.0,0.0,0.0,False
427,GB,2026-04-01,10,9,217.56000000000006,10,217.56000000000006,1,150.0,150.0,0.0,150.0,150.0,0.0,False
427,GR,2026-04-01,2,1,18.5,2,18.5,0,0.0,0.0,0.0,0.0,0.0,0.0,False
427,HK,2026-04-01,67,43,999.0000000000001,67,999.0000000000001,4,1255.0,1255.0,0.0,1255.0,1255.0,0.0,False
427,HR,2026-04-01,4,4,94.72,4,94.72,0,0.0,0.0,0.0,0.0,0.0,0.0,False
427,HU,2026-04-01,66,49,1163.28,66,1163.28,5,2980.0,2980.0,0.0,2980.0,2980.0,0.0,False
427,ID,2026-04-01,10,10,216.82,10,216.82,0,0.0,0.0,0.0,0.0,0.0,0.0,False
427,IE,2026-04-01,4,4,100.64000000000001,4,100.64000000000001,1,745.0,745.0,0.0,745.0,745.0,0.0,False
427,IN,2026-04-01,1,0,0.0,1,0.0,0,0.0,0.0,0.0,0.0,0.0,0.0,False
427,IT,2026-04-01,4,2,45.14,4,45.14,0,0.0,0.0,0.0,0.0,0.0,0.0,False
427,JM,2026-04-01,2,0,0.0,2,0.0,0,0.0,0.0,0.0,0.0,0.0,0.0,False
427,JP,2026-04-01,7,5,125.06,7,125.06,1,285.0,285.0,0.0,285.0,285.0,0.0,False
427,KH,2026-04-01,2,1,17.759999999999998,2,17.759999999999998,1,790.0,790.0,0.0,790.0,790.0,0.0,False
427,KR,2026-04-01,1,0,0.0,1,0.0,0,0.0,0.0,0.0,0.0,0.0,0.0,False
427,LU,2026-04-01,1,1,26.64,1,26.64,0,0.0,0.0,0.0,0.0,0.0,0.0,False
427,MA,2026-04-01,1,0,0.0,1,0.0,0,0.0,0.0,0.0,0.0,0.0,0.0,False
427,MD,2026-04-01,3,2,45.879999999999995,3,45.879999999999995,0,0.0,0.0,0.0,0.0,0.0,0.0,False
427,MX,2026-04-01,26,23,509.86,26,509.86,1,150.0,150.0,0.0,150.0,150.0,0.0,False
427,MY,2026-04-01,2,1,23.68,2,23.68,0,0.0,0.0,0.0,0.0,0.0,0.0,False
427,NL,2026-04-01,366,290,6678.869999999999,366,6678.869999999999,29,12655.0,12655.0,0.0,12655.0,12655.0,0.0,False
427,NO,2026-04-01,4,4,101.38,4,101.38,1,645.0,645.0,0.0,645.0,645.0,0.0,False
427,NP,2026-04-01,1,0,0.0,1,0.0,1,210.0,210.0,0.0,210.0,210.0,0.0,False
427,NZ,2026-04-01,746,591,12843.440000000002,746,12843.440000000002,36,71895.0,71895.0,0.0,71895.0,71895.0,0.0,True
427,PA,2026-04-01,1,1,21.46,1,21.46,1,250.0,250.0,0.0,250.0,250.0,0.0,False
427,PE,2026-04-01,2,2,42.92,2,42.92,0,0.0,0.0,0.0,0.0,0.0,0.0,False
427,PH,2026-04-01,19,15,335.9599999999999,19,335.9599999999999,0,0.0,0.0,0.0,0.0,0.0,0.0,False
427,PL,2026-04-01,5,3,67.34,5,67.34,1,150.0,150.0,0.0,150.0,150.0,0.0,False
427,PR,2026-04-01,7,6,114.69999999999999,7,114.69999999999999,0,0.0,0.0,0.0,0.0,0.0,0.0,False
427,PT,2026-04-01,4,4,25.53,4,25.53,0,0.0,0.0,0.0,0.0,0.0,0.0,False
427,RO,2026-04-01,1,1,27.38,1,27.38,0,0.0,0.0,0.0,0.0,0.0,0.0,False
427,RS,2026-04-01,1,1,21.46,1,21.46,0,0.0,0.0,0.0,0.0,0.0,0.0,False
427,SA,2026-04-01,1,1,20.72,1,20.72,0,0.0,0.0,0.0,0.0,0.0,0.0,False
427,SE,2026-04-01,47,34,765.16,47,765.16,3,535.0,535.0,0.0,535.0,535.0,0.0,False
427,SG,2026-04-01,5,3,74.0,5,74.0,0,0.0,0.0,0.0,0.0,0.0,0.0,False
427,SI,2026-04-01,1,1,29.6,1,29.6,0,0.0,0.0,0.0,0.0,0.0,0.0,False
427,SR,2026-04-01,1,1,17.02,1,17.02,0,0.0,0.0,0.0,0.0,0.0,0.0,False
427,TH,2026-04-01,12,10,233.1,12,233.1,0,0.0,0.0,0.0,0.0,0.0,0.0,False
427,TR,2026-04-01,3,2,53.28,3,53.28,0,0.0,0.0,0.0,0.0,0.0,0.0,False
427,TW,2026-04-01,1,1,22.2,1,22.2,0,0.0,0.0,0.0,0.0,0.0,0.0,False
427,UNKNOWN,2026-04-01,2,0,0.0,2,0.0,0,0.0,0.0,0.0,0.0,0.0,0.0,False
427,US,2026-04-01,24428,19557,433277.7699999983,24428,433277.7699999983,1346,2960620.0,2947230.0,13390.0,2960620.0,2947230.0,13390.0,True
427,VC,2026-04-01,1,1,11.1,1,11.1,1,8300.0,8300.0,0.0,8300.0,8300.0,0.0,False
427,VI,2026-04-01,2,2,37.0,2,37.0,1,190.0,190.0,0.0,190.0,190.0,0.0,False
427,VN,2026-04-01,10,9,190.18,10,190.18,0,0.0,0.0,0.0,0.0,0.0,0.0,False
523,AD,2026-04-01,3,1,3.7,3,3.7,0,0.0,0.0,0.0,0.0,0.0,0.0,False
523,AE,2026-04-01,23,5,14.059999999999999,23,14.059999999999999,0,0.0,0.0,0.0,0.0,0.0,0.0,False
523,AG,2026-04-01,1,0,0.0,1,0.0,0,0.0,0.0,0.0,0.0,0.0,0.0,False
523,AL,2026-04-01,11,1,2.2199999999999998,11,2.2199999999999998,1,155.0,155.0,0.0,155.0,155.0,0.0,False
523,AO,2026-04-01,501,65,16.834999999999997,501,16.834999999999997,0,0.0,0.0,0.0,0.0,0.0,0.0,True
523,AQ,2026-04-01,3,0,0.0,3,0.0,0,0.0,0.0,0.0,0.0,0.0,0.0,False
523,AR,2026-04-01,96,17,40.996,96,40.996,0,0.0,0.0,0.0,0.0,0.0,0.0,False
523,AS,2026-04-01,3,2,8.14,3,8.14,0,0.0,0.0,0.0,0.0,0.0,0.0,False
523,AT,2026-04-01,26,7,28.859999999999996,26,28.859999999999996,0,0.0,0.0,0.0,0.0,0.0,0.0,False
523,AU,2026-04-01,3055,1243,4299.7700000000095,3055,4299.7700000000095,38,67925.0,67860.0,65.0,67925.0,67860.0,65.0,True
523,AX,2026-04-01,2,2,2.109,2,2.109,0,0.0,0.0,0.0,0.0,0.0,0.0,False
523,AZ,2026-04-01,2,0,0.0,2,0.0,0,0.0,0.0,0.0,0.0,0.0,0.0,False
523,BB,2026-04-01,3,2,7.3999999999999995,3,7.3999999999999995,0,0.0,0.0,0.0,0.0,0.0,0.0,False
523,BD,2026-04-01,65,2,7.4,65,7.4,0,0.0,0.0,0.0,0.0,0.0,0.0,False
523,BE,2026-04-01,183,58,202.76,183,202.76,1,155.0,155.0,0.0,155.0,155.0,0.0,False
523,BF,2026-04-01,58,4,17.76,58,17.76,0,0.0,0.0,0.0,0.0,0.0,0.0,False
523,BG,2026-04-01,26,5,10.619,26,10.619,0,0.0,0.0,0.0,0.0,0.0,0.0,False
523,BH,2026-04-01,2,1,3.7,2,3.7,0,0.0,0.0,0.0,0.0,0.0,0.0,False
523,BJ,2026-04-01,16,2,7.3999999999999995,16,7.3999999999999995,0,0.0,0.0,0.0,0.0,0.0,0.0,False
523,BL,2026-04-01,1,0,0.0,1,0.0,0,0.0,0.0,0.0,0.0,0.0,0.0,False
523,BO,2026-04-01,5,1,0.259,5,0.259,0,0.0,0.0,0.0,0.0,0.0,0.0,False
523,BQ,2026-04-01,1,1,2.2199999999999998,1,2.2199999999999998,0,0.0,0.0,0.0,0.0,0.0,0.0,False
523,BR,2026-04-01,71662,25053,6958.775000000209,71662,6958.775000000209,64,8165.0,8100.0,65.0,8165.0,8100.0,65.0,True
523,BS,2026-04-01,8,3,11.1,8,11.1,0,0.0,0.0,0.0,0.0,0.0,0.0,False
523,BT,2026-04-01,3,0,0.0,3,0.0,0,0.0,0.0,0.0,0.0,0.0,0.0,False
523,BW,2026-04-01,26,5,17.759999999999998,26,17.759999999999998,0,0.0,0.0,0.0,0.0,0.0,0.0,False
523,BZ,2026-04-01,1,0,0.0,1,0.0,0,0.0,0.0,0.0,0.0,0.0,0.0,False
523,CA,2026-04-01,4270,1669,4514.629000000016,4270,4514.629000000016,32,20060.0,20020.0,40.0,20060.0,20020.0,40.0,True
523,CH,2026-04-01,80,17,69.56,80,69.56,0,0.0,0.0,0.0,0.0,0.0,0.0,False
523,CI,2026-04-01,138,20,51.8,138,51.8,0,0.0,0.0,0.0,0.0,0.0,0.0,False
523,CK,2026-04-01,2,0,0.0,2,0.0,0,0.0,0.0,0.0,0.0,0.0,0.0,False
523,CL,2026-04-01,333,97,27.786999999999995,333,27.786999999999995,3,340.0,340.0,0.0,340.0,340.0,0.0,False
523,CM,2026-04-01,45,13,48.099999999999994,45,48.099999999999994,0,0.0,0.0,0.0,0.0,0.0,0.0,False
523,CN,2026-04-01,99,6,11.358999999999998,99,11.358999999999998,0,0.0,0.0,0.0,0.0,0.0,0.0,False
523,CO,2026-04-01,132,26,63.89899999999999,132,63.89899999999999,0,0.0,0.0,0.0,0.0,0.0,0.0,False
523,CR,2026-04-01,28,3,8.14,28,8.14,0,0.0,0.0,0.0,0.0,0.0,0.0,False
523,CV,2026-04-01,16,2,0.518,16,0.518,0,0.0,0.0,0.0,0.0,0.0,0.0,False
523,CY,2026-04-01,7,2,5.550000000000001,7,5.550000000000001,0,0.0,0.0,0.0,0.0,0.0,0.0,False
523,CZ,2026-04-01,4,2,4.4399999999999995,4,4.4399999999999995,0,0.0,0.0,0.0,0.0,0.0,0.0,False
523,DE,2026-04-01,306,77,237.05899999999997,306,237.05899999999997,0,0.0,0.0,0.0,0.0,0.0,0.0,False
523,DJ,2026-04-01,1,0,0.0,1,0.0,0,0.0,0.0,0.0,0.0,0.0,0.0,False
523,DK,2026-04-01,7,1,5.92,7,5.92,1,65.0,65.0,0.0,65.0,65.0,0.0,False
523,DM,2026-04-01,1,1,7.4,1,7.4,0,0.0,0.0,0.0,0.0,0.0,0.0,False
523,DO,2026-04-01,155,14,39.959999999999994,155,39.959999999999994,0,0.0,0.0,0.0,0.0,0.0,0.0,False
523,DZ,2026-04-01,3068,1413,277.75899999999945,3068,277.75899999999945,4,575.0,575.0,0.0,575.0,575.0,0.0,True
523,EC,2026-04-01,10,4,6.364,10,6.364,0,0.0,0.0,0.0,0.0,0.0,0.0,False
523,EE,2026-04-01,12,3,18.5,12,18.5,0,0.0,0.0,0.0,0.0,0.0,0.0,False
523,EG,2026-04-01,1,0,0.0,1,0.0,0,0.0,0.0,0.0,0.0,0.0,0.0,False
523,ES,2026-04-01,96,15,37.37,96,37.37,0,0.0,0.0,0.0,0.0,0.0,0.0,False
523,ET,2026-04-01,1,0,0.0,1,0.0,0,0.0,0.0,0.0,0.0,0.0,0.0,False
523,FI,2026-04-01,63,12,79.91999999999999,63,79.91999999999999,1,150.0,150.0,0.0,150.0,150.0,0.0,False
523,FJ,2026-04-01,3,0,0.0,3,0.0,0,0.0,0.0,0.0,0.0,0.0,0.0,False
523,FM,2026-04-01,1,1,2.2199999999999998,1,2.2199999999999998,0,0.0,0.0,0.0,0.0,0.0,0.0,False
523,FR,2026-04-01,614,100,306.915,614,306.915,0,0.0,0.0,0.0,0.0,0.0,0.0,True
523,GA,2026-04-01,6,3,8.14,6,8.14,0,0.0,0.0,0.0,0.0,0.0,0.0,False
523,GB,2026-04-01,7287,2619,9969.280000000055,7287,9969.280000000055,82,67245.0,67200.0,45.0,67245.0,67200.0,45.0,True
523,GE,2026-04-01,1,1,2.2199999999999998,1,2.2199999999999998,0,0.0,0.0,0.0,0.0,0.0,0.0,False
523,GM,2026-04-01,155,31,111.74,155,111.74,0,0.0,0.0,0.0,0.0,0.0,0.0,False
523,GN,2026-04-01,59,3,8.14,59,8.14,0,0.0,0.0,0.0,0.0,0.0,0.0,False
523,GP,2026-04-01,2,1,2.2199999999999998,2,2.2199999999999998,0,0.0,0.0,0.0,0.0,0.0,0.0,False
523,GQ,2026-04-01,6,0,0.0,6,0.0,0,0.0,0.0,0.0,0.0,0.0,0.0,False
523,GR,2026-04-01,13,7,20.72,13,20.72,0,0.0,0.0,0.0,0.0,0.0,0.0,False
523,GT,2026-04-01,2,0,0.0,2,0.0,0,0.0,0.0,0.0,0.0,0.0,0.0,False
523,GU,2026-04-01,2,0,0.0,2,0.0,0,0.0,0.0,0.0,0.0,0.0,0.0,False
523,GY,2026-04-01,98,15,46.62,98,46.62,0,0.0,0.0,0.0,0.0,0.0,0.0,False
523,HK,2026-04-01,87,6,8.917,87,8.917,0,0.0,0.0,0.0,0.0,0.0,0.0,False
523,HN,2026-04-01,29,3,8.14,29,8.14,0,0.0,0.0,0.0,0.0,0.0,0.0,False
523,HR,2026-04-01,4,0,0.0,4,0.0,0,0.0,0.0,0.0,0.0,0.0,0.0,False
523,HT,2026-04-01,7,0,0.0,7,0.0,0,0.0,0.0,0.0,0.0,0.0,0.0,False
523,HU,2026-04-01,3,0,0.0,3,0.0,0,0.0,0.0,0.0,0.0,0.0,0.0,False
523,ID,2026-04-01,168,47,184.26,168,184.26,0,0.0,0.0,0.0,0.0,0.0,0.0,False
523,IE,2026-04-01,4,0,0.0,4,0.0,0,0.0,0.0,0.0,0.0,0.0,0.0,False
523,IL,2026-04-01,2,1,3.7,2,3.7,0,0.0,0.0,0.0,0.0,0.0,0.0,False
523,IN,2026-04-01,236,16,47.36000000000001,236,47.36000000000001,0,0.0,0.0,0.0,0.0,0.0,0.0,False
523,IT,2026-04-01,143,17,56.98,143,56.98,0,0.0,0.0,0.0,0.0,0.0,0.0,False
523,JM,2026-04-01,20,6,16.28,20,16.28,0,0.0,0.0,0.0,0.0,0.0,0.0,False
523,JO,2026-04-01,1,0,0.0,1,0.0,0,0.0,0.0,0.0,0.0,0.0,0.0,False
523,JP,2026-04-01,62,10,25.418999999999997,62,25.418999999999997,2,130.0,130.0,0.0,130.0,130.0,0.0,False
523,KE,2026-04-01,6,1,2.2199999999999998,6,2.2199999999999998,0,0.0,0.0,0.0,0.0,0.0,0.0,False
523,KH,2026-04-01,4,0,0.0,4,0.0,0,0.0,0.0,0.0,0.0,0.0,0.0,False
523,KI,2026-04-01,44,7,24.419999999999998,44,24.419999999999998,0,0.0,0.0,0.0,0.0,0.0,0.0,False
523,KM,2026-04-01,1,0,0.0,1,0.0,0,0.0,0.0,0.0,0.0,0.0,0.0,False
523,KR,2026-04-01,107,19,6.882,107,6.882,0,0.0,0.0,0.0,0.0,0.0,0.0,False
523,KW,2026-04-01,3,0,0.0,3,0.0,0,0.0,0.0,0.0,0.0,0.0,0.0,False
523,KY,2026-04-01,3,0,0.0,3,0.0,0,0.0,0.0,0.0,0.0,0.0,0.0,False
523,KZ,2026-04-01,8,2,4.4399999999999995,8,4.4399999999999995,0,0.0,0.0,0.0,0.0,0.0,0.0,False
523,LS,2026-04-01,1,0,0.0,1,0.0,0,0.0,0.0,0.0,0.0,0.0,0.0,False
523,LT,2026-04-01,10,4,16.28,10,16.28,0,0.0,0.0,0.0,0.0,0.0,0.0,False
523,LV,2026-04-01,20,7,21.83,20,21.83,0,0.0,0.0,0.0,0.0,0.0,0.0,False
523,MD,2026-04-01,34,14,58.46,34,58.46,1,65.0,65.0,0.0,65.0,65.0,0.0,False
523,MF,2026-04-01,2,2,5.92,2,5.92,0,0.0,0.0,0.0,0.0,0.0,0.0,False
523,MG,2026-04-01,4,0,0.0,4,0.0,0,0.0,0.0,0.0,0.0,0.0,0.0,False
523,MH,2026-04-01,6,0,0.0,6,0.0,0,0.0,0.0,0.0,0.0,0.0,0.0,False
523,MN,2026-04-01,3,0,0.0,3,0.0,0,0.0,0.0,0.0,0.0,0.0,0.0,False
523,MQ,2026-04-01,3,0,0.0,3,0.0,0,0.0,0.0,0.0,0.0,0.0,0.0,False
523,MR,2026-04-01,7,1,2.2199999999999998,7,2.2199999999999998,0,0.0,0.0,0.0,0.0,0.0,0.0,False
523,MT,2026-04-01,1,1,3.7,1,3.7,0,0.0,0.0,0.0,0.0,0.0,0.0,False
523,MU,2026-04-01,1,0,0.0,1,0.0,0,0.0,0.0,0.0,0.0,0.0,0.0,False
523,MV,2026-04-01,7,3,8.14,7,8.14,0,0.0,0.0,0.0,0.0,0.0,0.0,False
523,MW,2026-04-01,6,1,2.2199999999999998,6,2.2199999999999998,0,0.0,0.0,0.0,0.0,0.0,0.0,False
523,MX,2026-04-01,1307,240,278.46199999999993,1307,278.46199999999993,1,65.0,65.0,0.0,65.0,65.0,0.0,True
523,MY,2026-04-01,515,138,43.364,515,43.364,2,130.0,130.0,0.0,130.0,130.0,0.0,True
523,MZ,2026-04-01,16,3,9.62,16,9.62,0,0.0,0.0,0.0,0.0,0.0,0.0,False
523,NE,2026-04-01,116,17,46.620000000000005,116,46.620000000000005,0,0.0,0.0,0.0,0.0,0.0,0.0,False
523,NL,2026-04-01,1322,262,850.9260000000004,1322,850.9260000000004,6,910.0,910.0,0.0,910.0,910.0,0.0,True
523,NO,2026-04-01,84,15,67.34,84,67.34,0,0.0,0.0,0.0,0.0,0.0,0.0,False
523,NP,2026-04-01,18,2,5.92,18,5.92,0,0.0,0.0,0.0,0.0,0.0,0.0,False
523,NZ,2026-04-01,993,385,1258.7399999999998,993,1258.7399999999998,7,1920.0,1920.0,0.0,1920.0,1920.0,0.0,True
523,OM,2026-04-01,3,1,3.7,3,3.7,0,0.0,0.0,0.0,0.0,0.0,0.0,False
523,PA,2026-04-01,32,10,13.652999999999999,32,13.652999999999999,0,0.0,0.0,0.0,0.0,0.0,0.0,False
523,PE,2026-04-01,3812,1178,233.0999999999995,3812,233.0999999999995,4,460.0,460.0,0.0,460.0,460.0,0.0,True
523,PG,2026-04-01,1,1,5.18,1,5.18,0,0.0,0.0,0.0,0.0,0.0,0.0,False
523,PH,2026-04-01,361,58,119.87999999999998,361,119.87999999999998,0,0.0,0.0,0.0,0.0,0.0,0.0,False
523,PK,2026-04-01,261,33,88.8,261,88.8,0,0.0,0.0,0.0,0.0,0.0,0.0,False
523,PL,2026-04-01,101,11,29.599999999999998,101,29.599999999999998,0,0.0,0.0,0.0,0.0,0.0,0.0,False
523,PR,2026-04-01,109,49,152.80999999999997,109,152.80999999999997,1,150.0,150.0,0.0,150.0,150.0,0.0,False
523,PS,2026-04-01,1,0,0.0,1,0.0,0,0.0,0.0,0.0,0.0,0.0,0.0,False
523,PT,2026-04-01,3101,1405,2827.9100000000035,3101,2827.9100000000035,22,8075.0,8075.0,0.0,8075.0,8075.0,0.0,True
523,PY,2026-04-01,12,1,2.2199999999999998,12,2.2199999999999998,0,0.0,0.0,0.0,0.0,0.0,0.0,False
523,QA,2026-04-01,12,0,0.0,12,0.0,0,0.0,0.0,0.0,0.0,0.0,0.0,False
523,RO,2026-04-01,7,3,8.14,7,8.14,0,0.0,0.0,0.0,0.0,0.0,0.0,False
523,RS,2026-04-01,66,8,28.119999999999997,66,28.119999999999997,0,0.0,0.0,0.0,0.0,0.0,0.0,False
523,RU,2026-04-01,14,3,11.100000000000001,14,11.100000000000001,0,0.0,0.0,0.0,0.0,0.0,0.0,False
523,SA,2026-04-01,49,10,54.760000000000005,49,54.760000000000005,1,65.0,65.0,0.0,65.0,65.0,0.0,False
523,SB,2026-04-01,25,6,22.200000000000003,25,22.200000000000003,0,0.0,0.0,0.0,0.0,0.0,0.0,False
523,SC,2026-04-01,10,3,8.14,10,8.14,0,0.0,0.0,0.0,0.0,0.0,0.0,False
523,SE,2026-04-01,245,77,490.62,245,490.62,2,215.0,215.0,0.0,215.0,215.0,0.0,False
523,SG,2026-04-01,299,37,85.87700000000001,299,85.87700000000001,0,0.0,0.0,0.0,0.0,0.0,0.0,False
523,SK,2026-04-01,2,1,3.7,2,3.7,0,0.0,0.0,0.0,0.0,0.0,0.0,False
523,SL,2026-04-01,1,0,0.0,1,0.0,0,0.0,0.0,0.0,0.0,0.0,0.0,False
523,SN,2026-04-01,63,3,8.14,63,8.14,0,0.0,0.0,0.0,0.0,0.0,0.0,False
523,ST,2026-04-01,1,0,0.0,1,0.0,0,0.0,0.0,0.0,0.0,0.0,0.0,False
523,SV,2026-04-01,20,3,8.14,20,8.14,0,0.0,0.0,0.0,0.0,0.0,0.0,False
523,SX,2026-04-01,4,1,5.92,4,5.92,0,0.0,0.0,0.0,0.0,0.0,0.0,False
523,SZ,2026-04-01,7,1,2.2199999999999998,7,2.2199999999999998,0,0.0,0.0,0.0,0.0,0.0,0.0,False
523,TC,2026-04-01,1,1,2.2199999999999998,1,2.2199999999999998,0,0.0,0.0,0.0,0.0,0.0,0.0,False
523,TD,2026-04-01,81,7,19.979999999999997,81,19.979999999999997,0,0.0,0.0,0.0,0.0,0.0,0.0,False
523,TH,2026-04-01,5,0,0.0,5,0.0,0,0.0,0.0,0.0,0.0,0.0,0.0,False
523,TJ,2026-04-01,4,0,0.0,4,0.0,0,0.0,0.0,0.0,0.0,0.0,0.0,False
523,TK,2026-04-01,1,0,0.0,1,0.0,0,0.0,0.0,0.0,0.0,0.0,0.0,False
523,TL,2026-04-01,2,0,0.0,2,0.0,0,0.0,0.0,0.0,0.0,0.0,0.0,False
523,TM,2026-04-01,1,0,0.0,1,0.0,0,0.0,0.0,0.0,0.0,0.0,0.0,False
523,TO,2026-04-01,1,0,0.0,1,0.0,0,0.0,0.0,0.0,0.0,0.0,0.0,False
523,TR,2026-04-01,247,28,109.52000000000001,247,109.52000000000001,0,0.0,0.0,0.0,0.0,0.0,0.0,False
523,TT,2026-04-01,29,12,39.22,29,39.22,0,0.0,0.0,0.0,0.0,0.0,0.0,False
523,TV,2026-04-01,1,0,0.0,1,0.0,0,0.0,0.0,0.0,0.0,0.0,0.0,False
523,TW,2026-04-01,696,197,52.984000000000016,696,52.984000000000016,1,65.0,65.0,0.0,65.0,65.0,0.0,True
523,TZ,2026-04-01,3,0,0.0,3,0.0,0,0.0,0.0,0.0,0.0,0.0,0.0,False
523,UA,2026-04-01,2,1,3.7,2,3.7,0,0.0,0.0,0.0,0.0,0.0,0.0,False
523,UG,2026-04-01,11,1,3.7,11,3.7,0,0.0,0.0,0.0,0.0,0.0,0.0,False
523,UNKNOWN,2026-04-01,4,0,0.0,4,0.0,0,0.0,0.0,0.0,0.0,0.0,0.0,False
523,US,2026-04-01,52710,22866,104930.11300000112,52710,104930.11300000112,622,520980.0,520080.0,900.0,520980.0,520080.0,900.0,True
523,UZ,2026-04-01,24,3,9.620000000000001,24,9.620000000000001,0,0.0,0.0,0.0,0.0,0.0,0.0,False
523,VI,2026-04-01,1,1,2.2199999999999998,1,2.2199999999999998,0,0.0,0.0,0.0,0.0,0.0,0.0,False
523,VN,2026-04-01,2042,324,87.83800000000006,2042,87.83800000000006,0,0.0,0.0,0.0,0.0,0.0,0.0,True
523,VU,2026-04-01,2,0,0.0,2,0.0,0,0.0,0.0,0.0,0.0,0.0,0.0,False
523,WS,2026-04-01,1,0,0.0,1,0.0,0,0.0,0.0,0.0,0.0,0.0,0.0,False
523,YT,2026-04-01,4,0,0.0,4,0.0,0,0.0,0.0,0.0,0.0,0.0,0.0,False
523,ZA,2026-04-01,15,1,3.7,15,3.7,0,0.0,0.0,0.0,0.0,0.0,0.0,False
523,ZM,2026-04-01,42,10,31.819999999999997,42,31.819999999999997,0,0.0,0.0,0.0,0.0,0.0,0.0,False
612,AD,2026-04-01,1,0,0.0,1,0.0,0,0.0,0.0,0.0,0.0,0.0,0.0,False
612,AE,2026-04-01,5,0,0.0,5,0.0,0,0.0,0.0,0.0,0.0,0.0,0.0,False
612,AL,2026-04-01,1,0,0.0,1,0.0,0,0.0,0.0,0.0,0.0,0.0,0.0,False
612,AM,2026-04-01,2,0,0.0,2,0.0,0,0.0,0.0,0.0,0.0,0.0,0.0,False
612,AO,2026-04-01,2,0,0.0,2,0.0,1,65.0,0.0,65.0,65.0,0.0,65.0,False
612,AR,2026-04-01,1,0,0.0,1,0.0,0,0.0,0.0,0.0,0.0,0.0,0.0,False
612,AT,2026-04-01,10,0,0.0,10,0.0,0,0.0,0.0,0.0,0.0,0.0,0.0,False
612,AU,2026-04-01,775,20,11581.0,775,11581.0,33,8590.0,5645.0,2945.0,8590.0,5645.0,2945.0,True
612,AX,2026-04-01,2,1,629.0,2,629.0,1,150.0,150.0,0.0,150.0,150.0,0.0,False
612,BB,2026-04-01,1,0,0.0,1,0.0,0,0.0,0.0,0.0,0.0,0.0,0.0,False
612,BD,2026-04-01,3,0,0.0,3,0.0,0,0.0,0.0,0.0,0.0,0.0,0.0,False
612,BE,2026-04-01,66,0,0.0,66,0.0,1,165.0,0.0,165.0,165.0,0.0,165.0,False
612,BG,2026-04-01,1,0,0.0,1,0.0,0,0.0,0.0,0.0,0.0,0.0,0.0,False
612,BO,2026-04-01,1,0,0.0,1,0.0,0,0.0,0.0,0.0,0.0,0.0,0.0,False
612,BR,2026-04-01,3,0,0.0,3,0.0,0,0.0,0.0,0.0,0.0,0.0,0.0,False
612,CA,2026-04-01,799,8,4325.3,799,4325.3,15,2185.0,1415.0,770.0,2185.0,1415.0,770.0,True
612,CH,2026-04-01,14,0,0.0,14,0.0,0,0.0,0.0,0.0,0.0,0.0,0.0,False
612,CI,2026-04-01,2,0,0.0,2,0.0,0,0.0,0.0,0.0,0.0,0.0,0.0,False
612,CM,2026-04-01,2,0,0.0,2,0.0,0,0.0,0.0,0.0,0.0,0.0,0.0,False
612,CN,2026-04-01,6,0,0.0,6,0.0,0,0.0,0.0,0.0,0.0,0.0,0.0,False
612,CO,2026-04-01,1,0,0.0,1,0.0,0,0.0,0.0,0.0,0.0,0.0,0.0,False
612,CR,2026-04-01,1,0,0.0,1,0.0,0,0.0,0.0,0.0,0.0,0.0,0.0,False
612,CY,2026-04-01,1,0,0.0,1,0.0,0,0.0,0.0,0.0,0.0,0.0,0.0,False
612,CZ,2026-04-01,1,0,0.0,1,0.0,0,0.0,0.0,0.0,0.0,0.0,0.0,False
612,DE,2026-04-01,76,3,1184.0,76,1184.0,4,445.0,380.0,65.0,445.0,380.0,65.0,False
612,DK,2026-04-01,116,1,777.0,116,777.0,1,65.0,65.0,0.0,65.0,65.0,0.0,False
612,DZ,2026-04-01,2,0,0.0,2,0.0,0,0.0,0.0,0.0,0.0,0.0,0.0,False
612,ES,2026-04-01,271,0,0.0,271,0.0,0,0.0,0.0,0.0,0.0,0.0,0.0,False
612,FI,2026-04-01,82,0,0.0,82,0.0,0,0.0,0.0,0.0,0.0,0.0,0.0,False
612,FR,2026-04-01,20,0,0.0,20,0.0,0,0.0,0.0,0.0,0.0,0.0,0.0,False
612,GA,2026-04-01,3,0,0.0,3,0.0,0,0.0,0.0,0.0,0.0,0.0,0.0,False
612,GB,2026-04-01,989,19,8946.6,989,8946.6,28,3715.0,3370.0,345.0,3715.0,3370.0,345.0,True
612,GE,2026-04-01,1,0,0.0,1,0.0,0,0.0,0.0,0.0,0.0,0.0,0.0,False
612,GR,2026-04-01,2,0,0.0,2,0.0,0,0.0,0.0,0.0,0.0,0.0,0.0,False
612,GT,2026-04-01,1,0,0.0,1,0.0,0,0.0,0.0,0.0,0.0,0.0,0.0,False
612,HK,2026-04-01,4,0,0.0,4,0.0,0,0.0,0.0,0.0,0.0,0.0,0.0,False
612,ID,2026-04-01,4,0,0.0,4,0.0,0,0.0,0.0,0.0,0.0,0.0,0.0,False
612,IE,2026-04-01,52,1,384.8,52,384.8,3,280.0,280.0,0.0,280.0,280.0,0.0,False
612,IL,2026-04-01,1,0,0.0,1,0.0,0,0.0,0.0,0.0,0.0,0.0,0.0,False
612,IN,2026-04-01,21,0,0.0,21,0.0,0,0.0,0.0,0.0,0.0,0.0,0.0,False
612,IT,2026-04-01,11,0,0.0,11,0.0,0,0.0,0.0,0.0,0.0,0.0,0.0,False
612,JE,2026-04-01,1,0,0.0,1,0.0,0,0.0,0.0,0.0,0.0,0.0,0.0,False
612,JM,2026-04-01,2,0,0.0,2,0.0,0,0.0,0.0,0.0,0.0,0.0,0.0,False
612,JO,2026-04-01,1,0,0.0,1,0.0,0,0.0,0.0,0.0,0.0,0.0,0.0,False
612,JP,2026-04-01,2,0,0.0,2,0.0,0,0.0,0.0,0.0,0.0,0.0,0.0,False
612,KE,2026-04-01,5,0,0.0,5,0.0,0,0.0,0.0,0.0,0.0,0.0,0.0,False
612,KM,2026-04-01,1,0,0.0,1,0.0,0,0.0,0.0,0.0,0.0,0.0,0.0,False
612,LK,2026-04-01,1,0,0.0,1,0.0,0,0.0,0.0,0.0,0.0,0.0,0.0,False
612,LU,2026-04-01,5,0,0.0,5,0.0,0,0.0,0.0,0.0,0.0,0.0,0.0,False
612,MA,2026-04-01,2,0,0.0,2,0.0,0,0.0,0.0,0.0,0.0,0.0,0.0,False
612,MC,2026-04-01,1,0,0.0,1,0.0,0,0.0,0.0,0.0,0.0,0.0,0.0,False
612,MW,2026-04-01,1,0,0.0,1,0.0,0,0.0,0.0,0.0,0.0,0.0,0.0,False
612,MX,2026-04-01,19,1,610.5,19,610.5,1,65.0,65.0,0.0,65.0,65.0,0.0,False
612,MY,2026-04-01,1,0,0.0,1,0.0,0,0.0,0.0,0.0,0.0,0.0,0.0,False
612,MZ,2026-04-01,1,0,0.0,1,0.0,0,0.0,0.0,0.0,0.0,0.0,0.0,False
612,NL,2026-04-01,871,4,1568.8,871,1568.8,7,710.0,515.0,195.0,710.0,515.0,195.0,True
612,NO,2026-04-01,197,3,1531.8,197,1531.8,4,555.0,490.0,65.0,555.0,490.0,65.0,False
612,NZ,2026-04-01,209,8,3674.1,209,3674.1,14,1340.0,840.0,500.0,1340.0,840.0,500.0,False
612,OM,2026-04-01,1,0,0.0,1,0.0,0,0.0,0.0,0.0,0.0,0.0,0.0,False
612,PE,2026-04-01,1,0,0.0,1,0.0,0,0.0,0.0,0.0,0.0,0.0,0.0,False
612,PH,2026-04-01,6,1,610.5,6,610.5,1,150.0,0.0,150.0,150.0,0.0,150.0,False
612,PK,2026-04-01,13,0,0.0,13,0.0,0,0.0,0.0,0.0,0.0,0.0,0.0,False
612,PL,2026-04-01,3,0,0.0,3,0.0,0,0.0,0.0,0.0,0.0,0.0,0.0,False
612,PR,2026-04-01,4,0,0.0,4,0.0,0,0.0,0.0,0.0,0.0,0.0,0.0,False
612,PT,2026-04-01,18,0,0.0,18,0.0,0,0.0,0.0,0.0,0.0,0.0,0.0,False
612,QA,2026-04-01,2,0,0.0,2,0.0,0,0.0,0.0,0.0,0.0,0.0,0.0,False
612,RO,2026-04-01,6,0,0.0,6,0.0,0,0.0,0.0,0.0,0.0,0.0,0.0,False
612,RS,2026-04-01,4,0,0.0,4,0.0,0,0.0,0.0,0.0,0.0,0.0,0.0,False
612,RW,2026-04-01,1,0,0.0,1,0.0,0,0.0,0.0,0.0,0.0,0.0,0.0,False
612,SA,2026-04-01,6,0,0.0,6,0.0,0,0.0,0.0,0.0,0.0,0.0,0.0,False
612,SE,2026-04-01,233,2,1406.0,233,1406.0,1,340.0,340.0,0.0,340.0,340.0,0.0,False
612,SG,2026-04-01,13,0,0.0,13,0.0,0,0.0,0.0,0.0,0.0,0.0,0.0,False
612,TH,2026-04-01,3,0,0.0,3,0.0,0,0.0,0.0,0.0,0.0,0.0,0.0,False
612,TJ,2026-04-01,1,0,0.0,1,0.0,0,0.0,0.0,0.0,0.0,0.0,0.0,False
612,TR,2026-04-01,3,0,0.0,3,0.0,0,0.0,0.0,0.0,0.0,0.0,0.0,False
612,TT,2026-04-01,1,0,0.0,1,0.0,0,0.0,0.0,0.0,0.0,0.0,0.0,False
612,TZ,2026-04-01,5,0,0.0,5,0.0,0,0.0,0.0,0.0,0.0,0.0,0.0,False
612,UG,2026-04-01,5,0,0.0,5,0.0,0,0.0,0.0,0.0,0.0,0.0,0.0,False
612,UNKNOWN,2026-04-01,7,0,0.0,7,0.0,0,0.0,0.0,0.0,0.0,0.0,0.0,False
612,US,2026-04-01,6754,174,90233.37999999999,6754,90233.37999999999,238,43515.0,37435.0,6080.0,43515.0,37435.0,6080.0,True
612,VI,2026-04-01,1,0,0.0,1,0.0,0,0.0,0.0,0.0,0.0,0.0,0.0,False
612,VN,2026-04-01,1,0,0.0,1,0.0,0,0.0,0.0,0.0,0.0,0.0,0.0,False
612,ZM,2026-04-01,1,0,0.0,1,0.0,0,0.0,0.0,0.0,0.0,0.0,0.0,False
719,AE,2026-04-01,1,1,18.5,1,18.5,0,0.0,0.0,0.0,0.0,0.0,0.0,False
719,AI,2026-04-01,2,2,37.0,2,37.0,0,0.0,0.0,0.0,0.0,0.0,0.0,False
719,AL,2026-04-01,1,1,8.14,1,8.14,1,575.0,575.0,0.0,575.0,575.0,0.0,False
719,AO,2026-04-01,1,0,0.0,1,0.0,0,0.0,0.0,0.0,0.0,0.0,0.0,False
719,AT,2026-04-01,1,1,9.62,1,9.62,0,0.0,0.0,0.0,0.0,0.0,0.0,False
719,AU,2026-04-01,1818,1336,20854.679999999997,1818,20854.679999999997,75,38420.0,38420.0,0.0,38420.0,38420.0,0.0,True
719,AX,2026-04-01,4,4,55.5,4,55.5,1,325.0,325.0,0.0,325.0,325.0,0.0,False
719,BD,2026-04-01,1,0,0.0,1,0.0,0,0.0,0.0,0.0,0.0,0.0,0.0,False
719,BG,2026-04-01,1,1,28.86,1,28.86,0,0.0,0.0,0.0,0.0,0.0,0.0,False
719,BL,2026-04-01,1,1,31.08,1,31.08,1,1780.0,1780.0,0.0,1780.0,1780.0,0.0,False
719,BR,2026-04-01,1,0,0.0,1,0.0,0,0.0,0.0,0.0,0.0,0.0,0.0,False
719,CA,2026-04-01,1734,1301,20205.700000000008,1734,20205.700000000008,48,107035.0,106685.0,350.0,107035.0,106685.0,350.0,True
719,CH,2026-04-01,2,1,28.86,2,28.86,0,0.0,0.0,0.0,0.0,0.0,0.0,False
719,CL,2026-04-01,1,1,18.5,1,18.5,0,0.0,0.0,0.0,0.0,0.0,0.0,False
719,CM,2026-04-01,1,0,0.0,1,0.0,0,0.0,0.0,0.0,0.0,0.0,0.0,False
719,CN,2026-04-01,1,1,28.86,1,28.86,0,0.0,0.0,0.0,0.0,0.0,0.0,False
719,CO,2026-04-01,1,0,0.0,1,0.0,0,0.0,0.0,0.0,0.0,0.0,0.0,False
719,DE,2026-04-01,4,4,79.92,4,79.92,0,0.0,0.0,0.0,0.0,0.0,0.0,False
719,EE,2026-04-01,1,0,0.0,1,0.0,0,0.0,0.0,0.0,0.0,0.0,0.0,False
719,ES,2026-04-01,5,5,93.97999999999999,5,93.97999999999999,0,0.0,0.0,0.0,0.0,0.0,0.0,False
719,FR,2026-04-01,10,5,85.1,10,85.1,0,0.0,0.0,0.0,0.0,0.0,0.0,False
719,GB,2026-04-01,3518,2672,40316.68000000004,3518,40316.68000000004,143,77765.0,77480.0,285.0,77765.0,77480.0,285.0,True
719,GH,2026-04-01,1,1,18.5,1,18.5,0,0.0,0.0,0.0,0.0,0.0,0.0,False
719,GR,2026-04-01,1,1,28.86,1,28.86,0,0.0,0.0,0.0,0.0,0.0,0.0,False
719,HR,2026-04-01,1,1,18.5,1,18.5,0,0.0,0.0,0.0,0.0,0.0,0.0,False
719,IE,2026-04-01,8,7,122.84,8,122.84,0,0.0,0.0,0.0,0.0,0.0,0.0,False
719,IN,2026-04-01,6,3,55.5,6,55.5,0,0.0,0.0,0.0,0.0,0.0,0.0,False
719,IT,2026-04-01,1,1,18.5,1,18.5,0,0.0,0.0,0.0,0.0,0.0,0.0,False
719,JM,2026-04-01,1,1,5.92,1,5.92,0,0.0,0.0,0.0,0.0,0.0,0.0,False
719,JP,2026-04-01,1,1,18.5,1,18.5,0,0.0,0.0,0.0,0.0,0.0,0.0,False
719,KE,2026-04-01,2,2,37.0,2,37.0,0,0.0,0.0,0.0,0.0,0.0,0.0,False
719,KY,2026-04-01,1,1,28.86,1,28.86,0,0.0,0.0,0.0,0.0,0.0,0.0,False
719,MU,2026-04-01,1,0,0.0,1,0.0,0,0.0,0.0,0.0,0.0,0.0,0.0,False
719,MX,2026-04-01,6,5,71.78,6,71.78,0,0.0,0.0,0.0,0.0,0.0,0.0,False
719,MY,2026-04-01,2,2,37.0,2,37.0,0,0.0,0.0,0.0,0.0,0.0,0.0,False
719,NL,2026-04-01,12,8,153.92000000000002,12,153.92000000000002,0,0.0,0.0,0.0,0.0,0.0,0.0,False
719,NZ,2026-04-01,534,387,5712.799999999998,534,5712.799999999998,10,14990.0,14865.0,125.0,14990.0,14865.0,125.0,True
719,PL,2026-04-01,1,1,18.5,1,18.5,0,0.0,0.0,0.0,0.0,0.0,0.0,False
719,PR,2026-04-01,4,2,37.0,4,37.0,1,335.0,335.0,0.0,335.0,335.0,0.0,False
719,RO,2026-04-01,3,2,37.0,3,37.0,0,0.0,0.0,0.0,0.0,0.0,0.0,False
719,SE,2026-04-01,1,0,0.0,1,0.0,0,0.0,0.0,0.0,0.0,0.0,0.0,False
719,SG,2026-04-01,5,3,55.5,5,55.5,0,0.0,0.0,0.0,0.0,0.0,0.0,False
719,TR,2026-04-01,3,2,37.0,3,37.0,1,110.0,110.0,0.0,110.0,110.0,0.0,False
719,TW,2026-04-01,1,0,0.0,1,0.0,0,0.0,0.0,0.0,0.0,0.0,0.0,False
719,US,2026-04-01,10625,8177,152294.58999999973,10625,152294.58999999973,460,764625.0,759980.0,4645.0,764625.0,759980.0,4645.0,True
719,ZA,2026-04-01,5,2,47.36,5,47.36,0,0.0,0.0,0.0,0.0,0.0,0.0,False
730,AD,2026-04-01,2,2,15.540000000000001,2,15.540000000000001,0,0.0,0.0,0.0,0.0,0.0,0.0,False
730,AT,2026-04-01,28,24,392.20000000000005,28,392.20000000000005,1,265.0,265.0,0.0,265.0,265.0,0.0,False
730,AU,2026-04-01,390,311,5978.459999999997,390,5978.459999999997,27,12705.0,12660.0,45.0,12705.0,12660.0,45.0,False
730,AX,2026-04-01,3,3,44.400000000000006,3,44.400000000000006,0,0.0,0.0,0.0,0.0,0.0,0.0,False
730,BE,2026-04-01,196,142,2538.2000000000007,196,2538.2000000000007,8,3570.0,3570.0,0.0,3570.0,3570.0,0.0,False
730,BG,2026-04-01,1,1,14.8,1,14.8,0,0.0,0.0,0.0,0.0,0.0,0.0,False
730,BR,2026-04-01,8977,7215,10127.640000000058,8977,10127.640000000058,233,130960.0,129840.0,1120.0,130960.0,129840.0,1120.0,True
730,BT,2026-04-01,1,1,0.74,1,0.74,0,0.0,0.0,0.0,0.0,0.0,0.0,False
730,CA,2026-04-01,249,195,3813.2200000000003,249,3813.2200000000003,12,4740.0,4740.0,0.0,4740.0,4740.0,0.0,False
730,CH,2026-04-01,48,34,621.5999999999999,48,621.5999999999999,3,395.0,395.0,0.0,395.0,395.0,0.0,False
730,CL,2026-04-01,1,0,0.0,1,0.0,0,0.0,0.0,0.0,0.0,0.0,0.0,False
730,CO,2026-04-01,1,1,0.74,1,0.74,0,0.0,0.0,0.0,0.0,0.0,0.0,False
730,CY,2026-04-01,1,0,0.0,1,0.0,0,0.0,0.0,0.0,0.0,0.0,0.0,False
730,DE,2026-04-01,338,250,5024.5999999999985,338,5024.5999999999985,15,3570.0,3470.0,100.0,3570.0,3470.0,100.0,False
730,DK,2026-04-01,177,136,2575.2000000000007,177,2575.2000000000007,5,5740.0,5740.0,0.0,5740.0,5740.0,0.0,False
730,DZ,2026-04-01,1,1,14.8,1,14.8,1,950.0,950.0,0.0,950.0,950.0,0.0,False
730,ES,2026-04-01,13,11,164.28000000000003,13,164.28000000000003,1,335.0,335.0,0.0,335.0,335.0,0.0,False
730,FI,2026-04-01,63,39,725.1999999999998,63,725.1999999999998,3,2030.0,2000.0,30.0,2030.0,2000.0,30.0,False
730,FR,2026-04-01,4,4,89.53999999999999,4,89.53999999999999,0,0.0,0.0,0.0,0.0,0.0,0.0,False
730,GB,2026-04-01,498,387,7651.599999999998,498,7651.599999999998,23,6145.0,6080.0,65.0,6145.0,6080.0,65.0,False
730,GF,2026-04-01,2,1,0.74,2,0.74,0,0.0,0.0,0.0,0.0,0.0,0.0,False
730,GR,2026-04-01,2,2,15.540000000000001,2,15.540000000000001,0,0.0,0.0,0.0,0.0,0.0,0.0,False
730,GY,2026-04-01,1,0,0.0,1,0.0,0,0.0,0.0,0.0,0.0,0.0,0.0,False
730,HU,2026-04-01,1,0,0.0,1,0.0,0,0.0,0.0,0.0,0.0,0.0,0.0,False
730,IN,2026-04-01,2,0,0.0,2,0.0,0,0.0,0.0,0.0,0.0,0.0,0.0,False
730,IS,2026-04-01,8,6,96.19999999999999,8,96.19999999999999,1,195.0,195.0,0.0,195.0,195.0,0.0,False
730,IT,2026-04-01,4,4,53.28,4,53.28,1,65.0,65.0,0.0,65.0,65.0,0.0,False
730,JP,2026-04-01,1,1,14.8,1,14.8,0,0.0,0.0,0.0,0.0,0.0,0.0,False
730,KH,2026-04-01,2,2,51.8,2,51.8,1,240.0,240.0,0.0,240.0,240.0,0.0,False
730,LU,2026-04-01,1,1,14.8,1,14.8,0,0.0,0.0,0.0,0.0,0.0,0.0,False
730,MA,2026-04-01,1,1,14.8,1,14.8,0,0.0,0.0,0.0,0.0,0.0,0.0,False
730,MC,2026-04-01,1,1,0.74,1,0.74,0,0.0,0.0,0.0,0.0,0.0,0.0,False
730,MX,2026-04-01,1,1,14.8,1,14.8,0,0.0,0.0,0.0,0.0,0.0,0.0,False
730,NL,2026-04-01,5,5,10.360000000000001,5,10.360000000000001,0,0.0,0.0,0.0,0.0,0.0,0.0,False
730,NO,2026-04-01,87,60,1161.8,87,1161.8,4,815.0,815.0,0.0,815.0,815.0,0.0,False
730,NZ,2026-04-01,112,94,1798.2000000000003,112,1798.2000000000003,4,1985.0,1985.0,0.0,1985.0,1985.0,0.0,False
730,PG,2026-04-01,1,0,0.0,1,0.0,0,0.0,0.0,0.0,0.0,0.0,0.0,False
730,PH,2026-04-01,3,3,66.6,3,66.6,0,0.0,0.0,0.0,0.0,0.0,0.0,False
730,PT,2026-04-01,8,5,68.07999999999998,8,68.07999999999998,1,65.0,65.0,0.0,65.0,65.0,0.0,False
730,PY,2026-04-01,3,3,2.2199999999999998,3,2.2199999999999998,1,2770.0,2725.0,45.0,2770.0,2725.0,45.0,False
730,RO,2026-04-01,3,2,37.0,3,37.0,0,0.0,0.0,0.0,0.0,0.0,0.0,False
730,SE,2026-04-01,157,115,2338.4000000000005,157,2338.4000000000005,11,12645.0,12645.0,0.0,12645.0,12645.0,0.0,False
730,SG,2026-04-01,4,2,37.74,4,37.74,1,150.0,150.0,0.0,150.0,150.0,0.0,False
730,SN,2026-04-01,1,1,0.74,1,0.74,0,0.0,0.0,0.0,0.0,0.0,0.0,False
730,TH,2026-04-01,7,5,111.0,7,111.0,1,150.0,150.0,0.0,150.0,150.0,0.0,False
730,UNKNOWN,2026-04-01,3,3,44.400000000000006,3,44.400000000000006,0,0.0,0.0,0.0,0.0,0.0,0.0,False
730,US,2026-04-01,1529,1206,23677.780000000013,1529,23677.780000000013,93,76090.0,75795.0,295.0,76090.0,75795.0,295.0,True
730,ZA,2026-04-01,1,0,0.0,1,0.0,0,0.0,0.0,0.0,0.0,0.0,0.0,False
833,AD,2026-04-01,1,0,0.0,1,0.0,0,0.0,0.0,0.0,0.0,0.0,0.0,False
833,AE,2026-04-01,1,0,0.0,1,0.0,0,0.0,0.0,0.0,0.0,0.0,0.0,False
833,AG,2026-04-01,1,0,0.0,1,0.0,0,0.0,0.0,0.0,0.0,0.0,0.0,False
833,AI,2026-04-01,1,0,0.0,1,0.0,0,0.0,0.0,0.0,0.0,0.0,0.0,False
833,AL,2026-04-01,5,2,11.84,5,11.84,0,0.0,0.0,0.0,0.0,0.0,0.0,False
833,AO,2026-04-01,3,0,0.0,3,0.0,0,0.0,0.0,0.0,0.0,0.0,0.0,False
833,AQ,2026-04-01,1,1,9.62,1,9.62,0,0.0,0.0,0.0,0.0,0.0,0.0,False
833,AR,2026-04-01,2,0,0.0,2,0.0,0,0.0,0.0,0.0,0.0,0.0,0.0,False
833,AS,2026-04-01,3,0,0.0,3,0.0,0,0.0,0.0,0.0,0.0,0.0,0.0,False
833,AT,2026-04-01,5,2,15.54,5,15.54,0,0.0,0.0,0.0,0.0,0.0,0.0,False
833,AU,2026-04-01,10734,4166,31241.32,10734,31241.32,164,201470.0,199280.0,2190.0,201470.0,199280.0,2190.0,True
833,AW,2026-04-01,1,0,0.0,1,0.0,0,0.0,0.0,0.0,0.0,0.0,0.0,False
833,AX,2026-04-01,5,1,9.62,5,9.62,1,110.0,110.0,0.0,110.0,110.0,0.0,False
833,BE,2026-04-01,44,18,113.96000000000001,44,113.96000000000001,0,0.0,0.0,0.0,0.0,0.0,0.0,False
833,BQ,2026-04-01,1,1,9.62,1,9.62,0,0.0,0.0,0.0,0.0,0.0,0.0,False
833,BR,2026-04-01,3,0,0.0,3,0.0,0,0.0,0.0,0.0,0.0,0.0,0.0,False
833,CA,2026-04-01,15979,5367,41679.759999999806,15979,41679.759999999806,175,145650.0,145325.0,325.0,145650.0,145325.0,325.0,True
833,CM,2026-04-01,2,1,4.81,2,4.81,0,0.0,0.0,0.0,0.0,0.0,0.0,False
833,CO,2026-04-01,2,0,0.0,2,0.0,0,0.0,0.0,0.0,0.0,0.0,0.0,False
833,CR,2026-04-01,5,1,9.62,5,9.62,0,0.0,0.0,0.0,0.0,0.0,0.0,False
833,CV,2026-04-01,1,0,0.0,1,0.0,0,0.0,0.0,0.0,0.0,0.0,0.0,False
833,CY,2026-04-01,2,1,9.62,2,9.62,0,0.0,0.0,0.0,0.0,0.0,0.0,False
833,CZ,2026-04-01,1,0,0.0,1,0.0,0,0.0,0.0,0.0,0.0,0.0,0.0,False
833,DO,2026-04-01,1,0,0.0,1,0.0,0,0.0,0.0,0.0,0.0,0.0,0.0,False
833,DZ,2026-04-01,2,1,9.62,2,9.62,1,65.0,65.0,0.0,65.0,65.0,0.0,False
833,ES,2026-04-01,1,1,9.62,1,9.62,0,0.0,0.0,0.0,0.0,0.0,0.0,False
833,FR,2026-04-01,4,0,0.0,4,0.0,0,0.0,0.0,0.0,0.0,0.0,0.0,False
833,GB,2026-04-01,18918,6530,50886.46999999962,18918,50886.46999999962,219,64550.0,64315.0,235.0,64550.0,64315.0,235.0,True
833,GE,2026-04-01,3,2,14.059999999999999,3,14.059999999999999,0,0.0,0.0,0.0,0.0,0.0,0.0,False
833,GN,2026-04-01,1,0,0.0,1,0.0,0,0.0,0.0,0.0,0.0,0.0,0.0,False
833,GR,2026-04-01,1,0,0.0,1,0.0,0,0.0,0.0,0.0,0.0,0.0,0.0,False
833,HR,2026-04-01,1,0,0.0,1,0.0,0,0.0,0.0,0.0,0.0,0.0,0.0,False
833,IE,2026-04-01,1806,601,3746.2499999999973,1806,3746.2499999999973,25,5890.0,5090.0,800.0,5890.0,5090.0,800.0,True
833,IN,2026-04-01,2,1,9.62,2,9.62,1,8665.0,8665.0,0.0,8665.0,8665.0,0.0,False
833,IS,2026-04-01,1,0,0.0,1,0.0,0,0.0,0.0,0.0,0.0,0.0,0.0,False
833,KY,2026-04-01,2,2,14.43,2,14.43,0,0.0,0.0,0.0,0.0,0.0,0.0,False
833,LV,2026-04-01,1,0,0.0,1,0.0,0,0.0,0.0,0.0,0.0,0.0,0.0,False
833,MQ,2026-04-01,1,0,0.0,1,0.0,0,0.0,0.0,0.0,0.0,0.0,0.0,False
833,MX,2026-04-01,5,3,24.049999999999997,5,24.049999999999997,0,0.0,0.0,0.0,0.0,0.0,0.0,False
833,MY,2026-04-01,1,0,0.0,1,0.0,0,0.0,0.0,0.0,0.0,0.0,0.0,False
833,NL,2026-04-01,20,5,31.82,20,31.82,0,0.0,0.0,0.0,0.0,0.0,0.0,False
833,NZ,2026-04-01,3390,1040,6086.4999999999945,3390,6086.4999999999945,27,5160.0,5160.0,0.0,5160.0,5160.0,0.0,True
833,PE,2026-04-01,2,1,4.81,2,4.81,0,0.0,0.0,0.0,0.0,0.0,0.0,False
833,PL,2026-04-01,1,0,0.0,1,0.0,0,0.0,0.0,0.0,0.0,0.0,0.0,False
833,PR,2026-04-01,44,16,81.03,44,81.03,0,0.0,0.0,0.0,0.0,0.0,0.0,False
833,RO,2026-04-01,1,0,0.0,1,0.0,0,0.0,0.0,0.0,0.0,0.0,0.0,False
833,SC,2026-04-01,2,0,0.0,2,0.0,0,0.0,0.0,0.0,0.0,0.0,0.0,False
833,SE,2026-04-01,2,1,4.4399999999999995,2,4.4399999999999995,0,0.0,0.0,0.0,0.0,0.0,0.0,False
833,SG,2026-04-01,1,0,0.0,1,0.0,0,0.0,0.0,0.0,0.0,0.0,0.0,False
833,SN,2026-04-01,1,0,0.0,1,0.0,0,0.0,0.0,0.0,0.0,0.0,0.0,False
833,SV,2026-04-01,3,0,0.0,3,0.0,0,0.0,0.0,0.0,0.0,0.0,0.0,False
833,TH,2026-04-01,1,0,0.0,1,0.0,0,0.0,0.0,0.0,0.0,0.0,0.0,False
833,UNKNOWN,2026-04-01,5,2,12.21,5,12.21,0,0.0,0.0,0.0,0.0,0.0,0.0,False
833,US,2026-04-01,136150,50323,374161.7600000082,136150,374161.7600000082,1523,1510265.0,1505100.0,5165.0,1510265.0,1505100.0,5165.0,True
833,VI,2026-04-01,2,0,0.0,2,0.0,0,0.0,0.0,0.0,0.0,0.0,0.0,False
833,ZA,2026-04-01,1,0,0.0,1,0.0,0,0.0,0.0,0.0,0.0,0.0,0.0,False
851,AE,2026-04-01,471,52,33.152,471,33.152,0,0.0,0.0,0.0,0.0,0.0,0.0,False
851,AG,2026-04-01,11,2,1.48,11,1.48,1,65.0,65.0,0.0,65.0,65.0,0.0,False
851,AL,2026-04-01,59,11,8.14,59,8.14,1,65.0,65.0,0.0,65.0,65.0,0.0,False
851,AM,2026-04-01,3,0,0.0,3,0.0,0,0.0,0.0,0.0,0.0,0.0,0.0,False
851,AR,2026-04-01,2596,784,1387.2779999999998,2596,1387.2779999999998,2,130.0,130.0,0.0,130.0,130.0,0.0,True
851,AT,2026-04-01,4,1,2.2199999999999998,4,2.2199999999999998,0,0.0,0.0,0.0,0.0,0.0,0.0,False
851,AU,2026-04-01,968,311,1373.2179999999994,968,1373.2179999999994,10,1310.0,1310.0,0.0,1310.0,1310.0,0.0,True
851,AX,2026-04-01,2,1,2.2199999999999998,2,2.2199999999999998,0,0.0,0.0,0.0,0.0,0.0,0.0,False
851,AZ,2026-04-01,47,7,4.736000000000001,47,4.736000000000001,0,0.0,0.0,0.0,0.0,0.0,0.0,False
851,BB,2026-04-01,10,4,2.96,10,2.96,0,0.0,0.0,0.0,0.0,0.0,0.0,False
851,BD,2026-04-01,7,1,2.2199999999999998,7,2.2199999999999998,0,0.0,0.0,0.0,0.0,0.0,0.0,False
851,BE,2026-04-01,281,74,201.724,281,201.724,4,470.0,470.0,0.0,470.0,470.0,0.0,False
851,BF,2026-04-01,3,0,0.0,3,0.0,0,0.0,0.0,0.0,0.0,0.0,0.0,False
851,BG,2026-04-01,37,4,7.4,37,7.4,0,0.0,0.0,0.0,0.0,0.0,0.0,False
851,BH,2026-04-01,2,0,0.0,2,0.0,0,0.0,0.0,0.0,0.0,0.0,0.0,False
851,BJ,2026-04-01,14,1,0.74,14,0.74,0,0.0,0.0,0.0,0.0,0.0,0.0,False
851,BN,2026-04-01,2,0,0.0,2,0.0,0,0.0,0.0,0.0,0.0,0.0,0.0,False
851,BO,2026-04-01,95,16,15.909999999999998,95,15.909999999999998,0,0.0,0.0,0.0,0.0,0.0,0.0,False
851,BR,2026-04-01,488,88,97.12500000000003,488,97.12500000000003,0,0.0,0.0,0.0,0.0,0.0,0.0,False
851,BS,2026-04-01,5,1,1.48,5,1.48,0,0.0,0.0,0.0,0.0,0.0,0.0,False
851,BW,2026-04-01,5,0,0.0,5,0.0,0,0.0,0.0,0.0,0.0,0.0,0.0,False
851,BZ,2026-04-01,7,2,1.48,7,1.48,0,0.0,0.0,0.0,0.0,0.0,0.0,False
851,CA,2026-04-01,462,85,270.09999999999997,462,270.09999999999997,4,1800.0,1800.0,0.0,1800.0,1800.0,0.0,False
851,CH,2026-04-01,49,11,21.607999999999997,49,21.607999999999997,0,0.0,0.0,0.0,0.0,0.0,0.0,False
851,CL,2026-04-01,1381,545,399.8960000000002,1381,399.8960000000002,10,1295.0,1295.0,0.0,1295.0,1295.0,0.0,True
851,CN,2026-04-01,32,0,0.0,32,0.0,0,0.0,0.0,0.0,0.0,0.0,0.0,False
851,CO,2026-04-01,123,25,18.5,123,18.5,0,0.0,0.0,0.0,0.0,0.0,0.0,False
851,CR,2026-04-01,171,33,43.808,171,43.808,0,0.0,0.0,0.0,0.0,0.0,0.0,False
851,CV,2026-04-01,2,0,0.0,2,0.0,0,0.0,0.0,0.0,0.0,0.0,0.0,False
851,CY,2026-04-01,26,9,6.66,26,6.66,0,0.0,0.0,0.0,0.0,0.0,0.0,False
851,CZ,2026-04-01,92,30,73.70400000000001,92,73.70400000000001,0,0.0,0.0,0.0,0.0,0.0,0.0,False
851,DE,2026-04-01,559,89,188.404,559,188.404,1,150.0,150.0,0.0,150.0,150.0,0.0,True
851,DJ,2026-04-01,2,0,0.0,2,0.0,0,0.0,0.0,0.0,0.0,0.0,0.0,False
851,DK,2026-04-01,39,12,33.522,39,33.522,0,0.0,0.0,0.0,0.0,0.0,0.0,False
851,DO,2026-04-01,3,0,0.0,3,0.0,0,0.0,0.0,0.0,0.0,0.0,0.0,False
851,DZ,2026-04-01,451,85,45.13999999999999,451,45.13999999999999,0,0.0,0.0,0.0,0.0,0.0,0.0,False
851,EC,2026-04-01,621,150,121.43400000000001,621,121.43400000000001,1,65.0,65.0,0.0,65.0,65.0,0.0,True
851,EE,2026-04-01,13,4,11.100000000000001,13,11.100000000000001,0,0.0,0.0,0.0,0.0,0.0,0.0,False
851,EH,2026-04-01,1,1,2.738,1,2.738,1,250.0,250.0,0.0,250.0,250.0,0.0,False
851,ES,2026-04-01,1941,705,1575.0159999999994,1941,1575.0159999999994,10,9030.0,9030.0,0.0,9030.0,9030.0,0.0,True
851,FI,2026-04-01,46,15,42.919999999999995,46,42.919999999999995,0,0.0,0.0,0.0,0.0,0.0,0.0,False
851,FJ,2026-04-01,15,1,0.74,15,0.74,0,0.0,0.0,0.0,0.0,0.0,0.0,False
851,FR,2026-04-01,524,115,285.122,524,285.122,1,110.0,110.0,0.0,110.0,110.0,0.0,True
851,GA,2026-04-01,1,0,0.0,1,0.0,0,0.0,0.0,0.0,0.0,0.0,0.0,False
851,GB,2026-04-01,662,94,376.6599999999999,662,376.6599999999999,4,260.0,260.0,0.0,260.0,260.0,0.0,True
851,GD,2026-04-01,2,0,0.0,2,0.0,0,0.0,0.0,0.0,0.0,0.0,0.0,False
851,GE,2026-04-01,7,0,0.0,7,0.0,0,0.0,0.0,0.0,0.0,0.0,0.0,False
851,GF,2026-04-01,2,0,0.0,2,0.0,0,0.0,0.0,0.0,0.0,0.0,0.0,False
851,GI,2026-04-01,1,1,0.74,1,0.74,0,0.0,0.0,0.0,0.0,0.0,0.0,False
851,GL,2026-04-01,1,0,0.0,1,0.0,0,0.0,0.0,0.0,0.0,0.0,0.0,False
851,GM,2026-04-01,4,0,0.0,4,0.0,0,0.0,0.0,0.0,0.0,0.0,0.0,False
851,GN,2026-04-01,3,0,0.0,3,0.0,0,0.0,0.0,0.0,0.0,0.0,0.0,False
851,GP,2026-04-01,2,0,0.0,2,0.0,0,0.0,0.0,0.0,0.0,0.0,0.0,False
851,GR,2026-04-01,36,5,4.958,36,4.958,0,0.0,0.0,0.0,0.0,0.0,0.0,False
851,GU,2026-04-01,1,0,0.0,1,0.0,0,0.0,0.0,0.0,0.0,0.0,0.0,False
851,GY,2026-04-01,19,2,1.48,19,1.48,0,0.0,0.0,0.0,0.0,0.0,0.0,False
851,HK,2026-04-01,36,3,5.18,36,5.18,0,0.0,0.0,0.0,0.0,0.0,0.0,False
851,HR,2026-04-01,519,171,373.47799999999984,519,373.47799999999984,3,510.0,510.0,0.0,510.0,510.0,0.0,True
851,HT,2026-04-01,7,1,0.74,7,0.74,0,0.0,0.0,0.0,0.0,0.0,0.0,False
851,HU,2026-04-01,148,36,100.41799999999999,148,100.41799999999999,0,0.0,0.0,0.0,0.0,0.0,0.0,False
851,ID,2026-04-01,10,2,4.44,10,4.44,0,0.0,0.0,0.0,0.0,0.0,0.0,False
851,IE,2026-04-01,65,16,39.442,65,39.442,1,310.0,310.0,0.0,310.0,310.0,0.0,False
851,IL,2026-04-01,182,40,97.458,182,97.458,0,0.0,0.0,0.0,0.0,0.0,0.0,False
851,IN,2026-04-01,59,7,5.18,59,5.18,0,0.0,0.0,0.0,0.0,0.0,0.0,False
851,IS,2026-04-01,37,12,26.64,37,26.64,1,540.0,540.0,0.0,540.0,540.0,0.0,False
851,IT,2026-04-01,234,48,127.428,234,127.428,1,65.0,65.0,0.0,65.0,65.0,0.0,False
851,JE,2026-04-01,1,1,3.7,1,3.7,0,0.0,0.0,0.0,0.0,0.0,0.0,False
851,JM,2026-04-01,22,3,2.2199999999999998,22,2.2199999999999998,0,0.0,0.0,0.0,0.0,0.0,0.0,False
851,JP,2026-04-01,217,38,89.91,217,89.91,1,865.0,865.0,0.0,865.0,865.0,0.0,False
851,KE,2026-04-01,186,22,13.172,186,13.172,1,65.0,65.0,0.0,65.0,65.0,0.0,False
851,KG,2026-04-01,8,2,1.48,8,1.48,0,0.0,0.0,0.0,0.0,0.0,0.0,False
851,KH,2026-04-01,2,0,0.0,2,0.0,1,640.0,640.0,0.0,640.0,640.0,0.0,False
851,KI,2026-04-01,4,0,0.0,4,0.0,0,0.0,0.0,0.0,0.0,0.0,0.0,False
851,KN,2026-04-01,1,1,0.74,1,0.74,0,0.0,0.0,0.0,0.0,0.0,0.0,False
851,KR,2026-04-01,4,0,0.0,4,0.0,0,0.0,0.0,0.0,0.0,0.0,0.0,False
851,KW,2026-04-01,24,6,4.4399999999999995,24,4.4399999999999995,0,0.0,0.0,0.0,0.0,0.0,0.0,False
851,LA,2026-04-01,3,1,0.74,3,0.74,0,0.0,0.0,0.0,0.0,0.0,0.0,False
851,LB,2026-04-01,1,0,0.0,1,0.0,0,0.0,0.0,0.0,0.0,0.0,0.0,False
851,LC,2026-04-01,3,1,0.74,3,0.74,0,0.0,0.0,0.0,0.0,0.0,0.0,False
851,LI,2026-04-01,4,1,0.74,4,0.74,0,0.0,0.0,0.0,0.0,0.0,0.0,False
851,LT,2026-04-01,90,30,68.968,90,68.968,2,750.0,750.0,0.0,750.0,750.0,0.0,False
851,LU,2026-04-01,58,15,33.3,58,33.3,1,350.0,350.0,0.0,350.0,350.0,0.0,False
851,LV,2026-04-01,24,8,20.72,24,20.72,0,0.0,0.0,0.0,0.0,0.0,0.0,False
851,MA,2026-04-01,3,0,0.0,3,0.0,0,0.0,0.0,0.0,0.0,0.0,0.0,False
851,MD,2026-04-01,11,4,2.738,11,2.738,0,0.0,0.0,0.0,0.0,0.0,0.0,False
851,ME,2026-04-01,7,2,1.48,7,1.48,0,0.0,0.0,0.0,0.0,0.0,0.0,False
851,MG,2026-04-01,23,5,3.034,23,3.034,0,0.0,0.0,0.0,0.0,0.0,0.0,False
851,MH,2026-04-01,1,0,0.0,1,0.0,0,0.0,0.0,0.0,0.0,0.0,0.0,False
851,MN,2026-04-01,3,1,0.74,3,0.74,0,0.0,0.0,0.0,0.0,0.0,0.0,False
851,MQ,2026-04-01,6,2,3.33,6,3.33,0,0.0,0.0,0.0,0.0,0.0,0.0,False
851,MR,2026-04-01,6,0,0.0,6,0.0,0,0.0,0.0,0.0,0.0,0.0,0.0,False
851,MS,2026-04-01,1,0,0.0,1,0.0,0,0.0,0.0,0.0,0.0,0.0,0.0,False
851,MT,2026-04-01,154,43,97.82799999999999,154,97.82799999999999,4,1205.0,1205.0,0.0,1205.0,1205.0,0.0,False
851,MU,2026-04-01,11,2,1.258,11,1.258,0,0.0,0.0,0.0,0.0,0.0,0.0,False
851,MV,2026-04-01,5,1,0.518,5,0.518,0,0.0,0.0,0.0,0.0,0.0,0.0,False
851,MW,2026-04-01,1,0,0.0,1,0.0,0,0.0,0.0,0.0,0.0,0.0,0.0,False
851,MX,2026-04-01,5538,1565,2263.7339999999995,5538,2263.7339999999995,7,1400.0,1400.0,0.0,1400.0,1400.0,0.0,True
851,MY,2026-04-01,538,72,46.62,538,46.62,0,0.0,0.0,0.0,0.0,0.0,0.0,True
851,NA,2026-04-01,11,4,2.7379999999999995,11,2.7379999999999995,0,0.0,0.0,0.0,0.0,0.0,0.0,False
851,NC,2026-04-01,1,0,0.0,1,0.0,0,0.0,0.0,0.0,0.0,0.0,0.0,False
851,NL,2026-04-01,244,43,94.64599999999999,244,94.64599999999999,0,0.0,0.0,0.0,0.0,0.0,0.0,False
851,NO,2026-04-01,115,32,84.286,115,84.286,0,0.0,0.0,0.0,0.0,0.0,0.0,False
851,NP,2026-04-01,2,0,0.0,2,0.0,0,0.0,0.0,0.0,0.0,0.0,0.0,False
851,NZ,2026-04-01,328,73,279.20199999999994,328,279.20199999999994,4,725.0,725.0,0.0,725.0,725.0,0.0,False
851,OM,2026-04-01,10,3,1.776,10,1.776,0,0.0,0.0,0.0,0.0,0.0,0.0,False
851,PA,2026-04-01,3,1,0.518,3,0.518,0,0.0,0.0,0.0,0.0,0.0,0.0,False
851,PE,2026-04-01,125,21,15.096000000000002,125,15.096000000000002,0,0.0,0.0,0.0,0.0,0.0,0.0,False
851,PG,2026-04-01,52,8,5.92,52,5.92,0,0.0,0.0,0.0,0.0,0.0,0.0,False
851,PH,2026-04-01,12,0,0.0,12,0.0,0,0.0,0.0,0.0,0.0,0.0,0.0,False
851,PK,2026-04-01,12,1,3.7,12,3.7,0,0.0,0.0,0.0,0.0,0.0,0.0,False
851,PL,2026-04-01,445,140,296.148,445,296.148,0,0.0,0.0,0.0,0.0,0.0,0.0,False
851,PR,2026-04-01,56,23,15.244,56,15.244,0,0.0,0.0,0.0,0.0,0.0,0.0,False
851,PT,2026-04-01,167,64,159.322,167,159.322,0,0.0,0.0,0.0,0.0,0.0,0.0,False
851,PW,2026-04-01,1,0,0.0,1,0.0,0,0.0,0.0,0.0,0.0,0.0,0.0,False
851,PY,2026-04-01,134,23,15.244,134,15.244,0,0.0,0.0,0.0,0.0,0.0,0.0,False
851,QA,2026-04-01,2,0,0.0,2,0.0,0,0.0,0.0,0.0,0.0,0.0,0.0,False
851,RE,2026-04-01,9,0,0.0,9,0.0,0,0.0,0.0,0.0,0.0,0.0,0.0,False
851,RO,2026-04-01,133,34,62.456,133,62.456,0,0.0,0.0,0.0,0.0,0.0,0.0,False
851,RS,2026-04-01,56,3,2.2199999999999998,56,2.2199999999999998,0,0.0,0.0,0.0,0.0,0.0,0.0,False
851,RU,2026-04-01,1,1,0.74,1,0.74,0,0.0,0.0,0.0,0.0,0.0,0.0,False
851,SA,2026-04-01,7,0,0.0,7,0.0,0,0.0,0.0,0.0,0.0,0.0,0.0,False
851,SC,2026-04-01,4,2,4.218,4,4.218,0,0.0,0.0,0.0,0.0,0.0,0.0,False
851,SE,2026-04-01,187,58,161.468,187,161.468,1,65.0,65.0,0.0,65.0,65.0,0.0,False
851,SG,2026-04-01,1457,259,555.7399999999998,1457,555.7399999999998,8,655.0,655.0,0.0,655.0,655.0,0.0,True
851,SI,2026-04-01,62,19,49.209999999999994,62,49.209999999999994,1,190.0,190.0,0.0,190.0,190.0,0.0,False
851,SK,2026-04-01,35,7,14.059999999999999,35,14.059999999999999,0,0.0,0.0,0.0,0.0,0.0,0.0,False
851,SM,2026-04-01,3,2,1.258,3,1.258,0,0.0,0.0,0.0,0.0,0.0,0.0,False
851,SN,2026-04-01,3,0,0.0,3,0.0,0,0.0,0.0,0.0,0.0,0.0,0.0,False
851,SR,2026-04-01,4,0,0.0,4,0.0,0,0.0,0.0,0.0,0.0,0.0,0.0,False
851,SV,2026-04-01,127,23,17.020000000000003,127,17.020000000000003,0,0.0,0.0,0.0,0.0,0.0,0.0,False
851,TD,2026-04-01,3,0,0.0,3,0.0,0,0.0,0.0,0.0,0.0,0.0,0.0,False
851,TH,2026-04-01,169,34,22.865999999999996,169,22.865999999999996,1,165.0,165.0,0.0,165.0,165.0,0.0,False
851,TJ,2026-04-01,11,3,1.776,11,1.776,0,0.0,0.0,0.0,0.0,0.0,0.0,False
851,TO,2026-04-01,1,0,0.0,1,0.0,0,0.0,0.0,0.0,0.0,0.0,0.0,False
851,TR,2026-04-01,530,55,36.482000000000006,530,36.482000000000006,0,0.0,0.0,0.0,0.0,0.0,0.0,True
851,TW,2026-04-01,65,7,4.958,65,4.958,0,0.0,0.0,0.0,0.0,0.0,0.0,False
851,TZ,2026-04-01,3,0,0.0,3,0.0,0,0.0,0.0,0.0,0.0,0.0,0.0,False
851,UA,2026-04-01,2,0,0.0,2,0.0,0,0.0,0.0,0.0,0.0,0.0,0.0,False
851,UG,2026-04-01,8,0,0.0,8,0.0,0,0.0,0.0,0.0,0.0,0.0,0.0,False
851,UNKNOWN,2026-04-01,5,0,0.0,5,0.0,0,0.0,0.0,0.0,0.0,0.0,0.0,False
851,US,2026-04-01,5799,2168,7588.848000000036,5799,7588.848000000036,67,11310.0,11310.0,0.0,11310.0,11310.0,0.0,True
851,UY,2026-04-01,7,1,0.518,7,0.518,0,0.0,0.0,0.0,0.0,0.0,0.0,False
851,UZ,2026-04-01,75,4,2.96,75,2.96,0,0.0,0.0,0.0,0.0,0.0,0.0,False
851,VC,2026-04-01,1,0,0.0,1,0.0,0,0.0,0.0,0.0,0.0,0.0,0.0,False
851,VE,2026-04-01,1,1,0.74,1,0.74,0,0.0,0.0,0.0,0.0,0.0,0.0,False
851,VG,2026-04-01,1,0,0.0,1,0.0,0,0.0,0.0,0.0,0.0,0.0,0.0,False
851,VI,2026-04-01,1,1,0.74,1,0.74,0,0.0,0.0,0.0,0.0,0.0,0.0,False
851,VN,2026-04-01,214,14,8.584,214,8.584,0,0.0,0.0,0.0,0.0,0.0,0.0,False
851,VU,2026-04-01,3,0,0.0,3,0.0,0,0.0,0.0,0.0,0.0,0.0,0.0,False
851,WS,2026-04-01,1,0,0.0,1,0.0,0,0.0,0.0,0.0,0.0,0.0,0.0,False
851,XK,2026-04-01,1,1,3.7,1,3.7,0,0.0,0.0,0.0,0.0,0.0,0.0,False
851,YT,2026-04-01,7,0,0.0,7,0.0,0,0.0,0.0,0.0,0.0,0.0,0.0,False
851,ZA,2026-04-01,2639,661,431.6420000000003,2639,431.6420000000003,8,4095.0,4095.0,0.0,4095.0,4095.0,0.0,True
851,ZM,2026-04-01,2,0,0.0,2,0.0,0,0.0,0.0,0.0,0.0,0.0,0.0,False
851,ZW,2026-04-01,4,0,0.0,4,0.0,0,0.0,0.0,0.0,0.0,0.0,0.0,False
889,AX,2026-04-01,1,0,0.0,1,0.0,0,0.0,0.0,0.0,0.0,0.0,0.0,False
889,BR,2026-04-01,612,2,96.2,612,96.2,3,330.0,330.0,0.0,330.0,330.0,0.0,True
889,DE,2026-04-01,235,3,774.78,235,774.78,6,12905.0,12780.0,125.0,12905.0,12780.0,125.0,False
889,DZ,2026-04-01,1,1,231.62,1,231.62,1,155.0,155.0,0.0,155.0,155.0,0.0,False
889,ES,2026-04-01,866,13,2805.34,866,2805.34,16,586950.0,584815.0,2135.0,586950.0,584815.0,2135.0,True
889,FR,2026-04-01,1536,22,4952.08,1536,4952.08,36,15955.0,15955.0,0.0,15955.0,15955.0,0.0,True
889,GE,2026-04-01,1,0,0.0,1,0.0,0,0.0,0.0,0.0,0.0,0.0,0.0,False
889,IT,2026-04-01,5062,87,23716.260000000002,5062,23716.260000000002,110,54640.0,54530.0,110.0,54640.0,54530.0,110.0,True
889,NL,2026-04-01,3,0,0.0,3,0.0,0,0.0,0.0,0.0,0.0,0.0,0.0,False
897,AG,2026-04-01,1,1,8.879999999999999,1,8.879999999999999,1,460.0,460.0,0.0,460.0,460.0,0.0,False
897,AL,2026-04-01,8,6,71.77999999999999,8,71.77999999999999,1,355.0,355.0,0.0,355.0,355.0,0.0,False
897,AO,2026-04-01,1,0,0.0,1,0.0,0,0.0,0.0,0.0,0.0,0.0,0.0,False
897,AR,2026-04-01,1,1,15.54,1,15.54,0,0.0,0.0,0.0,0.0,0.0,0.0,False
897,AS,2026-04-01,1,1,12.58,1,12.58,1,65.0,65.0,0.0,65.0,65.0,0.0,False
897,AT,2026-04-01,49,32,342.879,49,342.879,2,150.0,150.0,0.0,150.0,150.0,0.0,False
897,AU,2026-04-01,641,451,4858.840000000001,641,4858.840000000001,29,12185.0,12185.0,0.0,12185.0,12185.0,0.0,True
897,AW,2026-04-01,1,1,8.14,1,8.14,0,0.0,0.0,0.0,0.0,0.0,0.0,False
897,BE,2026-04-01,212,143,1493.3199999999997,212,1493.3199999999997,11,30695.0,30570.0,125.0,30695.0,30570.0,125.0,False
897,BG,2026-04-01,4,4,40.33,4,40.33,0,0.0,0.0,0.0,0.0,0.0,0.0,False
897,BJ,2026-04-01,1,1,12.58,1,12.58,0,0.0,0.0,0.0,0.0,0.0,0.0,False
897,BQ,2026-04-01,1,0,0.0,1,0.0,0,0.0,0.0,0.0,0.0,0.0,0.0,False
897,BR,2026-04-01,25,15,203.5,25,203.5,1,65.0,65.0,0.0,65.0,65.0,0.0,False
897,BZ,2026-04-01,1,1,11.1,1,11.1,0,0.0,0.0,0.0,0.0,0.0,0.0,False
897,CA,2026-04-01,919,588,6363.112000000001,919,6363.112000000001,20,11315.0,11315.0,0.0,11315.0,11315.0,0.0,True
897,CH,2026-04-01,60,35,374.07000000000005,60,374.07000000000005,6,1310.0,1310.0,0.0,1310.0,1310.0,0.0,False
897,CN,2026-04-01,1,1,11.1,1,11.1,0,0.0,0.0,0.0,0.0,0.0,0.0,False
897,CO,2026-04-01,3,0,0.0,3,0.0,0,0.0,0.0,0.0,0.0,0.0,0.0,False
897,CR,2026-04-01,1,1,15.54,1,15.54,1,150.0,150.0,0.0,150.0,150.0,0.0,False
897,CY,2026-04-01,1,1,11.1,1,11.1,0,0.0,0.0,0.0,0.0,0.0,0.0,False
897,DE,2026-04-01,345,256,2562.25,345,2562.25,14,5545.0,5545.0,0.0,5545.0,5545.0,0.0,False
897,DK,2026-04-01,84,59,641.9499999999999,84,641.9499999999999,4,675.0,675.0,0.0,675.0,675.0,0.0,False
897,DO,2026-04-01,1,1,12.58,1,12.58,0,0.0,0.0,0.0,0.0,0.0,0.0,False
897,DZ,2026-04-01,4,4,44.4,4,44.4,2,215.0,215.0,0.0,215.0,215.0,0.0,False
897,EE,2026-04-01,2,1,17.02,2,17.02,0,0.0,0.0,0.0,0.0,0.0,0.0,False
897,ES,2026-04-01,9,7,74.0,9,74.0,0,0.0,0.0,0.0,0.0,0.0,0.0,False
897,FI,2026-04-01,51,36,370.185,51,370.185,2,525.0,525.0,0.0,525.0,525.0,0.0,False
897,FR,2026-04-01,6,4,45.88,6,45.88,0,0.0,0.0,0.0,0.0,0.0,0.0,False
897,GB,2026-04-01,1217,832,8530.942,1217,8530.942,38,44280.0,44280.0,0.0,44280.0,44280.0,0.0,True
897,GR,2026-04-01,5,4,45.879999999999995,5,45.879999999999995,1,65.0,65.0,0.0,65.0,65.0,0.0,False
897,GY,2026-04-01,1,1,11.1,1,11.1,0,0.0,0.0,0.0,0.0,0.0,0.0,False
897,HR,2026-04-01,2,1,8.879999999999999,2,8.879999999999999,0,0.0,0.0,0.0,0.0,0.0,0.0,False
897,HU,2026-04-01,3,0,0.0,3,0.0,0,0.0,0.0,0.0,0.0,0.0,0.0,False
897,ID,2026-04-01,4,3,32.559999999999995,4,32.559999999999995,0,0.0,0.0,0.0,0.0,0.0,0.0,False
897,IE,2026-04-01,108,70,701.668,108,701.668,9,1380.0,1380.0,0.0,1380.0,1380.0,0.0,False
897,IN,2026-04-01,2,1,10.36,2,10.36,0,0.0,0.0,0.0,0.0,0.0,0.0,False
897,IS,2026-04-01,5,3,34.04,5,34.04,0,0.0,0.0,0.0,0.0,0.0,0.0,False
897,IT,2026-04-01,9,7,76.58999999999999,9,76.58999999999999,1,395.0,395.0,0.0,395.0,395.0,0.0,False
897,JP,2026-04-01,3,2,24.419999999999998,3,24.419999999999998,0,0.0,0.0,0.0,0.0,0.0,0.0,False
897,KE,2026-04-01,2,0,0.0,2,0.0,0,0.0,0.0,0.0,0.0,0.0,0.0,False
897,KR,2026-04-01,4,3,28.489999999999995,4,28.489999999999995,0,0.0,0.0,0.0,0.0,0.0,0.0,False
897,KY,2026-04-01,1,1,11.84,1,11.84,1,195.0,195.0,0.0,195.0,195.0,0.0,False
897,LA,2026-04-01,1,1,8.879999999999999,1,8.879999999999999,0,0.0,0.0,0.0,0.0,0.0,0.0,False
897,LT,2026-04-01,2,1,10.36,2,10.36,0,0.0,0.0,0.0,0.0,0.0,0.0,False
897,LU,2026-04-01,12,10,105.82,12,105.82,0,0.0,0.0,0.0,0.0,0.0,0.0,False
897,MA,2026-04-01,1,0,0.0,1,0.0,0,0.0,0.0,0.0,0.0,0.0,0.0,False
897,MD,2026-04-01,2,0,0.0,2,0.0,0,0.0,0.0,0.0,0.0,0.0,0.0,False
897,ME,2026-04-01,1,1,11.84,1,11.84,0,0.0,0.0,0.0,0.0,0.0,0.0,False
897,MK,2026-04-01,2,0,0.0,2,0.0,0,0.0,0.0,0.0,0.0,0.0,0.0,False
897,MT,2026-04-01,4,2,22.2,4,22.2,0,0.0,0.0,0.0,0.0,0.0,0.0,False
897,MX,2026-04-01,12,9,93.536,12,93.536,0,0.0,0.0,0.0,0.0,0.0,0.0,False
897,NE,2026-04-01,1,0,0.0,1,0.0,1,150.0,150.0,0.0,150.0,150.0,0.0,False
897,NL,2026-04-01,169,116,1128.5000000000002,169,1128.5000000000002,6,4780.0,4780.0,0.0,4780.0,4780.0,0.0,False
897,NO,2026-04-01,49,31,360.75,49,360.75,0,0.0,0.0,0.0,0.0,0.0,0.0,False
897,NP,2026-04-01,1,1,10.36,1,10.36,0,0.0,0.0,0.0,0.0,0.0,0.0,False
897,NZ,2026-04-01,196,117,1215.968,196,1215.968,5,5090.0,5090.0,0.0,5090.0,5090.0,0.0,False
897,PE,2026-04-01,4,3,31.819999999999997,4,31.819999999999997,0,0.0,0.0,0.0,0.0,0.0,0.0,False
897,PH,2026-04-01,22,12,116.91999999999999,22,116.91999999999999,2,1335.0,1335.0,0.0,1335.0,1335.0,0.0,False
897,PL,2026-04-01,6,6,65.12,6,65.12,2,175.0,175.0,0.0,175.0,175.0,0.0,False
897,PR,2026-04-01,6,5,59.2,6,59.2,0,0.0,0.0,0.0,0.0,0.0,0.0,False
897,PT,2026-04-01,6,4,45.88,6,45.88,0,0.0,0.0,0.0,0.0,0.0,0.0,False
897,RO,2026-04-01,14,10,110.26,14,110.26,2,255.0,255.0,0.0,255.0,255.0,0.0,False
897,RS,2026-04-01,2,1,8.51,2,8.51,0,0.0,0.0,0.0,0.0,0.0,0.0,False
897,SE,2026-04-01,172,117,1285.38,172,1285.38,9,6670.0,6670.0,0.0,6670.0,6670.0,0.0,False
897,SG,2026-04-01,1,1,4.81,1,4.81,0,0.0,0.0,0.0,0.0,0.0,0.0,False
897,SK,2026-04-01,1,1,12.58,1,12.58,0,0.0,0.0,0.0,0.0,0.0,0.0,False
897,SZ,2026-04-01,1,1,8.879999999999999,1,8.879999999999999,0,0.0,0.0,0.0,0.0,0.0,0.0,False
897,TH,2026-04-01,12,10,127.28,12,127.28,1,2305.0,2305.0,0.0,2305.0,2305.0,0.0,False
897,TR,2026-04-01,2,2,21.46,2,21.46,0,0.0,0.0,0.0,0.0,0.0,0.0,False
897,US,2026-04-01,7010,4633,48499.045000000144,7010,48499.045000000144,213,152775.0,152490.0,285.0,152775.0,152490.0,285.0,True
897,UY,2026-04-01,1,1,4.81,1,4.81,0,0.0,0.0,0.0,0.0,0.0,0.0,False
897,VN,2026-04-01,1,1,8.14,1,8.14,1,155.0,155.0,0.0,155.0,155.0,0.0,False
897,VU,2026-04-01,1,1,16.28,1,16.28,0,0.0,0.0,0.0,0.0,0.0,0.0,False
897,ZA,2026-04-01,2,1,8.879999999999999,2,8.879999999999999,0,0.0,0.0,0.0,0.0,0.0,0.0,False
897,ZM,2026-04-01,1,1,11.1,1,11.1,0,0.0,0.0,0.0,0.0,0.0,0.0,False
911,AD,2026-04-01,1,0,0.0,1,0.0,0,0.0,0.0,0.0,0.0,0.0,0.0,False
911,AE,2026-04-01,2,0,0.0,2,0.0,0,0.0,0.0,0.0,0.0,0.0,0.0,False
911,AI,2026-04-01,3,0,0.0,3,0.0,0,0.0,0.0,0.0,0.0,0.0,0.0,False
911,AL,2026-04-01,3,0,0.0,3,0.0,0,0.0,0.0,0.0,0.0,0.0,0.0,False
911,AR,2026-04-01,59,7,6.66,59,6.66,0,0.0,0.0,0.0,0.0,0.0,0.0,False
911,AS,2026-04-01,3,1,5.92,3,5.92,0,0.0,0.0,0.0,0.0,0.0,0.0,False
911,AU,2026-04-01,12,3,14.799999999999999,12,14.799999999999999,0,0.0,0.0,0.0,0.0,0.0,0.0,False
911,BN,2026-04-01,1,1,0.74,1,0.74,0,0.0,0.0,0.0,0.0,0.0,0.0,False
911,BO,2026-04-01,5,1,1.1099999999999999,5,1.1099999999999999,0,0.0,0.0,0.0,0.0,0.0,0.0,False
911,BR,2026-04-01,54899,10598,10862.311999999858,54899,10862.311999999858,115,27900.0,27770.0,130.0,27900.0,27770.0,130.0,True
911,CA,2026-04-01,8,2,11.1,8,11.1,0,0.0,0.0,0.0,0.0,0.0,0.0,False
911,CL,2026-04-01,10,2,1.48,10,1.48,0,0.0,0.0,0.0,0.0,0.0,0.0,False
911,CO,2026-04-01,12047,1989,1472.2300000000023,12047,1472.2300000000023,6,1570.0,1570.0,0.0,1570.0,1570.0,0.0,True
911,CV,2026-04-01,6,1,1.1099999999999999,6,1.1099999999999999,0,0.0,0.0,0.0,0.0,0.0,0.0,False
911,DE,2026-04-01,47,16,67.70999999999998,47,67.70999999999998,1,130.0,130.0,0.0,130.0,130.0,0.0,False
911,DO,2026-04-01,2,0,0.0,2,0.0,0,0.0,0.0,0.0,0.0,0.0,0.0,False
911,DZ,2026-04-01,2,0,0.0,2,0.0,0,0.0,0.0,0.0,0.0,0.0,0.0,False
911,EC,2026-04-01,29,5,4.4399999999999995,29,4.4399999999999995,0,0.0,0.0,0.0,0.0,0.0,0.0,False
911,ES,2026-04-01,7,0,0.0,7,0.0,0,0.0,0.0,0.0,0.0,0.0,0.0,False
911,FJ,2026-04-01,1,0,0.0,1,0.0,0,0.0,0.0,0.0,0.0,0.0,0.0,False
911,FR,2026-04-01,14,0,0.0,14,0.0,0,0.0,0.0,0.0,0.0,0.0,0.0,False
911,GB,2026-04-01,16,2,19.240000000000002,16,19.240000000000002,0,0.0,0.0,0.0,0.0,0.0,0.0,False
911,GM,2026-04-01,16,0,0.0,16,0.0,0,0.0,0.0,0.0,0.0,0.0,0.0,False
911,GN,2026-04-01,1,0,0.0,1,0.0,0,0.0,0.0,0.0,0.0,0.0,0.0,False
911,GT,2026-04-01,3,0,0.0,3,0.0,0,0.0,0.0,0.0,0.0,0.0,0.0,False
911,HK,2026-04-01,2,0,0.0,2,0.0,0,0.0,0.0,0.0,0.0,0.0,0.0,False
911,IE,2026-04-01,14,2,8.879999999999999,14,8.879999999999999,0,0.0,0.0,0.0,0.0,0.0,0.0,False
911,IN,2026-04-01,1,1,4.4399999999999995,1,4.4399999999999995,0,0.0,0.0,0.0,0.0,0.0,0.0,False
911,IT,2026-04-01,4,0,0.0,4,0.0,0,0.0,0.0,0.0,0.0,0.0,0.0,False
911,JM,2026-04-01,1,0,0.0,1,0.0,0,0.0,0.0,0.0,0.0,0.0,0.0,False
911,JP,2026-04-01,3,0,0.0,3,0.0,0,0.0,0.0,0.0,0.0,0.0,0.0,False
911,KI,2026-04-01,1,1,4.4399999999999995,1,4.4399999999999995,0,0.0,0.0,0.0,0.0,0.0,0.0,False
911,MV,2026-04-01,1,0,0.0,1,0.0,0,0.0,0.0,0.0,0.0,0.0,0.0,False
911,MW,2026-04-01,1,0,0.0,1,0.0,0,0.0,0.0,0.0,0.0,0.0,0.0,False
911,MX,2026-04-01,12656,1858,1778.5900000000074,12656,1778.5900000000074,9,3270.0,3270.0,0.0,3270.0,3270.0,0.0,True
911,MZ,2026-04-01,1,0,0.0,1,0.0,0,0.0,0.0,0.0,0.0,0.0,0.0,False
911,NL,2026-04-01,26,6,6.068,26,6.068,0,0.0,0.0,0.0,0.0,0.0,0.0,False
911,NZ,2026-04-01,22,3,13.319999999999999,22,13.319999999999999,0,0.0,0.0,0.0,0.0,0.0,0.0,False
911,PE,2026-04-01,20,2,2.2199999999999998,20,2.2199999999999998,0,0.0,0.0,0.0,0.0,0.0,0.0,False
911,PH,2026-04-01,1,0,0.0,1,0.0,0,0.0,0.0,0.0,0.0,0.0,0.0,False
911,PK,2026-04-01,9,0,0.0,9,0.0,0,0.0,0.0,0.0,0.0,0.0,0.0,False
911,PL,2026-04-01,1,0,0.0,1,0.0,0,0.0,0.0,0.0,0.0,0.0,0.0,False
911,PR,2026-04-01,1,0,0.0,1,0.0,0,0.0,0.0,0.0,0.0,0.0,0.0,False
911,PY,2026-04-01,2,1,0.74,2,0.74,0,0.0,0.0,0.0,0.0,0.0,0.0,False
911,RS,2026-04-01,9,0,0.0,9,0.0,0,0.0,0.0,0.0,0.0,0.0,0.0,False
911,SB,2026-04-01,6,1,4.4399999999999995,6,4.4399999999999995,0,0.0,0.0,0.0,0.0,0.0,0.0,False
911,SG,2026-04-01,1,0,0.0,1,0.0,0,0.0,0.0,0.0,0.0,0.0,0.0,False
911,SX,2026-04-01,1,1,4.4399999999999995,1,4.4399999999999995,0,0.0,0.0,0.0,0.0,0.0,0.0,False
911,TD,2026-04-01,2,0,0.0,2,0.0,0,0.0,0.0,0.0,0.0,0.0,0.0,False
911,UNKNOWN,2026-04-01,2,0,0.0,2,0.0,0,0.0,0.0,0.0,0.0,0.0,0.0,False
911,US,2026-04-01,3471,826,7981.788000000003,3471,7981.788000000003,24,63230.0,58930.0,4300.0,63230.0,58930.0,4300.0,True
911,UY,2026-04-01,1,0,0.0,1,0.0,0,0.0,0.0,0.0,0.0,0.0,0.0,False
911,ZM,2026-04-01,1,0,0.0,1,0.0,0,0.0,0.0,0.0,0.0,0.0,0.0,False
organic,AD,2026-04-01,79,0,0.0,79,0.0,5,8755.0,8755.0,0.0,8755.0,8755.0,0.0,False
organic,AE,2026-04-01,959,0,0.0,959,0.0,14,20585.0,20585.0,0.0,20585.0,20585.0,0.0,True
organic,AG,2026-04-01,37,0,0.0,37,0.0,1,65.0,65.0,0.0,65.0,65.0,0.0,False
organic,AI,2026-04-01,19,0,0.0,19,0.0,1,65.0,65.0,0.0,65.0,65.0,0.0,False
organic,AL,2026-04-01,302,0,0.0,302,0.0,5,1035.0,1035.0,0.0,1035.0,1035.0,0.0,False
organic,AM,2026-04-01,95,0,0.0,95,0.0,1,65.0,65.0,0.0,65.0,65.0,0.0,False
organic,AO,2026-04-01,238,0,0.0,238,0.0,1,10280.0,10280.0,0.0,10280.0,10280.0,0.0,False
organic,AQ,2026-04-01,12,0,0.0,12,0.0,1,65.0,65.0,0.0,65.0,65.0,0.0,False
organic,AR,2026-04-01,1692,0,0.0,1692,0.0,40,16105.0,16105.0,0.0,16105.0,16105.0,0.0,True
organic,AS,2026-04-01,18,0,0.0,18,0.0,2,305.0,305.0,0.0,305.0,305.0,0.0,False
organic,AT,2026-04-01,479,0,0.0,479,0.0,5,1095.0,1095.0,0.0,1095.0,1095.0,0.0,False
organic,AU,2026-04-01,4717,0,0.0,4717,0.0,209,368060.0,366850.0,1210.0,368060.0,366850.0,1210.0,True
organic,AW,2026-04-01,18,0,0.0,18,0.0,3,395.0,395.0,0.0,395.0,395.0,0.0,False
organic,AX,2026-04-01,111,0,0.0,111,0.0,3,1000.0,1000.0,0.0,1000.0,1000.0,0.0,False
organic,AZ,2026-04-01,93,0,0.0,93,0.0,0,0.0,0.0,0.0,0.0,0.0,0.0,False
organic,BB,2026-04-01,92,0,0.0,92,0.0,4,1385.0,1385.0,0.0,1385.0,1385.0,0.0,False
organic,BD,2026-04-01,538,0,0.0,538,0.0,1,965.0,965.0,0.0,965.0,965.0,0.0,True
organic,BE,2026-04-01,840,0,0.0,840,0.0,20,59865.0,59865.0,0.0,59865.0,59865.0,0.0,True
organic,BF,2026-04-01,26,0,0.0,26,0.0,0,0.0,0.0,0.0,0.0,0.0,0.0,False
organic,BG,2026-04-01,201,0,0.0,201,0.0,8,1350.0,1350.0,0.0,1350.0,1350.0,0.0,False
organic,BH,2026-04-01,61,0,0.0,61,0.0,1,300.0,300.0,0.0,300.0,300.0,0.0,False
organic,BJ,2026-04-01,298,0,0.0,298,0.0,5,710.0,710.0,0.0,710.0,710.0,0.0,False
organic,BL,2026-04-01,1,0,0.0,1,0.0,0,0.0,0.0,0.0,0.0,0.0,0.0,False
organic,BM,2026-04-01,20,0,0.0,20,0.0,1,250.0,250.0,0.0,250.0,250.0,0.0,False
organic,BN,2026-04-01,36,0,0.0,36,0.0,0,0.0,0.0,0.0,0.0,0.0,0.0,False
organic,BO,2026-04-01,294,0,0.0,294,0.0,1,65.0,65.0,0.0,65.0,65.0,0.0,False
organic,BQ,2026-04-01,33,0,0.0,33,0.0,0,0.0,0.0,0.0,0.0,0.0,0.0,False
organic,BR,2026-04-01,16711,0,0.0,16711,0.0,307,160760.0,159995.0,765.0,160760.0,159995.0,765.0,True
organic,BS,2026-04-01,97,0,0.0,97,0.0,3,3300.0,3300.0,0.0,3300.0,3300.0,0.0,False
organic,BT,2026-04-01,16,0,0.0,16,0.0,0,0.0,0.0,0.0,0.0,0.0,0.0,False
organic,BW,2026-04-01,554,0,0.0,554,0.0,14,2570.0,2570.0,0.0,2570.0,2570.0,0.0,True
organic,BZ,2026-04-01,76,0,0.0,76,0.0,1,150.0,150.0,0.0,150.0,150.0,0.0,False
organic,CA,2026-04-01,6155,0,0.0,6155,0.0,221,381455.0,379270.0,2185.0,381455.0,379270.0,2185.0,True
organic,CH,2026-04-01,464,0,0.0,464,0.0,20,64010.0,64010.0,0.0,64010.0,64010.0,0.0,False
organic,CI,2026-04-01,108,0,0.0,108,0.0,5,425.0,425.0,0.0,425.0,425.0,0.0,False
organic,CK,2026-04-01,20,0,0.0,20,0.0,1,65.0,65.0,0.0,65.0,65.0,0.0,False
organic,CL,2026-04-01,1156,0,0.0,1156,0.0,35,38995.0,38925.0,70.0,38995.0,38925.0,70.0,True
organic,CM,2026-04-01,139,0,0.0,139,0.0,3,240.0,240.0,0.0,240.0,240.0,0.0,False
organic,CN,2026-04-01,4369,0,0.0,4369,0.0,5,7425.0,7425.0,0.0,7425.0,7425.0,0.0,True
organic,CO,2026-04-01,1885,0,0.0,1885,0.0,20,82375.0,82240.0,135.0,82375.0,82240.0,135.0,True
organic,CR,2026-04-01,472,0,0.0,472,0.0,12,7915.0,7870.0,45.0,7915.0,7870.0,45.0,False
organic,CV,2026-04-01,76,0,0.0,76,0.0,0,0.0,0.0,0.0,0.0,0.0,0.0,False
organic,CW,2026-04-01,30,0,0.0,30,0.0,0,0.0,0.0,0.0,0.0,0.0,0.0,False
organic,CX,2026-04-01,1,0,0.0,1,0.0,0,0.0,0.0,0.0,0.0,0.0,0.0,False
organic,CY,2026-04-01,254,0,0.0,254,0.0,5,6480.0,6480.0,0.0,6480.0,6480.0,0.0,False
organic,CZ,2026-04-01,237,0,0.0,237,0.0,5,1085.0,1085.0,0.0,1085.0,1085.0,0.0,False
organic,DE,2026-04-01,2647,0,0.0,2647,0.0,54,33590.0,33590.0,0.0,33590.0,33590.0,0.0,True
organic,DJ,2026-04-01,42,0,0.0,42,0.0,0,0.0,0.0,0.0,0.0,0.0,0.0,False
organic,DK,2026-04-01,395,0,0.0,395,0.0,15,6065.0,6065.0,0.0,6065.0,6065.0,0.0,False
organic,DM,2026-04-01,11,0,0.0,11,0.0,0,0.0,0.0,0.0,0.0,0.0,0.0,False
organic,DO,2026-04-01,401,0,0.0,401,0.0,6,605.0,605.0,0.0,605.0,605.0,0.0,False
organic,DZ,2026-04-01,911,0,0.0,911,0.0,10,8525.0,8525.0,0.0,8525.0,8525.0,0.0,True
organic,EC,2026-04-01,580,0,0.0,580,0.0,6,5470.0,5470.0,0.0,5470.0,5470.0,0.0,True
organic,EE,2026-04-01,85,0,0.0,85,0.0,3,340.0,340.0,0.0,340.0,340.0,0.0,False
organic,EG,2026-04-01,7,0,0.0,7,0.0,0,0.0,0.0,0.0,0.0,0.0,0.0,False
organic,ES,2026-04-01,2355,0,0.0,2355,0.0,59,35405.0,35360.0,45.0,35405.0,35360.0,45.0,True
organic,ET,2026-04-01,14,0,0.0,14,0.0,0,0.0,0.0,0.0,0.0,0.0,0.0,False
organic,FI,2026-04-01,459,0,0.0,459,0.0,14,14255.0,14145.0,110.0,14255.0,14145.0,110.0,False
organic,FJ,2026-04-01,158,0,0.0,158,0.0,1,65.0,65.0,0.0,65.0,65.0,0.0,False
organic,FK,2026-04-01,4,0,0.0,4,0.0,0,0.0,0.0,0.0,0.0,0.0,0.0,False
organic,FM,2026-04-01,12,0,0.0,12,0.0,0,0.0,0.0,0.0,0.0,0.0,0.0,False
organic,FO,2026-04-01,8,0,0.0,8,0.0,0,0.0,0.0,0.0,0.0,0.0,0.0,False
organic,FR,2026-04-01,2868,0,0.0,2868,0.0,72,28240.0,27970.0,270.0,28240.0,27970.0,270.0,True
organic,GA,2026-04-01,18,0,0.0,18,0.0,0,0.0,0.0,0.0,0.0,0.0,0.0,False
organic,GB,2026-04-01,10209,0,0.0,10209,0.0,326,358475.0,357025.0,1450.0,358475.0,357025.0,1450.0,True
organic,GD,2026-04-01,21,0,0.0,21,0.0,0,0.0,0.0,0.0,0.0,0.0,0.0,False
organic,GE,2026-04-01,93,0,0.0,93,0.0,3,1155.0,1155.0,0.0,1155.0,1155.0,0.0,False
organic,GF,2026-04-01,29,0,0.0,29,0.0,1,65.0,65.0,0.0,65.0,65.0,0.0,False
organic,GG,2026-04-01,3,0,0.0,3,0.0,0,0.0,0.0,0.0,0.0,0.0,0.0,False
organic,GH,2026-04-01,2,0,0.0,2,0.0,0,0.0,0.0,0.0,0.0,0.0,0.0,False
organic,GI,2026-04-01,11,0,0.0,11,0.0,0,0.0,0.0,0.0,0.0,0.0,0.0,False
organic,GL,2026-04-01,27,0,0.0,27,0.0,1,645.0,645.0,0.0,645.0,645.0,0.0,False
organic,GM,2026-04-01,107,0,0.0,107,0.0,6,580.0,580.0,0.0,580.0,580.0,0.0,False
organic,GN,2026-04-01,5,0,0.0,5,0.0,0,0.0,0.0,0.0,0.0,0.0,0.0,False
organic,GP,2026-04-01,43,0,0.0,43,0.0,2,215.0,150.0,65.0,215.0,150.0,65.0,False
organic,GQ,2026-04-01,24,0,0.0,24,0.0,0,0.0,0.0,0.0,0.0,0.0,0.0,False
organic,GR,2026-04-01,500,0,0.0,500,0.0,14,27485.0,27400.0,85.0,27485.0,27400.0,85.0,True
organic,GS,2026-04-01,1,0,0.0,1,0.0,0,0.0,0.0,0.0,0.0,0.0,0.0,False
organic,GT,2026-04-01,86,0,0.0,86,0.0,2,4970.0,4925.0,45.0,4970.0,4925.0,45.0,False
organic,GU,2026-04-01,29,0,0.0,29,0.0,1,65.0,65.0,0.0,65.0,65.0,0.0,False
organic,GY,2026-04-01,146,0,0.0,146,0.0,0,0.0,0.0,0.0,0.0,0.0,0.0,False
organic,HK,2026-04-01,398,0,0.0,398,0.0,6,32130.0,32130.0,0.0,32130.0,32130.0,0.0,False
organic,HN,2026-04-01,253,0,0.0,253,0.0,1,1455.0,1455.0,0.0,1455.0,1455.0,0.0,False
organic,HR,2026-04-01,239,0,0.0,239,0.0,15,6380.0,6380.0,0.0,6380.0,6380.0,0.0,False
organic,HT,2026-04-01,157,0,0.0,157,0.0,1,310.0,310.0,0.0,310.0,310.0,0.0,False
organic,HU,2026-04-01,352,0,0.0,352,0.0,6,1810.0,1810.0,0.0,1810.0,1810.0,0.0,False
organic,ID,2026-04-01,128,0,0.0,128,0.0,1,250.0,250.0,0.0,250.0,250.0,0.0,False
organic,IE,2026-04-01,981,0,0.0,981,0.0,18,12690.0,12625.0,65.0,12690.0,12625.0,65.0,True
organic,IL,2026-04-01,796,0,0.0,796,0.0,18,15895.0,15895.0,0.0,15895.0,15895.0,0.0,True
organic,IM,2026-04-01,18,0,0.0,18,0.0,0,0.0,0.0,0.0,0.0,0.0,0.0,False
organic,IN,2026-04-01,2395,0,0.0,2395,0.0,18,151785.0,150085.0,1700.0,151785.0,150085.0,1700.0,True
organic,IO,2026-04-01,1,0,0.0,1,0.0,0,0.0,0.0,0.0,0.0,0.0,0.0,False
organic,IQ,2026-04-01,1,0,0.0,1,0.0,0,0.0,0.0,0.0,0.0,0.0,0.0,False
organic,IS,2026-04-01,64,0,0.0,64,0.0,1,65.0,65.0,0.0,65.0,65.0,0.0,False
organic,IT,2026-04-01,1533,0,0.0,1533,0.0,38,46555.0,46555.0,0.0,46555.0,46555.0,0.0,True
organic,JE,2026-04-01,16,0,0.0,16,0.0,2,130.0,130.0,0.0,130.0,130.0,0.0,False
organic,JM,2026-04-01,622,0,0.0,622,0.0,19,1875.0,1875.0,0.0,1875.0,1875.0,0.0,True
organic,JO,2026-04-01,45,0,0.0,45,0.0,0,0.0,0.0,0.0,0.0,0.0,0.0,False
organic,JP,2026-04-01,495,0,0.0,495,0.0,6,3430.0,3430.0,0.0,3430.0,3430.0,0.0,False
organic,KE,2026-04-01,2999,0,0.0,2999,0.0,67,10505.0,10505.0,0.0,10505.0,10505.0,0.0,True
organic,KG,2026-04-01,165,0,0.0,165,0.0,1,65.0,65.0,0.0,65.0,65.0,0.0,False
organic,KH,2026-04-01,30,0,0.0,30,0.0,1,150.0,150.0,0.0,150.0,150.0,0.0,False
organic,KI,2026-04-01,22,0,0.0,22,0.0,0,0.0,0.0,0.0,0.0,0.0,0.0,False
organic,KM,2026-04-01,19,0,0.0,19,0.0,0,0.0,0.0,0.0,0.0,0.0,0.0,False
organic,KN,2026-04-01,16,0,0.0,16,0.0,0,0.0,0.0,0.0,0.0,0.0,0.0,False
organic,KR,2026-04-01,311,0,0.0,311,0.0,4,1250.0,1250.0,0.0,1250.0,1250.0,0.0,False
organic,KW,2026-04-01,234,0,0.0,234,0.0,4,1210.0,1210.0,0.0,1210.0,1210.0,0.0,False
organic,KY,2026-04-01,28,0,0.0,28,0.0,2,735.0,735.0,0.0,735.0,735.0,0.0,False
organic,KZ,2026-04-01,30,0,0.0,30,0.0,1,250.0,250.0,0.0,250.0,250.0,0.0,False
organic,LA,2026-04-01,29,0,0.0,29,0.0,0,0.0,0.0,0.0,0.0,0.0,0.0,False
organic,LC,2026-04-01,35,0,0.0,35,0.0,0,0.0,0.0,0.0,0.0,0.0,0.0,False
organic,LI,2026-04-01,3,0,0.0,3,0.0,0,0.0,0.0,0.0,0.0,0.0,0.0,False
organic,LK,2026-04-01,152,0,0.0,152,0.0,2,130.0,130.0,0.0,130.0,130.0,0.0,False
organic,LS,2026-04-01,15,0,0.0,15,0.0,1,20.0,20.0,0.0,20.0,20.0,0.0,False
organic,LT,2026-04-01,192,0,0.0,192,0.0,7,2250.0,2250.0,0.0,2250.0,2250.0,0.0,False
organic,LU,2026-04-01,126,0,0.0,126,0.0,3,3355.0,3355.0,0.0,3355.0,3355.0,0.0,False
organic,LV,2026-04-01,368,0,0.0,368,0.0,5,1055.0,1055.0,0.0,1055.0,1055.0,0.0,False
organic,MA,2026-04-01,465,0,0.0,465,0.0,0,0.0,0.0,0.0,0.0,0.0,0.0,False
organic,MC,2026-04-01,19,0,0.0,19,0.0,0,0.0,0.0,0.0,0.0,0.0,0.0,False
organic,MD,2026-04-01,108,0,0.0,108,0.0,0,0.0,0.0,0.0,0.0,0.0,0.0,False
organic,ME,2026-04-01,37,0,0.0,37,0.0,1,65.0,65.0,0.0,65.0,65.0,0.0,False
organic,MF,2026-04-01,2,0,0.0,2,0.0,0,0.0,0.0,0.0,0.0,0.0,0.0,False
organic,MG,2026-04-01,1684,0,0.0,1684,0.0,13,8435.0,8310.0,125.0,8435.0,8310.0,125.0,True
organic,MH,2026-04-01,3,0,0.0,3,0.0,0,0.0,0.0,0.0,0.0,0.0,0.0,False
organic,MK,2026-04-01,79,0,0.0,79,0.0,1,65.0,65.0,0.0,65.0,65.0,0.0,False
organic,MN,2026-04-01,43,0,0.0,43,0.0,2,745.0,745.0,0.0,745.0,745.0,0.0,False
organic,MO,2026-04-01,3,0,0.0,3,0.0,0,0.0,0.0,0.0,0.0,0.0,0.0,False
organic,MP,2026-04-01,2,0,0.0,2,0.0,1,65.0,65.0,0.0,65.0,65.0,0.0,False
organic,MQ,2026-04-01,43,0,0.0,43,0.0,0,0.0,0.0,0.0,0.0,0.0,0.0,False
organic,MR,2026-04-01,68,0,0.0,68,0.0,0,0.0,0.0,0.0,0.0,0.0,0.0,False
organic,MS,2026-04-01,3,0,0.0,3,0.0,0,0.0,0.0,0.0,0.0,0.0,0.0,False
organic,MT,2026-04-01,95,0,0.0,95,0.0,3,520.0,520.0,0.0,520.0,520.0,0.0,False
organic,MU,2026-04-01,269,0,0.0,269,0.0,7,2145.0,2145.0,0.0,2145.0,2145.0,0.0,False
organic,MV,2026-04-01,15,0,0.0,15,0.0,2,4495.0,4495.0,0.0,4495.0,4495.0,0.0,False
organic,MW,2026-04-01,39,0,0.0,39,0.0,0,0.0,0.0,0.0,0.0,0.0,0.0,False
organic,MX,2026-04-01,4880,0,0.0,4880,0.0,86,41925.0,41880.0,45.0,41925.0,41880.0,45.0,True
organic,MY,2026-04-01,1171,0,0.0,1171,0.0,13,6425.0,6425.0,0.0,6425.0,6425.0,0.0,True
organic,MZ,2026-04-01,299,0,0.0,299,0.0,2,310.0,310.0,0.0,310.0,310.0,0.0,False
organic,NA,2026-04-01,413,0,0.0,413,0.0,8,1645.0,1645.0,0.0,1645.0,1645.0,0.0,False
organic,NC,2026-04-01,15,0,0.0,15,0.0,0,0.0,0.0,0.0,0.0,0.0,0.0,False
organic,NE,2026-04-01,38,0,0.0,38,0.0,0,0.0,0.0,0.0,0.0,0.0,0.0,False
organic,NG,2026-04-01,7,0,0.0,7,0.0,0,0.0,0.0,0.0,0.0,0.0,0.0,False
organic,NL,2026-04-01,2342,0,0.0,2342,0.0,43,68475.0,68475.0,0.0,68475.0,68475.0,0.0,True
organic,NO,2026-04-01,502,0,0.0,502,0.0,17,23505.0,23380.0,125.0,23505.0,23380.0,125.0,True
organic,NP,2026-04-01,10,0,0.0,10,0.0,0,0.0,0.0,0.0,0.0,0.0,0.0,False
organic,NR,2026-04-01,1,0,0.0,1,0.0,0,0.0,0.0,0.0,0.0,0.0,0.0,False
organic,NZ,2026-04-01,1376,0,0.0,1376,0.0,42,26315.0,26315.0,0.0,26315.0,26315.0,0.0,True
organic,OM,2026-04-01,226,0,0.0,226,0.0,0,0.0,0.0,0.0,0.0,0.0,0.0,False
organic,PA,2026-04-01,200,0,0.0,200,0.0,1,65.0,65.0,0.0,65.0,65.0,0.0,False
organic,PE,2026-04-01,929,0,0.0,929,0.0,29,7980.0,7980.0,0.0,7980.0,7980.0,0.0,True
organic,PF,2026-04-01,33,0,0.0,33,0.0,1,410.0,410.0,0.0,410.0,410.0,0.0,False
organic,PG,2026-04-01,348,0,0.0,348,0.0,5,4380.0,4380.0,0.0,4380.0,4380.0,0.0,False
organic,PH,2026-04-01,666,0,0.0,666,0.0,12,7320.0,7320.0,0.0,7320.0,7320.0,0.0,True
organic,PK,2026-04-01,315,0,0.0,315,0.0,1,210.0,210.0,0.0,210.0,210.0,0.0,False
organic,PL,2026-04-01,1020,0,0.0,1020,0.0,11,3920.0,3795.0,125.0,3920.0,3795.0,125.0,True
organic,PM,2026-04-01,2,0,0.0,2,0.0,1,110.0,110.0,0.0,110.0,110.0,0.0,False
organic,PR,2026-04-01,215,0,0.0,215,0.0,9,20830.0,20830.0,0.0,20830.0,20830.0,0.0,False
organic,PS,2026-04-01,18,0,0.0,18,0.0,0,0.0,0.0,0.0,0.0,0.0,0.0,False
organic,PT,2026-04-01,1288,0,0.0,1288,0.0,33,20595.0,20470.0,125.0,20595.0,20470.0,125.0,True
organic,PW,2026-04-01,4,0,0.0,4,0.0,0,0.0,0.0,0.0,0.0,0.0,0.0,False
organic,PY,2026-04-01,250,0,0.0,250,0.0,3,3335.0,3335.0,0.0,3335.0,3335.0,0.0,False
organic,QA,2026-04-01,196,0,0.0,196,0.0,5,1850.0,1850.0,0.0,1850.0,1850.0,0.0,False
organic,RE,2026-04-01,64,0,0.0,64,0.0,1,290530.0,287605.0,2925.0,290530.0,287605.0,2925.0,False
organic,RO,2026-04-01,480,0,0.0,480,0.0,8,8135.0,8135.0,0.0,8135.0,8135.0,0.0,False
organic,RS,2026-04-01,1118,0,0.0,1118,0.0,9,3385.0,3385.0,0.0,3385.0,3385.0,0.0,True
organic,RU,2026-04-01,32,0,0.0,32,0.0,0,0.0,0.0,0.0,0.0,0.0,0.0,False
organic,RW,2026-04-01,89,0,0.0,89,0.0,0,0.0,0.0,0.0,0.0,0.0,0.0,False
organic,SA,2026-04-01,127,0,0.0,127,0.0,0,0.0,0.0,0.0,0.0,0.0,0.0,False
organic,SB,2026-04-01,12,0,0.0,12,0.0,0,0.0,0.0,0.0,0.0,0.0,0.0,False
organic,SC,2026-04-01,67,0,0.0,67,0.0,1,65.0,65.0,0.0,65.0,65.0,0.0,False
organic,SE,2026-04-01,783,0,0.0,783,0.0,31,32610.0,32485.0,125.0,32610.0,32485.0,125.0,True
organic,SG,2026-04-01,1348,0,0.0,1348,0.0,14,6750.0,6750.0,0.0,6750.0,6750.0,0.0,True
organic,SI,2026-04-01,110,0,0.0,110,0.0,5,34055.0,33925.0,130.0,34055.0,33925.0,130.0,False
organic,SK,2026-04-01,125,0,0.0,125,0.0,1,65.0,65.0,0.0,65.0,65.0,0.0,False
organic,SL,2026-04-01,21,0,0.0,21,0.0,0,0.0,0.0,0.0,0.0,0.0,0.0,False
organic,SN,2026-04-01,131,0,0.0,131,0.0,3,195.0,195.0,0.0,195.0,195.0,0.0,False
organic,SR,2026-04-01,99,0,0.0,99,0.0,1,165.0,165.0,0.0,165.0,165.0,0.0,False
organic,ST,2026-04-01,1,0,0.0,1,0.0,0,0.0,0.0,0.0,0.0,0.0,0.0,False
organic,SV,2026-04-01,258,0,0.0,258,0.0,8,1360.0,1360.0,0.0,1360.0,1360.0,0.0,False
organic,SX,2026-04-01,17,0,0.0,17,0.0,1,200.0,200.0,0.0,200.0,200.0,0.0,False
organic,SZ,2026-04-01,104,0,0.0,104,0.0,1,200.0,200.0,0.0,200.0,200.0,0.0,False
organic,TC,2026-04-01,7,0,0.0,7,0.0,0,0.0,0.0,0.0,0.0,0.0,0.0,False
organic,TD,2026-04-01,94,0,0.0,94,0.0,1,110.0,110.0,0.0,110.0,110.0,0.0,False
organic,TF,2026-04-01,1,0,0.0,1,0.0,0,0.0,0.0,0.0,0.0,0.0,0.0,False
organic,TG,2026-04-01,45,0,0.0,45,0.0,1,65.0,65.0,0.0,65.0,65.0,0.0,False
organic,TH,2026-04-01,550,0,0.0,550,0.0,8,5025.0,5025.0,0.0,5025.0,5025.0,0.0,True
organic,TJ,2026-04-01,45,0,0.0,45,0.0,0,0.0,0.0,0.0,0.0,0.0,0.0,False
organic,TL,2026-04-01,17,0,0.0,17,0.0,0,0.0,0.0,0.0,0.0,0.0,0.0,False
organic,TM,2026-04-01,28,0,0.0,28,0.0,0,0.0,0.0,0.0,0.0,0.0,0.0,False
organic,TO,2026-04-01,3,0,0.0,3,0.0,0,0.0,0.0,0.0,0.0,0.0,0.0,False
organic,TR,2026-04-01,2357,0,0.0,2357,0.0,20,9100.0,9010.0,90.0,9100.0,9010.0,90.0,True
organic,TT,2026-04-01,147,0,0.0,147,0.0,3,655.0,655.0,0.0,655.0,655.0,0.0,False
organic,TW,2026-04-01,376,0,0.0,376,0.0,3,380.0,380.0,0.0,380.0,380.0,0.0,False
organic,TZ,2026-04-01,167,0,0.0,167,0.0,2,815.0,815.0,0.0,815.0,815.0,0.0,False
organic,UA,2026-04-01,237,0,0.0,237,0.0,0,0.0,0.0,0.0,0.0,0.0,0.0,False
organic,UG,2026-04-01,402,0,0.0,402,0.0,2,625.0,625.0,0.0,625.0,625.0,0.0,False
organic,UNKNOWN,2026-04-01,86,0,0.0,86,0.0,1,200.0,200.0,0.0,200.0,200.0,0.0,False
organic,US,2026-04-01,63499,0,0.0,63499,0.0,2201,5406005.0,5377110.0,28895.0,5406005.0,5377110.0,28895.0,True
organic,UY,2026-04-01,272,0,0.0,272,0.0,10,3725.0,3600.0,125.0,3725.0,3600.0,125.0,False
organic,UZ,2026-04-01,165,0,0.0,165,0.0,1,65.0,65.0,0.0,65.0,65.0,0.0,False
organic,VC,2026-04-01,19,0,0.0,19,0.0,0,0.0,0.0,0.0,0.0,0.0,0.0,False
organic,VE,2026-04-01,15,0,0.0,15,0.0,0,0.0,0.0,0.0,0.0,0.0,0.0,False
organic,VG,2026-04-01,5,0,0.0,5,0.0,0,0.0,0.0,0.0,0.0,0.0,0.0,False
organic,VI,2026-04-01,19,0,0.0,19,0.0,1,65.0,65.0,0.0,65.0,65.0,0.0,False
organic,VN,2026-04-01,1524,0,0.0,1524,0.0,3,195.0,195.0,0.0,195.0,195.0,0.0,True
organic,VU,2026-04-01,20,0,0.0,20,0.0,0,0.0,0.0,0.0,0.0,0.0,0.0,False
organic,WS,2026-04-01,8,0,0.0,8,0.0,0,0.0,0.0,0.0,0.0,0.0,0.0,False
organic,XK,2026-04-01,18,0,0.0,18,0.0,0,0.0,0.0,0.0,0.0,0.0,0.0,False
organic,YT,2026-04-01,8,0,0.0,8,0.0,0,0.0,0.0,0.0,0.0,0.0,0.0,False
organic,ZA,2026-04-01,4293,0,0.0,4293,0.0,82,49335.0,49100.0,235.0,49335.0,49100.0,235.0,True
organic,ZM,2026-04-01,158,0,0.0,158,0.0,2,500.0,500.0,0.0,500.0,500.0,0.0,False
organic,ZW,2026-04-01,3,0,0.0,3,0.0,0,0.0,0.0,0.0,0.0,0.0,0.0,False
ppc,AD,2026-04-01,49,49,274.318,49,274.318,4,3430.0,3430.0,0.0,3430.0,3430.0,0.0,False
ppc,AE,2026-04-01,2057,2050,3978.0772000000024,2057,3978.0772000000024,27,3990.0,3990.0,0.0,3990.0,3990.0,0.0,True
ppc,AG,2026-04-01,110,110,500.11420000000004,110,500.11420000000004,0,0.0,0.0,0.0,0.0,0.0,0.0,False
ppc,AI,2026-04-01,52,52,380.19719999999995,52,380.19719999999995,6,1045.0,1045.0,0.0,1045.0,1045.0,0.0,False
ppc,AL,2026-04-01,387,383,2894.954,387,2894.954,14,14995.0,14950.0,45.0,14995.0,14950.0,45.0,False
ppc,AM,2026-04-01,640,637,3766.3039999999996,640,3766.3039999999996,9,2125.0,2125.0,0.0,2125.0,2125.0,0.0,True
ppc,AO,2026-04-01,621,618,3104.2852000000003,621,3104.2852000000003,7,6375.0,6330.0,45.0,6375.0,6330.0,45.0,True
ppc,AQ,2026-04-01,9,9,65.10520000000001,9,65.10520000000001,5,675.0,630.0,45.0,675.0,630.0,45.0,False
ppc,AR,2026-04-01,7020,6999,15992.909599999972,7020,15992.909599999972,124,46465.0,46465.0,0.0,46465.0,46465.0,0.0,True
ppc,AS,2026-04-01,48,47,304.9836,48,304.9836,4,535.0,535.0,0.0,535.0,535.0,0.0,False
ppc,AT,2026-04-01,701,698,6252.0380000000005,701,6252.0380000000005,18,5330.0,5330.0,0.0,5330.0,5330.0,0.0,True
ppc,AU,2026-04-01,9945,9897,141381.06999999992,9945,141381.06999999992,506,714905.0,712520.0,2385.0,714905.0,712520.0,2385.0,True
ppc,AW,2026-04-01,126,125,1081.2361999999998,126,1081.2361999999998,9,48155.0,48155.0,0.0,48155.0,48155.0,0.0,False
ppc,AX,2026-04-01,53,53,402.227,53,402.227,14,8445.0,8445.0,0.0,8445.0,8445.0,0.0,False
ppc,AZ,2026-04-01,545,541,2001.8627999999999,545,2001.8627999999999,6,1685.0,1685.0,0.0,1685.0,1685.0,0.0,True
ppc,BB,2026-04-01,172,170,1041.6906,172,1041.6906,1,920.0,920.0,0.0,920.0,920.0,0.0,False
ppc,BD,2026-04-01,339,339,481.49580000000003,339,481.49580000000003,0,0.0,0.0,0.0,0.0,0.0,0.0,False
ppc,BE,2026-04-01,1779,1768,13696.3566,1779,13696.3566,80,76505.0,76075.0,430.0,76505.0,76075.0,430.0,True
ppc,BF,2026-04-01,650,645,1743.5065999999997,650,1743.5065999999997,3,700.0,700.0,0.0,700.0,700.0,0.0,True
ppc,BG,2026-04-01,653,647,4189.5026,653,4189.5026,12,4130.0,4130.0,0.0,4130.0,4130.0,0.0,True
ppc,BH,2026-04-01,11,10,79.3724,11,79.3724,0,0.0,0.0,0.0,0.0,0.0,0.0,False
ppc,BJ,2026-04-01,268,267,1176.2596,268,1176.2596,2,1175.0,1175.0,0.0,1175.0,1175.0,0.0,False
ppc,BM,2026-04-01,85,85,742.294,85,742.294,6,5265.0,5265.0,0.0,5265.0,5265.0,0.0,False
ppc,BN,2026-04-01,121,118,778.6057999999999,121,778.6057999999999,3,820.0,820.0,0.0,820.0,820.0,0.0,False
ppc,BO,2026-04-01,1135,1124,4212.538800000001,1135,4212.538800000001,2,1655.0,1655.0,0.0,1655.0,1655.0,0.0,True
ppc,BQ,2026-04-01,26,26,216.7534,26,216.7534,1,210.0,210.0,0.0,210.0,210.0,0.0,False
ppc,BR,2026-04-01,84001,83630,223161.64459999904,84001,223161.64459999904,2211,996795.0,990750.0,6045.0,996795.0,990750.0,6045.0,True
ppc,BS,2026-04-01,273,272,2487.5618,273,2487.5618,9,4290.0,4290.0,0.0,4290.0,4290.0,0.0,False
ppc,BT,2026-04-01,134,133,661.3380000000001,134,661.3380000000001,0,0.0,0.0,0.0,0.0,0.0,0.0,False
ppc,BW,2026-04-01,1146,1145,5877.1392000000005,1146,5877.1392000000005,17,6125.0,6060.0,65.0,6125.0,6060.0,65.0,True
ppc,BY,2026-04-01,1,1,1.8130000000000002,1,1.8130000000000002,0,0.0,0.0,0.0,0.0,0.0,0.0,False
ppc,BZ,2026-04-01,115,115,643.0525999999999,115,643.0525999999999,2,860.0,860.0,0.0,860.0,860.0,0.0,False
ppc,CA,2026-04-01,12288,12202,161278.60439999992,12288,161278.60439999992,508,1398605.0,1393580.0,5025.0,1398605.0,1393580.0,5025.0,True
ppc,CH,2026-04-01,1292,1286,10566.852200000001,1292,10566.852200000001,72,240535.0,239905.0,630.0,240535.0,239905.0,630.0,True
ppc,CI,2026-04-01,55,55,236.14139999999998,55,236.14139999999998,2,175.0,175.0,0.0,175.0,175.0,0.0,False
ppc,CK,2026-04-01,22,21,196.7068,22,196.7068,0,0.0,0.0,0.0,0.0,0.0,0.0,False
ppc,CL,2026-04-01,7411,7375,21008.8886,7411,21008.8886,165,82675.0,82190.0,485.0,82675.0,82190.0,485.0,True
ppc,CM,2026-04-01,151,151,166.26319999999996,151,166.26319999999996,3,785.0,785.0,0.0,785.0,785.0,0.0,False
ppc,CN,2026-04-01,472,468,2330.4598,472,2330.4598,5,1195.0,1195.0,0.0,1195.0,1195.0,0.0,False
ppc,CO,2026-04-01,3624,3598,17070.48280000001,3624,17070.48280000001,81,45695.0,45650.0,45.0,45695.0,45650.0,45.0,True
ppc,CR,2026-04-01,2502,2494,8567.313000000004,2502,8567.313000000004,43,32140.0,32040.0,100.0,32140.0,32040.0,100.0,True
ppc,CV,2026-04-01,74,73,373.40399999999994,74,373.40399999999994,4,350.0,350.0,0.0,350.0,350.0,0.0,False
ppc,CW,2026-04-01,205,201,1631.9442,205,1631.9442,5,965.0,965.0,0.0,965.0,965.0,0.0,False
ppc,CY,2026-04-01,585,584,4304.3728,585,4304.3728,17,4980.0,4980.0,0.0,4980.0,4980.0,0.0,True
ppc,CZ,2026-04-01,259,258,1401.3601999999998,259,1401.3601999999998,7,2820.0,2820.0,0.0,2820.0,2820.0,0.0,False
ppc,DE,2026-04-01,4048,4017,31818.127799999995,4048,31818.127799999995,113,109390.0,109095.0,295.0,109390.0,109095.0,295.0,True
ppc,DJ,2026-04-01,270,269,1250.9995999999999,270,1250.9995999999999,0,0.0,0.0,0.0,0.0,0.0,0.0,False
ppc,DK,2026-04-01,425,420,3679.7906000000003,425,3679.7906000000003,19,34925.0,34735.0,190.0,34925.0,34735.0,190.0,False
ppc,DM,2026-04-01,37,37,306.1972,37,306.1972,1,65.0,65.0,0.0,65.0,65.0,0.0,False
ppc,DO,2026-04-01,5441,5421,13098.828800000005,5441,13098.828800000005,85,12230.0,12230.0,0.0,12230.0,12230.0,0.0,True
ppc,DZ,2026-04-01,68,68,356.62080000000003,68,356.62080000000003,6,5460.0,5460.0,0.0,5460.0,5460.0,0.0,False
ppc,EC,2026-04-01,2258,2239,5716.322400000001,2258,5716.322400000001,28,25745.0,25745.0,0.0,25745.0,25745.0,0.0,True
ppc,EE,2026-04-01,183,183,1521.4474,183,1521.4474,8,1465.0,1465.0,0.0,1465.0,1465.0,0.0,False
ppc,EG,2026-04-01,2,2,17.094,2,17.094,0,0.0,0.0,0.0,0.0,0.0,0.0,False
ppc,EH,2026-04-01,2,2,23.4062,2,23.4062,1,65.0,65.0,0.0,65.0,65.0,0.0,False
ppc,ES,2026-04-01,10364,10297,38440.7948,10364,38440.7948,238,173870.0,173310.0,560.0,173870.0,173310.0,560.0,True
ppc,ET,2026-04-01,2,2,10.248999999999999,2,10.248999999999999,0,0.0,0.0,0.0,0.0,0.0,0.0,False
ppc,FI,2026-04-01,398,396,3216.972399999999,398,3216.972399999999,11,3960.0,3960.0,0.0,3960.0,3960.0,0.0,False
ppc,FJ,2026-04-01,432,429,1516.2526000000003,432,1516.2526000000003,1,65.0,65.0,0.0,65.0,65.0,0.0,False
ppc,FK,2026-04-01,8,8,57.860600000000005,8,57.860600000000005,1,16295.0,16295.0,0.0,16295.0,16295.0,0.0,False
ppc,FM,2026-04-01,17,17,114.3744,17,114.3744,0,0.0,0.0,0.0,0.0,0.0,0.0,False
ppc,FO,2026-04-01,24,24,215.14019999999996,24,215.14019999999996,2,2010.0,2010.0,0.0,2010.0,2010.0,0.0,False
ppc,FR,2026-04-01,8881,8833,53262.35839999998,8881,53262.35839999998,220,379175.0,378640.0,535.0,379175.0,378640.0,535.0,True
ppc,GA,2026-04-01,401,399,1392.9759999999999,401,1392.9759999999999,10,1340.0,1340.0,0.0,1340.0,1340.0,0.0,False
ppc,GB,2026-04-01,17433,17294,239042.2666000002,17433,239042.2666000002,720,982190.0,976530.0,5660.0,982190.0,976530.0,5660.0,True
ppc,GD,2026-04-01,60,60,365.57480000000004,60,365.57480000000004,0,0.0,0.0,0.0,0.0,0.0,0.0,False
ppc,GE,2026-04-01,547,547,2007.4497999999999,547,2007.4497999999999,12,1505.0,1505.0,0.0,1505.0,1505.0,0.0,True
ppc,GF,2026-04-01,62,61,381.64759999999995,62,381.64759999999995,2,220.0,220.0,0.0,220.0,220.0,0.0,False
ppc,GG,2026-04-01,38,38,320.99719999999996,38,320.99719999999996,5,515.0,515.0,0.0,515.0,515.0,0.0,False
ppc,GI,2026-04-01,17,17,122.544,17,122.544,1,65.0,65.0,0.0,65.0,65.0,0.0,False
ppc,GL,2026-04-01,35,35,245.30259999999996,35,245.30259999999996,2,6160.0,6160.0,0.0,6160.0,6160.0,0.0,False
ppc,GM,2026-04-01,218,218,972.3452000000001,218,972.3452000000001,2,220.0,220.0,0.0,220.0,220.0,0.0,False
ppc,GN,2026-04-01,18,18,61.716,18,61.716,0,0.0,0.0,0.0,0.0,0.0,0.0,False
ppc,GP,2026-04-01,154,152,975.6308000000001,154,975.6308000000001,6,2415.0,2415.0,0.0,2415.0,2415.0,0.0,False
ppc,GQ,2026-04-01,156,156,574.1586,156,574.1586,1,4020.0,3930.0,90.0,4020.0,3930.0,90.0,False
ppc,GR,2026-04-01,978,965,6633.8261999999995,978,6633.8261999999995,35,74760.0,74475.0,285.0,74760.0,74475.0,285.0,True
ppc,GT,2026-04-01,659,657,4472.042,659,4472.042,11,1435.0,1435.0,0.0,1435.0,1435.0,0.0,True
ppc,GU,2026-04-01,141,140,950.6558000000001,141,950.6558000000001,4,1105.0,1105.0,0.0,1105.0,1105.0,0.0,False
ppc,GY,2026-04-01,352,349,1870.8532,352,1870.8532,2,465.0,465.0,0.0,465.0,465.0,0.0,False
ppc,HK,2026-04-01,1911,1904,10769.923000000003,1911,10769.923000000003,25,48790.0,48790.0,0.0,48790.0,48790.0,0.0,True
ppc,HN,2026-04-01,889,884,2020.1851999999997,889,2020.1851999999997,2,2055.0,2055.0,0.0,2055.0,2055.0,0.0,True
ppc,HR,2026-04-01,698,692,5672.0482,698,5672.0482,32,43125.0,43080.0,45.0,43125.0,43080.0,45.0,True
ppc,HT,2026-04-01,917,912,2224.861799999999,917,2224.861799999999,4,1690.0,1690.0,0.0,1690.0,1690.0,0.0,True
ppc,HU,2026-04-01,421,416,2477.5718,421,2477.5718,12,2840.0,2840.0,0.0,2840.0,2840.0,0.0,False
ppc,ID,2026-04-01,35,35,194.6644,35,194.6644,0,0.0,0.0,0.0,0.0,0.0,0.0,False
ppc,IE,2026-04-01,1798,1779,24819.4594,1798,24819.4594,72,63505.0,62840.0,665.0,63505.0,62840.0,665.0,True
ppc,IL,2026-04-01,1906,1895,15542.745400000002,1906,15542.745400000002,57,205565.0,204405.0,1160.0,205565.0,204405.0,1160.0,True
ppc,IM,2026-04-01,42,42,348.21440000000007,42,348.21440000000007,1,65.0,65.0,0.0,65.0,65.0,0.0,False
ppc,IN,2026-04-01,3340,3323,4125.322399999996,3340,4125.322399999996,13,17730.0,17730.0,0.0,17730.0,17730.0,0.0,True
ppc,IO,2026-04-01,13,13,84.7818,13,84.7818,1,345.0,345.0,0.0,345.0,345.0,0.0,False
ppc,IQ,2026-04-01,1,1,2.701,1,2.701,0,0.0,0.0,0.0,0.0,0.0,0.0,False
ppc,IS,2026-04-01,99,98,716.5938,99,716.5938,4,735.0,735.0,0.0,735.0,735.0,0.0,False
ppc,IT,2026-04-01,10636,10594,63833.428599999956,10636,63833.428599999956,227,578630.0,577335.0,1295.0,578630.0,577335.0,1295.0,True
ppc,JE,2026-04-01,66,65,575.5572,66,575.5572,1,150.0,150.0,0.0,150.0,150.0,0.0,False
ppc,JM,2026-04-01,5432,5411,29350.309200000018,5432,29350.309200000018,99,40760.0,40635.0,125.0,40760.0,40635.0,125.0,True
ppc,JO,2026-04-01,12,11,95.80040000000001,12,95.80040000000001,1,65.0,65.0,0.0,65.0,65.0,0.0,False
ppc,JP,2026-04-01,2388,2382,14027.343799999999,2388,14027.343799999999,26,14530.0,14530.0,0.0,14530.0,14530.0,0.0,True
ppc,KE,2026-04-01,25911,25833,58358.879000000066,25911,58358.879000000066,162,41575.0,41350.0,225.0,41575.0,41350.0,225.0,True
ppc,KG,2026-04-01,185,184,1228.1558,185,1228.1558,1,65.0,65.0,0.0,65.0,65.0,0.0,False
ppc,KH,2026-04-01,25,25,205.37959999999998,25,205.37959999999998,0,0.0,0.0,0.0,0.0,0.0,0.0,False
ppc,KI,2026-04-01,36,35,214.98479999999998,36,214.98479999999998,0,0.0,0.0,0.0,0.0,0.0,0.0,False
ppc,KM,2026-04-01,70,69,223.0286,70,223.0286,0,0.0,0.0,0.0,0.0,0.0,0.0,False
ppc,KN,2026-04-01,41,41,215.9912,41,215.9912,0,0.0,0.0,0.0,0.0,0.0,0.0,False
ppc,KR,2026-04-01,2929,2920,12289.276199999997,2929,12289.276199999997,38,59810.0,59810.0,0.0,59810.0,59810.0,0.0,True
ppc,KW,2026-04-01,8,8,46.99739999999999,8,46.99739999999999,0,0.0,0.0,0.0,0.0,0.0,0.0,False
ppc,KY,2026-04-01,144,144,1212.3642,144,1212.3642,12,3925.0,3925.0,0.0,3925.0,3925.0,0.0,False
ppc,KZ,2026-04-01,22,22,161.53459999999998,22,161.53459999999998,2,690.0,690.0,0.0,690.0,690.0,0.0,False
ppc,LA,2026-04-01,246,243,1237.1172000000001,246,1237.1172000000001,0,0.0,0.0,0.0,0.0,0.0,0.0,False
ppc,LC,2026-04-01,101,101,596.218,101,596.218,3,475.0,475.0,0.0,475.0,475.0,0.0,False
ppc,LI,2026-04-01,6,6,65.5862,6,65.5862,0,0.0,0.0,0.0,0.0,0.0,0.0,False
ppc,LK,2026-04-01,90,90,522.4992,90,522.4992,2,130.0,130.0,0.0,130.0,130.0,0.0,False
ppc,LS,2026-04-01,355,347,2009.1296,355,2009.1296,2,500.0,500.0,0.0,500.0,500.0,0.0,False
ppc,LT,2026-04-01,250,249,1448.3946000000003,250,1448.3946000000003,7,7150.0,7050.0,100.0,7150.0,7050.0,100.0,False
ppc,LU,2026-04-01,166,164,1117.2076,166,1117.2076,11,4595.0,4595.0,0.0,4595.0,4595.0,0.0,False
ppc,LV,2026-04-01,383,382,2775.8658,383,2775.8658,6,1515.0,1515.0,0.0,1515.0,1515.0,0.0,False
ppc,MA,2026-04-01,104,102,609.02,104,609.02,0,0.0,0.0,0.0,0.0,0.0,0.0,False
ppc,MC,2026-04-01,7,6,26.588199999999997,7,26.588199999999997,0,0.0,0.0,0.0,0.0,0.0,0.0,False
ppc,MD,2026-04-01,422,422,2386.1373999999996,422,2386.1373999999996,4,2380.0,2380.0,0.0,2380.0,2380.0,0.0,False
ppc,ME,2026-04-01,195,194,1497.464,195,1497.464,3,195.0,195.0,0.0,195.0,195.0,0.0,False
ppc,MF,2026-04-01,10,10,148.7696,10,148.7696,0,0.0,0.0,0.0,0.0,0.0,0.0,False
ppc,MG,2026-04-01,324,324,1562.6284,324,1562.6284,1,65.0,65.0,0.0,65.0,65.0,0.0,False
ppc,MH,2026-04-01,16,16,74.0074,16,74.0074,0,0.0,0.0,0.0,0.0,0.0,0.0,False
ppc,MK,2026-04-01,286,286,2151.3354,286,2151.3354,2,300.0,300.0,0.0,300.0,300.0,0.0,False
ppc,MN,2026-04-01,177,176,1053.1606000000002,177,1053.1606000000002,2,130.0,130.0,0.0,130.0,130.0,0.0,False
ppc,MO,2026-04-01,47,47,350.7822,47,350.7822,0,0.0,0.0,0.0,0.0,0.0,0.0,False
ppc,MP,2026-04-01,7,7,34.04,7,34.04,0,0.0,0.0,0.0,0.0,0.0,0.0,False
ppc,MQ,2026-04-01,133,133,838.5606,133,838.5606,9,1745.0,1745.0,0.0,1745.0,1745.0,0.0,False
ppc,MR,2026-04-01,310,308,1156.1612,310,1156.1612,0,0.0,0.0,0.0,0.0,0.0,0.0,False
ppc,MS,2026-04-01,7,7,39.5604,7,39.5604,1,4640.0,4640.0,0.0,4640.0,4640.0,0.0,False
ppc,MT,2026-04-01,299,295,2572.98,299,2572.98,8,1525.0,1525.0,0.0,1525.0,1525.0,0.0,False
ppc,MU,2026-04-01,597,593,3627.8277999999996,597,3627.8277999999996,11,805.0,805.0,0.0,805.0,805.0,0.0,True
ppc,MV,2026-04-01,193,191,1465.2592,193,1465.2592,7,1045.0,1045.0,0.0,1045.0,1045.0,0.0,False
ppc,MW,2026-04-01,105,105,136.5892,105,136.5892,1,65.0,65.0,0.0,65.0,65.0,0.0,False
ppc,MX,2026-04-01,24700,24549,68537.04620000003,24700,68537.04620000003,353,231940.0,231260.0,680.0,231940.0,231260.0,680.0,True
ppc,MY,2026-04-01,8170,8143,45652.44260000002,8170,45652.44260000002,134,129850.0,128560.0,1290.0,129850.0,128560.0,1290.0,True
ppc,MZ,2026-04-01,731,722,3205.3617999999988,731,3205.3617999999988,2,2765.0,2765.0,0.0,2765.0,2765.0,0.0,True
ppc,NA,2026-04-01,1041,1034,3155.0639999999994,1041,3155.0639999999994,10,10260.0,10260.0,0.0,10260.0,10260.0,0.0,True
ppc,NC,2026-04-01,156,154,826.6614,156,826.6614,6,4985.0,4985.0,0.0,4985.0,4985.0,0.0,False
ppc,NE,2026-04-01,445,441,1428.2147999999997,445,1428.2147999999997,2,175.0,175.0,0.0,175.0,175.0,0.0,False
ppc,NL,2026-04-01,4134,4107,26370.00359999999,4134,26370.00359999999,105,87485.0,87485.0,0.0,87485.0,87485.0,0.0,True
ppc,NO,2026-04-01,454,449,3770.0335999999998,454,3770.0335999999998,12,5270.0,5180.0,90.0,5270.0,5180.0,90.0,False
ppc,NP,2026-04-01,9,9,73.9704,9,73.9704,1,65.0,65.0,0.0,65.0,65.0,0.0,False
ppc,NR,2026-04-01,2,2,8.5026,2,8.5026,0,0.0,0.0,0.0,0.0,0.0,0.0,False
ppc,NZ,2026-04-01,2735,2714,37505.101800000004,2735,37505.101800000004,100,199785.0,199350.0,435.0,199785.0,199350.0,435.0,True
ppc,OM,2026-04-01,11,11,30.606400000000004,11,30.606400000000004,0,0.0,0.0,0.0,0.0,0.0,0.0,False
ppc,PA,2026-04-01,1584,1574,4950.0746,1584,4950.0746,16,16770.0,16770.0,0.0,16770.0,16770.0,0.0,True
ppc,PE,2026-04-01,4393,4363,14862.174799999995,4393,14862.174799999995,58,15120.0,15075.0,45.0,15120.0,15075.0,45.0,True
ppc,PF,2026-04-01,214,213,1282.6789999999996,214,1282.6789999999996,3,2690.0,2690.0,0.0,2690.0,2690.0,0.0,False
ppc,PG,2026-04-01,2420,2382,12631.11919999999,2420,12631.11919999999,9,3425.0,3425.0,0.0,3425.0,3425.0,0.0,True
ppc,PH,2026-04-01,9104,9099,31471.60800000005,9104,31471.60800000005,150,91060.0,90625.0,435.0,91060.0,90625.0,435.0,True
ppc,PK,2026-04-01,86,86,667.1914000000002,86,667.1914000000002,1,65.0,65.0,0.0,65.0,65.0,0.0,False
ppc,PL,2026-04-01,899,893,4582.842200000001,899,4582.842200000001,19,9975.0,9935.0,40.0,9975.0,9935.0,40.0,True
ppc,PM,2026-04-01,1,1,1.517,1,1.517,0,0.0,0.0,0.0,0.0,0.0,0.0,False
ppc,PR,2026-04-01,1755,1748,7407.8588,1755,7407.8588,58,29840.0,29800.0,40.0,29840.0,29800.0,40.0,True
ppc,PS,2026-04-01,2,2,10.707799999999999,2,10.707799999999999,0,0.0,0.0,0.0,0.0,0.0,0.0,False
ppc,PT,2026-04-01,2759,2741,13797.973399999997,2759,13797.973399999997,72,77475.0,77345.0,130.0,77475.0,77345.0,130.0,True
ppc,PW,2026-04-01,15,15,64.28379999999999,15,64.28379999999999,0,0.0,0.0,0.0,0.0,0.0,0.0,False
ppc,PY,2026-04-01,1010,1004,2823.0112,1010,2823.0112,14,2500.0,2500.0,0.0,2500.0,2500.0,0.0,True
ppc,QA,2026-04-01,36,35,160.86120000000003,36,160.86120000000003,2,130.0,130.0,0.0,130.0,130.0,0.0,False
ppc,RE,2026-04-01,185,184,1081.2732,185,1081.2732,7,1485.0,1485.0,0.0,1485.0,1485.0,0.0,False
ppc,RO,2026-04-01,1494,1482,11823.0688,1494,11823.0688,32,38160.0,38070.0,90.0,38160.0,38070.0,90.0,True
ppc,RS,2026-04-01,1483,1475,10745.347599999997,1483,10745.347599999997,30,13285.0,13195.0,90.0,13285.0,13195.0,90.0,True
ppc,RU,2026-04-01,17,16,83.0058,17,83.0058,0,0.0,0.0,0.0,0.0,0.0,0.0,False
ppc,RW,2026-04-01,734,730,3862.5854,734,3862.5854,3,510.0,510.0,0.0,510.0,510.0,0.0,True
ppc,SA,2026-04-01,45,45,355.7772,45,355.7772,1,65.0,65.0,0.0,65.0,65.0,0.0,False
ppc,SB,2026-04-01,141,140,708.7128,141,708.7128,1,65.0,65.0,0.0,65.0,65.0,0.0,False
ppc,SC,2026-04-01,101,101,641.8834,101,641.8834,1,5290.0,5020.0,270.0,5290.0,5020.0,270.0,False
ppc,SE,2026-04-01,750,748,7314.544800000001,750,7314.544800000001,39,18385.0,18195.0,190.0,18385.0,18195.0,190.0,True
ppc,SG,2026-04-01,4797,4775,33932.38179999999,4797,33932.38179999999,125,95665.0,94565.0,1100.0,95665.0,94565.0,1100.0,True
ppc,SI,2026-04-01,300,299,2357.4698000000003,300,2357.4698000000003,16,5635.0,5635.0,0.0,5635.0,5635.0,0.0,False
ppc,SJ,2026-04-01,1,1,3.6481999999999997,1,3.6481999999999997,0,0.0,0.0,0.0,0.0,0.0,0.0,False
ppc,SK,2026-04-01,318,313,2329.224,318,2329.224,4,525.0,525.0,0.0,525.0,525.0,0.0,False
ppc,SL,2026-04-01,649,648,5638.9924,649,5638.9924,5,460.0,460.0,0.0,460.0,460.0,0.0,True
ppc,SM,2026-04-01,8,8,54.1532,8,54.1532,0,0.0,0.0,0.0,0.0,0.0,0.0,False
ppc,SN,2026-04-01,39,39,265.2826,39,265.2826,1,265.0,265.0,0.0,265.0,265.0,0.0,False
ppc,SR,2026-04-01,223,222,1083.4932000000001,223,1083.4932000000001,0,0.0,0.0,0.0,0.0,0.0,0.0,False
ppc,ST,2026-04-01,8,8,37.2812,8,37.2812,0,0.0,0.0,0.0,0.0,0.0,0.0,False
ppc,SV,2026-04-01,844,837,3050.5538,844,3050.5538,10,5125.0,4980.0,145.0,5125.0,4980.0,145.0,True
ppc,SX,2026-04-01,96,95,848.5284,96,848.5284,3,565.0,565.0,0.0,565.0,565.0,0.0,False
ppc,SZ,2026-04-01,399,391,1611.3796000000002,399,1611.3796000000002,4,21800.0,21800.0,0.0,21800.0,21800.0,0.0,False
ppc,TC,2026-04-01,61,60,573.3964,61,573.3964,4,4810.0,4810.0,0.0,4810.0,4810.0,0.0,False
ppc,TD,2026-04-01,395,390,1161.7186000000002,395,1161.7186000000002,5,570.0,570.0,0.0,570.0,570.0,0.0,False
ppc,TG,2026-04-01,24,24,65.77120000000001,24,65.77120000000001,0,0.0,0.0,0.0,0.0,0.0,0.0,False
ppc,TH,2026-04-01,3945,3928,20569.2398,3945,20569.2398,63,68315.0,67440.0,875.0,68315.0,67440.0,875.0,True
ppc,TJ,2026-04-01,80,80,461.28639999999996,80,461.28639999999996,0,0.0,0.0,0.0,0.0,0.0,0.0,False
ppc,TL,2026-04-01,40,39,202.9968,40,202.9968,0,0.0,0.0,0.0,0.0,0.0,0.0,False
ppc,TM,2026-04-01,10,10,72.4312,10,72.4312,0,0.0,0.0,0.0,0.0,0.0,0.0,False
ppc,TO,2026-04-01,16,16,67.71740000000001,16,67.71740000000001,0,0.0,0.0,0.0,0.0,0.0,0.0,False
ppc,TR,2026-04-01,5392,5368,26643.078399999988,5392,26643.078399999988,69,68180.0,67970.0,210.0,68180.0,67970.0,210.0,True
ppc,TT,2026-04-01,520,519,3989.6137999999996,520,3989.6137999999996,8,750.0,750.0,0.0,750.0,750.0,0.0,True
ppc,TV,2026-04-01,3,3,8.177,3,8.177,0,0.0,0.0,0.0,0.0,0.0,0.0,False
ppc,TW,2026-04-01,1569,1566,9933.841399999996,1569,9933.841399999996,15,66725.0,66725.0,0.0,66725.0,66725.0,0.0,True
ppc,TZ,2026-04-01,263,259,793.1615999999998,263,793.1615999999998,4,1935.0,1935.0,0.0,1935.0,1935.0,0.0,False
ppc,UA,2026-04-01,2,2,12.9648,2,12.9648,0,0.0,0.0,0.0,0.0,0.0,0.0,False
ppc,UG,2026-04-01,163,161,767.4613999999999,163,767.4613999999999,1,255.0,255.0,0.0,255.0,255.0,0.0,False
ppc,UNKNOWN,2026-04-01,46,46,376.0236,46,376.0236,1,65.0,65.0,0.0,65.0,65.0,0.0,False
ppc,US,2026-04-01,89804,89136,1259269.913999999,89804,1259269.913999999,4381,8731465.0,8692735.0,38730.0,8731465.0,8692735.0,38730.0,True
ppc,UY,2026-04-01,2424,2408,7668.597800000001,2424,7668.597800000001,36,19795.0,18860.0,935.0,19795.0,18860.0,935.0,True
ppc,UZ,2026-04-01,428,428,2247.6168,428,2247.6168,2,130.0,130.0,0.0,130.0,130.0,0.0,False
ppc,VA,2026-04-01,1,1,8.879999999999999,1,8.879999999999999,0,0.0,0.0,0.0,0.0,0.0,0.0,False
ppc,VC,2026-04-01,54,54,354.86699999999996,54,354.86699999999996,1,65.0,65.0,0.0,65.0,65.0,0.0,False
ppc,VG,2026-04-01,69,69,503.89559999999994,69,503.89559999999994,5,2035.0,2035.0,0.0,2035.0,2035.0,0.0,False
ppc,VI,2026-04-01,69,69,550.3528,69,550.3528,3,495.0,495.0,0.0,495.0,495.0,0.0,False
ppc,VN,2026-04-01,2432,2427,9310.879799999999,2432,9310.879799999999,12,7415.0,7265.0,150.0,7415.0,7265.0,150.0,True
ppc,VU,2026-04-01,44,43,163.65099999999998,44,163.65099999999998,0,0.0,0.0,0.0,0.0,0.0,0.0,False
ppc,WF,2026-04-01,2,2,2.6639999999999997,2,2.6639999999999997,2,145.0,145.0,0.0,145.0,145.0,0.0,False
ppc,WS,2026-04-01,39,39,235.6012,39,235.6012,0,0.0,0.0,0.0,0.0,0.0,0.0,False
ppc,XK,2026-04-01,50,50,398.00899999999996,50,398.00899999999996,2,1135.0,1135.0,0.0,1135.0,1135.0,0.0,False
ppc,YT,2026-04-01,28,28,147.038,28,147.038,2,500.0,500.0,0.0,500.0,500.0,0.0,False
ppc,ZA,2026-04-01,17816,17760,45600.16160000001,17816,45600.16160000001,325,176925.0,176445.0,480.0,176925.0,176445.0,480.0,True
ppc,ZM,2026-04-01,176,176,280.14919999999995,176,280.14919999999995,5,630.0,630.0,0.0,630.0,630.0,0.0,False
1002,AD,2026-05-01,4,0,0.0,1,0.0,0,0.0,0.0,0.0,0.0,0.0,0.0,False
1002,AI,2026-05-01,2,0,0.0,2,0.0,1,65.0,65.0,0.0,65.0,65.0,0.0,False
1002,AL,2026-05-01,7,0,0.0,4,0.0,1,285.0,285.0,0.0,0.0,0.0,0.0,False
1002,AR,2026-05-01,3,0,0.0,2,0.0,0,0.0,0.0,0.0,0.0,0.0,0.0,False
1002,AS,2026-05-01,1,0,0.0,0,0.0,0,0.0,0.0,0.0,0.0,0.0,0.0,False
1002,AT,2026-05-01,51,0,0.0,38,0.0,0,0.0,0.0,0.0,0.0,0.0,0.0,False
1002,AU,2026-05-01,1035,61,37189.439999999995,755,26337.34,92,94260.0,93820.0,440.0,62515.0,62075.0,440.0,True
1002,AW,2026-05-01,1,0,0.0,1,0.0,0,0.0,0.0,0.0,0.0,0.0,0.0,False
1002,AX,2026-05-01,5,1,550.56,2,550.56,2,1960.0,1960.0,0.0,1960.0,1960.0,0.0,False
1002,AZ,2026-05-01,2,0,0.0,1,0.0,0,0.0,0.0,0.0,0.0,0.0,0.0,False
1002,BB,2026-05-01,1,0,0.0,0,0.0,0,0.0,0.0,0.0,0.0,0.0,0.0,False
1002,BD,2026-05-01,14,0,0.0,13,0.0,0,0.0,0.0,0.0,0.0,0.0,0.0,False
1002,BE,2026-05-01,78,5,1645.7599999999998,60,1308.32,7,1495.0,1430.0,65.0,1285.0,1220.0,65.0,False
1002,BF,2026-05-01,1,0,0.0,1,0.0,0,0.0,0.0,0.0,0.0,0.0,0.0,False
1002,BG,2026-05-01,4,0,0.0,3,0.0,0,0.0,0.0,0.0,0.0,0.0,0.0,False
1002,BJ,2026-05-01,1,0,0.0,1,0.0,0,0.0,0.0,0.0,0.0,0.0,0.0,False
1002,BR,2026-05-01,11,0,0.0,9,0.0,0,0.0,0.0,0.0,0.0,0.0,0.0,False
1002,BS,2026-05-01,6,0,0.0,6,0.0,0,0.0,0.0,0.0,0.0,0.0,0.0,False
1002,BZ,2026-05-01,1,0,0.0,1,0.0,0,0.0,0.0,0.0,0.0,0.0,0.0,False
1002,CA,2026-05-01,797,22,13504.26,598,10191.279999999999,44,85680.0,85555.0,125.0,81445.0,81445.0,0.0,True
1002,CH,2026-05-01,50,5,1625.04,40,1308.32,5,15210.0,15210.0,0.0,15015.0,15015.0,0.0,False
1002,CI,2026-05-01,1,0,0.0,1,0.0,0,0.0,0.0,0.0,0.0,0.0,0.0,False
1002,CL,2026-05-01,3,0,0.0,3,0.0,0,0.0,0.0,0.0,0.0,0.0,0.0,False
1002,CM,2026-05-01,4,0,0.0,4,0.0,0,0.0,0.0,0.0,0.0,0.0,0.0,False
1002,CN,2026-05-01,5,0,0.0,3,0.0,1,2005.0,2005.0,0.0,2005.0,2005.0,0.0,False
1002,CO,2026-05-01,4,0,0.0,3,0.0,1,65.0,65.0,0.0,65.0,65.0,0.0,False
1002,CW,2026-05-01,1,0,0.0,1,0.0,0,0.0,0.0,0.0,0.0,0.0,0.0,False
1002,CY,2026-05-01,4,0,0.0,4,0.0,0,0.0,0.0,0.0,0.0,0.0,0.0,False
1002,CZ,2026-05-01,5,0,0.0,4,0.0,0,0.0,0.0,0.0,0.0,0.0,0.0,False
1002,DE,2026-05-01,1063,30,9356.559999999998,769,5350.2,45,43505.0,40605.0,2900.0,9455.0,7455.0,2000.0,True
1002,DK,2026-05-01,88,4,1349.76,71,1012.3199999999999,5,1495.0,1495.0,0.0,1300.0,1300.0,0.0,False
1002,DO,2026-05-01,3,0,0.0,0,0.0,0,0.0,0.0,0.0,0.0,0.0,0.0,False
1002,DZ,2026-05-01,12,0,0.0,11,0.0,0,0.0,0.0,0.0,0.0,0.0,0.0,False
1002,EC,2026-05-01,3,0,0.0,2,0.0,0,0.0,0.0,0.0,0.0,0.0,0.0,False
1002,EE,2026-05-01,1,0,0.0,1,0.0,0,0.0,0.0,0.0,0.0,0.0,0.0,False
1002,ES,2026-05-01,10,2,884.3,7,625.3,2,375.0,375.0,0.0,195.0,195.0,0.0,False
1002,FI,2026-05-01,52,1,316.71999999999997,38,316.71999999999997,5,725.0,725.0,0.0,725.0,725.0,0.0,False
1002,FJ,2026-05-01,1,0,0.0,1,0.0,0,0.0,0.0,0.0,0.0,0.0,0.0,False
1002,FR,2026-05-01,147,1,316.71999999999997,106,316.71999999999997,3,4820.0,4820.0,0.0,4655.0,4655.0,0.0,False
1002,GA,2026-05-01,1,0,0.0,1,0.0,0,0.0,0.0,0.0,0.0,0.0,0.0,False
1002,GB,2026-05-01,1512,60,37492.1,1090,27260.86,94,252950.0,251350.0,1600.0,238280.0,236680.0,1600.0,True
1002,GE,2026-05-01,1,0,0.0,0,0.0,0,0.0,0.0,0.0,0.0,0.0,0.0,False
1002,GH,2026-05-01,1,0,0.0,1,0.0,1,65.0,65.0,0.0,65.0,65.0,0.0,False
1002,GR,2026-05-01,9,1,557.96,7,557.96,2,130.0,130.0,0.0,130.0,130.0,0.0,False
1002,GT,2026-05-01,1,0,0.0,1,0.0,0,0.0,0.0,0.0,0.0,0.0,0.0,False
1002,GY,2026-05-01,1,0,0.0,1,0.0,0,0.0,0.0,0.0,0.0,0.0,0.0,False
1002,HK,2026-05-01,1,1,688.2,1,688.2,1,150.0,150.0,0.0,150.0,150.0,0.0,False
1002,HR,2026-05-01,4,0,0.0,4,0.0,0,0.0,0.0,0.0,0.0,0.0,0.0,False
1002,ID,2026-05-01,4,0,0.0,4,0.0,0,0.0,0.0,0.0,0.0,0.0,0.0,False
1002,IE,2026-05-01,68,1,337.44,57,0.0,2,2935.0,2935.0,0.0,1455.0,1455.0,0.0,False
1002,IL,2026-05-01,1,0,0.0,1,0.0,0,0.0,0.0,0.0,0.0,0.0,0.0,False
1002,IN,2026-05-01,6,0,0.0,5,0.0,0,0.0,0.0,0.0,0.0,0.0,0.0,False
1002,IS,2026-05-01,8,1,316.71999999999997,6,316.71999999999997,1,240.0,240.0,0.0,240.0,240.0,0.0,False
1002,IT,2026-05-01,254,4,1329.04,184,654.16,9,1755.0,1755.0,0.0,1370.0,1370.0,0.0,False
1002,JM,2026-05-01,2,0,0.0,1,0.0,0,0.0,0.0,0.0,0.0,0.0,0.0,False
1002,JP,2026-05-01,8,0,0.0,7,0.0,0,0.0,0.0,0.0,0.0,0.0,0.0,False
1002,KE,2026-05-01,5,0,0.0,3,0.0,0,0.0,0.0,0.0,0.0,0.0,0.0,False
1002,KH,2026-05-01,6,0,0.0,2,0.0,0,0.0,0.0,0.0,0.0,0.0,0.0,False
1002,KM,2026-05-01,1,1,259.0,1,259.0,1,850.0,850.0,0.0,850.0,850.0,0.0,False
1002,KR,2026-05-01,8,0,0.0,5,0.0,0,0.0,0.0,0.0,0.0,0.0,0.0,False
1002,KZ,2026-05-01,1,0,0.0,1,0.0,0,0.0,0.0,0.0,0.0,0.0,0.0,False
1002,LT,2026-05-01,2,0,0.0,1,0.0,0,0.0,0.0,0.0,0.0,0.0,0.0,False
1002,LU,2026-05-01,12,0,0.0,10,0.0,1,110.0,110.0,0.0,110.0,110.0,0.0,False
1002,LV,2026-05-01,2,0,0.0,2,0.0,0,0.0,0.0,0.0,0.0,0.0,0.0,False
1002,MA,2026-05-01,1,0,0.0,1,0.0,0,0.0,0.0,0.0,0.0,0.0,0.0,False
1002,MD,2026-05-01,7,0,0.0,7,0.0,0,0.0,0.0,0.0,0.0,0.0,0.0,False
1002,MN,2026-05-01,1,0,0.0,1,0.0,0,0.0,0.0,0.0,0.0,0.0,0.0,False
1002,MO,2026-05-01,1,0,0.0,1,0.0,0,0.0,0.0,0.0,0.0,0.0,0.0,False
1002,MT,2026-05-01,1,0,0.0,1,0.0,0,0.0,0.0,0.0,0.0,0.0,0.0,False
1002,MX,2026-05-01,22,1,550.56,17,550.56,1,7700.0,7700.0,0.0,7700.0,7700.0,0.0,False
1002,MY,2026-05-01,4,0,0.0,3,0.0,0,0.0,0.0,0.0,0.0,0.0,0.0,False
1002,MZ,2026-05-01,1,0,0.0,1,0.0,0,0.0,0.0,0.0,0.0,0.0,0.0,False
1002,NL,2026-05-01,231,9,2974.8,177,2658.08,17,68880.0,68640.0,240.0,67830.0,67590.0,240.0,False
1002,NO,2026-05-01,76,3,970.8799999999999,60,970.8799999999999,5,595.0,595.0,0.0,530.0,530.0,0.0,False
1002,NZ,2026-05-01,176,7,4274.24,122,4274.24,11,4610.0,4610.0,0.0,3425.0,3425.0,0.0,False
1002,PA,2026-05-01,2,0,0.0,0,0.0,0,0.0,0.0,0.0,0.0,0.0,0.0,False
1002,PH,2026-05-01,35,0,0.0,27,0.0,0,0.0,0.0,0.0,0.0,0.0,0.0,False
1002,PK,2026-05-01,4,0,0.0,3,0.0,0,0.0,0.0,0.0,0.0,0.0,0.0,False
1002,PL,2026-05-01,9,0,0.0,6,0.0,0,0.0,0.0,0.0,0.0,0.0,0.0,False
1002,PT,2026-05-01,2,0,0.0,2,0.0,0,0.0,0.0,0.0,0.0,0.0,0.0,False
1002,PY,2026-05-01,1,0,0.0,0,0.0,0,0.0,0.0,0.0,0.0,0.0,0.0,False
1002,QA,2026-05-01,2,0,0.0,2,0.0,0,0.0,0.0,0.0,0.0,0.0,0.0,False
1002,RO,2026-05-01,1,0,0.0,1,0.0,0,0.0,0.0,0.0,0.0,0.0,0.0,False
1002,RU,2026-05-01,1,0,0.0,1,0.0,0,0.0,0.0,0.0,0.0,0.0,0.0,False
1002,SA,2026-05-01,3,0,0.0,3,0.0,0,0.0,0.0,0.0,0.0,0.0,0.0,False
1002,SE,2026-05-01,99,5,2026.8599999999997,76,1351.98,7,5840.0,5840.0,0.0,5535.0,5535.0,0.0,False
1002,SG,2026-05-01,15,0,0.0,10,0.0,0,0.0,0.0,0.0,0.0,0.0,0.0,False
1002,SI,2026-05-01,2,0,0.0,2,0.0,0,0.0,0.0,0.0,0.0,0.0,0.0,False
1002,SK,2026-05-01,1,0,0.0,1,0.0,0,0.0,0.0,0.0,0.0,0.0,0.0,False
1002,SR,2026-05-01,1,0,0.0,1,0.0,0,0.0,0.0,0.0,0.0,0.0,0.0,False
1002,SV,2026-05-01,1,0,0.0,1,0.0,0,0.0,0.0,0.0,0.0,0.0,0.0,False
1002,SX,2026-05-01,1,0,0.0,1,0.0,0,0.0,0.0,0.0,0.0,0.0,0.0,False
1002,TH,2026-05-01,18,3,1651.6799999999998,13,1101.12,3,2140.0,2140.0,0.0,1990.0,1990.0,0.0,False
1002,TR,2026-05-01,8,0,0.0,4,0.0,0,0.0,0.0,0.0,0.0,0.0,0.0,False
1002,TT,2026-05-01,2,0,0.0,0,0.0,0,0.0,0.0,0.0,0.0,0.0,0.0,False
1002,TW,2026-05-01,1,0,0.0,1,0.0,0,0.0,0.0,0.0,0.0,0.0,0.0,False
1002,TZ,2026-05-01,2,0,0.0,2,0.0,1,65.0,65.0,0.0,65.0,65.0,0.0,False
1002,UG,2026-05-01,5,0,0.0,4,0.0,0,0.0,0.0,0.0,0.0,0.0,0.0,False
1002,UNKNOWN,2026-05-01,6,0,0.0,6,0.0,0,0.0,0.0,0.0,0.0,0.0,0.0,False
1002,US,2026-05-01,6311,337,200961.06000000006,4780,147771.34,537,502795.0,498465.0,4330.0,381420.0,377405.0,4015.0,True
1002,UY,2026-05-01,2,0,0.0,1,0.0,0,0.0,0.0,0.0,0.0,0.0,0.0,False
1002,UZ,2026-05-01,1,0,0.0,0,0.0,0,0.0,0.0,0.0,0.0,0.0,0.0,False
1002,VN,2026-05-01,4,0,0.0,2,0.0,0,0.0,0.0,0.0,0.0,0.0,0.0,False
1002,ZA,2026-05-01,18,0,0.0,13,0.0,0,0.0,0.0,0.0,0.0,0.0,0.0,False
1002,ZM,2026-05-01,1,0,0.0,0,0.0,0,0.0,0.0,0.0,0.0,0.0,0.0,False
1052,AD,2026-05-01,1,0,0.0,0,0.0,0,0.0,0.0,0.0,0.0,0.0,0.0,False
1052,AI,2026-05-01,2,0,0.0,2,0.0,0,0.0,0.0,0.0,0.0,0.0,0.0,False
1052,AL,2026-05-01,4,0,0.0,3,0.0,0,0.0,0.0,0.0,0.0,0.0,0.0,False
1052,AR,2026-05-01,1,0,0.0,1,0.0,0,0.0,0.0,0.0,0.0,0.0,0.0,False
1052,AS,2026-05-01,1,0,0.0,1,0.0,0,0.0,0.0,0.0,0.0,0.0,0.0,False
1052,AT,2026-05-01,1,0,0.0,1,0.0,0,0.0,0.0,0.0,0.0,0.0,0.0,False
1052,AU,2026-05-01,1369,48,29748.74,959,25752.74,64,171205.0,169840.0,1365.0,111950.0,110585.0,1365.0,True
1052,AX,2026-05-01,1,0,0.0,1,0.0,0,0.0,0.0,0.0,0.0,0.0,0.0,False
1052,BE,2026-05-01,1,0,0.0,0,0.0,0,0.0,0.0,0.0,0.0,0.0,0.0,False
1052,BQ,2026-05-01,1,1,74.0,0,0.0,0,0.0,0.0,0.0,0.0,0.0,0.0,False
1052,BR,2026-05-01,1,0,0.0,1,0.0,0,0.0,0.0,0.0,0.0,0.0,0.0,False
1052,BS,2026-05-01,6,0,0.0,3,0.0,0,0.0,0.0,0.0,0.0,0.0,0.0,False
1052,CA,2026-05-01,1277,54,21924.72,759,15818.98,50,107320.0,107275.0,45.0,97715.0,97670.0,45.0,True
1052,CI,2026-05-01,1,0,0.0,1,0.0,0,0.0,0.0,0.0,0.0,0.0,0.0,False
1052,DE,2026-05-01,1,0,0.0,1,0.0,0,0.0,0.0,0.0,0.0,0.0,0.0,False
1052,DO,2026-05-01,2,0,0.0,1,0.0,0,0.0,0.0,0.0,0.0,0.0,0.0,False
1052,EC,2026-05-01,1,0,0.0,1,0.0,0,0.0,0.0,0.0,0.0,0.0,0.0,False
1052,EE,2026-05-01,1,0,0.0,1,0.0,0,0.0,0.0,0.0,0.0,0.0,0.0,False
1052,FI,2026-05-01,1,0,0.0,1,0.0,0,0.0,0.0,0.0,0.0,0.0,0.0,False
1052,FJ,2026-05-01,1,0,0.0,0,0.0,0,0.0,0.0,0.0,0.0,0.0,0.0,False
1052,FR,2026-05-01,3,1,888.0,3,888.0,1,150.0,150.0,0.0,150.0,150.0,0.0,False
1052,GB,2026-05-01,940,30,13538.300000000001,655,6360.3,21,7265.0,7140.0,125.0,3435.0,3435.0,0.0,True
1052,GE,2026-05-01,1,0,0.0,0,0.0,0,0.0,0.0,0.0,0.0,0.0,0.0,False
1052,IE,2026-05-01,88,1,629.0,75,629.0,3,19715.0,19715.0,0.0,19715.0,19715.0,0.0,False
1052,IN,2026-05-01,1,0,0.0,0,0.0,0,0.0,0.0,0.0,0.0,0.0,0.0,False
1052,IT,2026-05-01,3,1,888.0,2,888.0,1,250.0,250.0,0.0,250.0,250.0,0.0,False
1052,JP,2026-05-01,2,1,629.0,1,629.0,1,340.0,340.0,0.0,340.0,340.0,0.0,False
1052,KE,2026-05-01,4,0,0.0,4,0.0,0,0.0,0.0,0.0,0.0,0.0,0.0,False
1052,MD,2026-05-01,2,0,0.0,1,0.0,0,0.0,0.0,0.0,0.0,0.0,0.0,False
1052,MX,2026-05-01,6,0,0.0,5,0.0,0,0.0,0.0,0.0,0.0,0.0,0.0,False
1052,MY,2026-05-01,1,0,0.0,1,0.0,0,0.0,0.0,0.0,0.0,0.0,0.0,False
1052,NL,2026-05-01,4,0,0.0,4,0.0,0,0.0,0.0,0.0,0.0,0.0,0.0,False
1052,NZ,2026-05-01,210,3,2664.0,136,1776.0,6,68645.0,68475.0,170.0,27365.0,27320.0,45.0,False
1052,PA,2026-05-01,1,1,629.0,1,629.0,1,150.0,150.0,0.0,150.0,150.0,0.0,False
1052,PG,2026-05-01,2,1,888.0,2,888.0,1,150.0,150.0,0.0,150.0,150.0,0.0,False
1052,PH,2026-05-01,1,0,0.0,1,0.0,0,0.0,0.0,0.0,0.0,0.0,0.0,False
1052,PL,2026-05-01,1,0,0.0,1,0.0,0,0.0,0.0,0.0,0.0,0.0,0.0,False
1052,SE,2026-05-01,3,0,0.0,0,0.0,0,0.0,0.0,0.0,0.0,0.0,0.0,False
1052,SG,2026-05-01,4,0,0.0,4,0.0,0,0.0,0.0,0.0,0.0,0.0,0.0,False
1052,TG,2026-05-01,1,0,0.0,1,0.0,0,0.0,0.0,0.0,0.0,0.0,0.0,False
1052,TZ,2026-05-01,1,0,0.0,1,0.0,0,0.0,0.0,0.0,0.0,0.0,0.0,False
1052,UG,2026-05-01,1,0,0.0,1,0.0,0,0.0,0.0,0.0,0.0,0.0,0.0,False
1052,US,2026-05-01,8497,1381,281698.01999999996,5479,171670.38,373,805995.0,802055.0,3940.0,493205.0,491900.0,1305.0,True
1052,XK,2026-05-01,1,0,0.0,0,0.0,0,0.0,0.0,0.0,0.0,0.0,0.0,False
1052,ZA,2026-05-01,3,0,0.0,2,0.0,0,0.0,0.0,0.0,0.0,0.0,0.0,False
303,AT,2026-05-01,12,7,28.86,12,28.86,0,0.0,0.0,0.0,0.0,0.0,0.0,False
303,AU,2026-05-01,1,1,4.4399999999999995,0,0.0,0,0.0,0.0,0.0,0.0,0.0,0.0,False
303,AX,2026-05-01,1,1,2.072,1,2.072,0,0.0,0.0,0.0,0.0,0.0,0.0,False
303,BO,2026-05-01,1,0,0.0,0,0.0,0,0.0,0.0,0.0,0.0,0.0,0.0,False
303,BR,2026-05-01,10353,6866,7545.927999999922,10123,7250.519999999929,69,10810.0,10765.0,45.0,10645.0,10600.0,45.0,True
303,CA,2026-05-01,1,1,0.37,1,0.37,0,0.0,0.0,0.0,0.0,0.0,0.0,False
303,CH,2026-05-01,13,6,25.159999999999997,13,25.159999999999997,0,0.0,0.0,0.0,0.0,0.0,0.0,False
303,CL,2026-05-01,122,80,32.00500000000001,121,31.080000000000005,1,65.0,65.0,0.0,65.0,65.0,0.0,False
303,CO,2026-05-01,3,2,8.879999999999999,3,8.879999999999999,0,0.0,0.0,0.0,0.0,0.0,0.0,False
303,CR,2026-05-01,50,36,13.320000000000002,50,13.320000000000002,0,0.0,0.0,0.0,0.0,0.0,0.0,False
303,CV,2026-05-01,1,0,0.0,1,0.0,0,0.0,0.0,0.0,0.0,0.0,0.0,False
303,DE,2026-05-01,124,88,340.4000000000001,124,340.4000000000001,5,3625.0,3625.0,0.0,3625.0,3625.0,0.0,False
303,EC,2026-05-01,207,137,50.690000000000005,207,50.690000000000005,2,130.0,130.0,0.0,130.0,130.0,0.0,False
303,ES,2026-05-01,2,0,0.0,1,0.0,0,0.0,0.0,0.0,0.0,0.0,0.0,False
303,FR,2026-05-01,1,1,3.404,1,3.404,0,0.0,0.0,0.0,0.0,0.0,0.0,False
303,GB,2026-05-01,10,4,12.321000000000002,8,8.621,0,0.0,0.0,0.0,0.0,0.0,0.0,False
303,GR,2026-05-01,1,0,0.0,1,0.0,0,0.0,0.0,0.0,0.0,0.0,0.0,False
303,GY,2026-05-01,1,1,0.925,1,0.925,0,0.0,0.0,0.0,0.0,0.0,0.0,False
303,HU,2026-05-01,3,3,10.804,3,10.804,0,0.0,0.0,0.0,0.0,0.0,0.0,False
303,IE,2026-05-01,3,3,9.213,1,0.925,0,0.0,0.0,0.0,0.0,0.0,0.0,False
303,JP,2026-05-01,2,2,2.4419999999999997,2,2.4419999999999997,0,0.0,0.0,0.0,0.0,0.0,0.0,False
303,LV,2026-05-01,1,0,0.0,0,0.0,0,0.0,0.0,0.0,0.0,0.0,0.0,False
303,MX,2026-05-01,340,219,85.09999999999997,339,85.09999999999997,3,425.0,425.0,0.0,425.0,425.0,0.0,False
303,NL,2026-05-01,9,7,17.500999999999998,6,9.509,0,0.0,0.0,0.0,0.0,0.0,0.0,False
303,PE,2026-05-01,1,1,0.37,1,0.37,0,0.0,0.0,0.0,0.0,0.0,0.0,False
303,PR,2026-05-01,1,0,0.0,1,0.0,0,0.0,0.0,0.0,0.0,0.0,0.0,False
303,PY,2026-05-01,3,2,1.85,3,1.85,0,0.0,0.0,0.0,0.0,0.0,0.0,False
303,SE,2026-05-01,1,1,3.7,1,3.7,0,0.0,0.0,0.0,0.0,0.0,0.0,False
303,UNKNOWN,2026-05-01,1,1,0.925,1,0.925,0,0.0,0.0,0.0,0.0,0.0,0.0,False
303,US,2026-05-01,247,144,566.5809999999997,244,562.1409999999997,4,1445.0,1445.0,0.0,1445.0,1445.0,0.0,False
303,UY,2026-05-01,2,2,2.146,2,2.146,0,0.0,0.0,0.0,0.0,0.0,0.0,False
413,AE,2026-05-01,2,2,55.5,1,25.9,0,0.0,0.0,0.0,0.0,0.0,0.0,False
413,AI,2026-05-01,3,3,70.3,3,70.3,0,0.0,0.0,0.0,0.0,0.0,0.0,False
413,AL,2026-05-01,2,2,33.3,2,33.3,1,65.0,65.0,0.0,65.0,65.0,0.0,False
413,AO,2026-05-01,2,2,31.08,1,22.2,2,300.0,300.0,0.0,150.0,150.0,0.0,False
413,AQ,2026-05-01,1,1,25.9,1,25.9,0,0.0,0.0,0.0,0.0,0.0,0.0,False
413,AR,2026-05-01,3,2,48.099999999999994,2,25.9,0,0.0,0.0,0.0,0.0,0.0,0.0,False
413,AT,2026-05-01,1,1,25.9,1,25.9,0,0.0,0.0,0.0,0.0,0.0,0.0,False
413,AU,2026-05-01,5098,3968,84540.56000000006,3518,57475.059999999896,319,486795.0,485730.0,1065.0,423645.0,422895.0,750.0,True
413,AW,2026-05-01,1,1,29.6,0,0.0,1,250.0,250.0,0.0,0.0,0.0,0.0,False
413,AX,2026-05-01,7,6,151.7,6,129.5,1,200.0,200.0,0.0,0.0,0.0,0.0,False
413,BE,2026-05-01,520,409,8963.62,395,6625.22,22,34625.0,34355.0,270.0,5325.0,5325.0,0.0,True
413,BG,2026-05-01,3,3,70.3,3,70.3,0,0.0,0.0,0.0,0.0,0.0,0.0,False
413,BM,2026-05-01,1,1,25.9,0,0.0,0,0.0,0.0,0.0,0.0,0.0,0.0,False
413,BR,2026-05-01,7,3,77.7,5,48.1,0,0.0,0.0,0.0,0.0,0.0,0.0,False
413,BT,2026-05-01,1,1,25.9,1,25.9,0,0.0,0.0,0.0,0.0,0.0,0.0,False
413,BW,2026-05-01,1,1,29.6,1,29.6,0,0.0,0.0,0.0,0.0,0.0,0.0,False
413,CA,2026-05-01,3751,2972,62954.75999999991,2670,44192.05999999992,163,94510.0,94355.0,155.0,69840.0,69810.0,30.0,True
413,CH,2026-05-01,188,137,2932.62,126,1933.62,13,7285.0,7285.0,0.0,5420.0,5420.0,0.0,False
413,CK,2026-05-01,2,2,40.7,0,0.0,0,0.0,0.0,0.0,0.0,0.0,0.0,False
413,CN,2026-05-01,1,0,0.0,1,0.0,0,0.0,0.0,0.0,0.0,0.0,0.0,False
413,CO,2026-05-01,4,3,61.419999999999995,3,61.419999999999995,1,970.0,970.0,0.0,970.0,970.0,0.0,False
413,CY,2026-05-01,4,4,77.69999999999999,3,48.1,0,0.0,0.0,0.0,0.0,0.0,0.0,False
413,CZ,2026-05-01,2,2,48.099999999999994,2,48.099999999999994,0,0.0,0.0,0.0,0.0,0.0,0.0,False
413,DE,2026-05-01,16,13,266.40000000000003,13,199.8,0,0.0,0.0,0.0,0.0,0.0,0.0,False
413,DK,2026-05-01,2,2,40.7,1,11.1,0,0.0,0.0,0.0,0.0,0.0,0.0,False
413,DO,2026-05-01,2,2,22.2,2,22.2,0,0.0,0.0,0.0,0.0,0.0,0.0,False
413,DZ,2026-05-01,2,2,33.3,0,0.0,1,150.0,150.0,0.0,0.0,0.0,0.0,False
413,EE,2026-05-01,1,1,11.1,1,11.1,0,0.0,0.0,0.0,0.0,0.0,0.0,False
413,ES,2026-05-01,22,17,395.8999999999999,16,292.29999999999995,1,150.0,150.0,0.0,150.0,150.0,0.0,False
413,FI,2026-05-01,222,165,3404.7400000000007,171,2504.16,7,13070.0,13070.0,0.0,11230.0,11230.0,0.0,False
413,FJ,2026-05-01,6,5,97.68,3,56.980000000000004,0,0.0,0.0,0.0,0.0,0.0,0.0,False
413,FR,2026-05-01,13,12,270.09999999999997,9,177.6,1,490.0,490.0,0.0,490.0,490.0,0.0,False
413,GB,2026-05-01,28,25,598.66,19,410.7,1,620.0,620.0,0.0,620.0,620.0,0.0,False
413,GR,2026-05-01,5,5,101.38,3,62.9,0,0.0,0.0,0.0,0.0,0.0,0.0,False
413,HK,2026-05-01,11,10,244.2,6,122.1,0,0.0,0.0,0.0,0.0,0.0,0.0,False
413,HR,2026-05-01,6,3,55.5,5,55.5,0,0.0,0.0,0.0,0.0,0.0,0.0,False
413,ID,2026-05-01,10,8,149.48,8,149.48,1,865.0,865.0,0.0,865.0,865.0,0.0,False
413,IE,2026-05-01,1,1,25.9,1,25.9,0,0.0,0.0,0.0,0.0,0.0,0.0,False
413,IL,2026-05-01,460,338,6803.560000000002,359,5167.420000000001,17,3515.0,3470.0,45.0,2910.0,2865.0,45.0,False
413,IN,2026-05-01,8,6,90.27999999999997,6,70.3,0,0.0,0.0,0.0,0.0,0.0,0.0,False
413,IS,2026-05-01,78,60,1195.8399999999997,53,779.96,4,1450.0,1450.0,0.0,780.0,780.0,0.0,False
413,IT,2026-05-01,5,2,33.3,4,22.2,0,0.0,0.0,0.0,0.0,0.0,0.0,False
413,JM,2026-05-01,8,7,101.38,8,101.38,0,0.0,0.0,0.0,0.0,0.0,0.0,False
413,JP,2026-05-01,15,14,319.67999999999995,10,207.2,0,0.0,0.0,0.0,0.0,0.0,0.0,False
413,KH,2026-05-01,1,1,25.9,0,0.0,0,0.0,0.0,0.0,0.0,0.0,0.0,False
413,KR,2026-05-01,4,1,29.6,3,29.6,0,0.0,0.0,0.0,0.0,0.0,0.0,False
413,LA,2026-05-01,1,1,29.6,1,29.6,0,0.0,0.0,0.0,0.0,0.0,0.0,False
413,LU,2026-05-01,46,32,684.5,33,510.6000000000001,2,230.0,230.0,0.0,65.0,65.0,0.0,False
413,MA,2026-05-01,5,5,125.80000000000001,1,29.6,1,250.0,250.0,0.0,0.0,0.0,0.0,False
413,MD,2026-05-01,3,2,48.099999999999994,3,48.099999999999994,0,0.0,0.0,0.0,0.0,0.0,0.0,False
413,MF,2026-05-01,1,0,0.0,0,0.0,0,0.0,0.0,0.0,0.0,0.0,0.0,False
413,MX,2026-05-01,12,10,171.68,9,108.77999999999999,1,150.0,150.0,0.0,150.0,150.0,0.0,False
413,MY,2026-05-01,2,2,44.4,2,44.4,0,0.0,0.0,0.0,0.0,0.0,0.0,False
413,NL,2026-05-01,892,721,15550.729999999996,663,11393.410000000002,66,56215.0,56075.0,140.0,36425.0,36285.0,140.0,True
413,NO,2026-05-01,501,409,8442.660000000003,363,6028.040000000001,21,11470.0,11320.0,150.0,8885.0,8735.0,150.0,True
413,NZ,2026-05-01,1156,920,19666.240000000005,836,14161.380000000008,45,20455.0,20195.0,260.0,17445.0,17185.0,260.0,True
413,PA,2026-05-01,1,1,25.9,1,25.9,0,0.0,0.0,0.0,0.0,0.0,0.0,False
413,PE,2026-05-01,4,2,48.099999999999994,3,48.099999999999994,0,0.0,0.0,0.0,0.0,0.0,0.0,False
413,PH,2026-05-01,36,26,520.96,25,360.38,4,1580.0,1580.0,0.0,1045.0,1045.0,0.0,False
413,PL,2026-05-01,5,3,77.7,2,48.099999999999994,0,0.0,0.0,0.0,0.0,0.0,0.0,False
413,PR,2026-05-01,3,1,8.879999999999999,2,0.0,0,0.0,0.0,0.0,0.0,0.0,0.0,False
413,PT,2026-05-01,9,5,122.1,6,62.9,0,0.0,0.0,0.0,0.0,0.0,0.0,False
413,QA,2026-05-01,1,1,8.879999999999999,1,8.879999999999999,0,0.0,0.0,0.0,0.0,0.0,0.0,False
413,RO,2026-05-01,1,1,29.6,0,0.0,0,0.0,0.0,0.0,0.0,0.0,0.0,False
413,RS,2026-05-01,1,1,29.6,0,0.0,0,0.0,0.0,0.0,0.0,0.0,0.0,False
413,SE,2026-05-01,741,586,12208.520000000004,550,8828.940000000002,47,155115.0,154675.0,440.0,139705.0,139390.0,315.0,True
413,SG,2026-05-01,14,11,214.6,12,185.0,2,1260.0,1260.0,0.0,1260.0,1260.0,0.0,False
413,SV,2026-05-01,1,1,29.6,0,0.0,0,0.0,0.0,0.0,0.0,0.0,0.0,False
413,SX,2026-05-01,1,1,22.2,1,22.2,0,0.0,0.0,0.0,0.0,0.0,0.0,False
413,TH,2026-05-01,27,21,463.97999999999996,19,340.4,2,415.0,415.0,0.0,165.0,165.0,0.0,False
413,TR,2026-05-01,4,2,62.9,3,62.9,0,0.0,0.0,0.0,0.0,0.0,0.0,False
413,TW,2026-05-01,2,2,55.5,1,25.9,0,0.0,0.0,0.0,0.0,0.0,0.0,False
413,TZ,2026-05-01,1,1,29.6,0,0.0,0,0.0,0.0,0.0,0.0,0.0,0.0,False
413,UG,2026-05-01,1,0,0.0,1,0.0,0,0.0,0.0,0.0,0.0,0.0,0.0,False
413,US,2026-05-01,25872,20532,443232.24999999325,17298,293070.7100000016,1462,1687020.0,1682370.0,4650.0,1265340.0,1261490.0,3850.0,True
413,VI,2026-05-01,1,1,29.6,0,0.0,1,555.0,555.0,0.0,0.0,0.0,0.0,False
413,VN,2026-05-01,13,11,255.3,7,118.39999999999999,2,17065.0,17065.0,0.0,0.0,0.0,0.0,False
427,AE,2026-05-01,1,0,0.0,1,0.0,0,0.0,0.0,0.0,0.0,0.0,0.0,False
427,AL,2026-05-01,4,4,79.92,4,79.92,2,315.0,315.0,0.0,315.0,315.0,0.0,False
427,AO,2026-05-01,2,2,42.92,2,42.92,1,855.0,855.0,0.0,855.0,855.0,0.0,False
427,AQ,2026-05-01,1,1,14.8,1,14.8,1,435.0,435.0,0.0,435.0,435.0,0.0,False
427,AR,2026-05-01,3,2,29.6,3,29.6,1,65.0,65.0,0.0,65.0,65.0,0.0,False
427,AT,2026-05-01,1,1,22.2,1,22.2,0,0.0,0.0,0.0,0.0,0.0,0.0,False
427,AU,2026-05-01,6209,4963,102558.08000000018,4926,81090.68000000004,370,608470.0,605835.0,2635.0,537945.0,535745.0,2200.0,True
427,AW,2026-05-01,2,2,39.96,2,39.96,1,150.0,150.0,0.0,150.0,150.0,0.0,False
427,AX,2026-05-01,2,2,29.6,2,29.6,1,335.0,335.0,0.0,335.0,335.0,0.0,False
427,AZ,2026-05-01,2,2,56.24,1,28.12,0,0.0,0.0,0.0,0.0,0.0,0.0,False
427,BA,2026-05-01,1,1,14.8,1,14.8,0,0.0,0.0,0.0,0.0,0.0,0.0,False
427,BE,2026-05-01,1,1,11.1,0,0.0,0,0.0,0.0,0.0,0.0,0.0,0.0,False
427,BM,2026-05-01,1,1,14.8,1,14.8,1,150.0,150.0,0.0,150.0,150.0,0.0,False
427,BR,2026-05-01,3,3,77.7,3,77.7,0,0.0,0.0,0.0,0.0,0.0,0.0,False
427,BS,2026-05-01,1,1,28.12,1,28.12,0,0.0,0.0,0.0,0.0,0.0,0.0,False
427,BZ,2026-05-01,1,0,0.0,1,0.0,0,0.0,0.0,0.0,0.0,0.0,0.0,False
427,CA,2026-05-01,5175,4111,83684.38000000008,3925,63296.640000000014,220,191090.0,190460.0,630.0,146315.0,145880.0,435.0,True
427,CK,2026-05-01,1,1,14.8,1,14.8,0,0.0,0.0,0.0,0.0,0.0,0.0,False
427,CL,2026-05-01,1,1,25.16,1,25.16,0,0.0,0.0,0.0,0.0,0.0,0.0,False
427,CN,2026-05-01,1,0,0.0,1,0.0,0,0.0,0.0,0.0,0.0,0.0,0.0,False
427,CO,2026-05-01,6,3,62.9,6,62.9,2,1215.0,1115.0,100.0,1215.0,1115.0,100.0,False
427,CR,2026-05-01,2,2,46.620000000000005,2,46.620000000000005,0,0.0,0.0,0.0,0.0,0.0,0.0,False
427,CZ,2026-05-01,2,1,31.08,2,31.08,0,0.0,0.0,0.0,0.0,0.0,0.0,False
427,DE,2026-05-01,7,6,130.98000000000002,5,102.86,0,0.0,0.0,0.0,0.0,0.0,0.0,False
427,DK,2026-05-01,1,1,18.5,1,18.5,0,0.0,0.0,0.0,0.0,0.0,0.0,False
427,DO,2026-05-01,6,3,56.98,4,42.18,0,0.0,0.0,0.0,0.0,0.0,0.0,False
427,DZ,2026-05-01,1,0,0.0,1,0.0,0,0.0,0.0,0.0,0.0,0.0,0.0,False
427,ES,2026-05-01,5,2,50.32,5,50.32,1,150.0,150.0,0.0,150.0,150.0,0.0,False
427,FJ,2026-05-01,4,3,53.28,3,38.480000000000004,0,0.0,0.0,0.0,0.0,0.0,0.0,False
427,FR,2026-05-01,6,6,122.10000000000001,3,59.2,1,65.0,65.0,0.0,65.0,65.0,0.0,False
427,GB,2026-05-01,23,19,385.53999999999996,15,241.98000000000002,2,560.0,560.0,0.0,560.0,560.0,0.0,False
427,GR,2026-05-01,4,4,82.88,3,62.16,0,0.0,0.0,0.0,0.0,0.0,0.0,False
427,GY,2026-05-01,1,1,29.6,1,29.6,0,0.0,0.0,0.0,0.0,0.0,0.0,False
427,HK,2026-05-01,3,3,79.92,3,79.92,0,0.0,0.0,0.0,0.0,0.0,0.0,False
427,HN,2026-05-01,1,0,0.0,0,0.0,0,0.0,0.0,0.0,0.0,0.0,0.0,False
427,HR,2026-05-01,2,2,44.4,0,0.0,0,0.0,0.0,0.0,0.0,0.0,0.0,False
427,ID,2026-05-01,11,7,118.4,9,103.6,2,1335.0,1335.0,0.0,1060.0,1060.0,0.0,False
427,IE,2026-05-01,2,2,45.14,2,45.14,1,150.0,150.0,0.0,150.0,150.0,0.0,False
427,IN,2026-05-01,4,1,22.2,2,0.0,0,0.0,0.0,0.0,0.0,0.0,0.0,False
427,IT,2026-05-01,6,5,107.30000000000001,6,107.30000000000001,3,1670.0,1670.0,0.0,1670.0,1670.0,0.0,False
427,JM,2026-05-01,4,4,87.32,4,87.32,0,0.0,0.0,0.0,0.0,0.0,0.0,False
427,JO,2026-05-01,1,1,7.4,1,7.4,0,0.0,0.0,0.0,0.0,0.0,0.0,False
427,JP,2026-05-01,12,10,230.14000000000001,9,156.14,2,215.0,215.0,0.0,215.0,215.0,0.0,False
427,KR,2026-05-01,2,2,37.0,2,37.0,0,0.0,0.0,0.0,0.0,0.0,0.0,False
427,MA,2026-05-01,2,1,22.2,1,22.2,0,0.0,0.0,0.0,0.0,0.0,0.0,False
427,MD,2026-05-01,2,2,44.4,2,44.4,0,0.0,0.0,0.0,0.0,0.0,0.0,False
427,MO,2026-05-01,1,0,0.0,1,0.0,0,0.0,0.0,0.0,0.0,0.0,0.0,False
427,MV,2026-05-01,1,1,19.24,1,19.24,1,39275.0,39275.0,0.0,39275.0,39275.0,0.0,False
427,MX,2026-05-01,21,16,338.91999999999996,11,194.62,3,900.0,900.0,0.0,240.0,240.0,0.0,False
427,MY,2026-05-01,7,7,170.2,6,148.0,1,150.0,150.0,0.0,0.0,0.0,0.0,False
427,NL,2026-05-01,10,7,143.56,8,102.86,0,0.0,0.0,0.0,0.0,0.0,0.0,False
427,NZ,2026-05-01,1107,871,17489.15999999999,833,13094.299999999996,49,83275.0,83110.0,165.0,39765.0,39600.0,165.0,True
427,PH,2026-05-01,15,9,167.98,13,138.38,1,770.0,770.0,0.0,770.0,770.0,0.0,False
427,PR,2026-05-01,6,5,108.77999999999999,5,79.92,2,7045.0,7045.0,0.0,7045.0,7045.0,0.0,False
427,QA,2026-05-01,1,1,29.6,1,29.6,0,0.0,0.0,0.0,0.0,0.0,0.0,False
427,RO,2026-05-01,2,1,18.5,2,18.5,0,0.0,0.0,0.0,0.0,0.0,0.0,False
427,SB,2026-05-01,1,1,29.6,0,0.0,0,0.0,0.0,0.0,0.0,0.0,0.0,False
427,SE,2026-05-01,1,1,14.8,1,14.8,1,650.0,605.0,45.0,650.0,605.0,45.0,False
427,SG,2026-05-01,3,2,44.4,3,44.4,0,0.0,0.0,0.0,0.0,0.0,0.0,False
427,TH,2026-05-01,12,8,156.88,8,86.58,0,0.0,0.0,0.0,0.0,0.0,0.0,False
427,TR,2026-05-01,2,2,50.32,2,50.32,0,0.0,0.0,0.0,0.0,0.0,0.0,False
427,UNKNOWN,2026-05-01,1,0,0.0,1,0.0,0,0.0,0.0,0.0,0.0,0.0,0.0,False
427,US,2026-05-01,32097,25407,518686.35000000196,24653,396723.9900000019,1768,2420650.0,2409400.0,11250.0,1880935.0,1871610.0,9325.0,True
427,VI,2026-05-01,1,0,0.0,0,0.0,0,0.0,0.0,0.0,0.0,0.0,0.0,False
427,VN,2026-05-01,10,8,186.48,8,134.68,0,0.0,0.0,0.0,0.0,0.0,0.0,False
427,ZA,2026-05-01,1,0,0.0,1,0.0,0,0.0,0.0,0.0,0.0,0.0,0.0,False
523,AD,2026-05-01,1,1,2.2199999999999998,0,0.0,0,0.0,0.0,0.0,0.0,0.0,0.0,False
523,AE,2026-05-01,31,9,31.08,22,20.72,1,165.0,165.0,0.0,165.0,165.0,0.0,False
523,AG,2026-05-01,2,2,6.659999999999999,0,0.0,0,0.0,0.0,0.0,0.0,0.0,0.0,False
523,AI,2026-05-01,3,0,0.0,2,0.0,0,0.0,0.0,0.0,0.0,0.0,0.0,False
523,AL,2026-05-01,6,2,8.14,4,8.14,0,0.0,0.0,0.0,0.0,0.0,0.0,False
523,AO,2026-05-01,333,51,13.208999999999998,242,8.806,0,0.0,0.0,0.0,0.0,0.0,0.0,False
523,AR,2026-05-01,73,7,17.279,56,12.838999999999999,1,840.0,795.0,45.0,840.0,795.0,45.0,False
523,AT,2026-05-01,19,4,13.32,15,13.32,0,0.0,0.0,0.0,0.0,0.0,0.0,False
523,AU,2026-05-01,1831,797,3057.939000000001,1575,2642.0590000000007,19,17545.0,17545.0,0.0,17060.0,17060.0,0.0,True
523,AX,2026-05-01,1,0,0.0,1,0.0,0,0.0,0.0,0.0,0.0,0.0,0.0,False
523,AZ,2026-05-01,2,1,3.7,1,0.0,0,0.0,0.0,0.0,0.0,0.0,0.0,False
523,BB,2026-05-01,3,0,0.0,3,0.0,0,0.0,0.0,0.0,0.0,0.0,0.0,False
523,BD,2026-05-01,31,2,5.92,28,5.92,0,0.0,0.0,0.0,0.0,0.0,0.0,False
523,BE,2026-05-01,114,27,88.05999999999999,89,68.82,4,845.0,845.0,0.0,845.0,845.0,0.0,False
523,BF,2026-05-01,149,15,33.29999999999999,129,26.639999999999993,0,0.0,0.0,0.0,0.0,0.0,0.0,False
523,BG,2026-05-01,46,9,27.379999999999995,40,27.379999999999995,0,0.0,0.0,0.0,0.0,0.0,0.0,False
523,BH,2026-05-01,2,0,0.0,2,0.0,0,0.0,0.0,0.0,0.0,0.0,0.0,False
523,BJ,2026-05-01,23,5,17.02,15,17.02,0,0.0,0.0,0.0,0.0,0.0,0.0,False
523,BN,2026-05-01,1,0,0.0,1,0.0,0,0.0,0.0,0.0,0.0,0.0,0.0,False
523,BO,2026-05-01,9,1,0.259,7,0.0,0,0.0,0.0,0.0,0.0,0.0,0.0,False
523,BR,2026-05-01,49830,16874,4457.35300000008,33440,2976.0209999999993,84,13585.0,13585.0,0.0,9855.0,9855.0,0.0,True
523,BS,2026-05-01,13,5,12.579999999999998,9,6.659999999999999,1,110.0,110.0,0.0,110.0,110.0,0.0,False
523,BT,2026-05-01,6,1,2.2199999999999998,5,2.2199999999999998,0,0.0,0.0,0.0,0.0,0.0,0.0,False
523,BW,2026-05-01,41,11,28.859999999999996,26,15.54,0,0.0,0.0,0.0,0.0,0.0,0.0,False
523,BZ,2026-05-01,4,3,6.179,3,2.4789999999999996,0,0.0,0.0,0.0,0.0,0.0,0.0,False
523,CA,2026-05-01,3981,1495,4182.776000000009,3234,3300.1780000000044,35,36205.0,36205.0,0.0,22970.0,22970.0,0.0,True
523,CH,2026-05-01,83,13,45.879999999999995,66,30.339999999999996,0,0.0,0.0,0.0,0.0,0.0,0.0,False
523,CI,2026-05-01,107,10,23.679999999999996,85,17.759999999999998,0,0.0,0.0,0.0,0.0,0.0,0.0,False
523,CK,2026-05-01,1,0,0.0,0,0.0,0,0.0,0.0,0.0,0.0,0.0,0.0,False
523,CL,2026-05-01,419,132,41.551,304,31.449999999999996,0,0.0,0.0,0.0,0.0,0.0,0.0,False
523,CM,2026-05-01,80,14,37.0,62,28.119999999999997,0,0.0,0.0,0.0,0.0,0.0,0.0,False
523,CN,2026-05-01,11,1,0.259,8,0.0,0,0.0,0.0,0.0,0.0,0.0,0.0,False
523,CO,2026-05-01,161,24,53.834999999999994,96,38.036,0,0.0,0.0,0.0,0.0,0.0,0.0,False
523,CR,2026-05-01,23,6,17.019999999999996,18,8.14,0,0.0,0.0,0.0,0.0,0.0,0.0,False
523,CV,2026-05-01,46,8,5.994,25,3.5149999999999997,0,0.0,0.0,0.0,0.0,0.0,0.0,False
523,CW,2026-05-01,1,1,2.2199999999999998,1,2.2199999999999998,0,0.0,0.0,0.0,0.0,0.0,0.0,False
523,CY,2026-05-01,6,2,7.3999999999999995,6,7.3999999999999995,0,0.0,0.0,0.0,0.0,0.0,0.0,False
523,CZ,2026-05-01,6,2,3.959,4,3.7,0,0.0,0.0,0.0,0.0,0.0,0.0,False
523,DE,2026-05-01,247,43,142.45,202,126.17000000000002,0,0.0,0.0,0.0,0.0,0.0,0.0,False
523,DJ,2026-05-01,1,0,0.0,1,0.0,0,0.0,0.0,0.0,0.0,0.0,0.0,False
523,DK,2026-05-01,4,0,0.0,4,0.0,0,0.0,0.0,0.0,0.0,0.0,0.0,False
523,DM,2026-05-01,1,1,2.2199999999999998,0,0.0,1,65.0,65.0,0.0,0.0,0.0,0.0,False
523,DO,2026-05-01,205,20,58.459999999999994,143,49.58,0,0.0,0.0,0.0,0.0,0.0,0.0,False
523,DZ,2026-05-01,2,0,0.0,2,0.0,0,0.0,0.0,0.0,0.0,0.0,0.0,False
523,EC,2026-05-01,14,4,4.957999999999999,9,4.699,0,0.0,0.0,0.0,0.0,0.0,0.0,False
523,EE,2026-05-01,11,4,18.5,8,14.8,0,0.0,0.0,0.0,0.0,0.0,0.0,False
523,ES,2026-05-01,92,17,42.17999999999999,72,37.739999999999995,1,65.0,65.0,0.0,65.0,65.0,0.0,False
523,FI,2026-05-01,86,21,153.92000000000002,64,109.52,1,65.0,65.0,0.0,65.0,65.0,0.0,False
523,FJ,2026-05-01,1,0,0.0,1,0.0,0,0.0,0.0,0.0,0.0,0.0,0.0,False
523,FK,2026-05-01,1,0,0.0,1,0.0,0,0.0,0.0,0.0,0.0,0.0,0.0,False
523,FM,2026-05-01,3,0,0.0,3,0.0,0,0.0,0.0,0.0,0.0,0.0,0.0,False
523,FR,2026-05-01,915,159,453.50899999999996,705,377.77000000000004,3,295.0,295.0,0.0,295.0,295.0,0.0,True
523,GA,2026-05-01,12,3,6.289999999999999,10,4.07,0,0.0,0.0,0.0,0.0,0.0,0.0,False
523,GB,2026-05-01,7069,2396,9885.660000000047,5839,8671.320000000034,77,33265.0,33265.0,0.0,14160.0,14160.0,0.0,True
523,GD,2026-05-01,1,0,0.0,1,0.0,0,0.0,0.0,0.0,0.0,0.0,0.0,False
523,GE,2026-05-01,4,1,2.2199999999999998,2,0.0,0,0.0,0.0,0.0,0.0,0.0,0.0,False
523,GF,2026-05-01,1,0,0.0,1,0.0,0,0.0,0.0,0.0,0.0,0.0,0.0,False
523,GL,2026-05-01,1,0,0.0,1,0.0,0,0.0,0.0,0.0,0.0,0.0,0.0,False
523,GM,2026-05-01,173,29,100.64,149,92.5,0,0.0,0.0,0.0,0.0,0.0,0.0,False
523,GN,2026-05-01,39,1,3.7,27,3.7,0,0.0,0.0,0.0,0.0,0.0,0.0,False
523,GQ,2026-05-01,6,1,2.2199999999999998,4,0.0,0,0.0,0.0,0.0,0.0,0.0,0.0,False
523,GR,2026-05-01,9,3,9.62,8,7.3999999999999995,0,0.0,0.0,0.0,0.0,0.0,0.0,False
523,GT,2026-05-01,5,0,0.0,3,0.0,0,0.0,0.0,0.0,0.0,0.0,0.0,False
523,GU,2026-05-01,4,0,0.0,2,0.0,0,0.0,0.0,0.0,0.0,0.0,0.0,False
523,GY,2026-05-01,250,34,81.39999999999999,189,65.85999999999999,0,0.0,0.0,0.0,0.0,0.0,0.0,False
523,HK,2026-05-01,90,13,15.133,67,10.433999999999997,0,0.0,0.0,0.0,0.0,0.0,0.0,False
523,HN,2026-05-01,28,5,14.799999999999997,21,12.579999999999998,0,0.0,0.0,0.0,0.0,0.0,0.0,False
523,HR,2026-05-01,4,2,5.92,3,3.7,0,0.0,0.0,0.0,0.0,0.0,0.0,False
523,HT,2026-05-01,1,0,0.0,0,0.0,0,0.0,0.0,0.0,0.0,0.0,0.0,False
523,HU,2026-05-01,7,0,0.0,7,0.0,0,0.0,0.0,0.0,0.0,0.0,0.0,False
523,ID,2026-05-01,205,52,172.41999999999996,139,101.38,0,0.0,0.0,0.0,0.0,0.0,0.0,False
523,IE,2026-05-01,6,0,0.0,4,0.0,0,0.0,0.0,0.0,0.0,0.0,0.0,False
523,IL,2026-05-01,1,1,2.2199999999999998,1,2.2199999999999998,0,0.0,0.0,0.0,0.0,0.0,0.0,False
523,IN,2026-05-01,165,12,26.64,133,15.539999999999996,0,0.0,0.0,0.0,0.0,0.0,0.0,False
523,IT,2026-05-01,107,17,49.58,87,40.699999999999996,0,0.0,0.0,0.0,0.0,0.0,0.0,False
523,JE,2026-05-01,1,0,0.0,1,0.0,0,0.0,0.0,0.0,0.0,0.0,0.0,False
523,JM,2026-05-01,31,7,18.5,23,12.579999999999998,0,0.0,0.0,0.0,0.0,0.0,0.0,False
523,JO,2026-05-01,2,2,4.4399999999999995,1,2.2199999999999998,0,0.0,0.0,0.0,0.0,0.0,0.0,False
523,JP,2026-05-01,47,8,17.759999999999998,35,11.099999999999998,1,210.0,210.0,0.0,210.0,210.0,0.0,False
523,KE,2026-05-01,1,1,3.7,1,3.7,0,0.0,0.0,0.0,0.0,0.0,0.0,False
523,KG,2026-05-01,2,1,2.2199999999999998,2,2.2199999999999998,0,0.0,0.0,0.0,0.0,0.0,0.0,False
523,KH,2026-05-01,5,1,2.2199999999999998,4,2.2199999999999998,0,0.0,0.0,0.0,0.0,0.0,0.0,False
523,KI,2026-05-01,119,14,32.559999999999995,93,23.68,0,0.0,0.0,0.0,0.0,0.0,0.0,False
523,KM,2026-05-01,1,0,0.0,1,0.0,0,0.0,0.0,0.0,0.0,0.0,0.0,False
523,KR,2026-05-01,185,34,10.766999999999998,125,4.662,0,0.0,0.0,0.0,0.0,0.0,0.0,False
523,KW,2026-05-01,1,0,0.0,0,0.0,0,0.0,0.0,0.0,0.0,0.0,0.0,False
523,KY,2026-05-01,6,1,2.2199999999999998,5,0.0,0,0.0,0.0,0.0,0.0,0.0,0.0,False
523,KZ,2026-05-01,5,2,5.92,4,3.7,0,0.0,0.0,0.0,0.0,0.0,0.0,False
523,LA,2026-05-01,6,1,2.2199999999999998,6,2.2199999999999998,0,0.0,0.0,0.0,0.0,0.0,0.0,False
523,LT,2026-05-01,17,6,29.6,10,25.900000000000002,0,0.0,0.0,0.0,0.0,0.0,0.0,False
523,LV,2026-05-01,12,1,3.7,9,0.0,0,0.0,0.0,0.0,0.0,0.0,0.0,False
523,MA,2026-05-01,1,0,0.0,1,0.0,0,0.0,0.0,0.0,0.0,0.0,0.0,False
523,MD,2026-05-01,32,6,19.240000000000002,25,17.02,0,0.0,0.0,0.0,0.0,0.0,0.0,False
523,ME,2026-05-01,1,0,0.0,1,0.0,0,0.0,0.0,0.0,0.0,0.0,0.0,False
523,MF,2026-05-01,1,0,0.0,1,0.0,0,0.0,0.0,0.0,0.0,0.0,0.0,False
523,MG,2026-05-01,7,1,3.7,5,3.7,0,0.0,0.0,0.0,0.0,0.0,0.0,False
523,MH,2026-05-01,11,5,17.02,9,17.02,0,0.0,0.0,0.0,0.0,0.0,0.0,False
523,MN,2026-05-01,2,0,0.0,2,0.0,0,0.0,0.0,0.0,0.0,0.0,0.0,False
523,MP,2026-05-01,1,0,0.0,1,0.0,0,0.0,0.0,0.0,0.0,0.0,0.0,False
523,MQ,2026-05-01,3,0,0.0,2,0.0,0,0.0,0.0,0.0,0.0,0.0,0.0,False
523,MR,2026-05-01,7,1,5.92,6,5.92,0,0.0,0.0,0.0,0.0,0.0,0.0,False
523,MV,2026-05-01,5,0,0.0,3,0.0,0,0.0,0.0,0.0,0.0,0.0,0.0,False
523,MW,2026-05-01,5,1,5.92,3,5.92,0,0.0,0.0,0.0,0.0,0.0,0.0,False
523,MX,2026-05-01,2358,372,453.7309999999999,1787,259.0,3,195.0,195.0,0.0,130.0,130.0,0.0,True
523,MY,2026-05-01,827,178,48.06300000000001,583,31.338999999999995,2,130.0,130.0,0.0,130.0,130.0,0.0,True
523,MZ,2026-05-01,20,0,0.0,17,0.0,0,0.0,0.0,0.0,0.0,0.0,0.0,False
523,NE,2026-05-01,352,24,57.71999999999999,266,44.39999999999999,0,0.0,0.0,0.0,0.0,0.0,0.0,False
523,NL,2026-05-01,1741,432,1570.8349999999991,1248,1134.457,16,7960.0,7960.0,0.0,7600.0,7600.0,0.0,True
523,NO,2026-05-01,104,24,137.64,70,113.22,2,130.0,130.0,0.0,65.0,65.0,0.0,False
523,NP,2026-05-01,20,2,5.92,18,5.92,0,0.0,0.0,0.0,0.0,0.0,0.0,False
523,NZ,2026-05-01,746,273,919.0800000000002,606,776.2600000000002,2,130.0,130.0,0.0,130.0,130.0,0.0,True
523,OM,2026-05-01,4,0,0.0,4,0.0,0,0.0,0.0,0.0,0.0,0.0,0.0,False
523,PA,2026-05-01,13,1,0.259,10,0.259,0,0.0,0.0,0.0,0.0,0.0,0.0,False
523,PE,2026-05-01,76,13,39.22,58,28.859999999999996,0,0.0,0.0,0.0,0.0,0.0,0.0,False
523,PG,2026-05-01,2,1,3.7,1,0.0,0,0.0,0.0,0.0,0.0,0.0,0.0,False
523,PH,2026-05-01,277,41,112.48,234,91.02,0,0.0,0.0,0.0,0.0,0.0,0.0,False
523,PK,2026-05-01,357,28,82.13999999999999,300,75.47999999999999,0,0.0,0.0,0.0,0.0,0.0,0.0,False
523,PL,2026-05-01,157,9,26.158999999999995,128,15.059000000000001,0,0.0,0.0,0.0,0.0,0.0,0.0,False
523,PR,2026-05-01,125,49,132.08999999999997,78,83.99000000000001,5,895.0,895.0,0.0,730.0,730.0,0.0,False
523,PS,2026-05-01,1,0,0.0,0,0.0,0,0.0,0.0,0.0,0.0,0.0,0.0,False
523,PT,2026-05-01,4698,2225,4229.766000000023,3829,3439.224000000013,22,4095.0,4050.0,45.0,3250.0,3205.0,45.0,True
523,PW,2026-05-01,1,1,2.2199999999999998,1,2.2199999999999998,0,0.0,0.0,0.0,0.0,0.0,0.0,False
523,PY,2026-05-01,28,4,10.36,16,5.92,0,0.0,0.0,0.0,0.0,0.0,0.0,False
523,QA,2026-05-01,10,2,5.92,8,5.92,0,0.0,0.0,0.0,0.0,0.0,0.0,False
523,RE,2026-05-01,1,0,0.0,1,0.0,0,0.0,0.0,0.0,0.0,0.0,0.0,False
523,RO,2026-05-01,23,6,14.799999999999997,7,2.2199999999999998,0,0.0,0.0,0.0,0.0,0.0,0.0,False
523,RS,2026-05-01,59,14,41.44,44,33.3,0,0.0,0.0,0.0,0.0,0.0,0.0,False
523,RU,2026-05-01,22,3,11.100000000000001,22,11.100000000000001,0,0.0,0.0,0.0,0.0,0.0,0.0,False
523,SA,2026-05-01,45,6,17.759999999999998,31,11.100000000000001,0,0.0,0.0,0.0,0.0,0.0,0.0,False
523,SB,2026-05-01,53,13,28.859999999999992,40,24.419999999999995,0,0.0,0.0,0.0,0.0,0.0,0.0,False
523,SC,2026-05-01,5,2,2.4789999999999996,2,2.2199999999999998,0,0.0,0.0,0.0,0.0,0.0,0.0,False
523,SE,2026-05-01,345,138,722.9800000000001,252,539.46,0,0.0,0.0,0.0,0.0,0.0,0.0,False
523,SG,2026-05-01,425,59,99.97399999999999,305,78.40299999999999,1,65.0,65.0,0.0,65.0,65.0,0.0,False
523,SI,2026-05-01,1,1,2.2199999999999998,0,0.0,0,0.0,0.0,0.0,0.0,0.0,0.0,False
523,SJ,2026-05-01,2,1,2.2199999999999998,2,2.2199999999999998,0,0.0,0.0,0.0,0.0,0.0,0.0,False
523,SN,2026-05-01,33,2,5.92,25,2.2199999999999998,1,110.0,110.0,0.0,0.0,0.0,0.0,False
523,ST,2026-05-01,4,0,0.0,3,0.0,0,0.0,0.0,0.0,0.0,0.0,0.0,False
523,SV,2026-05-01,28,3,8.14,20,8.14,0,0.0,0.0,0.0,0.0,0.0,0.0,False
523,SX,2026-05-01,3,1,2.2199999999999998,3,2.2199999999999998,0,0.0,0.0,0.0,0.0,0.0,0.0,False
523,SZ,2026-05-01,21,1,2.2199999999999998,16,2.2199999999999998,0,0.0,0.0,0.0,0.0,0.0,0.0,False
523,TC,2026-05-01,2,0,0.0,2,0.0,0,0.0,0.0,0.0,0.0,0.0,0.0,False
523,TD,2026-05-01,84,7,21.46,60,19.240000000000002,0,0.0,0.0,0.0,0.0,0.0,0.0,False
523,TH,2026-05-01,2,1,2.2199999999999998,2,2.2199999999999998,0,0.0,0.0,0.0,0.0,0.0,0.0,False
523,TJ,2026-05-01,3,2,5.92,2,3.7,0,0.0,0.0,0.0,0.0,0.0,0.0,False
523,TK,2026-05-01,1,0,0.0,1,0.0,0,0.0,0.0,0.0,0.0,0.0,0.0,False
523,TL,2026-05-01,15,4,6.919,12,6.919,0,0.0,0.0,0.0,0.0,0.0,0.0,False
523,TM,2026-05-01,1,0,0.0,1,0.0,0,0.0,0.0,0.0,0.0,0.0,0.0,False
523,TO,2026-05-01,12,1,2.2199999999999998,6,0.0,0,0.0,0.0,0.0,0.0,0.0,0.0,False
523,TR,2026-05-01,359,45,117.65999999999998,281,96.19999999999999,0,0.0,0.0,0.0,0.0,0.0,0.0,False
523,TT,2026-05-01,29,8,26.639999999999993,26,22.939999999999994,0,0.0,0.0,0.0,0.0,0.0,0.0,False
523,TV,2026-05-01,6,0,0.0,2,0.0,0,0.0,0.0,0.0,0.0,0.0,0.0,False
523,TW,2026-05-01,666,148,38.332,489,29.266999999999996,3,4915.0,4915.0,0.0,4915.0,4915.0,0.0,True
523,TZ,2026-05-01,5,0,0.0,5,0.0,0,0.0,0.0,0.0,0.0,0.0,0.0,False
523,UG,2026-05-01,15,3,11.100000000000001,12,7.4,0,0.0,0.0,0.0,0.0,0.0,0.0,False
523,UNKNOWN,2026-05-01,24,4,11.618000000000002,17,0.518,0,0.0,0.0,0.0,0.0,0.0,0.0,False
523,US,2026-05-01,41632,17310,70640.43699999969,32833,57888.386999999384,478,177600.0,177400.0,200.0,141880.0,141680.0,200.0,True
523,UZ,2026-05-01,28,4,13.32,22,13.32,0,0.0,0.0,0.0,0.0,0.0,0.0,False
523,VC,2026-05-01,1,1,3.7,1,3.7,0,0.0,0.0,0.0,0.0,0.0,0.0,False
523,VI,2026-05-01,5,2,4.4399999999999995,2,2.2199999999999998,0,0.0,0.0,0.0,0.0,0.0,0.0,False
523,VN,2026-05-01,1805,259,70.52200000000003,1116,39.627,0,0.0,0.0,0.0,0.0,0.0,0.0,True
523,VU,2026-05-01,1,0,0.0,1,0.0,0,0.0,0.0,0.0,0.0,0.0,0.0,False
523,WF,2026-05-01,1,0,0.0,1,0.0,0,0.0,0.0,0.0,0.0,0.0,0.0,False
523,WS,2026-05-01,4,2,5.92,3,5.92,0,0.0,0.0,0.0,0.0,0.0,0.0,False
523,XK,2026-05-01,2,1,5.18,2,5.18,0,0.0,0.0,0.0,0.0,0.0,0.0,False
523,YT,2026-05-01,3,1,2.2199999999999998,1,0.0,0,0.0,0.0,0.0,0.0,0.0,0.0,False
523,ZA,2026-05-01,10,0,0.0,8,0.0,0,0.0,0.0,0.0,0.0,0.0,0.0,False
523,ZM,2026-05-01,34,8,27.38,29,27.38,0,0.0,0.0,0.0,0.0,0.0,0.0,False
612,AE,2026-05-01,14,0,0.0,12,0.0,0,0.0,0.0,0.0,0.0,0.0,0.0,False
612,AL,2026-05-01,2,0,0.0,1,0.0,0,0.0,0.0,0.0,0.0,0.0,0.0,False
612,AO,2026-05-01,1,0,0.0,1,0.0,0,0.0,0.0,0.0,0.0,0.0,0.0,False
612,AR,2026-05-01,1,0,0.0,1,0.0,0,0.0,0.0,0.0,0.0,0.0,0.0,False
612,AT,2026-05-01,29,0,0.0,25,0.0,0,0.0,0.0,0.0,0.0,0.0,0.0,False
612,AU,2026-05-01,617,26,12450.5,505,10789.2,29,2555.0,2275.0,280.0,2210.0,1930.0,280.0,True
612,AX,2026-05-01,1,0,0.0,0,0.0,0,0.0,0.0,0.0,0.0,0.0,0.0,False
612,AZ,2026-05-01,1,0,0.0,0,0.0,0,0.0,0.0,0.0,0.0,0.0,0.0,False
612,BE,2026-05-01,51,0,0.0,40,0.0,0,0.0,0.0,0.0,0.0,0.0,0.0,False
612,BG,2026-05-01,2,0,0.0,2,0.0,0,0.0,0.0,0.0,0.0,0.0,0.0,False
612,BJ,2026-05-01,1,0,0.0,1,0.0,0,0.0,0.0,0.0,0.0,0.0,0.0,False
612,BR,2026-05-01,5,1,610.5,4,610.5,1,540.0,540.0,0.0,540.0,540.0,0.0,False
612,BS,2026-05-01,1,0,0.0,1,0.0,0,0.0,0.0,0.0,0.0,0.0,0.0,False
612,BW,2026-05-01,1,0,0.0,1,0.0,0,0.0,0.0,0.0,0.0,0.0,0.0,False
612,CA,2026-05-01,544,8,3973.8,463,3404.0,10,905.0,625.0,280.0,755.0,475.0,280.0,True
612,CH,2026-05-01,25,2,936.1,18,936.1,2,130.0,130.0,0.0,130.0,130.0,0.0,False
612,CM,2026-05-01,3,0,0.0,1,0.0,0,0.0,0.0,0.0,0.0,0.0,0.0,False
612,CN,2026-05-01,3,0,0.0,3,0.0,0,0.0,0.0,0.0,0.0,0.0,0.0,False
612,CY,2026-05-01,4,0,0.0,4,0.0,0,0.0,0.0,0.0,0.0,0.0,0.0,False
612,CZ,2026-05-01,2,0,0.0,2,0.0,0,0.0,0.0,0.0,0.0,0.0,0.0,False
612,DE,2026-05-01,199,1,337.44,173,337.44,1,65.0,65.0,0.0,65.0,65.0,0.0,False
612,DJ,2026-05-01,1,0,0.0,0,0.0,0,0.0,0.0,0.0,0.0,0.0,0.0,False
612,DK,2026-05-01,108,1,629.0,85,629.0,0,0.0,0.0,0.0,0.0,0.0,0.0,False
612,DO,2026-05-01,2,0,0.0,2,0.0,0,0.0,0.0,0.0,0.0,0.0,0.0,False
612,DZ,2026-05-01,4,0,0.0,4,0.0,0,0.0,0.0,0.0,0.0,0.0,0.0,False
612,ES,2026-05-01,269,3,1185.48,212,1185.48,2,100.0,65.0,35.0,100.0,65.0,35.0,False
612,FI,2026-05-01,64,0,0.0,57,0.0,0,0.0,0.0,0.0,0.0,0.0,0.0,False
612,FJ,2026-05-01,1,0,0.0,1,0.0,0,0.0,0.0,0.0,0.0,0.0,0.0,False
612,FR,2026-05-01,133,1,569.8,128,569.8,1,65.0,65.0,0.0,65.0,65.0,0.0,False
612,GA,2026-05-01,7,0,0.0,6,0.0,0,0.0,0.0,0.0,0.0,0.0,0.0,False
612,GB,2026-05-01,733,21,10829.9,613,6523.1,26,3080.0,2715.0,365.0,1705.0,1490.0,215.0,True
612,GG,2026-05-01,1,0,0.0,0,0.0,0,0.0,0.0,0.0,0.0,0.0,0.0,False
612,GM,2026-05-01,1,0,0.0,1,0.0,0,0.0,0.0,0.0,0.0,0.0,0.0,False
612,GR,2026-05-01,1,0,0.0,1,0.0,0,0.0,0.0,0.0,0.0,0.0,0.0,False
612,GT,2026-05-01,1,0,0.0,1,0.0,0,0.0,0.0,0.0,0.0,0.0,0.0,False
612,GU,2026-05-01,1,0,0.0,1,0.0,0,0.0,0.0,0.0,0.0,0.0,0.0,False
612,HK,2026-05-01,3,0,0.0,3,0.0,0,0.0,0.0,0.0,0.0,0.0,0.0,False
612,IE,2026-05-01,54,3,1887.0,42,1258.0,3,180.0,115.0,65.0,130.0,65.0,65.0,False
612,IL,2026-05-01,1,0,0.0,1,0.0,0,0.0,0.0,0.0,0.0,0.0,0.0,False
612,IN,2026-05-01,20,0,0.0,16,0.0,0,0.0,0.0,0.0,0.0,0.0,0.0,False
612,IS,2026-05-01,1,0,0.0,1,0.0,0,0.0,0.0,0.0,0.0,0.0,0.0,False
612,IT,2026-05-01,93,1,384.8,53,0.0,0,0.0,0.0,0.0,0.0,0.0,0.0,False
612,JM,2026-05-01,1,0,0.0,0,0.0,0,0.0,0.0,0.0,0.0,0.0,0.0,False
612,JP,2026-05-01,5,0,0.0,5,0.0,0,0.0,0.0,0.0,0.0,0.0,0.0,False
612,KE,2026-05-01,7,0,0.0,6,0.0,0,0.0,0.0,0.0,0.0,0.0,0.0,False
612,KG,2026-05-01,1,0,0.0,0,0.0,0,0.0,0.0,0.0,0.0,0.0,0.0,False
612,KH,2026-05-01,1,0,0.0,0,0.0,0,0.0,0.0,0.0,0.0,0.0,0.0,False
612,KR,2026-05-01,1,0,0.0,1,0.0,0,0.0,0.0,0.0,0.0,0.0,0.0,False
612,LK,2026-05-01,2,0,0.0,2,0.0,0,0.0,0.0,0.0,0.0,0.0,0.0,False
612,LT,2026-05-01,1,0,0.0,1,0.0,0,0.0,0.0,0.0,0.0,0.0,0.0,False
612,LU,2026-05-01,2,0,0.0,2,0.0,0,0.0,0.0,0.0,0.0,0.0,0.0,False
612,LV,2026-05-01,1,0,0.0,1,0.0,0,0.0,0.0,0.0,0.0,0.0,0.0,False
612,MA,2026-05-01,3,0,0.0,3,0.0,0,0.0,0.0,0.0,0.0,0.0,0.0,False
612,MD,2026-05-01,1,0,0.0,1,0.0,0,0.0,0.0,0.0,0.0,0.0,0.0,False
612,MQ,2026-05-01,1,0,0.0,1,0.0,0,0.0,0.0,0.0,0.0,0.0,0.0,False
612,MT,2026-05-01,2,0,0.0,2,0.0,0,0.0,0.0,0.0,0.0,0.0,0.0,False
612,MW,2026-05-01,1,0,0.0,1,0.0,0,0.0,0.0,0.0,0.0,0.0,0.0,False
612,MX,2026-05-01,13,0,0.0,12,0.0,0,0.0,0.0,0.0,0.0,0.0,0.0,False
612,NL,2026-05-01,724,6,1877.38,615,1248.38,3,280.0,130.0,150.0,130.0,130.0,0.0,True
612,NO,2026-05-01,203,1,384.8,161,384.8,1,65.0,65.0,0.0,65.0,65.0,0.0,False
612,NZ,2026-05-01,155,5,3196.8,118,1998.0,6,390.0,325.0,65.0,195.0,130.0,65.0,False
612,PH,2026-05-01,4,0,0.0,2,0.0,0,0.0,0.0,0.0,0.0,0.0,0.0,False
612,PK,2026-05-01,3,0,0.0,2,0.0,0,0.0,0.0,0.0,0.0,0.0,0.0,False
612,PL,2026-05-01,5,0,0.0,4,0.0,0,0.0,0.0,0.0,0.0,0.0,0.0,False
612,PT,2026-05-01,18,0,0.0,13,0.0,0,0.0,0.0,0.0,0.0,0.0,0.0,False
612,RO,2026-05-01,2,0,0.0,2,0.0,0,0.0,0.0,0.0,0.0,0.0,0.0,False
612,RS,2026-05-01,4,0,0.0,3,0.0,0,0.0,0.0,0.0,0.0,0.0,0.0,False
612,RU,2026-05-01,1,0,0.0,1,0.0,0,0.0,0.0,0.0,0.0,0.0,0.0,False
612,RW,2026-05-01,1,0,0.0,1,0.0,0,0.0,0.0,0.0,0.0,0.0,0.0,False
612,SA,2026-05-01,4,0,0.0,2,0.0,0,0.0,0.0,0.0,0.0,0.0,0.0,False
612,SE,2026-05-01,243,8,4200.9800000000005,207,3187.1800000000003,8,1975.0,1695.0,280.0,1910.0,1695.0,215.0,False
612,SG,2026-05-01,9,0,0.0,8,0.0,0,0.0,0.0,0.0,0.0,0.0,0.0,False
612,SK,2026-05-01,1,0,0.0,1,0.0,0,0.0,0.0,0.0,0.0,0.0,0.0,False
612,SM,2026-05-01,3,0,0.0,3,0.0,0,0.0,0.0,0.0,0.0,0.0,0.0,False
612,TG,2026-05-01,2,0,0.0,2,0.0,0,0.0,0.0,0.0,0.0,0.0,0.0,False
612,TH,2026-05-01,1,0,0.0,1,0.0,0,0.0,0.0,0.0,0.0,0.0,0.0,False
612,TR,2026-05-01,9,0,0.0,7,0.0,0,0.0,0.0,0.0,0.0,0.0,0.0,False
612,TT,2026-05-01,3,0,0.0,3,0.0,0,0.0,0.0,0.0,0.0,0.0,0.0,False
612,TZ,2026-05-01,1,0,0.0,1,0.0,0,0.0,0.0,0.0,0.0,0.0,0.0,False
612,UG,2026-05-01,2,0,0.0,1,0.0,0,0.0,0.0,0.0,0.0,0.0,0.0,False
612,UNKNOWN,2026-05-01,6,0,0.0,6,0.0,0,0.0,0.0,0.0,0.0,0.0,0.0,False
612,US,2026-05-01,4524,138,66483.08,3771,52907.78,181,182635.0,177920.0,4715.0,147100.0,142900.0,4200.0,True
612,VN,2026-05-01,1,0,0.0,0,0.0,0,0.0,0.0,0.0,0.0,0.0,0.0,False
612,ZA,2026-05-01,4,0,0.0,3,0.0,0,0.0,0.0,0.0,0.0,0.0,0.0,False
719,AD,2026-05-01,1,1,24.419999999999998,1,24.419999999999998,1,7435.0,7265.0,170.0,7435.0,7265.0,170.0,False
719,AE,2026-05-01,2,1,24.419999999999998,1,0.0,0,0.0,0.0,0.0,0.0,0.0,0.0,False
719,AI,2026-05-01,1,1,30.34,0,0.0,0,0.0,0.0,0.0,0.0,0.0,0.0,False
719,AL,2026-05-01,2,1,24.419999999999998,1,0.0,0,0.0,0.0,0.0,0.0,0.0,0.0,False
719,AS,2026-05-01,1,1,24.419999999999998,0,0.0,0,0.0,0.0,0.0,0.0,0.0,0.0,False
719,AU,2026-05-01,1365,1053,20503.920000000013,969,13391.04000000001,60,109865.0,109470.0,395.0,74485.0,74360.0,125.0,True
719,BD,2026-05-01,1,1,5.92,1,5.92,0,0.0,0.0,0.0,0.0,0.0,0.0,False
719,BE,2026-05-01,18,9,219.03999999999996,5,73.25999999999999,0,0.0,0.0,0.0,0.0,0.0,0.0,False
719,BG,2026-05-01,1,1,26.64,1,26.64,0,0.0,0.0,0.0,0.0,0.0,0.0,False
719,BJ,2026-05-01,1,0,0.0,1,0.0,0,0.0,0.0,0.0,0.0,0.0,0.0,False
719,BR,2026-05-01,2,2,47.36,2,47.36,0,0.0,0.0,0.0,0.0,0.0,0.0,False
719,CA,2026-05-01,560,438,9089.42,346,5187.399999999999,28,53340.0,51070.0,2270.0,35330.0,33060.0,2270.0,True
719,CH,2026-05-01,9,7,142.82,2,0.0,0,0.0,0.0,0.0,0.0,0.0,0.0,False
719,CI,2026-05-01,3,2,48.839999999999996,2,24.419999999999998,1,1025.0,1025.0,0.0,0.0,0.0,0.0,False
719,CL,2026-05-01,1,1,31.08,1,31.08,0,0.0,0.0,0.0,0.0,0.0,0.0,False
719,CR,2026-05-01,1,1,26.64,1,26.64,0,0.0,0.0,0.0,0.0,0.0,0.0,False
719,CV,2026-05-01,1,1,34.78,0,0.0,0,0.0,0.0,0.0,0.0,0.0,0.0,False
719,CZ,2026-05-01,1,1,5.92,0,0.0,0,0.0,0.0,0.0,0.0,0.0,0.0,False
719,DE,2026-05-01,4,3,36.26,3,30.339999999999996,0,0.0,0.0,0.0,0.0,0.0,0.0,False
719,DK,2026-05-01,1,1,7.4,0,0.0,0,0.0,0.0,0.0,0.0,0.0,0.0,False
719,EE,2026-05-01,1,0,0.0,1,0.0,0,0.0,0.0,0.0,0.0,0.0,0.0,False
719,ES,2026-05-01,2,2,54.76,0,0.0,0,0.0,0.0,0.0,0.0,0.0,0.0,False
719,FI,2026-05-01,9,5,103.6,2,24.419999999999998,0,0.0,0.0,0.0,0.0,0.0,0.0,False
719,FR,2026-05-01,6,5,82.88,4,51.06,0,0.0,0.0,0.0,0.0,0.0,0.0,False
719,GB,2026-05-01,3277,2544,47721.86000000011,2303,31746.739999999976,150,81610.0,80955.0,655.0,60200.0,59610.0,590.0,True
719,GG,2026-05-01,1,1,20.72,1,20.72,0,0.0,0.0,0.0,0.0,0.0,0.0,False
719,GH,2026-05-01,1,0,0.0,1,0.0,0,0.0,0.0,0.0,0.0,0.0,0.0,False
719,GR,2026-05-01,1,1,7.4,0,0.0,0,0.0,0.0,0.0,0.0,0.0,0.0,False
719,HK,2026-05-01,1,1,34.78,1,34.78,0,0.0,0.0,0.0,0.0,0.0,0.0,False
719,HU,2026-05-01,7,6,144.3,4,65.12,0,0.0,0.0,0.0,0.0,0.0,0.0,False
719,ID,2026-05-01,2,1,24.419999999999998,1,0.0,1,165.0,165.0,0.0,165.0,165.0,0.0,False
719,IE,2026-05-01,113,89,1830.0199999999998,24,424.0199999999999,6,2985.0,2985.0,0.0,2530.0,2530.0,0.0,False
719,IL,2026-05-01,15,11,235.32,0,0.0,0,0.0,0.0,0.0,0.0,0.0,0.0,False
719,IN,2026-05-01,10,3,61.42,8,20.72,0,0.0,0.0,0.0,0.0,0.0,0.0,False
719,IT,2026-05-01,3,3,81.4,1,26.64,0,0.0,0.0,0.0,0.0,0.0,0.0,False
719,JM,2026-05-01,5,4,71.78,2,41.44,0,0.0,0.0,0.0,0.0,0.0,0.0,False
719,JP,2026-05-01,3,3,54.75999999999999,0,0.0,0,0.0,0.0,0.0,0.0,0.0,0.0,False
719,KE,2026-05-01,9,3,62.16,9,62.16,0,0.0,0.0,0.0,0.0,0.0,0.0,False
719,KR,2026-05-01,1,1,30.34,0,0.0,0,0.0,0.0,0.0,0.0,0.0,0.0,False
719,KZ,2026-05-01,2,0,0.0,2,0.0,0,0.0,0.0,0.0,0.0,0.0,0.0,False
719,MD,2026-05-01,3,2,47.36,2,47.36,0,0.0,0.0,0.0,0.0,0.0,0.0,False
719,MX,2026-05-01,5,3,73.25999999999999,3,24.419999999999998,0,0.0,0.0,0.0,0.0,0.0,0.0,False
719,MY,2026-05-01,1,1,20.72,1,20.72,0,0.0,0.0,0.0,0.0,0.0,0.0,False
719,NE,2026-05-01,1,1,20.72,1,20.72,0,0.0,0.0,0.0,0.0,0.0,0.0,False
719,NL,2026-05-01,42,28,563.14,7,73.25999999999999,2,265.0,265.0,0.0,0.0,0.0,0.0,False
719,NO,2026-05-01,13,9,179.07999999999998,2,7.4,0,0.0,0.0,0.0,0.0,0.0,0.0,False
719,NZ,2026-05-01,360,259,5038.66,281,3626.0,9,2620.0,2620.0,0.0,2305.0,2305.0,0.0,False
719,PE,2026-05-01,1,0,0.0,1,0.0,0,0.0,0.0,0.0,0.0,0.0,0.0,False
719,PH,2026-05-01,3,3,69.56,1,20.72,0,0.0,0.0,0.0,0.0,0.0,0.0,False
719,PL,2026-05-01,5,3,76.22,2,41.44,0,0.0,0.0,0.0,0.0,0.0,0.0,False
719,PT,2026-05-01,14,13,301.18,6,124.32,1,1840.0,1840.0,0.0,0.0,0.0,0.0,False
719,RO,2026-05-01,2,2,37.0,2,37.0,0,0.0,0.0,0.0,0.0,0.0,0.0,False
719,RS,2026-05-01,1,1,20.72,1,20.72,0,0.0,0.0,0.0,0.0,0.0,0.0,False
719,SA,2026-05-01,1,1,24.419999999999998,0,0.0,0,0.0,0.0,0.0,0.0,0.0,0.0,False
719,SE,2026-05-01,17,10,220.51999999999998,2,0.0,1,5020.0,5020.0,0.0,0.0,0.0,0.0,False
719,SG,2026-05-01,3,3,54.76,2,48.839999999999996,0,0.0,0.0,0.0,0.0,0.0,0.0,False
719,TH,2026-05-01,2,0,0.0,2,0.0,0,0.0,0.0,0.0,0.0,0.0,0.0,False
719,TR,2026-05-01,2,2,54.76,0,0.0,0,0.0,0.0,0.0,0.0,0.0,0.0,False
719,UG,2026-05-01,5,3,65.86,5,65.86,0,0.0,0.0,0.0,0.0,0.0,0.0,False
719,US,2026-05-01,10760,8243,174688.82519999886,7688,122437.42519999931,515,1106315.0,1103750.0,2565.0,945960.0,943485.0,2475.0,True
719,ZA,2026-05-01,9,4,90.28,6,41.44,0,0.0,0.0,0.0,0.0,0.0,0.0,False
730,AD,2026-05-01,1,1,14.8,1,14.8,1,195.0,195.0,0.0,195.0,195.0,0.0,False
730,AE,2026-05-01,1,1,14.8,1,14.8,0,0.0,0.0,0.0,0.0,0.0,0.0,False
730,AI,2026-05-01,1,1,14.8,1,14.8,0,0.0,0.0,0.0,0.0,0.0,0.0,False
730,AL,2026-05-01,3,1,0.74,3,0.74,0,0.0,0.0,0.0,0.0,0.0,0.0,False
730,AM,2026-05-01,1,0,0.0,1,0.0,1,285.0,285.0,0.0,285.0,285.0,0.0,False
730,AR,2026-05-01,4,4,24.419999999999998,4,24.419999999999998,0,0.0,0.0,0.0,0.0,0.0,0.0,False
730,AT,2026-05-01,53,38,629.0,45,540.2,2,260.0,260.0,0.0,65.0,65.0,0.0,False
730,AU,2026-05-01,517,381,6741.399999999997,434,5823.799999999997,17,26575.0,26530.0,45.0,26575.0,26530.0,45.0,True
730,AX,2026-05-01,7,2,29.6,7,29.6,0,0.0,0.0,0.0,0.0,0.0,0.0,False
730,BE,2026-05-01,281,194,3344.800000000001,236,2900.800000000001,11,3645.0,3645.0,0.0,3260.0,3260.0,0.0,False
730,BG,2026-05-01,1,1,14.8,1,14.8,0,0.0,0.0,0.0,0.0,0.0,0.0,False
730,BR,2026-05-01,4556,3492,2891.1800000000167,4535,2813.480000000017,82,18750.0,18560.0,190.0,18750.0,18560.0,190.0,True
730,BT,2026-05-01,1,1,14.8,1,14.8,0,0.0,0.0,0.0,0.0,0.0,0.0,False
730,CA,2026-05-01,616,475,8692.779999999993,518,7516.179999999996,20,8335.0,8335.0,0.0,7325.0,7325.0,0.0,True
730,CH,2026-05-01,59,47,777.0,50,658.6,1,350.0,200.0,150.0,350.0,200.0,150.0,False
730,CO,2026-05-01,4,2,15.540000000000001,4,15.540000000000001,0,0.0,0.0,0.0,0.0,0.0,0.0,False
730,DE,2026-05-01,260,184,3034.0000000000014,212,2634.4,9,6945.0,6945.0,0.0,6630.0,6630.0,0.0,False
730,DK,2026-05-01,249,196,3559.4000000000005,211,3071.0,19,13230.0,13230.0,0.0,12165.0,12165.0,0.0,False
730,DZ,2026-05-01,1,1,37.0,1,37.0,1,150.0,150.0,0.0,150.0,150.0,0.0,False
730,ES,2026-05-01,15,11,193.14000000000001,15,193.14000000000001,1,155.0,155.0,0.0,155.0,155.0,0.0,False
730,FI,2026-05-01,118,75,1317.2000000000003,106,1228.4,2,3430.0,3430.0,0.0,3430.0,3430.0,0.0,False
730,FR,2026-05-01,5,4,59.2,4,59.2,0,0.0,0.0,0.0,0.0,0.0,0.0,False
730,GB,2026-05-01,1305,979,16982.999999999985,1057,14215.399999999985,36,15890.0,15825.0,65.0,14825.0,14760.0,65.0,True
730,GF,2026-05-01,1,1,0.74,1,0.74,0,0.0,0.0,0.0,0.0,0.0,0.0,False
730,GN,2026-05-01,1,1,14.8,1,14.8,0,0.0,0.0,0.0,0.0,0.0,0.0,False
730,GR,2026-05-01,1,1,14.8,1,14.8,0,0.0,0.0,0.0,0.0,0.0,0.0,False
730,HK,2026-05-01,2,2,29.6,2,29.6,0,0.0,0.0,0.0,0.0,0.0,0.0,False
730,HR,2026-05-01,1,1,14.8,1,14.8,0,0.0,0.0,0.0,0.0,0.0,0.0,False
730,IE,2026-05-01,4,3,30.34,3,15.540000000000001,0,0.0,0.0,0.0,0.0,0.0,0.0,False
730,IN,2026-05-01,3,3,66.6,3,66.6,0,0.0,0.0,0.0,0.0,0.0,0.0,False
730,IS,2026-05-01,46,30,488.40000000000003,41,414.4,3,3070.0,3070.0,0.0,3005.0,3005.0,0.0,False
730,IT,2026-05-01,5,4,45.14000000000001,4,45.14000000000001,0,0.0,0.0,0.0,0.0,0.0,0.0,False
730,JM,2026-05-01,4,2,29.6,4,29.6,0,0.0,0.0,0.0,0.0,0.0,0.0,False
730,JP,2026-05-01,1,1,14.8,1,14.8,0,0.0,0.0,0.0,0.0,0.0,0.0,False
730,KY,2026-05-01,1,0,0.0,1,0.0,0,0.0,0.0,0.0,0.0,0.0,0.0,False
730,KZ,2026-05-01,1,1,14.8,1,14.8,0,0.0,0.0,0.0,0.0,0.0,0.0,False
730,LT,2026-05-01,1,0,0.0,1,0.0,0,0.0,0.0,0.0,0.0,0.0,0.0,False
730,LV,2026-05-01,1,1,0.74,1,0.74,0,0.0,0.0,0.0,0.0,0.0,0.0,False
730,MA,2026-05-01,1,1,14.8,1,14.8,0,0.0,0.0,0.0,0.0,0.0,0.0,False
730,MD,2026-05-01,2,2,51.8,2,51.8,0,0.0,0.0,0.0,0.0,0.0,0.0,False
730,MX,2026-05-01,4,4,59.2,1,14.8,0,0.0,0.0,0.0,0.0,0.0,0.0,False
730,NL,2026-05-01,15,14,186.48,13,171.68000000000004,2,1185.0,1185.0,0.0,1185.0,1185.0,0.0,False
730,NO,2026-05-01,140,97,1642.8000000000002,116,1420.8,3,1085.0,1085.0,0.0,1085.0,1085.0,0.0,False
730,NZ,2026-05-01,148,114,2116.4,126,1850.0000000000002,8,3065.0,3065.0,0.0,2365.0,2365.0,0.0,False
730,PH,2026-05-01,1,1,14.8,1,14.8,0,0.0,0.0,0.0,0.0,0.0,0.0,False
730,PL,2026-05-01,8,3,44.400000000000006,6,14.8,0,0.0,0.0,0.0,0.0,0.0,0.0,False
730,PR,2026-05-01,1,1,37.0,1,37.0,0,0.0,0.0,0.0,0.0,0.0,0.0,False
730,PT,2026-05-01,4,2,15.540000000000001,4,15.540000000000001,0,0.0,0.0,0.0,0.0,0.0,0.0,False
730,RO,2026-05-01,2,2,37.0,1,22.2,0,0.0,0.0,0.0,0.0,0.0,0.0,False
730,RS,2026-05-01,1,0,0.0,1,0.0,0,0.0,0.0,0.0,0.0,0.0,0.0,False
730,SE,2026-05-01,312,209,3603.8000000000006,265,3085.8,18,9145.0,9145.0,0.0,4765.0,4765.0,0.0,False
730,TH,2026-05-01,2,2,51.8,2,51.8,0,0.0,0.0,0.0,0.0,0.0,0.0,False
730,TR,2026-05-01,4,2,29.6,3,14.8,0,0.0,0.0,0.0,0.0,0.0,0.0,False
730,US,2026-05-01,3506,2710,48518.10000000021,2867,40866.500000000146,161,135330.0,134505.0,825.0,110760.0,110000.0,760.0,True
730,VI,2026-05-01,1,1,14.8,0,0.0,0,0.0,0.0,0.0,0.0,0.0,0.0,False
833,AD,2026-05-01,1,0,0.0,1,0.0,0,0.0,0.0,0.0,0.0,0.0,0.0,False
833,AG,2026-05-01,6,0,0.0,5,0.0,0,0.0,0.0,0.0,0.0,0.0,0.0,False
833,AL,2026-05-01,6,1,4.81,6,4.81,2,1985.0,1985.0,0.0,1985.0,1985.0,0.0,False
833,AO,2026-05-01,2,1,4.81,2,4.81,0,0.0,0.0,0.0,0.0,0.0,0.0,False
833,AR,2026-05-01,2,0,0.0,0,0.0,0,0.0,0.0,0.0,0.0,0.0,0.0,False
833,AT,2026-05-01,1,0,0.0,1,0.0,0,0.0,0.0,0.0,0.0,0.0,0.0,False
833,AU,2026-05-01,8511,2958,19876.030000000042,6771,16176.030000000028,135,96825.0,96635.0,190.0,82915.0,82725.0,190.0,True
833,AW,2026-05-01,1,0,0.0,1,0.0,0,0.0,0.0,0.0,0.0,0.0,0.0,False
833,AX,2026-05-01,4,1,4.81,3,4.81,1,65.0,65.0,0.0,0.0,0.0,0.0,False
833,BD,2026-05-01,1,0,0.0,1,0.0,0,0.0,0.0,0.0,0.0,0.0,0.0,False
833,BE,2026-05-01,71,19,105.81999999999998,54,93.97999999999998,0,0.0,0.0,0.0,0.0,0.0,0.0,False
833,BM,2026-05-01,2,2,16.65,2,16.65,0,0.0,0.0,0.0,0.0,0.0,0.0,False
833,BR,2026-05-01,1,0,0.0,1,0.0,0,0.0,0.0,0.0,0.0,0.0,0.0,False
833,CA,2026-05-01,12013,3611,24849.57000000006,9450,19484.570000000036,111,135105.0,134580.0,525.0,130260.0,129735.0,525.0,True
833,CH,2026-05-01,1,0,0.0,1,0.0,0,0.0,0.0,0.0,0.0,0.0,0.0,False
833,CZ,2026-05-01,2,0,0.0,2,0.0,0,0.0,0.0,0.0,0.0,0.0,0.0,False
833,DE,2026-05-01,2,2,11.84,0,0.0,0,0.0,0.0,0.0,0.0,0.0,0.0,False
833,DK,2026-05-01,2,0,0.0,2,0.0,2,4945.0,4945.0,0.0,4945.0,4945.0,0.0,False
833,DO,2026-05-01,2,1,4.81,1,0.0,0,0.0,0.0,0.0,0.0,0.0,0.0,False
833,DZ,2026-05-01,2,1,2.96,2,2.96,0,0.0,0.0,0.0,0.0,0.0,0.0,False
833,EC,2026-05-01,1,0,0.0,0,0.0,0,0.0,0.0,0.0,0.0,0.0,0.0,False
833,EE,2026-05-01,1,0,0.0,1,0.0,0,0.0,0.0,0.0,0.0,0.0,0.0,False
833,FR,2026-05-01,5,2,11.84,5,11.84,0,0.0,0.0,0.0,0.0,0.0,0.0,False
833,GB,2026-05-01,16164,4723,33340.33000000005,12634,26638.150000000038,203,95095.0,94730.0,365.0,52015.0,51775.0,240.0,True
833,GE,2026-05-01,1,0,0.0,0,0.0,0,0.0,0.0,0.0,0.0,0.0,0.0,False
833,GN,2026-05-01,1,1,5.92,0,0.0,0,0.0,0.0,0.0,0.0,0.0,0.0,False
833,IE,2026-05-01,2061,525,3477.63,1603,2696.5600000000004,41,14600.0,14535.0,65.0,8955.0,8890.0,65.0,True
833,KH,2026-05-01,1,1,5.92,1,5.92,0,0.0,0.0,0.0,0.0,0.0,0.0,False
833,KY,2026-05-01,1,0,0.0,1,0.0,0,0.0,0.0,0.0,0.0,0.0,0.0,False
833,MD,2026-05-01,1,1,2.96,1,2.96,0,0.0,0.0,0.0,0.0,0.0,0.0,False
833,MX,2026-05-01,13,2,11.84,9,5.92,0,0.0,0.0,0.0,0.0,0.0,0.0,False
833,NL,2026-05-01,13,3,16.65,12,16.65,0,0.0,0.0,0.0,0.0,0.0,0.0,False
833,NO,2026-05-01,3,0,0.0,3,0.0,0,0.0,0.0,0.0,0.0,0.0,0.0,False
833,NZ,2026-05-01,3432,847,5056.049999999997,2642,3839.1200000000013,35,95505.0,94705.0,800.0,94390.0,93590.0,800.0,True
833,PE,2026-05-01,2,0,0.0,2,0.0,0,0.0,0.0,0.0,0.0,0.0,0.0,False
833,PH,2026-05-01,1,1,9.62,1,9.62,0,0.0,0.0,0.0,0.0,0.0,0.0,False
833,PL,2026-05-01,1,0,0.0,1,0.0,0,0.0,0.0,0.0,0.0,0.0,0.0,False
833,PR,2026-05-01,13,4,19.24,11,14.43,0,0.0,0.0,0.0,0.0,0.0,0.0,False
833,RO,2026-05-01,1,0,0.0,1,0.0,0,0.0,0.0,0.0,0.0,0.0,0.0,False
833,RS,2026-05-01,1,0,0.0,1,0.0,0,0.0,0.0,0.0,0.0,0.0,0.0,False
833,SV,2026-05-01,6,0,0.0,4,0.0,0,0.0,0.0,0.0,0.0,0.0,0.0,False
833,UNKNOWN,2026-05-01,1,0,0.0,1,0.0,0,0.0,0.0,0.0,0.0,0.0,0.0,False
833,US,2026-05-01,118782,40387,293591.0780000021,89122,227263.02799999987,1301,1621580.0,1615255.0,6325.0,1459595.0,1454825.0,4770.0,True
851,AR,2026-05-01,2,1,0.74,2,0.74,0,0.0,0.0,0.0,0.0,0.0,0.0,False
851,AT,2026-05-01,4,0,0.0,4,0.0,0,0.0,0.0,0.0,0.0,0.0,0.0,False
851,AU,2026-05-01,7,1,5.92,7,5.92,0,0.0,0.0,0.0,0.0,0.0,0.0,False
851,AW,2026-05-01,1,0,0.0,1,0.0,0,0.0,0.0,0.0,0.0,0.0,0.0,False
851,BD,2026-05-01,4,0,0.0,4,0.0,0,0.0,0.0,0.0,0.0,0.0,0.0,False
851,BE,2026-05-01,4,0,0.0,2,0.0,0,0.0,0.0,0.0,0.0,0.0,0.0,False
851,BG,2026-05-01,2,0,0.0,1,0.0,0,0.0,0.0,0.0,0.0,0.0,0.0,False
851,BR,2026-05-01,6,2,6.659999999999999,6,6.659999999999999,0,0.0,0.0,0.0,0.0,0.0,0.0,False
851,CA,2026-05-01,9,1,1.85,7,1.85,0,0.0,0.0,0.0,0.0,0.0,0.0,False
851,CH,2026-05-01,3,1,2.2199999999999998,3,2.2199999999999998,0,0.0,0.0,0.0,0.0,0.0,0.0,False
851,CL,2026-05-01,1549,580,429.20000000000016,561,142.07999999999998,11,2535.0,2535.0,0.0,165.0,165.0,0.0,True
851,CM,2026-05-01,1,0,0.0,1,0.0,0,0.0,0.0,0.0,0.0,0.0,0.0,False
851,CN,2026-05-01,2,0,0.0,2,0.0,0,0.0,0.0,0.0,0.0,0.0,0.0,False
851,CZ,2026-05-01,20,8,17.759999999999998,12,8.879999999999999,0,0.0,0.0,0.0,0.0,0.0,0.0,False
851,DE,2026-05-01,20,4,13.690000000000001,16,6.29,0,0.0,0.0,0.0,0.0,0.0,0.0,False
851,DO,2026-05-01,2,0,0.0,2,0.0,0,0.0,0.0,0.0,0.0,0.0,0.0,False
851,ES,2026-05-01,1600,668,1484.0699999999997,1304,1244.3099999999995,10,1915.0,1915.0,0.0,1675.0,1675.0,0.0,True
851,FR,2026-05-01,55,15,33.3,41,28.859999999999992,0,0.0,0.0,0.0,0.0,0.0,0.0,False
851,GB,2026-05-01,175,73,372.96,149,337.44000000000005,2,260.0,260.0,0.0,260.0,260.0,0.0,False
851,GP,2026-05-01,1,0,0.0,1,0.0,0,0.0,0.0,0.0,0.0,0.0,0.0,False
851,GR,2026-05-01,1,1,2.2199999999999998,1,2.2199999999999998,0,0.0,0.0,0.0,0.0,0.0,0.0,False
851,GY,2026-05-01,1,0,0.0,1,0.0,0,0.0,0.0,0.0,0.0,0.0,0.0,False
851,HK,2026-05-01,27,4,4.4399999999999995,19,2.96,0,0.0,0.0,0.0,0.0,0.0,0.0,False
851,HR,2026-05-01,408,122,270.8399999999999,310,213.11999999999992,8,2855.0,2855.0,0.0,2600.0,2600.0,0.0,False
851,HU,2026-05-01,8,2,4.4399999999999995,8,4.4399999999999995,0,0.0,0.0,0.0,0.0,0.0,0.0,False
851,ID,2026-05-01,3,0,0.0,2,0.0,0,0.0,0.0,0.0,0.0,0.0,0.0,False
851,IE,2026-05-01,8,6,31.82,7,25.9,0,0.0,0.0,0.0,0.0,0.0,0.0,False
851,IN,2026-05-01,2,0,0.0,1,0.0,0,0.0,0.0,0.0,0.0,0.0,0.0,False
851,IS,2026-05-01,24,7,15.539999999999997,20,15.539999999999997,0,0.0,0.0,0.0,0.0,0.0,0.0,False
851,IT,2026-05-01,11,4,9.25,10,9.25,0,0.0,0.0,0.0,0.0,0.0,0.0,False
851,JP,2026-05-01,1,0,0.0,1,0.0,0,0.0,0.0,0.0,0.0,0.0,0.0,False
851,KE,2026-05-01,6,0,0.0,3,0.0,0,0.0,0.0,0.0,0.0,0.0,0.0,False
851,KW,2026-05-01,1,0,0.0,0,0.0,0,0.0,0.0,0.0,0.0,0.0,0.0,False
851,LI,2026-05-01,4,3,6.659999999999999,3,6.659999999999999,0,0.0,0.0,0.0,0.0,0.0,0.0,False
851,LT,2026-05-01,10,5,11.099999999999998,8,8.879999999999999,0,0.0,0.0,0.0,0.0,0.0,0.0,False
851,LU,2026-05-01,43,12,26.639999999999993,35,24.419999999999995,0,0.0,0.0,0.0,0.0,0.0,0.0,False
851,LV,2026-05-01,2,0,0.0,2,0.0,0,0.0,0.0,0.0,0.0,0.0,0.0,False
851,MQ,2026-05-01,1,1,2.59,1,2.59,0,0.0,0.0,0.0,0.0,0.0,0.0,False
851,MT,2026-05-01,140,23,51.05999999999999,111,44.39999999999999,1,65.0,65.0,0.0,65.0,65.0,0.0,False
851,MX,2026-05-01,19,5,3.4779999999999998,17,3.4779999999999998,0,0.0,0.0,0.0,0.0,0.0,0.0,False
851,MY,2026-05-01,2,0,0.0,2,0.0,0,0.0,0.0,0.0,0.0,0.0,0.0,False
851,MZ,2026-05-01,1,0,0.0,0,0.0,0,0.0,0.0,0.0,0.0,0.0,0.0,False
851,NE,2026-05-01,1,0,0.0,0,0.0,0,0.0,0.0,0.0,0.0,0.0,0.0,False
851,NL,2026-05-01,26,5,14.799999999999997,20,12.579999999999998,0,0.0,0.0,0.0,0.0,0.0,0.0,False
851,NO,2026-05-01,3,1,2.2199999999999998,3,2.2199999999999998,0,0.0,0.0,0.0,0.0,0.0,0.0,False
851,NZ,2026-05-01,246,51,247.15999999999997,187,168.72,4,550.0,550.0,0.0,275.0,275.0,0.0,False
851,PE,2026-05-01,4,0,0.0,3,0.0,0,0.0,0.0,0.0,0.0,0.0,0.0,False
851,PH,2026-05-01,3,1,2.2199999999999998,2,2.2199999999999998,0,0.0,0.0,0.0,0.0,0.0,0.0,False
851,PL,2026-05-01,128,58,130.23999999999995,80,76.95999999999998,0,0.0,0.0,0.0,0.0,0.0,0.0,False
851,PT,2026-05-01,1,0,0.0,1,0.0,0,0.0,0.0,0.0,0.0,0.0,0.0,False
851,RO,2026-05-01,5,1,2.2199999999999998,2,0.0,0,0.0,0.0,0.0,0.0,0.0,0.0,False
851,SA,2026-05-01,3,1,0.518,3,0.518,0,0.0,0.0,0.0,0.0,0.0,0.0,False
851,SE,2026-05-01,1,0,0.0,1,0.0,0,0.0,0.0,0.0,0.0,0.0,0.0,False
851,SG,2026-05-01,1450,264,584.5999999999998,1084,440.29999999999984,14,1925.0,1925.0,0.0,1480.0,1480.0,0.0,True
851,SK,2026-05-01,9,1,2.2199999999999998,3,2.2199999999999998,0,0.0,0.0,0.0,0.0,0.0,0.0,False
851,SV,2026-05-01,1,0,0.0,0,0.0,0,0.0,0.0,0.0,0.0,0.0,0.0,False
851,TW,2026-05-01,1,0,0.0,0,0.0,0,0.0,0.0,0.0,0.0,0.0,0.0,False
851,TZ,2026-05-01,1,0,0.0,1,0.0,0,0.0,0.0,0.0,0.0,0.0,0.0,False
851,UG,2026-05-01,3,1,2.2199999999999998,2,2.2199999999999998,0,0.0,0.0,0.0,0.0,0.0,0.0,False
851,UNKNOWN,2026-05-01,4,0,0.0,3,0.0,0,0.0,0.0,0.0,0.0,0.0,0.0,False
851,US,2026-05-01,947,249,1424.4999999999993,729,1276.4999999999998,14,2230.0,2165.0,65.0,2180.0,2115.0,65.0,True
851,VN,2026-05-01,1,0,0.0,1,0.0,0,0.0,0.0,0.0,0.0,0.0,0.0,False
851,ZA,2026-05-01,77,39,230.88,56,153.92,0,0.0,0.0,0.0,0.0,0.0,0.0,False
889,AD,2026-05-01,1,1,231.62,1,231.62,1,65.0,65.0,0.0,65.0,65.0,0.0,False
889,AO,2026-05-01,1,0,0.0,1,0.0,1,65.0,65.0,0.0,65.0,65.0,0.0,False
889,AS,2026-05-01,1,0,0.0,1,0.0,0,0.0,0.0,0.0,0.0,0.0,0.0,False
889,AX,2026-05-01,1,0,0.0,0,0.0,0,0.0,0.0,0.0,0.0,0.0,0.0,False
889,BE,2026-05-01,1,0,0.0,1,0.0,0,0.0,0.0,0.0,0.0,0.0,0.0,False
889,BR,2026-05-01,1283,13,1203.2399999999998,716,794.7600000000001,22,2405.0,2405.0,0.0,1805.0,1805.0,0.0,True
889,CA,2026-05-01,2,0,0.0,2,0.0,0,0.0,0.0,0.0,0.0,0.0,0.0,False
889,CH,2026-05-01,1,0,0.0,1,0.0,0,0.0,0.0,0.0,0.0,0.0,0.0,False
889,DE,2026-05-01,1895,50,14568.380000000001,1287,9338.060000000001,60,107500.0,107250.0,250.0,97000.0,96750.0,250.0,True
889,DK,2026-05-01,1,0,0.0,1,0.0,0,0.0,0.0,0.0,0.0,0.0,0.0,False
889,ES,2026-05-01,1493,26,8062.3,1091,6055.419999999999,36,11850.0,11725.0,125.0,9555.0,9555.0,0.0,True
889,FR,2026-05-01,2507,48,15740.539999999997,1833,12756.859999999997,61,43250.0,43250.0,0.0,41130.0,41130.0,0.0,True
889,IE,2026-05-01,2,0,0.0,2,0.0,0,0.0,0.0,0.0,0.0,0.0,0.0,False
889,IT,2026-05-01,4047,73,25837.839999999997,3317,20048.08,97,30400.0,30335.0,65.0,24165.0,24100.0,65.0,True
889,LT,2026-05-01,1,0,0.0,1,0.0,0,0.0,0.0,0.0,0.0,0.0,0.0,False
889,NL,2026-05-01,4,0,0.0,4,0.0,0,0.0,0.0,0.0,0.0,0.0,0.0,False
889,RE,2026-05-01,1,0,0.0,0,0.0,0,0.0,0.0,0.0,0.0,0.0,0.0,False
889,US,2026-05-01,1,0,0.0,0,0.0,0,0.0,0.0,0.0,0.0,0.0,0.0,False
897,AE,2026-05-01,1,1,11.1,1,11.1,0,0.0,0.0,0.0,0.0,0.0,0.0,False
897,AI,2026-05-01,1,1,12.58,1,12.58,0,0.0,0.0,0.0,0.0,0.0,0.0,False
897,AL,2026-05-01,3,3,38.85,2,26.64,1,150.0,150.0,0.0,0.0,0.0,0.0,False
897,AT,2026-05-01,26,18,226.06999999999996,20,173.53,1,950.0,950.0,0.0,0.0,0.0,0.0,False
897,AU,2026-05-01,771,491,6198.462000000002,533,4541.972000000001,38,77110.0,77110.0,0.0,35655.0,35655.0,0.0,True
897,BE,2026-05-01,81,42,472.12,47,226.06999999999996,4,1465.0,1465.0,0.0,640.0,640.0,0.0,False
897,BG,2026-05-01,29,17,188.99599999999998,11,59.496,1,65.0,65.0,0.0,0.0,0.0,0.0,False
897,BO,2026-05-01,1,1,11.1,1,11.1,0,0.0,0.0,0.0,0.0,0.0,0.0,False
897,BR,2026-05-01,33,13,184.40800000000002,30,140.6,1,335.0,335.0,0.0,0.0,0.0,0.0,False
897,CA,2026-05-01,745,423,5125.610000000001,515,3619.895000000001,22,20480.0,20395.0,85.0,18110.0,18025.0,85.0,True
897,CH,2026-05-01,17,10,111.36999999999998,11,64.38,1,195.0,195.0,0.0,195.0,195.0,0.0,False
897,CM,2026-05-01,1,1,10.73,0,0.0,0,0.0,0.0,0.0,0.0,0.0,0.0,False
897,CO,2026-05-01,2,1,11.1,1,11.1,0,0.0,0.0,0.0,0.0,0.0,0.0,False
897,CR,2026-05-01,1,1,15.54,1,15.54,1,950.0,950.0,0.0,950.0,950.0,0.0,False
897,CV,2026-05-01,1,1,11.1,1,11.1,0,0.0,0.0,0.0,0.0,0.0,0.0,False
897,CZ,2026-05-01,27,24,260.221,10,104.59899999999999,1,110.0,110.0,0.0,110.0,110.0,0.0,False
897,DE,2026-05-01,203,129,1451.8799999999999,111,813.2969999999998,6,735.0,735.0,0.0,585.0,585.0,0.0,False
897,DK,2026-05-01,41,28,326.41399999999993,21,119.13999999999999,1,1635.0,1635.0,0.0,0.0,0.0,0.0,False
897,DO,2026-05-01,1,1,9.324,0,0.0,0,0.0,0.0,0.0,0.0,0.0,0.0,False
897,DZ,2026-05-01,2,2,31.08,2,31.08,0,0.0,0.0,0.0,0.0,0.0,0.0,False
897,EE,2026-05-01,5,5,54.019999999999996,1,8.879999999999999,0,0.0,0.0,0.0,0.0,0.0,0.0,False
897,ES,2026-05-01,3,1,9.324,3,9.324,0,0.0,0.0,0.0,0.0,0.0,0.0,False
897,FI,2026-05-01,15,10,109.96399999999998,8,72.594,1,150.0,150.0,0.0,0.0,0.0,0.0,False
897,FO,2026-05-01,2,1,11.1,0,0.0,0,0.0,0.0,0.0,0.0,0.0,0.0,False
897,FR,2026-05-01,242,146,1696.08,96,549.6719999999999,16,13740.0,13740.0,0.0,1725.0,1725.0,0.0,False
897,GB,2026-05-01,1532,972,11898.430399999996,1048,8475.338400000002,46,36960.0,36960.0,0.0,23240.0,23240.0,0.0,True
897,GG,2026-05-01,4,1,9.324,1,0.0,0,0.0,0.0,0.0,0.0,0.0,0.0,False
897,GI,2026-05-01,4,2,18.648,1,0.0,0,0.0,0.0,0.0,0.0,0.0,0.0,False
897,GP,2026-05-01,1,1,9.324,1,9.324,0,0.0,0.0,0.0,0.0,0.0,0.0,False
897,GR,2026-05-01,81,51,556.5909999999999,38,227.73499999999996,6,5775.0,5745.0,30.0,3365.0,3365.0,0.0,False
897,GT,2026-05-01,1,0,0.0,1,0.0,0,0.0,0.0,0.0,0.0,0.0,0.0,False
897,HR,2026-05-01,21,8,86.654,8,30.34,1,150.0,150.0,0.0,150.0,150.0,0.0,False
897,HU,2026-05-01,49,36,400.377,25,165.723,2,980.0,980.0,0.0,0.0,0.0,0.0,False
897,ID,2026-05-01,1,1,12.58,1,12.58,0,0.0,0.0,0.0,0.0,0.0,0.0,False
897,IE,2026-05-01,74,41,425.056,49,280.53399999999993,2,130.0,130.0,0.0,65.0,65.0,0.0,False
897,IM,2026-05-01,6,5,63.64,3,37.74,0,0.0,0.0,0.0,0.0,0.0,0.0,False
897,IS,2026-05-01,4,4,43.364,3,29.304000000000002,0,0.0,0.0,0.0,0.0,0.0,0.0,False
897,IT,2026-05-01,231,153,1709.6959999999997,96,676.5079999999999,6,6815.0,6770.0,45.0,6435.0,6390.0,45.0,False
897,JE,2026-05-01,4,3,35.150000000000006,2,11.1,0,0.0,0.0,0.0,0.0,0.0,0.0,False
897,JM,2026-05-01,1,1,8.879999999999999,1,8.879999999999999,0,0.0,0.0,0.0,0.0,0.0,0.0,False
897,JP,2026-05-01,2,1,15.54,1,15.54,0,0.0,0.0,0.0,0.0,0.0,0.0,False
897,KE,2026-05-01,1,0,0.0,0,0.0,0,0.0,0.0,0.0,0.0,0.0,0.0,False
897,KH,2026-05-01,1,0,0.0,1,0.0,0,0.0,0.0,0.0,0.0,0.0,0.0,False
897,KR,2026-05-01,4,3,40.7,3,40.7,1,165.0,165.0,0.0,165.0,165.0,0.0,False
897,LT,2026-05-01,8,7,67.673,6,48.063,0,0.0,0.0,0.0,0.0,0.0,0.0,False
897,LU,2026-05-01,5,4,43.66,4,28.859999999999996,0,0.0,0.0,0.0,0.0,0.0,0.0,False
897,LV,2026-05-01,7,5,49.94999999999999,5,26.639999999999997,0,0.0,0.0,0.0,0.0,0.0,0.0,False
897,MD,2026-05-01,2,0,0.0,2,0.0,0,0.0,0.0,0.0,0.0,0.0,0.0,False
897,ME,2026-05-01,1,1,11.1,1,11.1,0,0.0,0.0,0.0,0.0,0.0,0.0,False
897,MO,2026-05-01,1,0,0.0,1,0.0,0,0.0,0.0,0.0,0.0,0.0,0.0,False
897,MT,2026-05-01,30,18,182.447,13,83.95299999999999,0,0.0,0.0,0.0,0.0,0.0,0.0,False
897,MU,2026-05-01,1,0,0.0,0,0.0,0,0.0,0.0,0.0,0.0,0.0,0.0,False
897,MX,2026-05-01,15,12,162.79999999999998,13,139.11999999999998,0,0.0,0.0,0.0,0.0,0.0,0.0,False
897,NL,2026-05-01,78,46,517.2599999999999,42,248.49199999999996,8,24015.0,24015.0,0.0,18340.0,18340.0,0.0,False
897,NO,2026-05-01,22,16,186.998,12,110.77799999999999,2,3615.0,3615.0,0.0,165.0,165.0,0.0,False
897,NP,2026-05-01,1,1,13.32,1,13.32,0,0.0,0.0,0.0,0.0,0.0,0.0,False
897,NZ,2026-05-01,142,80,877.1589999999999,72,399.267,6,1310.0,1310.0,0.0,635.0,635.0,0.0,False
897,PA,2026-05-01,1,1,15.54,1,15.54,0,0.0,0.0,0.0,0.0,0.0,0.0,False
897,PE,2026-05-01,1,1,12.58,1,12.58,0,0.0,0.0,0.0,0.0,0.0,0.0,False
897,PH,2026-05-01,41,33,397.195,31,295.44500000000005,2,130.0,130.0,0.0,130.0,130.0,0.0,False
897,PL,2026-05-01,56,32,362.4889999999999,24,135.79,1,380.0,380.0,0.0,380.0,380.0,0.0,False
897,PR,2026-05-01,8,6,65.416,6,49.135999999999996,1,150.0,150.0,0.0,150.0,150.0,0.0,False
897,PT,2026-05-01,163,105,1160.135,73,537.61,8,2050.0,2050.0,0.0,995.0,995.0,0.0,False
897,RO,2026-05-01,9,7,56.98,9,56.98,1,650.0,650.0,0.0,650.0,650.0,0.0,False
897,SA,2026-05-01,1,0,0.0,0,0.0,0,0.0,0.0,0.0,0.0,0.0,0.0,False
897,SE,2026-05-01,68,44,492.322,43,311.022,2,450.0,450.0,0.0,250.0,250.0,0.0,False
897,SI,2026-05-01,19,10,120.76800000000001,6,31.154000000000003,1,150.0,150.0,0.0,150.0,150.0,0.0,False
897,SK,2026-05-01,12,10,108.114,4,37.444,0,0.0,0.0,0.0,0.0,0.0,0.0,False
897,SM,2026-05-01,1,0,0.0,0,0.0,0,0.0,0.0,0.0,0.0,0.0,0.0,False
897,SV,2026-05-01,2,2,21.904,1,12.58,0,0.0,0.0,0.0,0.0,0.0,0.0,False
897,TH,2026-05-01,3,1,12.58,3,12.58,0,0.0,0.0,0.0,0.0,0.0,0.0,False
897,TK,2026-05-01,1,1,13.32,0,0.0,0,0.0,0.0,0.0,0.0,0.0,0.0,False
897,TR,2026-05-01,7,1,12.95,6,0.0,0,0.0,0.0,0.0,0.0,0.0,0.0,False
897,TT,2026-05-01,2,1,9.324,1,0.0,0,0.0,0.0,0.0,0.0,0.0,0.0,False
897,TZ,2026-05-01,1,1,10.36,1,10.36,0,0.0,0.0,0.0,0.0,0.0,0.0,False
897,US,2026-05-01,8848,5717,72882.22999999991,6115,53046.38199999989,339,287025.0,285815.0,1210.0,197060.0,195960.0,1100.0,True
897,VI,2026-05-01,2,2,24.42,2,24.42,0,0.0,0.0,0.0,0.0,0.0,0.0,False
897,VN,2026-05-01,1,1,15.54,0,0.0,0,0.0,0.0,0.0,0.0,0.0,0.0,False
897,WF,2026-05-01,1,0,0.0,0,0.0,0,0.0,0.0,0.0,0.0,0.0,0.0,False
911,AE,2026-05-01,1,0,0.0,1,0.0,0,0.0,0.0,0.0,0.0,0.0,0.0,False
911,AI,2026-05-01,1,0,0.0,1,0.0,0,0.0,0.0,0.0,0.0,0.0,0.0,False
911,AR,2026-05-01,413,81,59.940000000000005,412,59.940000000000005,0,0.0,0.0,0.0,0.0,0.0,0.0,False
911,AS,2026-05-01,2,0,0.0,2,0.0,0,0.0,0.0,0.0,0.0,0.0,0.0,False
911,AU,2026-05-01,14,3,15.022,13,15.022,0,0.0,0.0,0.0,0.0,0.0,0.0,False
911,BO,2026-05-01,1,0,0.0,1,0.0,0,0.0,0.0,0.0,0.0,0.0,0.0,False
911,BR,2026-05-01,54290,9431,9492.349999999982,54261,9488.72399999998,91,15060.0,15060.0,0.0,15060.0,15060.0,0.0,True
911,CA,2026-05-01,15,1,5.92,8,5.92,0,0.0,0.0,0.0,0.0,0.0,0.0,False
911,CL,2026-05-01,4,1,1.1099999999999999,4,1.1099999999999999,0,0.0,0.0,0.0,0.0,0.0,0.0,False
911,CO,2026-05-01,2181,308,227.91999999999982,2180,227.91999999999982,0,0.0,0.0,0.0,0.0,0.0,0.0,True
911,CV,2026-05-01,12,2,1.9979999999999998,12,1.9979999999999998,0,0.0,0.0,0.0,0.0,0.0,0.0,False
911,DE,2026-05-01,68,26,115.43999999999997,50,79.91999999999999,0,0.0,0.0,0.0,0.0,0.0,0.0,False
911,EC,2026-05-01,8,1,1.1099999999999999,8,1.1099999999999999,0,0.0,0.0,0.0,0.0,0.0,0.0,False
911,ES,2026-05-01,14,1,0.74,14,0.74,0,0.0,0.0,0.0,0.0,0.0,0.0,False
911,FR,2026-05-01,54,16,88.79999999999998,37,66.6,0,0.0,0.0,0.0,0.0,0.0,0.0,False
911,GB,2026-05-01,6,3,26.27,4,20.72,0,0.0,0.0,0.0,0.0,0.0,0.0,False
911,GF,2026-05-01,1,0,0.0,1,0.0,0,0.0,0.0,0.0,0.0,0.0,0.0,False
911,GM,2026-05-01,2,0,0.0,2,0.0,0,0.0,0.0,0.0,0.0,0.0,0.0,False
911,GT,2026-05-01,1,0,0.0,1,0.0,0,0.0,0.0,0.0,0.0,0.0,0.0,False
911,HK,2026-05-01,1,0,0.0,1,0.0,0,0.0,0.0,0.0,0.0,0.0,0.0,False
911,IE,2026-05-01,6,2,10.36,6,10.36,0,0.0,0.0,0.0,0.0,0.0,0.0,False
911,JM,2026-05-01,2,1,4.4399999999999995,2,4.4399999999999995,0,0.0,0.0,0.0,0.0,0.0,0.0,False
911,KR,2026-05-01,1,0,0.0,1,0.0,0,0.0,0.0,0.0,0.0,0.0,0.0,False
911,MW,2026-05-01,1,0,0.0,1,0.0,0,0.0,0.0,0.0,0.0,0.0,0.0,False
911,MX,2026-05-01,4581,708,730.7499999999993,4529,710.0299999999995,2,260.0,260.0,0.0,260.0,260.0,0.0,True
911,NL,2026-05-01,8,1,0.888,7,0.888,0,0.0,0.0,0.0,0.0,0.0,0.0,False
911,NZ,2026-05-01,15,6,28.119999999999997,12,19.24,0,0.0,0.0,0.0,0.0,0.0,0.0,False
911,PE,2026-05-01,6,0,0.0,6,0.0,0,0.0,0.0,0.0,0.0,0.0,0.0,False
911,PK,2026-05-01,1,1,4.4399999999999995,1,4.4399999999999995,0,0.0,0.0,0.0,0.0,0.0,0.0,False
911,PL,2026-05-01,3,0,0.0,3,0.0,0,0.0,0.0,0.0,0.0,0.0,0.0,False
911,PR,2026-05-01,1,0,0.0,1,0.0,0,0.0,0.0,0.0,0.0,0.0,0.0,False
911,PY,2026-05-01,4,0,0.0,4,0.0,0,0.0,0.0,0.0,0.0,0.0,0.0,False
911,SB,2026-05-01,1,0,0.0,1,0.0,0,0.0,0.0,0.0,0.0,0.0,0.0,False
911,TV,2026-05-01,1,0,0.0,1,0.0,0,0.0,0.0,0.0,0.0,0.0,0.0,False
911,UNKNOWN,2026-05-01,10,1,1.1099999999999999,10,1.1099999999999999,0,0.0,0.0,0.0,0.0,0.0,0.0,False
911,US,2026-05-01,974,286,1563.6199999999997,873,1395.6399999999994,4,690.0,690.0,0.0,690.0,690.0,0.0,True
911,ZM,2026-05-01,1,0,0.0,1,0.0,0,0.0,0.0,0.0,0.0,0.0,0.0,False
organic,AD,2026-05-01,36,0,0.0,24,0.0,1,65.0,65.0,0.0,65.0,65.0,0.0,False
organic,AE,2026-05-01,796,0,0.0,594,0.0,13,10710.0,10710.0,0.0,7545.0,7545.0,0.0,True
organic,AF,2026-05-01,1,0,0.0,1,0.0,0,0.0,0.0,0.0,0.0,0.0,0.0,False
organic,AG,2026-05-01,40,0,0.0,34,0.0,0,0.0,0.0,0.0,0.0,0.0,0.0,False
organic,AI,2026-05-01,32,0,0.0,26,0.0,2,130.0,130.0,0.0,65.0,65.0,0.0,False
organic,AL,2026-05-01,240,0,0.0,167,0.0,9,29390.0,29120.0,270.0,29005.0,28735.0,270.0,False
organic,AM,2026-05-01,96,0,0.0,65,0.0,1,65.0,65.0,0.0,65.0,65.0,0.0,False
organic,AO,2026-05-01,169,0,0.0,132,0.0,2,405.0,405.0,0.0,405.0,405.0,0.0,False
organic,AQ,2026-05-01,8,0,0.0,7,0.0,1,11130.0,9130.0,2000.0,11130.0,9130.0,2000.0,False
organic,AR,2026-05-01,1159,0,0.0,823,0.0,28,8650.0,8585.0,65.0,7935.0,7870.0,65.0,True
organic,AS,2026-05-01,31,0,0.0,25,0.0,3,545.0,545.0,0.0,150.0,150.0,0.0,False
organic,AT,2026-05-01,457,0,0.0,344,0.0,8,1325.0,1260.0,65.0,765.0,700.0,65.0,False
organic,AU,2026-05-01,5410,0,0.0,4168,0.0,194,276870.0,274325.0,2545.0,231995.0,229450.0,2545.0,True
organic,AW,2026-05-01,29,0,0.0,16,0.0,4,1675.0,1675.0,0.0,175.0,175.0,0.0,False
organic,AX,2026-05-01,72,0,0.0,51,0.0,3,525.0,525.0,0.0,525.0,525.0,0.0,False
organic,AZ,2026-05-01,143,0,0.0,81,0.0,3,1865.0,1865.0,0.0,1865.0,1865.0,0.0,False
organic,BA,2026-05-01,12,0,0.0,1,0.0,0,0.0,0.0,0.0,0.0,0.0,0.0,False
organic,BB,2026-05-01,63,0,0.0,39,0.0,2,815.0,815.0,0.0,750.0,750.0,0.0,False
organic,BD,2026-05-01,572,0,0.0,375,0.0,1,110.0,110.0,0.0,110.0,110.0,0.0,True
organic,BE,2026-05-01,692,0,0.0,546,0.0,26,61150.0,61150.0,0.0,59710.0,59710.0,0.0,True
organic,BF,2026-05-01,38,0,0.0,35,0.0,0,0.0,0.0,0.0,0.0,0.0,0.0,False
organic,BG,2026-05-01,235,0,0.0,179,0.0,5,3895.0,3760.0,135.0,3635.0,3500.0,135.0,False
organic,BH,2026-05-01,63,0,0.0,45,0.0,1,3750.0,3750.0,0.0,3750.0,3750.0,0.0,False
organic,BJ,2026-05-01,310,0,0.0,245,0.0,5,750.0,750.0,0.0,750.0,750.0,0.0,False
organic,BL,2026-05-01,1,0,0.0,1,0.0,0,0.0,0.0,0.0,0.0,0.0,0.0,False
organic,BM,2026-05-01,17,0,0.0,13,0.0,1,3700.0,3700.0,0.0,0.0,0.0,0.0,False
organic,BN,2026-05-01,32,0,0.0,24,0.0,0,0.0,0.0,0.0,0.0,0.0,0.0,False
organic,BO,2026-05-01,261,0,0.0,154,0.0,4,1650.0,1650.0,0.0,1650.0,1650.0,0.0,False
organic,BQ,2026-05-01,69,0,0.0,54,0.0,0,0.0,0.0,0.0,0.0,0.0,0.0,False
organic,BR,2026-05-01,13559,0,0.0,10366,0.0,281,228530.0,227915.0,615.0,129570.0,129395.0,175.0,True
organic,BS,2026-05-01,58,0,0.0,39,0.0,1,165.0,165.0,0.0,0.0,0.0,0.0,False
organic,BT,2026-05-01,5,0,0.0,5,0.0,0,0.0,0.0,0.0,0.0,0.0,0.0,False
organic,BW,2026-05-01,461,0,0.0,368,0.0,15,3040.0,3040.0,0.0,2910.0,2910.0,0.0,False
organic,BZ,2026-05-01,87,0,0.0,70,0.0,0,0.0,0.0,0.0,0.0,0.0,0.0,False
organic,CA,2026-05-01,6783,0,0.0,5449,0.0,224,343965.0,342515.0,1450.0,276645.0,275195.0,1450.0,True
organic,CH,2026-05-01,488,0,0.0,396,0.0,19,51395.0,51395.0,0.0,50355.0,50355.0,0.0,False
organic,CI,2026-05-01,126,0,0.0,84,0.0,4,260.0,260.0,0.0,195.0,195.0,0.0,False
organic,CK,2026-05-01,13,0,0.0,7,0.0,0,0.0,0.0,0.0,0.0,0.0,0.0,False
organic,CL,2026-05-01,1099,0,0.0,800,0.0,41,26390.0,26270.0,120.0,19510.0,19410.0,100.0,True
organic,CM,2026-05-01,121,0,0.0,86,0.0,3,215.0,215.0,0.0,85.0,85.0,0.0,False
organic,CN,2026-05-01,1067,0,0.0,1039,0.0,1,165.0,165.0,0.0,165.0,165.0,0.0,True
organic,CO,2026-05-01,1329,0,0.0,948,0.0,30,34210.0,34165.0,45.0,21275.0,21275.0,0.0,True
organic,CR,2026-05-01,495,0,0.0,383,0.0,14,6845.0,6800.0,45.0,6845.0,6800.0,45.0,False
organic,CV,2026-05-01,67,0,0.0,55,0.0,0,0.0,0.0,0.0,0.0,0.0,0.0,False
organic,CW,2026-05-01,34,0,0.0,24,0.0,2,1340.0,1340.0,0.0,1175.0,1175.0,0.0,False
organic,CY,2026-05-01,257,0,0.0,187,0.0,5,1205.0,1205.0,0.0,1105.0,1105.0,0.0,False
organic,CZ,2026-05-01,239,0,0.0,167,0.0,4,2950.0,2950.0,0.0,2735.0,2735.0,0.0,False
organic,DE,2026-05-01,2847,0,0.0,2074,0.0,44,20950.0,20635.0,315.0,20140.0,19825.0,315.0,True
organic,DJ,2026-05-01,58,0,0.0,49,0.0,0,0.0,0.0,0.0,0.0,0.0,0.0,False
organic,DK,2026-05-01,390,0,0.0,285,0.0,6,18870.0,18870.0,0.0,755.0,755.0,0.0,False
organic,DM,2026-05-01,39,0,0.0,12,0.0,0,0.0,0.0,0.0,0.0,0.0,0.0,False
organic,DO,2026-05-01,408,0,0.0,315,0.0,14,2135.0,2135.0,0.0,1890.0,1890.0,0.0,False
organic,DZ,2026-05-01,576,0,0.0,451,0.0,3,295.0,295.0,0.0,230.0,230.0,0.0,True
organic,EC,2026-05-01,476,0,0.0,341,0.0,8,11400.0,11355.0,45.0,11400.0,11355.0,45.0,False
organic,EE,2026-05-01,78,0,0.0,63,0.0,4,645.0,645.0,0.0,280.0,280.0,0.0,False
organic,EG,2026-05-01,28,0,0.0,20,0.0,0,0.0,0.0,0.0,0.0,0.0,0.0,False
organic,ES,2026-05-01,2429,0,0.0,1954,0.0,59,28940.0,28895.0,45.0,27400.0,27355.0,45.0,True
organic,ET,2026-05-01,5,0,0.0,5,0.0,0,0.0,0.0,0.0,0.0,0.0,0.0,False
organic,FI,2026-05-01,510,0,0.0,387,0.0,11,17360.0,17360.0,0.0,1980.0,1980.0,0.0,True
organic,FJ,2026-05-01,212,0,0.0,171,0.0,2,315.0,315.0,0.0,250.0,250.0,0.0,False
organic,FK,2026-05-01,1,0,0.0,1,0.0,0,0.0,0.0,0.0,0.0,0.0,0.0,False
organic,FM,2026-05-01,15,0,0.0,10,0.0,0,0.0,0.0,0.0,0.0,0.0,0.0,False
organic,FO,2026-05-01,5,0,0.0,4,0.0,0,0.0,0.0,0.0,0.0,0.0,0.0,False
organic,FR,2026-05-01,3996,0,0.0,3027,0.0,80,40050.0,40010.0,40.0,36080.0,36040.0,40.0,True
organic,GA,2026-05-01,25,0,0.0,20,0.0,0,0.0,0.0,0.0,0.0,0.0,0.0,False
organic,GB,2026-05-01,12768,0,0.0,9790,0.0,357,227870.0,226955.0,915.0,172855.0,172050.0,805.0,True
organic,GD,2026-05-01,17,0,0.0,10,0.0,0,0.0,0.0,0.0,0.0,0.0,0.0,False
organic,GE,2026-05-01,77,0,0.0,60,0.0,2,175.0,175.0,0.0,65.0,65.0,0.0,False
organic,GF,2026-05-01,13,0,0.0,5,0.0,0,0.0,0.0,0.0,0.0,0.0,0.0,False
organic,GG,2026-05-01,8,0,0.0,8,0.0,1,285.0,285.0,0.0,285.0,285.0,0.0,False
organic,GH,2026-05-01,4,0,0.0,1,0.0,0,0.0,0.0,0.0,0.0,0.0,0.0,False
organic,GI,2026-05-01,7,0,0.0,4,0.0,0,0.0,0.0,0.0,0.0,0.0,0.0,False
organic,GL,2026-05-01,13,0,0.0,8,0.0,0,0.0,0.0,0.0,0.0,0.0,0.0,False
organic,GM,2026-05-01,80,0,0.0,48,0.0,1,65.0,65.0,0.0,65.0,65.0,0.0,False
organic,GN,2026-05-01,14,0,0.0,11,0.0,0,0.0,0.0,0.0,0.0,0.0,0.0,False
organic,GP,2026-05-01,56,0,0.0,27,0.0,3,755.0,755.0,0.0,600.0,600.0,0.0,False
organic,GQ,2026-05-01,22,0,0.0,17,0.0,1,65.0,65.0,0.0,65.0,65.0,0.0,False
organic,GR,2026-05-01,413,0,0.0,303,0.0,14,3080.0,2930.0,150.0,2930.0,2780.0,150.0,False
organic,GT,2026-05-01,52,0,0.0,36,0.0,2,315.0,315.0,0.0,315.0,315.0,0.0,False
organic,GU,2026-05-01,45,0,0.0,39,0.0,0,0.0,0.0,0.0,0.0,0.0,0.0,False
organic,GY,2026-05-01,279,0,0.0,191,0.0,1,65.0,65.0,0.0,0.0,0.0,0.0,False
organic,HK,2026-05-01,321,0,0.0,244,0.0,4,1465.0,1465.0,0.0,1465.0,1465.0,0.0,False
organic,HN,2026-05-01,212,0,0.0,157,0.0,0,0.0,0.0,0.0,0.0,0.0,0.0,False
organic,HR,2026-05-01,177,0,0.0,137,0.0,9,940.0,940.0,0.0,940.0,940.0,0.0,False
organic,HT,2026-05-01,40,0,0.0,35,0.0,0,0.0,0.0,0.0,0.0,0.0,0.0,False
organic,HU,2026-05-01,262,0,0.0,200,0.0,6,11735.0,11735.0,0.0,1365.0,1365.0,0.0,False
organic,ID,2026-05-01,113,0,0.0,85,0.0,3,1555.0,1555.0,0.0,1555.0,1555.0,0.0,False
organic,IE,2026-05-01,960,0,0.0,771,0.0,31,8455.0,8455.0,0.0,7975.0,7975.0,0.0,True
organic,IL,2026-05-01,579,0,0.0,478,0.0,10,50560.0,50560.0,0.0,50095.0,50095.0,0.0,True
organic,IM,2026-05-01,18,0,0.0,15,0.0,1,65.0,65.0,0.0,65.0,65.0,0.0,False
organic,IN,2026-05-01,2801,0,0.0,2225,0.0,14,4130.0,4130.0,0.0,3195.0,3195.0,0.0,True
organic,IO,2026-05-01,1,0,0.0,1,0.0,0,0.0,0.0,0.0,0.0,0.0,0.0,False
organic,IS,2026-05-01,55,0,0.0,46,0.0,2,965.0,965.0,0.0,900.0,900.0,0.0,False
organic,IT,2026-05-01,1652,0,0.0,1319,0.0,40,26125.0,26125.0,0.0,18255.0,18255.0,0.0,True
organic,JE,2026-05-01,21,0,0.0,17,0.0,0,0.0,0.0,0.0,0.0,0.0,0.0,False
organic,JM,2026-05-01,546,0,0.0,410,0.0,10,875.0,875.0,0.0,745.0,745.0,0.0,True
organic,JO,2026-05-01,24,0,0.0,22,0.0,0,0.0,0.0,0.0,0.0,0.0,0.0,False
organic,JP,2026-05-01,565,0,0.0,446,0.0,6,6525.0,6255.0,270.0,5605.0,5335.0,270.0,True
organic,KE,2026-05-01,3102,0,0.0,2401,0.0,48,7540.0,7540.0,0.0,6875.0,6875.0,0.0,True
organic,KG,2026-05-01,109,0,0.0,88,0.0,2,130.0,130.0,0.0,130.0,130.0,0.0,False
organic,KH,2026-05-01,31,0,0.0,25,0.0,1,65.0,65.0,0.0,0.0,0.0,0.0,False
organic,KI,2026-05-01,19,0,0.0,13,0.0,0,0.0,0.0,0.0,0.0,0.0,0.0,False
organic,KM,2026-05-01,16,0,0.0,12,0.0,0,0.0,0.0,0.0,0.0,0.0,0.0,False
organic,KN,2026-05-01,24,0,0.0,11,0.0,1,325.0,325.0,0.0,325.0,325.0,0.0,False
organic,KR,2026-05-01,389,0,0.0,303,0.0,6,2910.0,2910.0,0.0,2910.0,2910.0,0.0,False
organic,KW,2026-05-01,198,0,0.0,136,0.0,1,65.0,65.0,0.0,65.0,65.0,0.0,False
organic,KY,2026-05-01,14,0,0.0,6,0.0,1,165.0,165.0,0.0,165.0,165.0,0.0,False
organic,KZ,2026-05-01,9,0,0.0,8,0.0,0,0.0,0.0,0.0,0.0,0.0,0.0,False
organic,LA,2026-05-01,38,0,0.0,26,0.0,0,0.0,0.0,0.0,0.0,0.0,0.0,False
organic,LC,2026-05-01,21,0,0.0,15,0.0,0,0.0,0.0,0.0,0.0,0.0,0.0,False
organic,LI,2026-05-01,4,0,0.0,0,0.0,0,0.0,0.0,0.0,0.0,0.0,0.0,False
organic,LK,2026-05-01,146,0,0.0,109,0.0,0,0.0,0.0,0.0,0.0,0.0,0.0,False
organic,LS,2026-05-01,18,0,0.0,15,0.0,1,65.0,65.0,0.0,65.0,65.0,0.0,False
organic,LT,2026-05-01,171,0,0.0,139,0.0,3,195.0,195.0,0.0,195.0,195.0,0.0,False
organic,LU,2026-05-01,364,0,0.0,84,0.0,1,9260.0,8950.0,310.0,9260.0,8950.0,310.0,False
organic,LV,2026-05-01,476,0,0.0,411,0.0,3,330.0,330.0,0.0,0.0,0.0,0.0,False
organic,MA,2026-05-01,255,0,0.0,176,0.0,1,65.0,65.0,0.0,65.0,65.0,0.0,False
organic,MC,2026-05-01,6,0,0.0,3,0.0,0,0.0,0.0,0.0,0.0,0.0,0.0,False
organic,MD,2026-05-01,165,0,0.0,102,0.0,0,0.0,0.0,0.0,0.0,0.0,0.0,False
organic,ME,2026-05-01,33,0,0.0,27,0.0,0,0.0,0.0,0.0,0.0,0.0,0.0,False
organic,MF,2026-05-01,3,0,0.0,3,0.0,0,0.0,0.0,0.0,0.0,0.0,0.0,False
organic,MG,2026-05-01,2877,0,0.0,2472,0.0,30,4410.0,4410.0,0.0,4235.0,4235.0,0.0,True
organic,MH,2026-05-01,3,0,0.0,2,0.0,0,0.0,0.0,0.0,0.0,0.0,0.0,False
organic,MK,2026-05-01,61,0,0.0,47,0.0,2,18615.0,18515.0,100.0,0.0,0.0,0.0,False
organic,MN,2026-05-01,28,0,0.0,25,0.0,0,0.0,0.0,0.0,0.0,0.0,0.0,False
organic,MO,2026-05-01,7,0,0.0,6,0.0,1,65.0,65.0,0.0,65.0,65.0,0.0,False
organic,MP,2026-05-01,11,0,0.0,5,0.0,0,0.0,0.0,0.0,0.0,0.0,0.0,False
organic,MQ,2026-05-01,31,0,0.0,23,0.0,1,200.0,200.0,0.0,0.0,0.0,0.0,False
organic,MR,2026-05-01,114,0,0.0,52,0.0,0,0.0,0.0,0.0,0.0,0.0,0.0,False
organic,MT,2026-05-01,106,0,0.0,80,0.0,2,310.0,310.0,0.0,310.0,310.0,0.0,False
organic,MU,2026-05-01,320,0,0.0,253,0.0,4,735.0,735.0,0.0,735.0,735.0,0.0,False
organic,MV,2026-05-01,9,0,0.0,8,0.0,0,0.0,0.0,0.0,0.0,0.0,0.0,False
organic,MW,2026-05-01,27,0,0.0,18,0.0,1,85.0,85.0,0.0,0.0,0.0,0.0,False
organic,MX,2026-05-01,3749,0,0.0,2828,0.0,65,80490.0,80275.0,215.0,61710.0,61495.0,215.0,True
organic,MY,2026-05-01,1028,0,0.0,776,0.0,19,29245.0,29245.0,0.0,28630.0,28630.0,0.0,True
organic,MZ,2026-05-01,183,0,0.0,120,0.0,3,655.0,655.0,0.0,490.0,490.0,0.0,False
organic,NA,2026-05-01,481,0,0.0,352,0.0,14,1380.0,1380.0,0.0,1250.0,1250.0,0.0,False
organic,NC,2026-05-01,19,0,0.0,14,0.0,0,0.0,0.0,0.0,0.0,0.0,0.0,False
organic,NE,2026-05-01,49,0,0.0,46,0.0,0,0.0,0.0,0.0,0.0,0.0,0.0,False
organic,NG,2026-05-01,8,0,0.0,8,0.0,0,0.0,0.0,0.0,0.0,0.0,0.0,False
organic,NI,2026-05-01,2,0,0.0,2,0.0,0,0.0,0.0,0.0,0.0,0.0,0.0,False
organic,NL,2026-05-01,2726,0,0.0,1983,0.0,41,36480.0,36415.0,65.0,29750.0,29685.0,65.0,True
organic,NO,2026-05-01,569,0,0.0,413,0.0,9,6315.0,6315.0,0.0,6315.0,6315.0,0.0,True
organic,NP,2026-05-01,33,0,0.0,21,0.0,0,0.0,0.0,0.0,0.0,0.0,0.0,False
organic,NZ,2026-05-01,1377,0,0.0,1086,0.0,26,9295.0,9295.0,0.0,7975.0,7975.0,0.0,True
organic,OM,2026-05-01,128,0,0.0,113,0.0,0,0.0,0.0,0.0,0.0,0.0,0.0,False
organic,PA,2026-05-01,235,0,0.0,191,0.0,10,4075.0,4075.0,0.0,3845.0,3845.0,0.0,False
organic,PE,2026-05-01,710,0,0.0,540,0.0,14,3330.0,3330.0,0.0,2140.0,2140.0,0.0,True
organic,PF,2026-05-01,36,0,0.0,31,0.0,0,0.0,0.0,0.0,0.0,0.0,0.0,False
organic,PG,2026-05-01,578,0,0.0,416,0.0,6,1190.0,1170.0,20.0,1190.0,1170.0,20.0,True
organic,PH,2026-05-01,784,0,0.0,645,0.0,15,30330.0,29945.0,385.0,24965.0,24730.0,235.0,True
organic,PK,2026-05-01,273,0,0.0,209,0.0,3,280.0,280.0,0.0,280.0,280.0,0.0,False
organic,PL,2026-05-01,1195,0,0.0,852,0.0,13,5715.0,5715.0,0.0,4335.0,4335.0,0.0,True
organic,PM,2026-05-01,3,0,0.0,1,0.0,0,0.0,0.0,0.0,0.0,0.0,0.0,False
organic,PR,2026-05-01,255,0,0.0,190,0.0,14,9775.0,9775.0,0.0,5915.0,5915.0,0.0,False
organic,PS,2026-05-01,8,0,0.0,7,0.0,0,0.0,0.0,0.0,0.0,0.0,0.0,False
organic,PT,2026-05-01,1576,0,0.0,1224,0.0,20,27905.0,27905.0,0.0,6010.0,6010.0,0.0,True
organic,PW,2026-05-01,1,0,0.0,1,0.0,0,0.0,0.0,0.0,0.0,0.0,0.0,False
organic,PY,2026-05-01,155,0,0.0,124,0.0,3,4220.0,4220.0,0.0,4155.0,4155.0,0.0,False
organic,QA,2026-05-01,168,0,0.0,125,0.0,1,65.0,65.0,0.0,65.0,65.0,0.0,False
organic,RE,2026-05-01,73,0,0.0,55,0.0,2,3395.0,3395.0,0.0,3395.0,3395.0,0.0,False
organic,RO,2026-05-01,343,0,0.0,250,0.0,5,735.0,735.0,0.0,620.0,620.0,0.0,False
organic,RS,2026-05-01,819,0,0.0,697,0.0,13,3795.0,3695.0,100.0,3795.0,3695.0,100.0,True
organic,RU,2026-05-01,21,0,0.0,19,0.0,0,0.0,0.0,0.0,0.0,0.0,0.0,False
organic,RW,2026-05-01,28,0,0.0,20,0.0,0,0.0,0.0,0.0,0.0,0.0,0.0,False
organic,SA,2026-05-01,126,0,0.0,77,0.0,4,520.0,520.0,0.0,255.0,255.0,0.0,False
organic,SB,2026-05-01,14,0,0.0,11,0.0,0,0.0,0.0,0.0,0.0,0.0,0.0,False
organic,SC,2026-05-01,54,0,0.0,38,0.0,0,0.0,0.0,0.0,0.0,0.0,0.0,False
organic,SE,2026-05-01,828,0,0.0,587,0.0,23,16620.0,16420.0,200.0,14815.0,14615.0,200.0,True
organic,SG,2026-05-01,1137,0,0.0,872,0.0,13,2690.0,2690.0,0.0,2020.0,2020.0,0.0,True
organic,SI,2026-05-01,63,0,0.0,44,0.0,3,1850.0,1805.0,45.0,865.0,865.0,0.0,False
organic,SK,2026-05-01,185,0,0.0,149,0.0,1,165.0,165.0,0.0,0.0,0.0,0.0,False
organic,SL,2026-05-01,10,0,0.0,5,0.0,0,0.0,0.0,0.0,0.0,0.0,0.0,False
organic,SM,2026-05-01,1,0,0.0,1,0.0,0,0.0,0.0,0.0,0.0,0.0,0.0,False
organic,SN,2026-05-01,147,0,0.0,114,0.0,2,175.0,175.0,0.0,175.0,175.0,0.0,False
organic,SR,2026-05-01,76,0,0.0,59,0.0,0,0.0,0.0,0.0,0.0,0.0,0.0,False
organic,ST,2026-05-01,1,0,0.0,0,0.0,0,0.0,0.0,0.0,0.0,0.0,0.0,False
organic,SV,2026-05-01,232,0,0.0,176,0.0,1,65.0,65.0,0.0,0.0,0.0,0.0,False
organic,SX,2026-05-01,15,0,0.0,14,0.0,0,0.0,0.0,0.0,0.0,0.0,0.0,False
organic,SZ,2026-05-01,74,0,0.0,49,0.0,0,0.0,0.0,0.0,0.0,0.0,0.0,False
organic,TC,2026-05-01,11,0,0.0,11,0.0,0,0.0,0.0,0.0,0.0,0.0,0.0,False
organic,TD,2026-05-01,116,0,0.0,94,0.0,1,65.0,65.0,0.0,65.0,65.0,0.0,False
organic,TG,2026-05-01,46,0,0.0,40,0.0,1,65.0,65.0,0.0,0.0,0.0,0.0,False
organic,TH,2026-05-01,433,0,0.0,331,0.0,10,2425.0,2425.0,0.0,2275.0,2275.0,0.0,False
organic,TJ,2026-05-01,42,0,0.0,31,0.0,0,0.0,0.0,0.0,0.0,0.0,0.0,False
organic,TL,2026-05-01,20,0,0.0,12,0.0,1,165.0,65.0,100.0,165.0,65.0,100.0,False
organic,TM,2026-05-01,10,0,0.0,9,0.0,0,0.0,0.0,0.0,0.0,0.0,0.0,False
organic,TO,2026-05-01,10,0,0.0,7,0.0,0,0.0,0.0,0.0,0.0,0.0,0.0,False
organic,TR,2026-05-01,1826,0,0.0,1390,0.0,17,43215.0,42415.0,800.0,42485.0,41685.0,800.0,True
organic,TT,2026-05-01,250,0,0.0,192,0.0,1,250.0,250.0,0.0,250.0,250.0,0.0,False
organic,TV,2026-05-01,1,0,0.0,1,0.0,0,0.0,0.0,0.0,0.0,0.0,0.0,False
organic,TW,2026-05-01,280,0,0.0,241,0.0,5,27420.0,27420.0,0.0,27420.0,27420.0,0.0,False
organic,TZ,2026-05-01,165,0,0.0,128,0.0,3,240.0,240.0,0.0,240.0,240.0,0.0,False
organic,UA,2026-05-01,260,0,0.0,207,0.0,0,0.0,0.0,0.0,0.0,0.0,0.0,False
organic,UG,2026-05-01,539,0,0.0,421,0.0,2,390.0,390.0,0.0,390.0,390.0,0.0,True
organic,UNKNOWN,2026-05-01,83,0,0.0,54,0.0,0,0.0,0.0,0.0,0.0,0.0,0.0,False
organic,US,2026-05-01,72299,0,0.0,55278,0.0,2344,4826125.0,4808800.0,17325.0,3857925.0,3842735.0,15190.0,True
organic,UY,2026-05-01,254,0,0.0,199,0.0,11,7550.0,7550.0,0.0,7485.0,7485.0,0.0,False
organic,UZ,2026-05-01,221,0,0.0,155,0.0,3,510.0,510.0,0.0,510.0,510.0,0.0,False
organic,VA,2026-05-01,2,0,0.0,2,0.0,0,0.0,0.0,0.0,0.0,0.0,0.0,False
organic,VC,2026-05-01,19,0,0.0,14,0.0,0,0.0,0.0,0.0,0.0,0.0,0.0,False
organic,VE,2026-05-01,9,0,0.0,6,0.0,0,0.0,0.0,0.0,0.0,0.0,0.0,False
organic,VG,2026-05-01,12,0,0.0,8,0.0,0,0.0,0.0,0.0,0.0,0.0,0.0,False
organic,VI,2026-05-01,23,0,0.0,20,0.0,0,0.0,0.0,0.0,0.0,0.0,0.0,False
organic,VN,2026-05-01,1285,0,0.0,1008,0.0,4,460.0,460.0,0.0,460.0,460.0,0.0,True
organic,VU,2026-05-01,15,0,0.0,12,0.0,0,0.0,0.0,0.0,0.0,0.0,0.0,False
organic,WS,2026-05-01,5,0,0.0,5,0.0,0,0.0,0.0,0.0,0.0,0.0,0.0,False
organic,XK,2026-05-01,29,0,0.0,23,0.0,0,0.0,0.0,0.0,0.0,0.0,0.0,False
organic,YT,2026-05-01,9,0,0.0,8,0.0,0,0.0,0.0,0.0,0.0,0.0,0.0,False
organic,ZA,2026-05-01,3597,0,0.0,2765,0.0,76,21880.0,21835.0,45.0,18085.0,18040.0,45.0,True
organic,ZM,2026-05-01,72,0,0.0,40,0.0,1,605.0,605.0,0.0,0.0,0.0,0.0,False
organic,ZW,2026-05-01,6,0,0.0,6,0.0,0,0.0,0.0,0.0,0.0,0.0,0.0,False
ppc,AD,2026-05-01,67,66,381.09260000000006,47,319.5246,9,2230.0,2230.0,0.0,2100.0,2100.0,0.0,False
ppc,AE,2026-05-01,1652,1646,5377.187799999996,851,2842.7914,36,20735.0,20735.0,0.0,18355.0,18355.0,0.0,True
ppc,AF,2026-05-01,1,1,11.9806,1,11.9806,0,0.0,0.0,0.0,0.0,0.0,0.0,False
ppc,AG,2026-05-01,100,100,488.82180000000005,77,418.94359999999995,1,165.0,165.0,0.0,165.0,165.0,0.0,False
ppc,AI,2026-05-01,49,49,352.38059999999996,36,272.3866,3,765.0,765.0,0.0,700.0,700.0,0.0,False
ppc,AL,2026-05-01,482,476,3006.605200000001,333,2305.2406,12,4395.0,4395.0,0.0,2915.0,2915.0,0.0,False
ppc,AM,2026-05-01,674,672,3779.0023999999994,503,2939.8941999999993,7,2450.0,2450.0,0.0,1420.0,1420.0,0.0,True
ppc,AO,2026-05-01,945,939,2944.7337999999995,372,1877.0173999999997,8,3555.0,3555.0,0.0,3070.0,3070.0,0.0,True
ppc,AQ,2026-05-01,1,1,0.21459999999999999,0,0.0,0,0.0,0.0,0.0,0.0,0.0,0.0,False
ppc,AR,2026-05-01,8159,8136,17817.290800000028,6531,14070.522800000026,114,84070.0,83980.0,90.0,65170.0,65125.0,45.0,True
ppc,AS,2026-05-01,54,54,388.85519999999997,35,260.1248,5,1625.0,1625.0,0.0,1375.0,1375.0,0.0,False
ppc,AT,2026-05-01,1090,1083,11461.1496,856,8953.223,20,10390.0,10345.0,45.0,9410.0,9365.0,45.0,True
ppc,AU,2026-05-01,11010,10871,139305.42179999995,7682,100584.83299999996,520,610670.0,608660.0,2010.0,450210.0,448645.0,1565.0,True
ppc,AW,2026-05-01,149,149,1094.6893999999998,103,831.3900000000001,7,3385.0,3385.0,0.0,2475.0,2475.0,0.0,False
ppc,AX,2026-05-01,54,54,396.1516,45,356.4802,7,5645.0,5645.0,0.0,4595.0,4595.0,0.0,False
ppc,AZ,2026-05-01,840,839,2987.3355999999994,581,1984.6578000000002,4,1610.0,1565.0,45.0,1545.0,1500.0,45.0,True
ppc,BB,2026-05-01,197,195,1145.6680000000001,124,854.5668000000001,11,1190.0,1190.0,0.0,860.0,860.0,0.0,False
ppc,BD,2026-05-01,250,239,901.5568000000001,193,758.0930000000001,2,360.0,360.0,0.0,210.0,210.0,0.0,False
ppc,BE,2026-05-01,2536,2523,21190.42539999999,1977,16006.562599999996,83,98190.0,98100.0,90.0,74860.0,74860.0,0.0,True
ppc,BF,2026-05-01,584,582,2665.7241999999997,413,2099.5428,2,175.0,175.0,0.0,175.0,175.0,0.0,True
ppc,BG,2026-05-01,950,938,5508.6636,732,4474.817000000001,29,87765.0,86920.0,845.0,83405.0,82560.0,845.0,True
ppc,BH,2026-05-01,21,21,103.68140000000001,14,70.8994,0,0.0,0.0,0.0,0.0,0.0,0.0,False
ppc,BJ,2026-05-01,1019,1014,2534.7146,479,1789.3718,3,275.0,275.0,0.0,175.0,175.0,0.0,True
ppc,BL,2026-05-01,1,1,1.6576000000000002,1,1.6576000000000002,0,0.0,0.0,0.0,0.0,0.0,0.0,False
ppc,BM,2026-05-01,92,91,712.8346,71,598.8006000000001,7,8910.0,8755.0,155.0,1100.0,1100.0,0.0,False
ppc,BN,2026-05-01,126,126,913.012,71,546.8156,1,65.0,65.0,0.0,0.0,0.0,0.0,False
ppc,BO,2026-05-01,1553,1551,4962.284599999999,1088,3890.4685999999997,12,2395.0,2395.0,0.0,1710.0,1710.0,0.0,True
ppc,BQ,2026-05-01,37,37,291.523,22,218.8624,1,65.0,65.0,0.0,65.0,65.0,0.0,False
ppc,BR,2026-05-01,69807,69592,219468.08260000055,56516,178015.99100000085,1730,652265.0,647440.0,4825.0,527830.0,523645.0,4185.0,True
ppc,BS,2026-05-01,293,292,2385.7008,201,1740.2949999999996,8,7945.0,7900.0,45.0,920.0,920.0,0.0,False
ppc,BT,2026-05-01,222,222,899.4034,115,635.1271999999999,3,1440.0,1440.0,0.0,1440.0,1440.0,0.0,False
ppc,BV,2026-05-01,2,2,1.443,2,1.443,0,0.0,0.0,0.0,0.0,0.0,0.0,False
ppc,BW,2026-05-01,1470,1464,6128.791,852,4556.9866,19,2030.0,2030.0,0.0,695.0,695.0,0.0,True
ppc,BZ,2026-05-01,175,174,628.9408,83,453.65700000000004,0,0.0,0.0,0.0,0.0,0.0,0.0,False
ppc,CA,2026-05-01,13990,13873,166575.5984,10186,123624.22979999997,597,946890.0,943775.0,3115.0,776415.0,773825.0,2590.0,True
ppc,CH,2026-05-01,1859,1846,15960.653,1489,12359.6354,73,125160.0,124150.0,1010.0,80705.0,80540.0,165.0,True
ppc,CI,2026-05-01,577,570,1981.0836,361,1405.4746,12,1335.0,1335.0,0.0,1010.0,1010.0,0.0,True
ppc,CK,2026-05-01,38,38,303.7626,28,194.70880000000002,0,0.0,0.0,0.0,0.0,0.0,0.0,False
ppc,CL,2026-05-01,8812,8787,25428.464600000014,6744,19058.73700000001,177,76730.0,76380.0,350.0,61660.0,61350.0,310.0,True
ppc,CM,2026-05-01,73,68,302.179,47,289.62120000000004,3,295.0,295.0,0.0,295.0,295.0,0.0,False
ppc,CN,2026-05-01,395,391,1086.6086000000003,142,774.4248,7,1000.0,1000.0,0.0,935.0,935.0,0.0,False
ppc,CO,2026-05-01,6738,6711,23307.75039999999,4615,17553.665799999995,106,30500.0,30455.0,45.0,16070.0,16025.0,45.0,True
ppc,CR,2026-05-01,3157,3145,10503.0642,2324,7802.574799999998,47,7330.0,7330.0,0.0,5940.0,5940.0,0.0,True
ppc,CV,2026-05-01,132,131,747.2446,83,617.3746,0,0.0,0.0,0.0,0.0,0.0,0.0,False
ppc,CW,2026-05-01,243,241,1737.2091999999998,175,1322.0321999999999,6,8280.0,8280.0,0.0,7455.0,7455.0,0.0,False
ppc,CX,2026-05-01,1,1,1.6723999999999999,1,1.6723999999999999,1,1335.0,1335.0,0.0,1335.0,1335.0,0.0,False
ppc,CY,2026-05-01,632,626,4378.3358,478,3465.8418,13,1630.0,1630.0,0.0,1270.0,1270.0,0.0,True
ppc,CZ,2026-05-01,421,419,2094.5329999999994,318,1616.8852000000002,16,18555.0,18285.0,270.0,17265.0,16995.0,270.0,False
ppc,DE,2026-05-01,7784,7733,69237.24900000003,5961,53580.299400000025,211,175630.0,174125.0,1505.0,160285.0,158780.0,1505.0,True
ppc,DJ,2026-05-01,254,251,1401.6635999999999,181,1078.2688,1,250.0,250.0,0.0,0.0,0.0,0.0,False
ppc,DK,2026-05-01,507,501,4591.8258000000005,415,3772.9566,24,6440.0,6395.0,45.0,5785.0,5740.0,45.0,True
ppc,DM,2026-05-01,45,45,353.2168,32,275.42800000000005,1,110.0,110.0,0.0,0.0,0.0,0.0,False
ppc,DO,2026-05-01,6156,6131,15510.599800000009,4924,12123.760400000005,102,20075.0,19975.0,100.0,17500.0,17500.0,0.0,True
ppc,DZ,2026-05-01,115,114,703.6438000000002,73,543.5522,7,8095.0,8095.0,0.0,2180.0,2180.0,0.0,False
ppc,EC,2026-05-01,3707,3695,9005.289400000001,2645,6801.983799999999,38,81440.0,81350.0,90.0,77720.0,77630.0,90.0,True
ppc,EE,2026-05-01,262,261,1875.8482000000004,210,1534.9449999999997,15,14415.0,14325.0,90.0,10500.0,10410.0,90.0,False
ppc,EG,2026-05-01,1,1,7.437,1,7.437,0,0.0,0.0,0.0,0.0,0.0,0.0,False
ppc,ER,2026-05-01,1,1,8.3842,1,8.3842,0,0.0,0.0,0.0,0.0,0.0,0.0,False
ppc,ES,2026-05-01,13903,13816,52561.393400000015,11156,41298.67480000005,353,210850.0,210250.0,600.0,177740.0,177360.0,380.0,True
ppc,ET,2026-05-01,11,11,58.8744,8,49.19519999999999,0,0.0,0.0,0.0,0.0,0.0,0.0,False
ppc,FI,2026-05-01,536,533,3757.6312000000003,370,2889.6038000000003,10,4060.0,4015.0,45.0,2490.0,2445.0,45.0,True
ppc,FJ,2026-05-01,835,829,2222.6787999999992,401,1588.0326,2,685.0,685.0,0.0,200.0,200.0,0.0,True
ppc,FK,2026-05-01,6,6,48.64020000000001,5,48.018600000000006,1,65.0,65.0,0.0,65.0,65.0,0.0,False
ppc,FM,2026-05-01,56,56,270.6994,20,108.24719999999999,0,0.0,0.0,0.0,0.0,0.0,0.0,False
ppc,FO,2026-05-01,22,22,157.19819999999999,19,136.03419999999997,5,1270.0,1270.0,0.0,1270.0,1270.0,0.0,False
ppc,FR,2026-05-01,13115,13050,94104.70479999996,10311,68884.43179999995,341,338830.0,335980.0,2850.0,236270.0,234510.0,1760.0,True
ppc,GA,2026-05-01,360,359,1960.8594000000003,246,1507.1283999999998,4,635.0,635.0,0.0,635.0,635.0,0.0,False
ppc,GB,2026-05-01,22802,22652,292252.9952,16903,218979.8824000001,1031,870435.0,867390.0,3045.0,606770.0,604075.0,2695.0,True
ppc,GD,2026-05-01,72,72,370.3034,37,208.5394,0,0.0,0.0,0.0,0.0,0.0,0.0,False
ppc,GE,2026-05-01,828,823,2962.2643999999996,589,2329.4534,11,1020.0,1020.0,0.0,1020.0,1020.0,0.0,True
ppc,GF,2026-05-01,95,95,659.3177999999999,70,434.2468,8,10595.0,10595.0,0.0,9220.0,9220.0,0.0,False
ppc,GG,2026-05-01,40,40,426.2918,30,325.9626,2,2875.0,2875.0,0.0,2875.0,2875.0,0.0,False
ppc,GH,2026-05-01,1,1,1.0582,1,1.0582,0,0.0,0.0,0.0,0.0,0.0,0.0,False
ppc,GI,2026-05-01,30,30,186.69459999999998,21,146.9714,0,0.0,0.0,0.0,0.0,0.0,0.0,False
ppc,GL,2026-05-01,27,27,133.7106,18,87.6604,3,2040.0,2040.0,0.0,430.0,430.0,0.0,False
ppc,GM,2026-05-01,268,264,1046.4117999999999,178,657.2162,2,230.0,230.0,0.0,0.0,0.0,0.0,False
ppc,GN,2026-05-01,38,35,124.71959999999999,23,82.90960000000001,0,0.0,0.0,0.0,0.0,0.0,0.0,False
ppc,GP,2026-05-01,304,303,2044.657,223,1497.8118000000002,10,3190.0,3125.0,65.0,1295.0,1295.0,0.0,False
ppc,GQ,2026-05-01,218,218,646.7378000000001,125,472.6824,1,35.0,35.0,0.0,0.0,0.0,0.0,False
ppc,GR,2026-05-01,1538,1532,10084.3796,1228,8118.281,32,13480.0,13480.0,0.0,11500.0,11500.0,0.0,True
ppc,GT,2026-05-01,895,888,5424.459000000001,567,4135.2162,9,2325.0,2280.0,45.0,1950.0,1905.0,45.0,True
ppc,GU,2026-05-01,216,216,1266.1178,168,1047.0334,7,6585.0,6585.0,0.0,5255.0,5255.0,0.0,False
ppc,GY,2026-05-01,441,441,1482.4197999999997,201,1098.4486000000002,2,130.0,130.0,0.0,65.0,65.0,0.0,False
ppc,HK,2026-05-01,1658,1655,9266.8128,1262,7358.737599999999,15,2920.0,2770.0,150.0,2475.0,2325.0,150.0,True
ppc,HN,2026-05-01,1401,1389,3566.541,1032,2839.4096000000004,1,35.0,35.0,0.0,35.0,35.0,0.0,True
ppc,HR,2026-05-01,808,803,6389.478200000001,644,5109.0562,23,3825.0,3825.0,0.0,3330.0,3330.0,0.0,True
ppc,HT,2026-05-01,73,73,268.916,73,268.916,0,0.0,0.0,0.0,0.0,0.0,0.0,False
ppc,HU,2026-05-01,678,675,3961.2273999999998,541,3105.4914000000003,25,10385.0,10385.0,0.0,10285.0,10285.0,0.0,True
ppc,ID,2026-05-01,295,292,824.7818,257,747.9549999999999,10,8185.0,8185.0,0.0,8185.0,8185.0,0.0,False
ppc,IE,2026-05-01,2033,1999,24699.083600000005,1571,19671.420000000002,91,51655.0,51460.0,195.0,47790.0,47595.0,195.0,True
ppc,IL,2026-05-01,1801,1796,13496.016399999999,1400,10804.828800000001,53,61360.0,61100.0,260.0,35740.0,35650.0,90.0,True
ppc,IM,2026-05-01,69,69,531.9268,55,413.6674,3,640.0,640.0,0.0,640.0,640.0,0.0,False
ppc,IN,2026-05-01,1338,1303,4203.658799999999,1002,3539.1832,9,1265.0,1265.0,0.0,1265.0,1265.0,0.0,True
ppc,IO,2026-05-01,7,7,22.274,2,11.9732,0,0.0,0.0,0.0,0.0,0.0,0.0,False
ppc,IR,2026-05-01,1,1,12.6244,0,0.0,0,0.0,0.0,0.0,0.0,0.0,0.0,False
ppc,IS,2026-05-01,95,95,943.8108,79,754.8592,5,595.0,595.0,0.0,595.0,595.0,0.0,False
ppc,IT,2026-05-01,9735,9686,60590.28979999996,7376,48490.37219999996,207,146345.0,145795.0,550.0,82525.0,82380.0,145.0,True
ppc,JE,2026-05-01,75,75,647.4703999999999,55,538.6386,8,10770.0,10770.0,0.0,3430.0,3430.0,0.0,False
ppc,JM,2026-05-01,5416,5394,29072.291200000014,4098,23351.514000000006,132,62595.0,62375.0,220.0,60065.0,59845.0,220.0,True
ppc,JO,2026-05-01,19,19,83.01320000000001,13,65.2162,1,550.0,550.0,0.0,550.0,550.0,0.0,False
ppc,JP,2026-05-01,4435,4415,29469.634199999997,3285,22491.7154,53,27595.0,27280.0,315.0,24845.0,24530.0,315.0,True
ppc,KE,2026-05-01,27740,27635,58024.280600000435,19389,42873.40960000016,285,110520.0,106930.0,3590.0,46155.0,45855.0,300.0,True
ppc,KG,2026-05-01,287,284,1219.2832,152,933.029,0,0.0,0.0,0.0,0.0,0.0,0.0,False
ppc,KH,2026-05-01,56,55,181.84019999999998,41,98.48659999999998,2,350.0,350.0,0.0,350.0,350.0,0.0,False
ppc,KI,2026-05-01,190,190,284.0268,50,145.1806,0,0.0,0.0,0.0,0.0,0.0,0.0,False
ppc,KM,2026-05-01,74,74,237.28840000000002,40,191.0606,0,0.0,0.0,0.0,0.0,0.0,0.0,False
ppc,KN,2026-05-01,42,41,310.2672,32,265.7858,0,0.0,0.0,0.0,0.0,0.0,0.0,False
ppc,KR,2026-05-01,5603,5578,25994.45359999997,3997,18659.388599999987,83,63500.0,63230.0,270.0,50600.0,50430.0,170.0,True
ppc,KW,2026-05-01,10,10,84.9742,7,63.0628,1,65.0,65.0,0.0,65.0,65.0,0.0,False
ppc,KY,2026-05-01,203,202,2357.7879999999996,160,1867.6563999999998,15,16955.0,16955.0,0.0,16470.0,16470.0,0.0,False
ppc,KZ,2026-05-01,41,41,252.22899999999996,33,187.94519999999997,2,315.0,315.0,0.0,150.0,150.0,0.0,False
ppc,LA,2026-05-01,304,302,1250.7258000000002,207,1093.1206,2,330.0,330.0,0.0,165.0,165.0,0.0,False
ppc,LC,2026-05-01,118,118,722.8838000000001,67,639.3156000000001,4,660.0,660.0,0.0,660.0,660.0,0.0,False
ppc,LI,2026-05-01,10,10,66.7998,9,53.65,0,0.0,0.0,0.0,0.0,0.0,0.0,False
ppc,LK,2026-05-01,135,132,544.8546000000001,19,102.88219999999998,2,2005.0,1960.0,45.0,0.0,0.0,0.0,False
ppc,LS,2026-05-01,391,389,1408.1534000000004,168,1044.2584,4,615.0,615.0,0.0,65.0,65.0,0.0,False
ppc,LT,2026-05-01,356,354,2099.232,279,1592.147,9,2765.0,2765.0,0.0,2360.0,2360.0,0.0,False
ppc,LU,2026-05-01,284,276,2166.4758,222,1684.3362,6,3870.0,3870.0,0.0,2170.0,2170.0,0.0,False
ppc,LV,2026-05-01,520,518,3954.5303999999996,437,3405.5984,10,4010.0,4010.0,0.0,4010.0,4010.0,0.0,True
ppc,MA,2026-05-01,139,135,1111.7464,104,868.8636,2,130.0,130.0,0.0,130.0,130.0,0.0,False
ppc,MC,2026-05-01,7,7,66.13380000000001,3,42.106,0,0.0,0.0,0.0,0.0,0.0,0.0,False
ppc,MD,2026-05-01,685,685,3919.2398000000007,515,3146.5170000000003,7,590.0,590.0,0.0,325.0,325.0,0.0,True
ppc,ME,2026-05-01,256,255,2264.1336,199,1798.0223999999998,4,260.0,260.0,0.0,130.0,130.0,0.0,False
ppc,MF,2026-05-01,18,18,150.6936,13,127.3392,1,190.0,190.0,0.0,190.0,190.0,0.0,False
ppc,MG,2026-05-01,974,973,3139.857,524,2251.1169999999997,5,590.0,590.0,0.0,480.0,480.0,0.0,True
ppc,MH,2026-05-01,24,24,62.14519999999999,12,34.202799999999996,0,0.0,0.0,0.0,0.0,0.0,0.0,False
ppc,MK,2026-05-01,294,294,1956.7819999999997,195,1444.591,4,360.0,360.0,0.0,65.0,65.0,0.0,False
ppc,MM,2026-05-01,1,1,8.8504,1,8.8504,0,0.0,0.0,0.0,0.0,0.0,0.0,False
ppc,MN,2026-05-01,185,185,673.0891999999999,83,526.4656,3,3105.0,3105.0,0.0,265.0,265.0,0.0,False
ppc,MO,2026-05-01,42,41,335.21259999999995,29,245.3026,0,0.0,0.0,0.0,0.0,0.0,0.0,False
ppc,MP,2026-05-01,14,13,90.4058,13,82.7838,0,0.0,0.0,0.0,0.0,0.0,0.0,False
ppc,MQ,2026-05-01,306,305,1948.5014,222,1427.9262,7,10375.0,10375.0,0.0,10375.0,10375.0,0.0,False
ppc,MR,2026-05-01,270,270,1191.4592000000002,186,946.2528,3,290.0,290.0,0.0,190.0,190.0,0.0,False
ppc,MS,2026-05-01,14,14,112.2284,8,61.6642,0,0.0,0.0,0.0,0.0,0.0,0.0,False
ppc,MT,2026-05-01,443,443,4705.0976,351,3796.0001999999995,10,1495.0,1495.0,0.0,1430.0,1430.0,0.0,False
ppc,MU,2026-05-01,822,817,3835.8861999999995,459,2700.363599999999,9,1725.0,1725.0,0.0,1440.0,1440.0,0.0,True
ppc,MV,2026-05-01,234,234,1362.5620000000001,144,940.6658000000001,4,1820.0,1820.0,0.0,675.0,675.0,0.0,False
ppc,MW,2026-05-01,38,35,129.05599999999998,21,94.5942,0,0.0,0.0,0.0,0.0,0.0,0.0,False
ppc,MX,2026-05-01,31523,31389,83660.17459999991,23862,64745.596999999994,462,282185.0,281340.0,845.0,233600.0,233025.0,575.0,True
ppc,MY,2026-05-01,6509,6483,35484.036000000015,4589,27216.349000000013,96,39900.0,39780.0,120.0,35575.0,35455.0,120.0,True
ppc,MZ,2026-05-01,1080,1076,3854.2752,558,2729.3568000000005,4,615.0,615.0,0.0,265.0,265.0,0.0,True
ppc,NA,2026-05-01,1527,1518,5436.069600000001,1070,4367.3838,19,52475.0,52475.0,0.0,4925.0,4925.0,0.0,True
ppc,NC,2026-05-01,216,216,1984.2803999999999,153,1194.656,1,165.0,165.0,0.0,165.0,165.0,0.0,False
ppc,NE,2026-05-01,446,444,1519.2644000000005,255,1212.4900000000002,0,0.0,0.0,0.0,0.0,0.0,0.0,False
ppc,NG,2026-05-01,4,4,45.584,3,43.364000000000004,0,0.0,0.0,0.0,0.0,0.0,0.0,False
ppc,NL,2026-05-01,5304,5273,36907.40380000001,3806,28792.156799999997,152,143850.0,142735.0,1115.0,85095.0,84045.0,1050.0,True
ppc,NO,2026-05-01,544,533,4433.784,412,3455.5188000000003,16,12495.0,12390.0,105.0,9010.0,8905.0,105.0,True
ppc,NP,2026-05-01,14,14,24.9676,10,19.0032,0,0.0,0.0,0.0,0.0,0.0,0.0,False
ppc,NR,2026-05-01,13,13,27.5354,5,13.112799999999998,0,0.0,0.0,0.0,0.0,0.0,0.0,False
ppc,NZ,2026-05-01,2582,2560,34010.511000000006,1864,25038.8398,95,69500.0,69330.0,170.0,43290.0,43120.0,170.0,True
ppc,OM,2026-05-01,20,20,64.8018,13,50.7122,0,0.0,0.0,0.0,0.0,0.0,0.0,False
ppc,PA,2026-05-01,2255,2244,7150.472,1731,5564.2894,42,21800.0,21800.0,0.0,13040.0,13040.0,0.0,True
ppc,PE,2026-05-01,6635,6614,18337.444199999998,4929,14394.657600000004,94,32055.0,31255.0,800.0,29025.0,28225.0,800.0,True
ppc,PF,2026-05-01,271,269,2707.9190000000003,204,1709.252,5,2565.0,2565.0,0.0,1175.0,1175.0,0.0,False
ppc,PG,2026-05-01,511,489,3053.0253999999995,411,2988.3494,4,1575.0,1575.0,0.0,1510.0,1510.0,0.0,True
ppc,PH,2026-05-01,15287,15209,39163.175400000066,12079,30566.71380000005,175,87175.0,87040.0,135.0,70970.0,70835.0,135.0,True
ppc,PK,2026-05-01,96,94,506.10079999999994,65,397.19499999999994,1,105.0,105.0,0.0,0.0,0.0,0.0,False
ppc,PL,2026-05-01,1535,1523,8548.665,1119,6496.696800000001,35,33370.0,33270.0,100.0,23340.0,23340.0,0.0,True
ppc,PM,2026-05-01,3,3,18.455599999999997,1,6.497199999999999,0,0.0,0.0,0.0,0.0,0.0,0.0,False
ppc,PN,2026-05-01,1,1,2.59,1,2.59,0,0.0,0.0,0.0,0.0,0.0,0.0,False
ppc,PR,2026-05-01,2387,2375,11275.268999999998,1757,8935.1078,91,184115.0,183685.0,430.0,151855.0,151470.0,385.0,True
ppc,PS,2026-05-01,1,1,7.074400000000001,0,0.0,0,0.0,0.0,0.0,0.0,0.0,0.0,False
ppc,PT,2026-05-01,3697,3676,19312.6088,2977,15848.920399999999,75,36100.0,35885.0,215.0,28930.0,28715.0,215.0,True
ppc,PW,2026-05-01,19,18,94.09100000000001,7,21.4674,0,0.0,0.0,0.0,0.0,0.0,0.0,False
ppc,PY,2026-05-01,1165,1161,2909.487600000001,846,2197.874,9,1075.0,1075.0,0.0,660.0,660.0,0.0,True
ppc,QA,2026-05-01,33,33,189.5288,19,124.1054,0,0.0,0.0,0.0,0.0,0.0,0.0,False
ppc,RE,2026-05-01,306,304,1927.1376,225,1390.0604,9,2765.0,2765.0,0.0,2700.0,2700.0,0.0,False
ppc,RO,2026-05-01,1662,1652,12641.249799999998,1211,9793.818599999997,28,12300.0,12075.0,225.0,9910.0,9730.0,180.0,True
ppc,RS,2026-05-01,1572,1562,10766.6744,1224,8919.545600000001,29,19285.0,19240.0,45.0,16185.0,16140.0,45.0,True
ppc,RU,2026-05-01,27,27,121.57459999999999,24,112.4208,0,0.0,0.0,0.0,0.0,0.0,0.0,False
ppc,RW,2026-05-01,226,224,1085.5430000000001,169,839.8778000000001,1,155.0,155.0,0.0,0.0,0.0,0.0,False
ppc,SA,2026-05-01,64,63,443.7188,46,350.96720000000005,0,0.0,0.0,0.0,0.0,0.0,0.0,False
ppc,SB,2026-05-01,206,205,579.2572000000001,88,442.8678,0,0.0,0.0,0.0,0.0,0.0,0.0,False
ppc,SC,2026-05-01,132,130,901.653,91,686.4536,4,1300.0,1300.0,0.0,1020.0,1020.0,0.0,False
ppc,SD,2026-05-01,1,1,1.998,1,1.998,0,0.0,0.0,0.0,0.0,0.0,0.0,False
ppc,SE,2026-05-01,1001,996,8904.642,766,6907.011999999999,40,40855.0,40685.0,170.0,38200.0,38030.0,170.0,True
ppc,SG,2026-05-01,4485,4468,32283.143799999987,3613,26723.738399999984,118,235595.0,235315.0,280.0,226890.0,226610.0,280.0,True
ppc,SH,2026-05-01,3,3,21.311999999999998,3,21.311999999999998,0,0.0,0.0,0.0,0.0,0.0,0.0,False
ppc,SI,2026-05-01,351,349,2749.5958,291,2351.0466,22,14795.0,14795.0,0.0,11660.0,11660.0,0.0,False
ppc,SK,2026-05-01,397,394,2749.2554,317,2209.5068,18,63240.0,63240.0,0.0,59200.0,59200.0,0.0,False
ppc,SL,2026-05-01,341,339,2646.166,281,2346.392,1,65.0,65.0,0.0,65.0,65.0,0.0,False
ppc,SM,2026-05-01,12,12,59.0816,11,49.720600000000005,0,0.0,0.0,0.0,0.0,0.0,0.0,False
ppc,SN,2026-05-01,82,81,461.5972,74,440.7736,6,665.0,665.0,0.0,665.0,665.0,0.0,False
ppc,SR,2026-05-01,242,241,1075.0054000000002,136,837.7170000000001,0,0.0,0.0,0.0,0.0,0.0,0.0,False
ppc,ST,2026-05-01,16,16,26.943399999999997,6,21.408199999999997,0,0.0,0.0,0.0,0.0,0.0,0.0,False
ppc,SV,2026-05-01,1323,1315,3948.1367999999993,895,3030.9808,13,1420.0,1420.0,0.0,965.0,965.0,0.0,True
ppc,SX,2026-05-01,121,120,1016.6342,81,762.0297999999999,4,570.0,570.0,0.0,340.0,340.0,0.0,False
ppc,SZ,2026-05-01,688,683,1706.6102000000003,237,1095.6291999999999,2,175.0,175.0,0.0,175.0,175.0,0.0,True
ppc,TC,2026-05-01,75,75,793.5759999999999,51,564.5533999999999,4,2925.0,2925.0,0.0,2860.0,2860.0,0.0,False
ppc,TD,2026-05-01,522,521,1704.0720000000003,255,1156.9308,1,65.0,65.0,0.0,0.0,0.0,0.0,True
ppc,TG,2026-05-01,14,13,92.2114,11,90.76839999999999,0,0.0,0.0,0.0,0.0,0.0,0.0,False
ppc,TH,2026-05-01,3407,3386,17675.403199999997,2527,14036.3718,67,36090.0,36090.0,0.0,28355.0,28355.0,0.0,True
ppc,TJ,2026-05-01,107,107,486.55740000000003,69,337.7286,0,0.0,0.0,0.0,0.0,0.0,0.0,False
ppc,TL,2026-05-01,90,90,220.72719999999998,38,143.0642,0,0.0,0.0,0.0,0.0,0.0,0.0,False
ppc,TM,2026-05-01,6,6,23.250799999999998,3,19.720999999999997,0,0.0,0.0,0.0,0.0,0.0,0.0,False
ppc,TO,2026-05-01,51,51,140.8738,15,99.14519999999999,0,0.0,0.0,0.0,0.0,0.0,0.0,False
ppc,TR,2026-05-01,6012,5993,24414.583199999997,4491,18326.240599999994,75,76260.0,76050.0,210.0,71035.0,70825.0,210.0,True
ppc,TT,2026-05-01,546,545,3844.9364,373,2532.7092000000002,5,750.0,750.0,0.0,520.0,520.0,0.0,True
ppc,TV,2026-05-01,10,10,25.863,1,10.397,0,0.0,0.0,0.0,0.0,0.0,0.0,False
ppc,TW,2026-05-01,1269,1259,7629.510999999999,995,6054.013999999999,16,6375.0,6375.0,0.0,5490.0,5490.0,0.0,True
ppc,TZ,2026-05-01,1826,1813,6075.570200000002,1378,4665.618600000002,32,5900.0,5855.0,45.0,5370.0,5325.0,45.0,True
ppc,UG,2026-05-01,1379,1365,3641.399399999999,1096,3011.9035999999996,4,485.0,485.0,0.0,485.0,485.0,0.0,True
ppc,UNKNOWN,2026-05-01,62,62,425.4852,39,282.6874,1,565.0,565.0,0.0,0.0,0.0,0.0,False
ppc,US,2026-05-01,117666,116866,1466279.2012000044,80820,1057580.0723999967,5608,9961925.0,9919965.0,41960.0,7527355.0,7496325.0,31030.0,True
ppc,UY,2026-05-01,2616,2603,8172.500799999998,1960,6172.154999999999,47,27940.0,27715.0,225.0,22385.0,22205.0,180.0,True
ppc,UZ,2026-05-01,1123,1122,2883.935399999999,384,2051.0728,5,1485.0,1485.0,0.0,230.0,230.0,0.0,True
ppc,VA,2026-05-01,1,1,9.3166,1,9.3166,0,0.0,0.0,0.0,0.0,0.0,0.0,False
ppc,VC,2026-05-01,83,82,464.2982,51,337.58799999999997,4,505.0,505.0,0.0,130.0,130.0,0.0,False
ppc,VG,2026-05-01,74,74,647.7959999999999,56,544.048,3,1350.0,1350.0,0.0,920.0,920.0,0.0,False
ppc,VI,2026-05-01,73,73,604.1064000000001,54,475.84959999999995,3,825.0,825.0,0.0,825.0,825.0,0.0,False
ppc,VN,2026-05-01,3116,3098,11152.702800000003,2299,8693.3646,16,9030.0,9030.0,0.0,8485.0,8485.0,0.0,True
ppc,VU,2026-05-01,77,77,279.8014,38,192.5554,0,0.0,0.0,0.0,0.0,0.0,0.0,False
ppc,WF,2026-05-01,2,2,5.7867999999999995,2,5.7867999999999995,0,0.0,0.0,0.0,0.0,0.0,0.0,False
ppc,WS,2026-05-01,78,78,276.4122,29,155.4148,0,0.0,0.0,0.0,0.0,0.0,0.0,False
ppc,XK,2026-05-01,61,61,519.0286,30,259.5106,0,0.0,0.0,0.0,0.0,0.0,0.0,False
ppc,YT,2026-05-01,46,45,305.0206,29,239.908,2,130.0,130.0,0.0,130.0,130.0,0.0,False
ppc,ZA,2026-05-01,22026,21905,84550.98659999987,15008,52821.15560000002,441,206470.0,205100.0,1370.0,136430.0,135160.0,1270.0,True
ppc,ZM,2026-05-01,106,98,322.82500000000005,54,221.84459999999999,2,100.0,100.0,0.0,65.0,65.0,0.0,False
ppc,ZW,2026-05-01,18,18,43.956,12,33.0262,0,0.0,0.0,0.0,0.0,0.0,0.0,False
1002,AD,2026-06-01,3,1,688.2,0,0.0,1,300.0,300.0,0.0,0.0,0.0,0.0,False
1002,AE,2026-06-01,1,0,0.0,0,0.0,0,0.0,0.0,0.0,0.0,0.0,0.0,False
1002,AI,2026-06-01,1,0,0.0,0,0.0,0,0.0,0.0,0.0,0.0,0.0,0.0,False
1002,AL,2026-06-01,2,1,688.2,0,0.0,1,165.0,165.0,0.0,0.0,0.0,0.0,False
1002,AM,2026-06-01,1,0,0.0,0,0.0,1,65.0,65.0,0.0,0.0,0.0,0.0,False
1002,AO,2026-06-01,1,0,0.0,0,0.0,0,0.0,0.0,0.0,0.0,0.0,0.0,False
1002,AR,2026-06-01,3,1,337.44,0,0.0,1,150.0,150.0,0.0,0.0,0.0,0.0,False
1002,AT,2026-06-01,45,0,0.0,0,0.0,0,0.0,0.0,0.0,0.0,0.0,0.0,False
1002,AU,2026-06-01,1228,104,43216.73999999999,0,0.0,96,341330.0,341010.0,320.0,0.0,0.0,0.0,True
1002,AW,2026-06-01,1,0,0.0,0,0.0,0,0.0,0.0,0.0,0.0,0.0,0.0,False
1002,AX,2026-06-01,1,0,0.0,0,0.0,0,0.0,0.0,0.0,0.0,0.0,0.0,False
1002,AZ,2026-06-01,1,0,0.0,0,0.0,0,0.0,0.0,0.0,0.0,0.0,0.0,False
1002,BA,2026-06-01,1,0,0.0,0,0.0,0,0.0,0.0,0.0,0.0,0.0,0.0,False
1002,BD,2026-06-01,13,0,0.0,0,0.0,0,0.0,0.0,0.0,0.0,0.0,0.0,False
1002,BE,2026-06-01,90,7,2279.2,0,0.0,11,9600.0,9600.0,0.0,0.0,0.0,0.0,False
1002,BG,2026-06-01,5,1,688.2,0,0.0,1,150.0,150.0,0.0,0.0,0.0,0.0,False
1002,BM,2026-06-01,2,0,0.0,0,0.0,0,0.0,0.0,0.0,0.0,0.0,0.0,False
1002,BO,2026-06-01,1,0,0.0,0,0.0,0,0.0,0.0,0.0,0.0,0.0,0.0,False
1002,BQ,2026-06-01,2,0,0.0,0,0.0,1,150.0,150.0,0.0,0.0,0.0,0.0,False
1002,BR,2026-06-01,5,0,0.0,0,0.0,0,0.0,0.0,0.0,0.0,0.0,0.0,False
1002,BS,2026-06-01,3,0,0.0,0,0.0,0,0.0,0.0,0.0,0.0,0.0,0.0,False
1002,CA,2026-06-01,1046,80,25371.64,0,0.0,58,57785.0,57635.0,150.0,0.0,0.0,0.0,True
1002,CH,2026-06-01,56,5,1604.32,0,0.0,7,3735.0,3735.0,0.0,0.0,0.0,0.0,False
1002,CM,2026-06-01,3,0,0.0,0,0.0,0,0.0,0.0,0.0,0.0,0.0,0.0,False
1002,CN,2026-06-01,2,0,0.0,0,0.0,0,0.0,0.0,0.0,0.0,0.0,0.0,False
1002,CO,2026-06-01,11,0,0.0,0,0.0,0,0.0,0.0,0.0,0.0,0.0,0.0,False
1002,CV,2026-06-01,1,0,0.0,0,0.0,0,0.0,0.0,0.0,0.0,0.0,0.0,False
1002,CY,2026-06-01,5,0,0.0,0,0.0,0,0.0,0.0,0.0,0.0,0.0,0.0,False
1002,CZ,2026-06-01,9,1,697.8199999999999,0,0.0,1,150.0,150.0,0.0,0.0,0.0,0.0,False
1002,DE,2026-06-01,1154,25,7324.5199999999995,0,0.0,32,13100.0,13100.0,0.0,0.0,0.0,0.0,True
1002,DK,2026-06-01,75,3,970.8799999999999,0,0.0,7,6010.0,6010.0,0.0,0.0,0.0,0.0,False
1002,DO,2026-06-01,1,0,0.0,0,0.0,0,0.0,0.0,0.0,0.0,0.0,0.0,False
1002,DZ,2026-06-01,15,1,259.0,0,0.0,1,165.0,165.0,0.0,0.0,0.0,0.0,False
1002,EC,2026-06-01,2,0,0.0,0,0.0,0,0.0,0.0,0.0,0.0,0.0,0.0,False
1002,EE,2026-06-01,2,0,0.0,0,0.0,0,0.0,0.0,0.0,0.0,0.0,0.0,False
1002,ES,2026-06-01,4,0,0.0,0,0.0,0,0.0,0.0,0.0,0.0,0.0,0.0,False
1002,FI,2026-06-01,50,4,1349.76,0,0.0,4,13195.0,13195.0,0.0,0.0,0.0,0.0,False
1002,FJ,2026-06-01,1,0,0.0,0,0.0,0,0.0,0.0,0.0,0.0,0.0,0.0,False
1002,FR,2026-06-01,134,5,1604.32,0,0.0,6,8585.0,8585.0,0.0,0.0,0.0,0.0,False
1002,GB,2026-06-01,1551,99,44070.7,0,0.0,101,65465.0,65375.0,90.0,0.0,0.0,0.0,True
1002,GE,2026-06-01,3,0,0.0,0,0.0,0,0.0,0.0,0.0,0.0,0.0,0.0,False
1002,GG,2026-06-01,1,0,0.0,0,0.0,0,0.0,0.0,0.0,0.0,0.0,0.0,False
1002,GL,2026-06-01,1,0,0.0,0,0.0,0,0.0,0.0,0.0,0.0,0.0,0.0,False
1002,GM,2026-06-01,2,0,0.0,0,0.0,0,0.0,0.0,0.0,0.0,0.0,0.0,False
1002,GP,2026-06-01,1,0,0.0,0,0.0,0,0.0,0.0,0.0,0.0,0.0,0.0,False
1002,GR,2026-06-01,1,0,0.0,0,0.0,0,0.0,0.0,0.0,0.0,0.0,0.0,False
1002,GT,2026-06-01,1,0,0.0,0,0.0,0,0.0,0.0,0.0,0.0,0.0,0.0,False
1002,GU,2026-06-01,1,0,0.0,0,0.0,0,0.0,0.0,0.0,0.0,0.0,0.0,False
1002,HK,2026-06-01,6,0,0.0,0,0.0,0,0.0,0.0,0.0,0.0,0.0,0.0,False
1002,HN,2026-06-01,2,0,0.0,0,0.0,0,0.0,0.0,0.0,0.0,0.0,0.0,False
1002,HR,2026-06-01,1,0,0.0,0,0.0,0,0.0,0.0,0.0,0.0,0.0,0.0,False
1002,HU,2026-06-01,2,0,0.0,0,0.0,0,0.0,0.0,0.0,0.0,0.0,0.0,False
1002,ID,2026-06-01,3,0,0.0,0,0.0,0,0.0,0.0,0.0,0.0,0.0,0.0,False
1002,IE,2026-06-01,116,7,2237.7599999999998,0,0.0,8,1960.0,1960.0,0.0,0.0,0.0,0.0,False
1002,IL,2026-06-01,3,0,0.0,0,0.0,0,0.0,0.0,0.0,0.0,0.0,0.0,False
1002,IN,2026-06-01,4,0,0.0,0,0.0,0,0.0,0.0,0.0,0.0,0.0,0.0,False
1002,IS,2026-06-01,9,0,0.0,0,0.0,0,0.0,0.0,0.0,0.0,0.0,0.0,False
1002,IT,2026-06-01,360,14,4867.719999999999,0,0.0,16,4740.0,4740.0,0.0,0.0,0.0,0.0,False
1002,JM,2026-06-01,3,0,0.0,0,0.0,0,0.0,0.0,0.0,0.0,0.0,0.0,False
1002,JP,2026-06-01,13,0,0.0,0,0.0,0,0.0,0.0,0.0,0.0,0.0,0.0,False
1002,KE,2026-06-01,11,0,0.0,0,0.0,0,0.0,0.0,0.0,0.0,0.0,0.0,False
1002,KH,2026-06-01,7,0,0.0,0,0.0,0,0.0,0.0,0.0,0.0,0.0,0.0,False
1002,KR,2026-06-01,9,0,0.0,0,0.0,0,0.0,0.0,0.0,0.0,0.0,0.0,False
1002,KZ,2026-06-01,2,0,0.0,0,0.0,0,0.0,0.0,0.0,0.0,0.0,0.0,False
1002,LA,2026-06-01,1,0,0.0,0,0.0,0,0.0,0.0,0.0,0.0,0.0,0.0,False
1002,LK,2026-06-01,1,0,0.0,0,0.0,0,0.0,0.0,0.0,0.0,0.0,0.0,False
1002,LU,2026-06-01,10,2,654.16,0,0.0,3,400.0,400.0,0.0,0.0,0.0,0.0,False
1002,LV,2026-06-01,2,0,0.0,0,0.0,0,0.0,0.0,0.0,0.0,0.0,0.0,False
1002,MC,2026-06-01,1,0,0.0,0,0.0,0,0.0,0.0,0.0,0.0,0.0,0.0,False
1002,MD,2026-06-01,1,0,0.0,0,0.0,0,0.0,0.0,0.0,0.0,0.0,0.0,False
1002,MX,2026-06-01,16,1,74.0,0,0.0,1,3850.0,3850.0,0.0,0.0,0.0,0.0,False
1002,MY,2026-06-01,13,0,0.0,0,0.0,0,0.0,0.0,0.0,0.0,0.0,0.0,False
1002,NA,2026-06-01,2,1,688.2,0,0.0,1,65.0,65.0,0.0,0.0,0.0,0.0,False
1002,NC,2026-06-01,1,0,0.0,0,0.0,0,0.0,0.0,0.0,0.0,0.0,0.0,False
1002,NL,2026-06-01,271,16,5171.120000000001,0,0.0,24,6105.0,6105.0,0.0,0.0,0.0,0.0,False
1002,NO,2026-06-01,91,11,3779.9199999999996,0,0.0,12,6020.0,5975.0,45.0,0.0,0.0,0.0,False
1002,NP,2026-06-01,1,0,0.0,0,0.0,0,0.0,0.0,0.0,0.0,0.0,0.0,False
1002,NZ,2026-06-01,247,17,9252.96,0,0.0,21,5600.0,5600.0,0.0,0.0,0.0,0.0,False
1002,PA,2026-06-01,1,0,0.0,0,0.0,0,0.0,0.0,0.0,0.0,0.0,0.0,False
1002,PE,2026-06-01,1,0,0.0,0,0.0,0,0.0,0.0,0.0,0.0,0.0,0.0,False
1002,PH,2026-06-01,36,1,550.56,0,0.0,3,295.0,295.0,0.0,0.0,0.0,0.0,False
1002,PK,2026-06-01,5,1,74.0,0,0.0,0,0.0,0.0,0.0,0.0,0.0,0.0,False
1002,PL,2026-06-01,11,2,148.0,0,0.0,0,0.0,0.0,0.0,0.0,0.0,0.0,False
1002,PR,2026-06-01,2,0,0.0,0,0.0,0,0.0,0.0,0.0,0.0,0.0,0.0,False
1002,RO,2026-06-01,3,1,74.0,0,0.0,1,150.0,150.0,0.0,0.0,0.0,0.0,False
1002,RS,2026-06-01,2,0,0.0,0,0.0,0,0.0,0.0,0.0,0.0,0.0,0.0,False
1002,SA,2026-06-01,1,0,0.0,0,0.0,0,0.0,0.0,0.0,0.0,0.0,0.0,False
1002,SE,2026-06-01,117,9,2954.08,0,0.0,11,5470.0,5470.0,0.0,0.0,0.0,0.0,False
1002,SG,2026-06-01,10,0,0.0,0,0.0,0,0.0,0.0,0.0,0.0,0.0,0.0,False
1002,SI,2026-06-01,5,0,0.0,0,0.0,0,0.0,0.0,0.0,0.0,0.0,0.0,False
1002,SK,2026-06-01,7,0,0.0,0,0.0,0,0.0,0.0,0.0,0.0,0.0,0.0,False
1002,SL,2026-06-01,1,0,0.0,0,0.0,0,0.0,0.0,0.0,0.0,0.0,0.0,False
1002,SN,2026-06-01,1,0,0.0,0,0.0,0,0.0,0.0,0.0,0.0,0.0,0.0,False
1002,SR,2026-06-01,1,0,0.0,0,0.0,0,0.0,0.0,0.0,0.0,0.0,0.0,False
1002,TH,2026-06-01,24,3,1312.76,0,0.0,2,130.0,130.0,0.0,0.0,0.0,0.0,False
1002,TR,2026-06-01,9,0,0.0,0,0.0,0,0.0,0.0,0.0,0.0,0.0,0.0,False
1002,TT,2026-06-01,2,1,688.2,0,0.0,1,150.0,150.0,0.0,0.0,0.0,0.0,False
1002,TW,2026-06-01,1,0,0.0,0,0.0,0,0.0,0.0,0.0,0.0,0.0,0.0,False
1002,TZ,2026-06-01,3,0,0.0,0,0.0,0,0.0,0.0,0.0,0.0,0.0,0.0,False
1002,UG,2026-06-01,11,0,0.0,0,0.0,0,0.0,0.0,0.0,0.0,0.0,0.0,False
1002,UNKNOWN,2026-06-01,6,0,0.0,0,0.0,0,0.0,0.0,0.0,0.0,0.0,0.0,False
1002,US,2026-06-01,7016,738,237673.9696000001,0,0.0,575,596015.0,595145.0,870.0,0.0,0.0,0.0,True
1002,UY,2026-06-01,2,0,0.0,0,0.0,0,0.0,0.0,0.0,0.0,0.0,0.0,False
1002,UZ,2026-06-01,1,0,0.0,0,0.0,0,0.0,0.0,0.0,0.0,0.0,0.0,False
1002,VI,2026-06-01,1,0,0.0,0,0.0,0,0.0,0.0,0.0,0.0,0.0,0.0,False
1002,VN,2026-06-01,3,0,0.0,0,0.0,0,0.0,0.0,0.0,0.0,0.0,0.0,False
1002,VU,2026-06-01,2,0,0.0,0,0.0,0,0.0,0.0,0.0,0.0,0.0,0.0,False
1002,ZA,2026-06-01,22,0,0.0,0,0.0,0,0.0,0.0,0.0,0.0,0.0,0.0,False
1002,ZM,2026-06-01,1,0,0.0,0,0.0,0,0.0,0.0,0.0,0.0,0.0,0.0,False
1052,AD,2026-06-01,1,0,0.0,0,0.0,0,0.0,0.0,0.0,0.0,0.0,0.0,False
1052,AF,2026-06-01,1,0,0.0,0,0.0,0,0.0,0.0,0.0,0.0,0.0,0.0,False
1052,AG,2026-06-01,1,1,888.0,0,0.0,1,225.0,225.0,0.0,0.0,0.0,0.0,False
1052,AI,2026-06-01,1,0,0.0,0,0.0,0,0.0,0.0,0.0,0.0,0.0,0.0,False
1052,AL,2026-06-01,3,0,0.0,0,0.0,0,0.0,0.0,0.0,0.0,0.0,0.0,False
1052,AO,2026-06-01,2,0,0.0,0,0.0,0,0.0,0.0,0.0,0.0,0.0,0.0,False
1052,AQ,2026-06-01,1,0,0.0,0,0.0,0,0.0,0.0,0.0,0.0,0.0,0.0,False
1052,AR,2026-06-01,2,0,0.0,0,0.0,0,0.0,0.0,0.0,0.0,0.0,0.0,False
1052,AT,2026-06-01,2,0,0.0,0,0.0,0,0.0,0.0,0.0,0.0,0.0,0.0,False
1052,AU,2026-06-01,1714,77,46324.0,0,0.0,89,77415.0,77220.0,195.0,0.0,0.0,0.0,True
1052,AW,2026-06-01,2,1,444.0,0,0.0,1,290.0,290.0,0.0,0.0,0.0,0.0,False
1052,AX,2026-06-01,1,1,888.0,0,0.0,1,210.0,210.0,0.0,0.0,0.0,0.0,False
1052,BD,2026-06-01,2,0,0.0,0,0.0,0,0.0,0.0,0.0,0.0,0.0,0.0,False
1052,BE,2026-06-01,4,0,0.0,0,0.0,0,0.0,0.0,0.0,0.0,0.0,0.0,False
1052,BJ,2026-06-01,1,0,0.0,0,0.0,0,0.0,0.0,0.0,0.0,0.0,0.0,False
1052,BS,2026-06-01,3,0,0.0,0,0.0,0,0.0,0.0,0.0,0.0,0.0,0.0,False
1052,CA,2026-06-01,1408,80,28077.82,0,0.0,49,60675.0,60610.0,65.0,0.0,0.0,0.0,True
1052,CH,2026-06-01,6,1,888.0,0,0.0,1,7320.0,7320.0,0.0,0.0,0.0,0.0,False
1052,CM,2026-06-01,2,0,0.0,0,0.0,0,0.0,0.0,0.0,0.0,0.0,0.0,False
1052,CN,2026-06-01,1,1,222.0,0,0.0,1,240.0,240.0,0.0,0.0,0.0,0.0,False
1052,CO,2026-06-01,1,0,0.0,0,0.0,0,0.0,0.0,0.0,0.0,0.0,0.0,False
1052,CY,2026-06-01,4,0,0.0,0,0.0,0,0.0,0.0,0.0,0.0,0.0,0.0,False
1052,DE,2026-06-01,8,0,0.0,0,0.0,0,0.0,0.0,0.0,0.0,0.0,0.0,False
1052,DO,2026-06-01,1,0,0.0,0,0.0,0,0.0,0.0,0.0,0.0,0.0,0.0,False
1052,ES,2026-06-01,7,1,74.0,0,0.0,0,0.0,0.0,0.0,0.0,0.0,0.0,False
1052,FI,2026-06-01,1,0,0.0,0,0.0,0,0.0,0.0,0.0,0.0,0.0,0.0,False
1052,FR,2026-06-01,11,2,1776.0,0,0.0,3,450.0,450.0,0.0,0.0,0.0,0.0,False
1052,GB,2026-06-01,1918,84,35853.0,0,0.0,63,41095.0,40860.0,235.0,0.0,0.0,0.0,True
1052,GD,2026-06-01,1,0,0.0,0,0.0,0,0.0,0.0,0.0,0.0,0.0,0.0,False
1052,GG,2026-06-01,2,0,0.0,0,0.0,0,0.0,0.0,0.0,0.0,0.0,0.0,False
1052,GR,2026-06-01,6,0,0.0,0,0.0,0,0.0,0.0,0.0,0.0,0.0,0.0,False
1052,GY,2026-06-01,1,0,0.0,0,0.0,0,0.0,0.0,0.0,0.0,0.0,0.0,False
1052,HK,2026-06-01,1,0,0.0,0,0.0,0,0.0,0.0,0.0,0.0,0.0,0.0,False
1052,ID,2026-06-01,1,0,0.0,0,0.0,0,0.0,0.0,0.0,0.0,0.0,0.0,False
1052,IE,2026-06-01,483,5,2452.36,0,0.0,7,1245.0,1245.0,0.0,0.0,0.0,0.0,False
1052,IL,2026-06-01,1,0,0.0,0,0.0,0,0.0,0.0,0.0,0.0,0.0,0.0,False
1052,IN,2026-06-01,18,0,0.0,0,0.0,0,0.0,0.0,0.0,0.0,0.0,0.0,False
1052,JE,2026-06-01,2,0,0.0,0,0.0,0,0.0,0.0,0.0,0.0,0.0,0.0,False
1052,JM,2026-06-01,3,0,0.0,0,0.0,0,0.0,0.0,0.0,0.0,0.0,0.0,False
1052,JO,2026-06-01,2,0,0.0,0,0.0,0,0.0,0.0,0.0,0.0,0.0,0.0,False
1052,JP,2026-06-01,4,0,0.0,0,0.0,0,0.0,0.0,0.0,0.0,0.0,0.0,False
1052,KE,2026-06-01,15,0,0.0,0,0.0,0,0.0,0.0,0.0,0.0,0.0,0.0,False
1052,LT,2026-06-01,1,0,0.0,0,0.0,0,0.0,0.0,0.0,0.0,0.0,0.0,False
1052,LU,2026-06-01,1,0,0.0,0,0.0,0,0.0,0.0,0.0,0.0,0.0,0.0,False
1052,LV,2026-06-01,2,0,0.0,0,0.0,0,0.0,0.0,0.0,0.0,0.0,0.0,False
1052,MA,2026-06-01,1,0,0.0,0,0.0,0,0.0,0.0,0.0,0.0,0.0,0.0,False
1052,MD,2026-06-01,1,0,0.0,0,0.0,0,0.0,0.0,0.0,0.0,0.0,0.0,False
1052,MG,2026-06-01,1,0,0.0,0,0.0,0,0.0,0.0,0.0,0.0,0.0,0.0,False
1052,MO,2026-06-01,1,0,0.0,0,0.0,0,0.0,0.0,0.0,0.0,0.0,0.0,False
1052,MT,2026-06-01,1,0,0.0,0,0.0,0,0.0,0.0,0.0,0.0,0.0,0.0,False
1052,MV,2026-06-01,1,0,0.0,0,0.0,0,0.0,0.0,0.0,0.0,0.0,0.0,False
1052,MX,2026-06-01,10,0,0.0,0,0.0,0,0.0,0.0,0.0,0.0,0.0,0.0,False
1052,MY,2026-06-01,1,0,0.0,0,0.0,0,0.0,0.0,0.0,0.0,0.0,0.0,False
1052,NC,2026-06-01,1,0,0.0,0,0.0,0,0.0,0.0,0.0,0.0,0.0,0.0,False
1052,NL,2026-06-01,17,0,0.0,0,0.0,1,390.0,390.0,0.0,0.0,0.0,0.0,False
1052,NO,2026-06-01,2,0,0.0,0,0.0,0,0.0,0.0,0.0,0.0,0.0,0.0,False
1052,NP,2026-06-01,1,0,0.0,0,0.0,0,0.0,0.0,0.0,0.0,0.0,0.0,False
1052,NZ,2026-06-01,286,4,2442.0,0,0.0,10,4375.0,4375.0,0.0,0.0,0.0,0.0,False
1052,PE,2026-06-01,1,0,0.0,0,0.0,0,0.0,0.0,0.0,0.0,0.0,0.0,False
1052,PH,2026-06-01,16,2,1517.0,0,0.0,2,400.0,400.0,0.0,0.0,0.0,0.0,False
1052,PR,2026-06-01,3,0,0.0,0,0.0,0,0.0,0.0,0.0,0.0,0.0,0.0,False
1052,PT,2026-06-01,3,0,0.0,0,0.0,0,0.0,0.0,0.0,0.0,0.0,0.0,False
1052,RO,2026-06-01,4,0,0.0,0,0.0,0,0.0,0.0,0.0,0.0,0.0,0.0,False
1052,RS,2026-06-01,1,0,0.0,0,0.0,0,0.0,0.0,0.0,0.0,0.0,0.0,False
1052,SE,2026-06-01,1,0,0.0,0,0.0,0,0.0,0.0,0.0,0.0,0.0,0.0,False
1052,SG,2026-06-01,7,0,0.0,0,0.0,0,0.0,0.0,0.0,0.0,0.0,0.0,False
1052,SI,2026-06-01,1,0,0.0,0,0.0,0,0.0,0.0,0.0,0.0,0.0,0.0,False
1052,SZ,2026-06-01,1,0,0.0,0,0.0,0,0.0,0.0,0.0,0.0,0.0,0.0,False
1052,TJ,2026-06-01,1,0,0.0,0,0.0,0,0.0,0.0,0.0,0.0,0.0,0.0,False
1052,TR,2026-06-01,3,0,0.0,0,0.0,0,0.0,0.0,0.0,0.0,0.0,0.0,False
1052,TT,2026-06-01,1,0,0.0,0,0.0,0,0.0,0.0,0.0,0.0,0.0,0.0,False
1052,TZ,2026-06-01,2,1,888.0,0,0.0,1,65.0,65.0,0.0,0.0,0.0,0.0,False
1052,UG,2026-06-01,1,0,0.0,0,0.0,0,0.0,0.0,0.0,0.0,0.0,0.0,False
1052,UNKNOWN,2026-06-01,2,0,0.0,0,0.0,0,0.0,0.0,0.0,0.0,0.0,0.0,False
1052,US,2026-06-01,12015,1066,368956.60000000003,0,0.0,568,1202170.0,1198725.0,3445.0,0.0,0.0,0.0,True
1052,VI,2026-06-01,1,0,0.0,0,0.0,0,0.0,0.0,0.0,0.0,0.0,0.0,False
1052,VN,2026-06-01,3,0,0.0,0,0.0,0,0.0,0.0,0.0,0.0,0.0,0.0,False
1052,ZA,2026-06-01,7,0,0.0,0,0.0,0,0.0,0.0,0.0,0.0,0.0,0.0,False
1052,ZM,2026-06-01,1,0,0.0,0,0.0,0,0.0,0.0,0.0,0.0,0.0,0.0,False
303,AD,2026-06-01,1,1,5.18,0,0.0,0,0.0,0.0,0.0,0.0,0.0,0.0,False
303,AE,2026-06-01,1,1,5.18,0,0.0,0,0.0,0.0,0.0,0.0,0.0,0.0,False
303,AL,2026-06-01,71,32,165.76,0,0.0,0,0.0,0.0,0.0,0.0,0.0,0.0,False
303,AM,2026-06-01,1,1,3.404,0,0.0,0,0.0,0.0,0.0,0.0,0.0,0.0,False
303,AT,2026-06-01,46,34,166.13,0,0.0,1,510.0,510.0,0.0,0.0,0.0,0.0,False
303,AU,2026-06-01,11,8,33.3,0,0.0,2,410.0,410.0,0.0,0.0,0.0,0.0,False
303,BE,2026-06-01,93,37,190.17999999999998,0,0.0,3,195.0,195.0,0.0,0.0,0.0,0.0,False
303,BG,2026-06-01,100,60,310.79999999999995,0,0.0,2,310.0,310.0,0.0,0.0,0.0,0.0,False
303,BR,2026-06-01,295,175,337.699,0,0.0,1,2490.0,2445.0,45.0,0.0,0.0,0.0,False
303,CA,2026-06-01,16,1,3.7,0,0.0,0,0.0,0.0,0.0,0.0,0.0,0.0,False
303,CH,2026-06-01,39,28,137.196,0,0.0,1,65.0,65.0,0.0,0.0,0.0,0.0,False
303,CL,2026-06-01,46,36,39.95999999999999,0,0.0,0,0.0,0.0,0.0,0.0,0.0,0.0,False
303,CO,2026-06-01,2,2,6.289999999999999,0,0.0,0,0.0,0.0,0.0,0.0,0.0,0.0,False
303,CR,2026-06-01,26,13,14.429999999999996,0,0.0,1,1270.0,1270.0,0.0,0.0,0.0,0.0,False
303,CV,2026-06-01,1,0,0.0,0,0.0,0,0.0,0.0,0.0,0.0,0.0,0.0,False
303,CY,2026-06-01,4,3,13.764,0,0.0,0,0.0,0.0,0.0,0.0,0.0,0.0,False
303,CZ,2026-06-01,65,35,179.82,0,0.0,0,0.0,0.0,0.0,0.0,0.0,0.0,False
303,DE,2026-06-01,345,210,1034.0020000000004,0,0.0,4,475.0,475.0,0.0,0.0,0.0,0.0,False
303,DK,2026-06-01,82,42,221.33399999999997,0,0.0,2,215.0,215.0,0.0,0.0,0.0,0.0,False
303,EC,2026-06-01,93,58,64.37999999999998,0,0.0,0,0.0,0.0,0.0,0.0,0.0,0.0,False
303,EE,2026-06-01,21,16,82.88,0,0.0,1,240.0,240.0,0.0,0.0,0.0,0.0,False
303,ES,2026-06-01,574,319,1471.49,0,0.0,10,1265.0,1265.0,0.0,0.0,0.0,0.0,True
303,FI,2026-06-01,16,10,51.8,0,0.0,1,65.0,65.0,0.0,0.0,0.0,0.0,False
303,FO,2026-06-01,3,2,10.36,0,0.0,0,0.0,0.0,0.0,0.0,0.0,0.0,False
303,FR,2026-06-01,1256,811,3924.664000000001,0,0.0,20,3985.0,3985.0,0.0,0.0,0.0,0.0,True
303,GB,2026-06-01,308,170,828.1340000000002,0,0.0,5,890.0,890.0,0.0,0.0,0.0,0.0,False
303,GF,2026-06-01,1,0,0.0,0,0.0,0,0.0,0.0,0.0,0.0,0.0,0.0,False
303,GG,2026-06-01,5,4,20.72,0,0.0,0,0.0,0.0,0.0,0.0,0.0,0.0,False
303,GI,2026-06-01,2,1,5.18,0,0.0,0,0.0,0.0,0.0,0.0,0.0,0.0,False
303,GP,2026-06-01,2,1,5.18,0,0.0,0,0.0,0.0,0.0,0.0,0.0,0.0,False
303,GR,2026-06-01,454,318,1509.7480000000003,0,0.0,8,965.0,965.0,0.0,0.0,0.0,0.0,False
303,HK,2026-06-01,3,2,10.36,0,0.0,0,0.0,0.0,0.0,0.0,0.0,0.0,False
303,HR,2026-06-01,121,66,341.88,0,0.0,2,260.0,260.0,0.0,0.0,0.0,0.0,False
303,HU,2026-06-01,153,87,450.6600000000001,0,0.0,1,150.0,150.0,0.0,0.0,0.0,0.0,False
303,ID,2026-06-01,1,0,0.0,0,0.0,0,0.0,0.0,0.0,0.0,0.0,0.0,False
303,IE,2026-06-01,111,67,311.09599999999995,0,0.0,5,1220.0,1220.0,0.0,0.0,0.0,0.0,False
303,IM,2026-06-01,10,3,15.54,0,0.0,0,0.0,0.0,0.0,0.0,0.0,0.0,False
303,IS,2026-06-01,9,7,36.26,0,0.0,1,65.0,65.0,0.0,0.0,0.0,0.0,False
303,IT,2026-06-01,1343,929,4452.58,0,0.0,14,3290.0,3290.0,0.0,0.0,0.0,0.0,True
303,JE,2026-06-01,7,4,20.72,0,0.0,0,0.0,0.0,0.0,0.0,0.0,0.0,False
303,JO,2026-06-01,2,2,6.808,0,0.0,0,0.0,0.0,0.0,0.0,0.0,0.0,False
303,LT,2026-06-01,43,19,98.41999999999999,0,0.0,0,0.0,0.0,0.0,0.0,0.0,0.0,False
303,LU,2026-06-01,4,0,0.0,0,0.0,0,0.0,0.0,0.0,0.0,0.0,0.0,False
303,LV,2026-06-01,38,18,80.28999999999999,0,0.0,2,215.0,215.0,0.0,0.0,0.0,0.0,False
303,MA,2026-06-01,2,2,8.879999999999999,0,0.0,0,0.0,0.0,0.0,0.0,0.0,0.0,False
303,MC,2026-06-01,1,0,0.0,0,0.0,0,0.0,0.0,0.0,0.0,0.0,0.0,False
303,MD,2026-06-01,7,3,15.54,0,0.0,0,0.0,0.0,0.0,0.0,0.0,0.0,False
303,ME,2026-06-01,23,13,67.34,0,0.0,0,0.0,0.0,0.0,0.0,0.0,0.0,False
303,MK,2026-06-01,44,30,155.39999999999998,0,0.0,0,0.0,0.0,0.0,0.0,0.0,0.0,False
303,MT,2026-06-01,87,51,264.18,0,0.0,4,630.0,630.0,0.0,0.0,0.0,0.0,False
303,MX,2026-06-01,160,97,107.66999999999996,0,0.0,0,0.0,0.0,0.0,0.0,0.0,0.0,False
303,NL,2026-06-01,83,45,223.48000000000002,0,0.0,3,280.0,280.0,0.0,0.0,0.0,0.0,False
303,NO,2026-06-01,32,20,96.86600000000001,0,0.0,0,0.0,0.0,0.0,0.0,0.0,0.0,False
303,NZ,2026-06-01,3,0,0.0,0,0.0,0,0.0,0.0,0.0,0.0,0.0,0.0,False
303,PE,2026-06-01,2,1,5.18,0,0.0,0,0.0,0.0,0.0,0.0,0.0,0.0,False
303,PH,2026-06-01,4,3,15.54,0,0.0,0,0.0,0.0,0.0,0.0,0.0,0.0,False
303,PK,2026-06-01,1,0,0.0,0,0.0,0,0.0,0.0,0.0,0.0,0.0,0.0,False
303,PL,2026-06-01,169,99,513.5600000000001,0,0.0,4,580.0,580.0,0.0,0.0,0.0,0.0,False
303,PT,2026-06-01,232,138,714.8400000000003,0,0.0,4,530.0,530.0,0.0,0.0,0.0,0.0,False
303,RO,2026-06-01,101,68,350.76,0,0.0,1,165.0,165.0,0.0,0.0,0.0,0.0,False
303,RS,2026-06-01,113,61,314.204,0,0.0,0,0.0,0.0,0.0,0.0,0.0,0.0,False
303,SA,2026-06-01,1,1,5.55,0,0.0,0,0.0,0.0,0.0,0.0,0.0,0.0,False
303,SE,2026-06-01,84,51,255.152,0,0.0,3,750.0,750.0,0.0,0.0,0.0,0.0,False
303,SG,2026-06-01,1,1,3.7,0,0.0,0,0.0,0.0,0.0,0.0,0.0,0.0,False
303,SI,2026-06-01,65,41,212.38,0,0.0,2,130.0,130.0,0.0,0.0,0.0,0.0,False
303,SK,2026-06-01,71,40,187.51599999999996,0,0.0,3,2075.0,2075.0,0.0,0.0,0.0,0.0,False
303,SM,2026-06-01,1,1,5.18,0,0.0,0,0.0,0.0,0.0,0.0,0.0,0.0,False
303,TH,2026-06-01,5,5,22.644,0,0.0,0,0.0,0.0,0.0,0.0,0.0,0.0,False
303,TR,2026-06-01,1231,658,2927.0699999999993,0,0.0,9,975.0,975.0,0.0,0.0,0.0,0.0,True
303,UNKNOWN,2026-06-01,1,1,5.18,0,0.0,0,0.0,0.0,0.0,0.0,0.0,0.0,False
303,US,2026-06-01,111,59,324.56399999999996,0,0.0,0,0.0,0.0,0.0,0.0,0.0,0.0,False
303,UZ,2026-06-01,1,1,5.18,0,0.0,0,0.0,0.0,0.0,0.0,0.0,0.0,False
303,VN,2026-06-01,1,0,0.0,0,0.0,0,0.0,0.0,0.0,0.0,0.0,0.0,False
303,XK,2026-06-01,35,26,134.68,0,0.0,0,0.0,0.0,0.0,0.0,0.0,0.0,False
413,AE,2026-06-01,5,4,39.959999999999994,0,0.0,0,0.0,0.0,0.0,0.0,0.0,0.0,False
413,AI,2026-06-01,1,0,0.0,0,0.0,0,0.0,0.0,0.0,0.0,0.0,0.0,False
413,AL,2026-06-01,6,6,120.62,0,0.0,0,0.0,0.0,0.0,0.0,0.0,0.0,False
413,AM,2026-06-01,1,1,29.6,0,0.0,0,0.0,0.0,0.0,0.0,0.0,0.0,False
413,AR,2026-06-01,4,4,96.19999999999999,0,0.0,0,0.0,0.0,0.0,0.0,0.0,0.0,False
413,AS,2026-06-01,1,0,0.0,0,0.0,1,110.0,110.0,0.0,0.0,0.0,0.0,False
413,AT,2026-06-01,2,1,22.2,0,0.0,0,0.0,0.0,0.0,0.0,0.0,0.0,False
413,AU,2026-06-01,4964,3827,79432.70999999995,0,0.0,256,235975.0,235420.0,555.0,0.0,0.0,0.0,True
413,AW,2026-06-01,1,1,25.9,0,0.0,0,0.0,0.0,0.0,0.0,0.0,0.0,False
413,AX,2026-06-01,7,6,133.2,0,0.0,1,795.0,795.0,0.0,0.0,0.0,0.0,False
413,AZ,2026-06-01,2,2,19.979999999999997,0,0.0,0,0.0,0.0,0.0,0.0,0.0,0.0,False
413,BB,2026-06-01,6,4,14.799999999999999,0,0.0,0,0.0,0.0,0.0,0.0,0.0,0.0,False
413,BE,2026-06-01,194,150,3629.7000000000003,0,0.0,10,3835.0,3835.0,0.0,0.0,0.0,0.0,False
413,BG,2026-06-01,4,4,111.0,0,0.0,0,0.0,0.0,0.0,0.0,0.0,0.0,False
413,BJ,2026-06-01,3,1,8.879999999999999,0,0.0,0,0.0,0.0,0.0,0.0,0.0,0.0,False
413,BM,2026-06-01,1,1,25.9,0,0.0,0,0.0,0.0,0.0,0.0,0.0,0.0,False
413,BO,2026-06-01,1,1,0.74,0,0.0,0,0.0,0.0,0.0,0.0,0.0,0.0,False
413,BQ,2026-06-01,1,1,0.74,0,0.0,0,0.0,0.0,0.0,0.0,0.0,0.0,False
413,BR,2026-06-01,10,2,26.639999999999997,0,0.0,0,0.0,0.0,0.0,0.0,0.0,0.0,False
413,BS,2026-06-01,2,2,37.0,0,0.0,0,0.0,0.0,0.0,0.0,0.0,0.0,False
413,BT,2026-06-01,1,1,29.6,0,0.0,0,0.0,0.0,0.0,0.0,0.0,0.0,False
413,BW,2026-06-01,9,7,41.44,0,0.0,0,0.0,0.0,0.0,0.0,0.0,0.0,False
413,BZ,2026-06-01,5,3,28.86,0,0.0,1,850.0,850.0,0.0,0.0,0.0,0.0,False
413,CA,2026-06-01,4152,3201,65673.15000000004,0,0.0,151,120285.0,119715.0,570.0,0.0,0.0,0.0,True
413,CH,2026-06-01,176,139,2821.6200000000003,0,0.0,20,13995.0,13950.0,45.0,0.0,0.0,0.0,False
413,CK,2026-06-01,2,2,30.34,0,0.0,0,0.0,0.0,0.0,0.0,0.0,0.0,False
413,CL,2026-06-01,4,2,26.639999999999997,0,0.0,0,0.0,0.0,0.0,0.0,0.0,0.0,False
413,CN,2026-06-01,1,1,11.1,0,0.0,0,0.0,0.0,0.0,0.0,0.0,0.0,False
413,CO,2026-06-01,13,6,80.65999999999998,0,0.0,0,0.0,0.0,0.0,0.0,0.0,0.0,False
413,CR,2026-06-01,12,8,99.9,0,0.0,1,765.0,765.0,0.0,0.0,0.0,0.0,False
413,CV,2026-06-01,1,1,11.1,0,0.0,0,0.0,0.0,0.0,0.0,0.0,0.0,False
413,CW,2026-06-01,3,1,25.9,0,0.0,0,0.0,0.0,0.0,0.0,0.0,0.0,False
413,CY,2026-06-01,3,2,26.639999999999997,0,0.0,0,0.0,0.0,0.0,0.0,0.0,0.0,False
413,CZ,2026-06-01,3,1,22.2,0,0.0,1,675.0,675.0,0.0,0.0,0.0,0.0,False
413,DE,2026-06-01,26,19,367.78,0,0.0,2,315.0,315.0,0.0,0.0,0.0,0.0,False
413,DK,2026-06-01,6,5,69.55999999999999,0,0.0,1,250.0,250.0,0.0,0.0,0.0,0.0,False
413,DO,2026-06-01,3,3,59.199999999999996,0,0.0,0,0.0,0.0,0.0,0.0,0.0,0.0,False
413,DZ,2026-06-01,58,33,117.65999999999998,0,0.0,0,0.0,0.0,0.0,0.0,0.0,0.0,False
413,EC,2026-06-01,6,4,2.96,0,0.0,0,0.0,0.0,0.0,0.0,0.0,0.0,False
413,EE,2026-06-01,2,1,11.1,0,0.0,0,0.0,0.0,0.0,0.0,0.0,0.0,False
413,ES,2026-06-01,30,22,400.34000000000003,0,0.0,0,0.0,0.0,0.0,0.0,0.0,0.0,False
413,FI,2026-06-01,191,145,3079.1399999999994,0,0.0,12,4490.0,4490.0,0.0,0.0,0.0,0.0,False
413,FJ,2026-06-01,10,5,48.1,0,0.0,0,0.0,0.0,0.0,0.0,0.0,0.0,False
413,FR,2026-06-01,25,16,273.8,0,0.0,1,250.0,250.0,0.0,0.0,0.0,0.0,False
413,GB,2026-06-01,4759,3732,60387.700000000186,0,0.0,150,74385.0,74285.0,100.0,0.0,0.0,0.0,True
413,GG,2026-06-01,1,1,25.9,0,0.0,0,0.0,0.0,0.0,0.0,0.0,0.0,False
413,GR,2026-06-01,18,16,286.37999999999994,0,0.0,0,0.0,0.0,0.0,0.0,0.0,0.0,False
413,GU,2026-06-01,2,1,0.74,0,0.0,0,0.0,0.0,0.0,0.0,0.0,0.0,False
413,GY,2026-06-01,7,3,31.08,0,0.0,0,0.0,0.0,0.0,0.0,0.0,0.0,False
413,HK,2026-06-01,1,0,0.0,0,0.0,0,0.0,0.0,0.0,0.0,0.0,0.0,False
413,HR,2026-06-01,2,2,31.82,0,0.0,0,0.0,0.0,0.0,0.0,0.0,0.0,False
413,HU,2026-06-01,3,2,62.9,0,0.0,0,0.0,0.0,0.0,0.0,0.0,0.0,False
413,ID,2026-06-01,2,0,0.0,0,0.0,0,0.0,0.0,0.0,0.0,0.0,0.0,False
413,IE,2026-06-01,13,7,109.51999999999998,0,0.0,0,0.0,0.0,0.0,0.0,0.0,0.0,False
413,IL,2026-06-01,322,239,4986.860000000001,0,0.0,11,15260.0,15260.0,0.0,0.0,0.0,0.0,False
413,IM,2026-06-01,1,0,0.0,0,0.0,0,0.0,0.0,0.0,0.0,0.0,0.0,False
413,IN,2026-06-01,227,139,549.8199999999998,0,0.0,1,65.0,65.0,0.0,0.0,0.0,0.0,False
413,IS,2026-06-01,55,47,990.8599999999999,0,0.0,10,8640.0,8515.0,125.0,0.0,0.0,0.0,False
413,IT,2026-06-01,17,14,196.83999999999997,0,0.0,0,0.0,0.0,0.0,0.0,0.0,0.0,False
413,JE,2026-06-01,1,0,0.0,0,0.0,0,0.0,0.0,0.0,0.0,0.0,0.0,False
413,JM,2026-06-01,27,10,26.64,0,0.0,0,0.0,0.0,0.0,0.0,0.0,0.0,False
413,JO,2026-06-01,2,1,22.2,0,0.0,0,0.0,0.0,0.0,0.0,0.0,0.0,False
413,JP,2026-06-01,20,14,259.0,0,0.0,0,0.0,0.0,0.0,0.0,0.0,0.0,False
413,KE,2026-06-01,90,40,140.59999999999997,0,0.0,0,0.0,0.0,0.0,0.0,0.0,0.0,False
413,KI,2026-06-01,2,0,0.0,0,0.0,0,0.0,0.0,0.0,0.0,0.0,0.0,False
413,KN,2026-06-01,1,1,0.74,0,0.0,0,0.0,0.0,0.0,0.0,0.0,0.0,False
413,KR,2026-06-01,3,2,51.8,0,0.0,0,0.0,0.0,0.0,0.0,0.0,0.0,False
413,KW,2026-06-01,1,0,0.0,0,0.0,0,0.0,0.0,0.0,0.0,0.0,0.0,False
413,LA,2026-06-01,1,1,4.4399999999999995,0,0.0,0,0.0,0.0,0.0,0.0,0.0,0.0,False
413,LI,2026-06-01,1,1,0.74,0,0.0,0,0.0,0.0,0.0,0.0,0.0,0.0,False
413,LU,2026-06-01,29,24,543.9,0,0.0,2,470.0,470.0,0.0,0.0,0.0,0.0,False
413,LV,2026-06-01,1,1,0.74,0,0.0,0,0.0,0.0,0.0,0.0,0.0,0.0,False
413,ME,2026-06-01,1,1,25.9,0,0.0,0,0.0,0.0,0.0,0.0,0.0,0.0,False
413,MG,2026-06-01,1,1,0.74,0,0.0,0,0.0,0.0,0.0,0.0,0.0,0.0,False
413,MK,2026-06-01,2,2,38.480000000000004,0,0.0,0,0.0,0.0,0.0,0.0,0.0,0.0,False
413,MR,2026-06-01,2,2,9.62,0,0.0,0,0.0,0.0,0.0,0.0,0.0,0.0,False
413,MS,2026-06-01,1,1,11.1,0,0.0,0,0.0,0.0,0.0,0.0,0.0,0.0,False
413,MT,2026-06-01,5,5,113.22,0,0.0,0,0.0,0.0,0.0,0.0,0.0,0.0,False
413,MU,2026-06-01,9,7,45.879999999999995,0,0.0,0,0.0,0.0,0.0,0.0,0.0,0.0,False
413,MV,2026-06-01,1,1,5.92,0,0.0,0,0.0,0.0,0.0,0.0,0.0,0.0,False
413,MX,2026-06-01,36,26,409.96000000000004,0,0.0,1,1000.0,1000.0,0.0,0.0,0.0,0.0,False
413,MY,2026-06-01,15,14,136.9,0,0.0,0,0.0,0.0,0.0,0.0,0.0,0.0,False
413,MZ,2026-06-01,1,0,0.0,0,0.0,0,0.0,0.0,0.0,0.0,0.0,0.0,False
413,NA,2026-06-01,6,5,31.819999999999993,0,0.0,0,0.0,0.0,0.0,0.0,0.0,0.0,False
413,NL,2026-06-01,795,618,12720.969999999998,0,0.0,65,25535.0,25410.0,125.0,0.0,0.0,0.0,True
413,NO,2026-06-01,410,321,6843.5199999999995,0,0.0,20,15835.0,15710.0,125.0,0.0,0.0,0.0,False
413,NZ,2026-06-01,1263,965,19440.54,0,0.0,46,49345.0,48960.0,385.0,0.0,0.0,0.0,True
413,OM,2026-06-01,1,1,4.4399999999999995,0,0.0,0,0.0,0.0,0.0,0.0,0.0,0.0,False
413,PA,2026-06-01,4,3,57.72,0,0.0,0,0.0,0.0,0.0,0.0,0.0,0.0,False
413,PE,2026-06-01,4,1,8.879999999999999,0,0.0,0,0.0,0.0,0.0,0.0,0.0,0.0,False
413,PF,2026-06-01,1,0,0.0,0,0.0,0,0.0,0.0,0.0,0.0,0.0,0.0,False
413,PG,2026-06-01,1,0,0.0,0,0.0,0,0.0,0.0,0.0,0.0,0.0,0.0,False
413,PH,2026-06-01,27,16,321.9,0,0.0,2,265.0,265.0,0.0,0.0,0.0,0.0,False
413,PL,2026-06-01,9,7,133.94,0,0.0,0,0.0,0.0,0.0,0.0,0.0,0.0,False
413,PR,2026-06-01,8,7,73.25999999999999,0,0.0,0,0.0,0.0,0.0,0.0,0.0,0.0,False
413,PT,2026-06-01,11,9,91.76,0,0.0,0,0.0,0.0,0.0,0.0,0.0,0.0,False
413,PY,2026-06-01,1,1,11.1,0,0.0,0,0.0,0.0,0.0,0.0,0.0,0.0,False
413,QA,2026-06-01,1,0,0.0,0,0.0,0,0.0,0.0,0.0,0.0,0.0,0.0,False
413,RO,2026-06-01,6,6,72.52,0,0.0,0,0.0,0.0,0.0,0.0,0.0,0.0,False
413,RS,2026-06-01,4,2,9.62,0,0.0,0,0.0,0.0,0.0,0.0,0.0,0.0,False
413,SA,2026-06-01,1,1,22.2,0,0.0,0,0.0,0.0,0.0,0.0,0.0,0.0,False
413,SC,2026-06-01,2,1,8.879999999999999,0,0.0,0,0.0,0.0,0.0,0.0,0.0,0.0,False
413,SE,2026-06-01,692,545,11284.260000000002,0,0.0,33,16155.0,16155.0,0.0,0.0,0.0,0.0,True
413,SG,2026-06-01,14,12,204.98,0,0.0,1,150.0,150.0,0.0,0.0,0.0,0.0,False
413,SK,2026-06-01,1,1,8.879999999999999,0,0.0,0,0.0,0.0,0.0,0.0,0.0,0.0,False
413,SR,2026-06-01,4,2,5.18,0,0.0,0,0.0,0.0,0.0,0.0,0.0,0.0,False
413,SV,2026-06-01,2,2,11.84,0,0.0,0,0.0,0.0,0.0,0.0,0.0,0.0,False
413,TD,2026-06-01,2,0,0.0,0,0.0,0,0.0,0.0,0.0,0.0,0.0,0.0,False
413,TH,2026-06-01,35,27,513.56,0,0.0,1,1370.0,1370.0,0.0,0.0,0.0,0.0,False
413,TO,2026-06-01,3,2,17.759999999999998,0,0.0,0,0.0,0.0,0.0,0.0,0.0,0.0,False
413,TR,2026-06-01,15,9,114.69999999999999,0,0.0,0,0.0,0.0,0.0,0.0,0.0,0.0,False
413,TT,2026-06-01,1,0,0.0,0,0.0,0,0.0,0.0,0.0,0.0,0.0,0.0,False
413,TW,2026-06-01,4,3,70.3,0,0.0,0,0.0,0.0,0.0,0.0,0.0,0.0,False
413,UNKNOWN,2026-06-01,1,0,0.0,0,0.0,0,0.0,0.0,0.0,0.0,0.0,0.0,False
413,US,2026-06-01,40833,31586,609034.0599999948,0,0.0,1919,2400865.0,2393250.0,7615.0,0.0,0.0,0.0,True
413,UY,2026-06-01,3,2,26.639999999999997,0,0.0,0,0.0,0.0,0.0,0.0,0.0,0.0,False
413,UZ,2026-06-01,2,0,0.0,0,0.0,0,0.0,0.0,0.0,0.0,0.0,0.0,False
413,VC,2026-06-01,1,0,0.0,0,0.0,0,0.0,0.0,0.0,0.0,0.0,0.0,False
413,VN,2026-06-01,26,18,389.97999999999996,0,0.0,2,535.0,535.0,0.0,0.0,0.0,0.0,False
413,WS,2026-06-01,2,1,0.74,0,0.0,0,0.0,0.0,0.0,0.0,0.0,0.0,False
413,ZA,2026-06-01,37,24,148.0,0,0.0,0,0.0,0.0,0.0,0.0,0.0,0.0,False
427,AE,2026-06-01,8,5,70.3,0,0.0,0,0.0,0.0,0.0,0.0,0.0,0.0,False
427,AI,2026-06-01,2,1,1.48,0,0.0,0,0.0,0.0,0.0,0.0,0.0,0.0,False
427,AL,2026-06-01,1,1,22.2,0,0.0,1,150.0,150.0,0.0,0.0,0.0,0.0,False
427,AO,2026-06-01,2,2,39.22,0,0.0,0,0.0,0.0,0.0,0.0,0.0,0.0,False
427,AQ,2026-06-01,1,1,25.9,0,0.0,0,0.0,0.0,0.0,0.0,0.0,0.0,False
427,AR,2026-06-01,1,1,22.2,0,0.0,0,0.0,0.0,0.0,0.0,0.0,0.0,False
427,AT,2026-06-01,2,1,22.2,0,0.0,0,0.0,0.0,0.0,0.0,0.0,0.0,False
427,AU,2026-06-01,4716,3753,67144.63999999988,0,0.0,259,170890.0,170800.0,90.0,0.0,0.0,0.0,True
427,AW,2026-06-01,1,1,22.2,0,0.0,0,0.0,0.0,0.0,0.0,0.0,0.0,False
427,AX,2026-06-01,2,2,14.8,0,0.0,0,0.0,0.0,0.0,0.0,0.0,0.0,False
427,BA,2026-06-01,1,1,7.4,0,0.0,0,0.0,0.0,0.0,0.0,0.0,0.0,False
427,BE,2026-06-01,6,5,66.60000000000001,0,0.0,1,65.0,65.0,0.0,0.0,0.0,0.0,False
427,BG,2026-06-01,5,5,48.1,0,0.0,1,65.0,65.0,0.0,0.0,0.0,0.0,False
427,BH,2026-06-01,1,1,1.48,0,0.0,0,0.0,0.0,0.0,0.0,0.0,0.0,False
427,BM,2026-06-01,1,1,22.2,0,0.0,0,0.0,0.0,0.0,0.0,0.0,0.0,False
427,BR,2026-06-01,7,4,47.36,0,0.0,0,0.0,0.0,0.0,0.0,0.0,0.0,False
427,BS,2026-06-01,2,2,38.48,0,0.0,0,0.0,0.0,0.0,0.0,0.0,0.0,False
427,BZ,2026-06-01,3,3,10.36,0,0.0,0,0.0,0.0,0.0,0.0,0.0,0.0,False
427,CA,2026-06-01,3697,2903,53678.11999999996,0,0.0,133,63220.0,62820.0,400.0,0.0,0.0,0.0,True
427,CH,2026-06-01,51,40,509.86,0,0.0,7,4040.0,3995.0,45.0,0.0,0.0,0.0,False
427,CK,2026-06-01,1,1,22.2,0,0.0,0,0.0,0.0,0.0,0.0,0.0,0.0,False
427,CL,2026-06-01,1,1,7.4,0,0.0,0,0.0,0.0,0.0,0.0,0.0,0.0,False
427,CN,2026-06-01,1,1,14.8,0,0.0,0,0.0,0.0,0.0,0.0,0.0,0.0,False
427,CO,2026-06-01,10,6,79.91999999999999,0,0.0,1,195.0,195.0,0.0,0.0,0.0,0.0,False
427,CR,2026-06-01,6,6,117.66,0,0.0,1,695.0,695.0,0.0,0.0,0.0,0.0,False
427,CW,2026-06-01,1,1,1.48,0,0.0,0,0.0,0.0,0.0,0.0,0.0,0.0,False
427,CY,2026-06-01,4,4,68.08,0,0.0,0,0.0,0.0,0.0,0.0,0.0,0.0,False
427,CZ,2026-06-01,2,0,0.0,0,0.0,0,0.0,0.0,0.0,0.0,0.0,0.0,False
427,DE,2026-06-01,285,212,2502.6799999999994,0,0.0,10,8145.0,8145.0,0.0,0.0,0.0,0.0,False
427,DJ,2026-06-01,1,0,0.0,0,0.0,0,0.0,0.0,0.0,0.0,0.0,0.0,False
427,DK,2026-06-01,3,3,29.6,0,0.0,0,0.0,0.0,0.0,0.0,0.0,0.0,False
427,DO,2026-06-01,3,3,45.13999999999999,0,0.0,0,0.0,0.0,0.0,0.0,0.0,0.0,False
427,DZ,2026-06-01,15,11,16.28,0,0.0,0,0.0,0.0,0.0,0.0,0.0,0.0,False
427,EC,2026-06-01,3,3,30.340000000000003,0,0.0,0,0.0,0.0,0.0,0.0,0.0,0.0,False
427,ES,2026-06-01,468,382,4636.099999999998,0,0.0,22,9845.0,9845.0,0.0,0.0,0.0,0.0,False
427,FI,2026-06-01,31,19,225.70000000000002,0,0.0,1,625.0,625.0,0.0,0.0,0.0,0.0,False
427,FR,2026-06-01,360,281,3534.9799999999977,0,0.0,11,2910.0,2910.0,0.0,0.0,0.0,0.0,False
427,GB,2026-06-01,9312,7470,113927.51399999992,0,0.0,418,337620.0,336255.0,1365.0,0.0,0.0,0.0,True
427,GF,2026-06-01,2,0,0.0,0,0.0,0,0.0,0.0,0.0,0.0,0.0,0.0,False
427,GI,2026-06-01,1,0,0.0,0,0.0,0,0.0,0.0,0.0,0.0,0.0,0.0,False
427,GM,2026-06-01,1,1,22.2,0,0.0,0,0.0,0.0,0.0,0.0,0.0,0.0,False
427,GR,2026-06-01,9,7,96.2,0,0.0,2,315.0,315.0,0.0,0.0,0.0,0.0,False
427,GT,2026-06-01,1,1,16.28,0,0.0,0,0.0,0.0,0.0,0.0,0.0,0.0,False
427,GU,2026-06-01,2,1,7.4,0,0.0,0,0.0,0.0,0.0,0.0,0.0,0.0,False
427,GY,2026-06-01,2,0,0.0,0,0.0,0,0.0,0.0,0.0,0.0,0.0,0.0,False
427,HK,2026-06-01,5,4,44.4,0,0.0,0,0.0,0.0,0.0,0.0,0.0,0.0,False
427,ID,2026-06-01,3,2,42.92,0,0.0,0,0.0,0.0,0.0,0.0,0.0,0.0,False
427,IE,2026-06-01,10,9,103.6,0,0.0,0,0.0,0.0,0.0,0.0,0.0,0.0,False
427,IL,2026-06-01,2,2,28.86,0,0.0,0,0.0,0.0,0.0,0.0,0.0,0.0,False
427,IN,2026-06-01,40,23,45.879999999999995,0,0.0,0,0.0,0.0,0.0,0.0,0.0,0.0,False
427,IT,2026-06-01,654,480,6040.619999999997,0,0.0,21,14060.0,14060.0,0.0,0.0,0.0,0.0,True
427,JE,2026-06-01,2,2,44.4,0,0.0,0,0.0,0.0,0.0,0.0,0.0,0.0,False
427,JM,2026-06-01,5,2,2.96,0,0.0,0,0.0,0.0,0.0,0.0,0.0,0.0,False
427,JO,2026-06-01,1,1,22.2,0,0.0,0,0.0,0.0,0.0,0.0,0.0,0.0,False
427,JP,2026-06-01,10,7,125.80000000000001,0,0.0,0,0.0,0.0,0.0,0.0,0.0,0.0,False
427,KE,2026-06-01,7,1,1.48,0,0.0,0,0.0,0.0,0.0,0.0,0.0,0.0,False
427,KR,2026-06-01,4,3,42.92,0,0.0,0,0.0,0.0,0.0,0.0,0.0,0.0,False
427,KW,2026-06-01,1,1,7.4,0,0.0,0,0.0,0.0,0.0,0.0,0.0,0.0,False
427,LA,2026-06-01,1,1,7.4,0,0.0,0,0.0,0.0,0.0,0.0,0.0,0.0,False
427,LU,2026-06-01,11,8,103.60000000000001,0,0.0,0,0.0,0.0,0.0,0.0,0.0,0.0,False
427,MA,2026-06-01,3,3,34.04,0,0.0,1,865.0,865.0,0.0,0.0,0.0,0.0,False
427,ME,2026-06-01,1,1,7.4,0,0.0,0,0.0,0.0,0.0,0.0,0.0,0.0,False
427,MK,2026-06-01,1,1,22.2,0,0.0,0,0.0,0.0,0.0,0.0,0.0,0.0,False
427,MO,2026-06-01,1,1,14.8,0,0.0,0,0.0,0.0,0.0,0.0,0.0,0.0,False
427,MT,2026-06-01,2,1,7.4,0,0.0,0,0.0,0.0,0.0,0.0,0.0,0.0,False
427,MU,2026-06-01,1,1,19.24,0,0.0,0,0.0,0.0,0.0,0.0,0.0,0.0,False
427,MV,2026-06-01,1,1,22.2,0,0.0,0,0.0,0.0,0.0,0.0,0.0,0.0,False
427,MX,2026-06-01,33,26,422.5400000000001,0,0.0,2,2110.0,2110.0,0.0,0.0,0.0,0.0,False
427,MY,2026-06-01,5,4,51.8,0,0.0,0,0.0,0.0,0.0,0.0,0.0,0.0,False
427,NL,2026-06-01,160,129,1560.6600000000003,0,0.0,9,2150.0,2015.0,135.0,0.0,0.0,0.0,False
427,NO,2026-06-01,64,55,695.6,0,0.0,0,0.0,0.0,0.0,0.0,0.0,0.0,False
427,NZ,2026-06-01,1054,849,14890.428000000004,0,0.0,39,29350.0,29305.0,45.0,0.0,0.0,0.0,True
427,PA,2026-06-01,4,3,55.5,0,0.0,1,995.0,950.0,45.0,0.0,0.0,0.0,False
427,PE,2026-06-01,2,2,18.5,0,0.0,0,0.0,0.0,0.0,0.0,0.0,0.0,False
427,PG,2026-06-01,2,1,28.12,0,0.0,0,0.0,0.0,0.0,0.0,0.0,0.0,False
427,PH,2026-06-01,15,10,162.8,0,0.0,2,485.0,485.0,0.0,0.0,0.0,0.0,False
427,PL,2026-06-01,12,6,108.03999999999999,0,0.0,0,0.0,0.0,0.0,0.0,0.0,0.0,False
427,PR,2026-06-01,14,11,167.23999999999998,0,0.0,1,110.0,110.0,0.0,0.0,0.0,0.0,False
427,PT,2026-06-01,8,4,48.84,0,0.0,1,1445.0,1445.0,0.0,0.0,0.0,0.0,False
427,QA,2026-06-01,1,0,0.0,0,0.0,0,0.0,0.0,0.0,0.0,0.0,0.0,False
427,RO,2026-06-01,9,7,108.77999999999999,0,0.0,0,0.0,0.0,0.0,0.0,0.0,0.0,False
427,RS,2026-06-01,2,2,14.8,0,0.0,0,0.0,0.0,0.0,0.0,0.0,0.0,False
427,SE,2026-06-01,113,89,999.0000000000002,0,0.0,5,2940.0,2940.0,0.0,0.0,0.0,0.0,False
427,SG,2026-06-01,9,8,108.78,0,0.0,0,0.0,0.0,0.0,0.0,0.0,0.0,False
427,SI,2026-06-01,1,1,14.8,0,0.0,0,0.0,0.0,0.0,0.0,0.0,0.0,False
427,SM,2026-06-01,1,0,0.0,0,0.0,0,0.0,0.0,0.0,0.0,0.0,0.0,False
427,SR,2026-06-01,1,1,1.48,0,0.0,0,0.0,0.0,0.0,0.0,0.0,0.0,False
427,SV,2026-06-01,2,1,17.759999999999998,0,0.0,0,0.0,0.0,0.0,0.0,0.0,0.0,False
427,TC,2026-06-01,2,2,28.86,0,0.0,1,250.0,250.0,0.0,0.0,0.0,0.0,False
427,TH,2026-06-01,32,25,398.86,0,0.0,1,750.0,750.0,0.0,0.0,0.0,0.0,False
427,TR,2026-06-01,12,10,146.52,0,0.0,0,0.0,0.0,0.0,0.0,0.0,0.0,False
427,TT,2026-06-01,1,1,18.5,0,0.0,0,0.0,0.0,0.0,0.0,0.0,0.0,False
427,TW,2026-06-01,1,0,0.0,0,0.0,0,0.0,0.0,0.0,0.0,0.0,0.0,False
427,UG,2026-06-01,1,1,11.1,0,0.0,0,0.0,0.0,0.0,0.0,0.0,0.0,False
427,UNKNOWN,2026-06-01,2,2,26.64,0,0.0,0,0.0,0.0,0.0,0.0,0.0,0.0,False
427,US,2026-06-01,38504,30521,543100.7999999974,0,0.0,1806,1594580.0,1582995.0,11585.0,0.0,0.0,0.0,True
427,VN,2026-06-01,10,10,184.26000000000002,0,0.0,1,315.0,315.0,0.0,0.0,0.0,0.0,False
427,WS,2026-06-01,2,0,0.0,0,0.0,0,0.0,0.0,0.0,0.0,0.0,0.0,False
427,ZA,2026-06-01,14,11,65.86,0,0.0,0,0.0,0.0,0.0,0.0,0.0,0.0,False
523,AD,2026-06-01,2,1,2.2199999999999998,0,0.0,1,150.0,150.0,0.0,0.0,0.0,0.0,False
523,AE,2026-06-01,28,6,14.799999999999997,0,0.0,0,0.0,0.0,0.0,0.0,0.0,0.0,False
523,AG,2026-06-01,3,2,11.100000000000001,0,0.0,0,0.0,0.0,0.0,0.0,0.0,0.0,False
523,AI,2026-06-01,1,1,3.7,0,0.0,0,0.0,0.0,0.0,0.0,0.0,0.0,False
523,AL,2026-06-01,12,3,6.659999999999999,0,0.0,0,0.0,0.0,0.0,0.0,0.0,0.0,False
523,AM,2026-06-01,2,1,3.7,0,0.0,0,0.0,0.0,0.0,0.0,0.0,0.0,False
523,AO,2026-06-01,232,50,12.949999999999998,0,0.0,0,0.0,0.0,0.0,0.0,0.0,0.0,False
523,AQ,2026-06-01,1,0,0.0,0,0.0,0,0.0,0.0,0.0,0.0,0.0,0.0,False
523,AR,2026-06-01,76,11,25.418999999999997,0,0.0,2,100.0,100.0,0.0,0.0,0.0,0.0,False
523,AS,2026-06-01,3,1,2.2199999999999998,0,0.0,0,0.0,0.0,0.0,0.0,0.0,0.0,False
523,AT,2026-06-01,15,1,3.7,0,0.0,0,0.0,0.0,0.0,0.0,0.0,0.0,False
523,AU,2026-06-01,796,289,1006.4000000000001,0,0.0,11,2425.0,2425.0,0.0,0.0,0.0,0.0,True
523,AW,2026-06-01,2,1,2.2199999999999998,0,0.0,0,0.0,0.0,0.0,0.0,0.0,0.0,False
523,AX,2026-06-01,1,0,0.0,0,0.0,0,0.0,0.0,0.0,0.0,0.0,0.0,False
523,AZ,2026-06-01,5,2,4.4399999999999995,0,0.0,0,0.0,0.0,0.0,0.0,0.0,0.0,False
523,BB,2026-06-01,1,0,0.0,0,0.0,0,0.0,0.0,0.0,0.0,0.0,0.0,False
523,BD,2026-06-01,204,42,119.87999999999997,0,0.0,0,0.0,0.0,0.0,0.0,0.0,0.0,False
523,BE,2026-06-01,85,27,84.72999999999999,0,0.0,2,230.0,230.0,0.0,0.0,0.0,0.0,False
523,BF,2026-06-01,102,6,13.319999999999997,0,0.0,0,0.0,0.0,0.0,0.0,0.0,0.0,False
523,BG,2026-06-01,12,3,8.14,0,0.0,0,0.0,0.0,0.0,0.0,0.0,0.0,False
523,BH,2026-06-01,3,0,0.0,0,0.0,0,0.0,0.0,0.0,0.0,0.0,0.0,False
523,BJ,2026-06-01,32,2,4.4399999999999995,0,0.0,0,0.0,0.0,0.0,0.0,0.0,0.0,False
523,BO,2026-06-01,7,0,0.0,0,0.0,0,0.0,0.0,0.0,0.0,0.0,0.0,False
523,BQ,2026-06-01,1,1,2.2199999999999998,0,0.0,0,0.0,0.0,0.0,0.0,0.0,0.0,False
523,BR,2026-06-01,50557,17909,4798.678000000098,0,0.0,138,16250.0,16185.0,65.0,0.0,0.0,0.0,True
523,BS,2026-06-01,13,5,11.099999999999998,0,0.0,0,0.0,0.0,0.0,0.0,0.0,0.0,False
523,BT,2026-06-01,5,0,0.0,0,0.0,0,0.0,0.0,0.0,0.0,0.0,0.0,False
523,BW,2026-06-01,53,8,17.759999999999998,0,0.0,0,0.0,0.0,0.0,0.0,0.0,0.0,False
523,BZ,2026-06-01,3,0,0.0,0,0.0,0,0.0,0.0,0.0,0.0,0.0,0.0,False
523,CA,2026-06-01,4260,1363,3936.8370000000054,0,0.0,39,10265.0,10265.0,0.0,0.0,0.0,0.0,True
523,CH,2026-06-01,98,14,42.92,0,0.0,0,0.0,0.0,0.0,0.0,0.0,0.0,False
523,CI,2026-06-01,130,17,37.739999999999995,0,0.0,0,0.0,0.0,0.0,0.0,0.0,0.0,False
523,CL,2026-06-01,350,116,35.44599999999999,0,0.0,2,130.0,130.0,0.0,0.0,0.0,0.0,False
523,CM,2026-06-01,93,17,37.739999999999995,0,0.0,0,0.0,0.0,0.0,0.0,0.0,0.0,False
523,CN,2026-06-01,11,3,7.659000000000001,0,0.0,0,0.0,0.0,0.0,0.0,0.0,0.0,False
523,CO,2026-06-01,152,25,59.977,0,0.0,0,0.0,0.0,0.0,0.0,0.0,0.0,False
523,CR,2026-06-01,20,4,9.879000000000001,0,0.0,0,0.0,0.0,0.0,0.0,0.0,0.0,False
523,CV,2026-06-01,51,8,4.0329999999999995,0,0.0,0,0.0,0.0,0.0,0.0,0.0,0.0,False
523,CW,2026-06-01,1,0,0.0,0,0.0,0,0.0,0.0,0.0,0.0,0.0,0.0,False
523,CY,2026-06-01,1,0,0.0,0,0.0,0,0.0,0.0,0.0,0.0,0.0,0.0,False
523,CZ,2026-06-01,7,1,2.2199999999999998,0,0.0,0,0.0,0.0,0.0,0.0,0.0,0.0,False
523,DE,2026-06-01,217,34,102.12,0,0.0,0,0.0,0.0,0.0,0.0,0.0,0.0,False
523,DK,2026-06-01,1,1,3.7,0,0.0,0,0.0,0.0,0.0,0.0,0.0,0.0,False
523,DO,2026-06-01,214,30,82.88,0,0.0,1,110.0,110.0,0.0,0.0,0.0,0.0,False
523,DZ,2026-06-01,3,0,0.0,0,0.0,0,0.0,0.0,0.0,0.0,0.0,0.0,False
523,EC,2026-06-01,9,1,0.259,0,0.0,0,0.0,0.0,0.0,0.0,0.0,0.0,False
523,EE,2026-06-01,10,3,9.620000000000001,0,0.0,0,0.0,0.0,0.0,0.0,0.0,0.0,False
523,ES,2026-06-01,110,19,62.16,0,0.0,0,0.0,0.0,0.0,0.0,0.0,0.0,False
523,ET,2026-06-01,1,0,0.0,0,0.0,0,0.0,0.0,0.0,0.0,0.0,0.0,False
523,FI,2026-06-01,79,17,114.7,0,0.0,1,65.0,65.0,0.0,0.0,0.0,0.0,False
523,FJ,2026-06-01,19,4,8.879999999999999,0,0.0,0,0.0,0.0,0.0,0.0,0.0,0.0,False
523,FK,2026-06-01,1,1,3.7,0,0.0,0,0.0,0.0,0.0,0.0,0.0,0.0,False
523,FM,2026-06-01,2,0,0.0,0,0.0,0,0.0,0.0,0.0,0.0,0.0,0.0,False
523,FR,2026-06-01,1053,126,350.75999999999993,0,0.0,0,0.0,0.0,0.0,0.0,0.0,0.0,True
523,GA,2026-06-01,23,5,11.099999999999998,0,0.0,0,0.0,0.0,0.0,0.0,0.0,0.0,False
523,GB,2026-06-01,5871,1863,6148.660000000021,0,0.0,73,16070.0,15935.0,135.0,0.0,0.0,0.0,True
523,GH,2026-06-01,1,0,0.0,0,0.0,0,0.0,0.0,0.0,0.0,0.0,0.0,False
523,GM,2026-06-01,174,27,85.47,0,0.0,0,0.0,0.0,0.0,0.0,0.0,0.0,False
523,GN,2026-06-01,49,2,4.4399999999999995,0,0.0,0,0.0,0.0,0.0,0.0,0.0,0.0,False
523,GQ,2026-06-01,4,0,0.0,0,0.0,0,0.0,0.0,0.0,0.0,0.0,0.0,False
523,GR,2026-06-01,10,0,0.0,0,0.0,0,0.0,0.0,0.0,0.0,0.0,0.0,False
523,GT,2026-06-01,7,1,2.2199999999999998,0,0.0,0,0.0,0.0,0.0,0.0,0.0,0.0,False
523,GU,2026-06-01,2,0,0.0,0,0.0,0,0.0,0.0,0.0,0.0,0.0,0.0,False
523,GY,2026-06-01,194,32,79.17999999999998,0,0.0,0,0.0,0.0,0.0,0.0,0.0,0.0,False
523,HK,2026-06-01,137,28,26.381,0,0.0,0,0.0,0.0,0.0,0.0,0.0,0.0,False
523,HN,2026-06-01,35,5,14.059999999999999,0,0.0,0,0.0,0.0,0.0,0.0,0.0,0.0,False
523,HR,2026-06-01,1,1,7.4,0,0.0,0,0.0,0.0,0.0,0.0,0.0,0.0,False
523,HU,2026-06-01,1,0,0.0,0,0.0,0,0.0,0.0,0.0,0.0,0.0,0.0,False
523,ID,2026-06-01,192,60,195.35999999999999,0,0.0,0,0.0,0.0,0.0,0.0,0.0,0.0,False
523,IE,2026-06-01,5,2,5.92,0,0.0,0,0.0,0.0,0.0,0.0,0.0,0.0,False
523,IL,2026-06-01,2,1,2.2199999999999998,0,0.0,0,0.0,0.0,0.0,0.0,0.0,0.0,False
523,IN,2026-06-01,112,12,26.639999999999993,0,0.0,0,0.0,0.0,0.0,0.0,0.0,0.0,False
523,IQ,2026-06-01,1,0,0.0,0,0.0,0,0.0,0.0,0.0,0.0,0.0,0.0,False
523,IR,2026-06-01,3,2,5.92,0,0.0,0,0.0,0.0,0.0,0.0,0.0,0.0,False
523,IT,2026-06-01,103,15,36.25999999999999,0,0.0,0,0.0,0.0,0.0,0.0,0.0,0.0,False
523,JE,2026-06-01,2,0,0.0,0,0.0,0,0.0,0.0,0.0,0.0,0.0,0.0,False
523,JM,2026-06-01,24,6,20.72,0,0.0,0,0.0,0.0,0.0,0.0,0.0,0.0,False
523,JP,2026-06-01,36,1,2.2199999999999998,0,0.0,0,0.0,0.0,0.0,0.0,0.0,0.0,False
523,KE,2026-06-01,1,0,0.0,0,0.0,0,0.0,0.0,0.0,0.0,0.0,0.0,False
523,KG,2026-06-01,1,0,0.0,0,0.0,0,0.0,0.0,0.0,0.0,0.0,0.0,False
523,KH,2026-06-01,3,0,0.0,0,0.0,0,0.0,0.0,0.0,0.0,0.0,0.0,False
523,KI,2026-06-01,65,13,33.29999999999999,0,0.0,0,0.0,0.0,0.0,0.0,0.0,0.0,False
523,KR,2026-06-01,354,60,21.422999999999995,0,0.0,2,130.0,130.0,0.0,0.0,0.0,0.0,False
523,KW,2026-06-01,1,1,2.2199999999999998,0,0.0,0,0.0,0.0,0.0,0.0,0.0,0.0,False
523,KY,2026-06-01,3,1,2.2199999999999998,0,0.0,0,0.0,0.0,0.0,0.0,0.0,0.0,False
523,KZ,2026-06-01,2,0,0.0,0,0.0,0,0.0,0.0,0.0,0.0,0.0,0.0,False
523,LA,2026-06-01,19,4,8.879999999999999,0,0.0,0,0.0,0.0,0.0,0.0,0.0,0.0,False
523,LT,2026-06-01,25,3,14.8,0,0.0,0,0.0,0.0,0.0,0.0,0.0,0.0,False
523,LU,2026-06-01,2,1,3.7,0,0.0,0,0.0,0.0,0.0,0.0,0.0,0.0,False
523,LV,2026-06-01,12,4,18.5,0,0.0,0,0.0,0.0,0.0,0.0,0.0,0.0,False
523,MC,2026-06-01,1,0,0.0,0,0.0,0,0.0,0.0,0.0,0.0,0.0,0.0,False
523,MD,2026-06-01,3,1,2.2199999999999998,0,0.0,0,0.0,0.0,0.0,0.0,0.0,0.0,False
523,MF,2026-06-01,1,1,2.2199999999999998,0,0.0,0,0.0,0.0,0.0,0.0,0.0,0.0,False
523,MG,2026-06-01,17,1,2.2199999999999998,0,0.0,0,0.0,0.0,0.0,0.0,0.0,0.0,False
523,MH,2026-06-01,12,1,2.2199999999999998,0,0.0,0,0.0,0.0,0.0,0.0,0.0,0.0,False
523,MN,2026-06-01,3,0,0.0,0,0.0,0,0.0,0.0,0.0,0.0,0.0,0.0,False
523,MQ,2026-06-01,1,0,0.0,0,0.0,0,0.0,0.0,0.0,0.0,0.0,0.0,False
523,MR,2026-06-01,4,0,0.0,0,0.0,0,0.0,0.0,0.0,0.0,0.0,0.0,False
523,MV,2026-06-01,3,1,3.7,0,0.0,0,0.0,0.0,0.0,0.0,0.0,0.0,False
523,MW,2026-06-01,9,1,2.2199999999999998,0,0.0,0,0.0,0.0,0.0,0.0,0.0,0.0,False
523,MX,2026-06-01,4419,731,357.3460000000002,0,0.0,5,2265.0,2265.0,0.0,0.0,0.0,0.0,True
523,MY,2026-06-01,722,125,39.73800000000001,0,0.0,1,65.0,65.0,0.0,0.0,0.0,0.0,True
523,MZ,2026-06-01,26,2,4.4399999999999995,0,0.0,0,0.0,0.0,0.0,0.0,0.0,0.0,False
523,NE,2026-06-01,490,39,89.53999999999998,0,0.0,0,0.0,0.0,0.0,0.0,0.0,0.0,False
523,NL,2026-06-01,1037,227,815.7760000000001,0,0.0,8,1450.0,1450.0,0.0,0.0,0.0,0.0,True
523,NO,2026-06-01,106,24,132.46,0,0.0,1,65.0,0.0,65.0,0.0,0.0,0.0,False
523,NP,2026-06-01,18,3,8.14,0,0.0,0,0.0,0.0,0.0,0.0,0.0,0.0,False
523,NZ,2026-06-01,365,107,280.4599999999999,0,0.0,4,1295.0,1295.0,0.0,0.0,0.0,0.0,False
523,OM,2026-06-01,10,2,4.4399999999999995,0,0.0,0,0.0,0.0,0.0,0.0,0.0,0.0,False
523,PA,2026-06-01,8,1,0.259,0,0.0,0,0.0,0.0,0.0,0.0,0.0,0.0,False
523,PE,2026-06-01,84,9,20.979,0,0.0,0,0.0,0.0,0.0,0.0,0.0,0.0,False
523,PF,2026-06-01,2,2,3.959,0,0.0,0,0.0,0.0,0.0,0.0,0.0,0.0,False
523,PG,2026-06-01,2,0,0.0,0,0.0,0,0.0,0.0,0.0,0.0,0.0,0.0,False
523,PH,2026-06-01,142,18,59.2,0,0.0,0,0.0,0.0,0.0,0.0,0.0,0.0,False
523,PK,2026-06-01,133,13,40.7,0,0.0,0,0.0,0.0,0.0,0.0,0.0,0.0,False
523,PL,2026-06-01,90,14,33.077999999999996,0,0.0,0,0.0,0.0,0.0,0.0,0.0,0.0,False
523,PR,2026-06-01,199,81,222.73999999999995,0,0.0,1,190.0,190.0,0.0,0.0,0.0,0.0,False
523,PT,2026-06-01,4541,2030,4058.530000000022,0,0.0,32,4905.0,4905.0,0.0,0.0,0.0,0.0,True
523,PY,2026-06-01,28,6,12.838999999999999,0,0.0,0,0.0,0.0,0.0,0.0,0.0,0.0,False
523,QA,2026-06-01,5,1,3.7,0,0.0,0,0.0,0.0,0.0,0.0,0.0,0.0,False
523,RO,2026-06-01,326,86,229.39999999999992,0,0.0,0,0.0,0.0,0.0,0.0,0.0,0.0,False
523,RS,2026-06-01,35,10,23.679999999999993,0,0.0,0,0.0,0.0,0.0,0.0,0.0,0.0,False
523,RU,2026-06-01,8,2,4.4399999999999995,0,0.0,0,0.0,0.0,0.0,0.0,0.0,0.0,False
523,SA,2026-06-01,15,2,5.92,0,0.0,1,165.0,165.0,0.0,0.0,0.0,0.0,False
523,SB,2026-06-01,32,5,12.58,0,0.0,0,0.0,0.0,0.0,0.0,0.0,0.0,False
523,SC,2026-06-01,3,0,0.0,0,0.0,0,0.0,0.0,0.0,0.0,0.0,0.0,False
523,SE,2026-06-01,307,152,597.9200000000002,0,0.0,3,1070.0,1070.0,0.0,0.0,0.0,0.0,False
523,SG,2026-06-01,456,65,100.788,0,0.0,0,0.0,0.0,0.0,0.0,0.0,0.0,False
523,SJ,2026-06-01,1,0,0.0,0,0.0,0,0.0,0.0,0.0,0.0,0.0,0.0,False
523,SK,2026-06-01,1,0,0.0,0,0.0,0,0.0,0.0,0.0,0.0,0.0,0.0,False
523,SN,2026-06-01,73,8,17.759999999999998,0,0.0,0,0.0,0.0,0.0,0.0,0.0,0.0,False
523,SR,2026-06-01,1,0,0.0,0,0.0,0,0.0,0.0,0.0,0.0,0.0,0.0,False
523,ST,2026-06-01,4,1,2.2199999999999998,0,0.0,0,0.0,0.0,0.0,0.0,0.0,0.0,False
523,SV,2026-06-01,18,4,10.36,0,0.0,0,0.0,0.0,0.0,0.0,0.0,0.0,False
523,SX,2026-06-01,4,1,2.2199999999999998,0,0.0,0,0.0,0.0,0.0,0.0,0.0,0.0,False
523,SZ,2026-06-01,17,2,4.4399999999999995,0,0.0,0,0.0,0.0,0.0,0.0,0.0,0.0,False
523,TC,2026-06-01,1,0,0.0,0,0.0,0,0.0,0.0,0.0,0.0,0.0,0.0,False
523,TD,2026-06-01,116,9,21.459999999999994,0,0.0,0,0.0,0.0,0.0,0.0,0.0,0.0,False
523,TH,2026-06-01,7,1,2.2199999999999998,0,0.0,0,0.0,0.0,0.0,0.0,0.0,0.0,False
523,TJ,2026-06-01,5,2,4.4399999999999995,0,0.0,0,0.0,0.0,0.0,0.0,0.0,0.0,False
523,TL,2026-06-01,11,2,2.4789999999999996,0,0.0,0,0.0,0.0,0.0,0.0,0.0,0.0,False
523,TO,2026-06-01,6,0,0.0,0,0.0,0,0.0,0.0,0.0,0.0,0.0,0.0,False
523,TR,2026-06-01,223,21,63.64,0,0.0,0,0.0,0.0,0.0,0.0,0.0,0.0,False
523,TT,2026-06-01,27,9,31.82,0,0.0,0,0.0,0.0,0.0,0.0,0.0,0.0,False
523,TV,2026-06-01,3,0,0.0,0,0.0,0,0.0,0.0,0.0,0.0,0.0,0.0,False
523,TW,2026-06-01,551,130,33.669999999999995,0,0.0,3,425.0,425.0,0.0,0.0,0.0,0.0,True
523,UG,2026-06-01,6,1,3.7,0,0.0,0,0.0,0.0,0.0,0.0,0.0,0.0,False
523,UNKNOWN,2026-06-01,29,3,11.100000000000001,0,0.0,0,0.0,0.0,0.0,0.0,0.0,0.0,False
523,US,2026-06-01,31496,13239,50462.70899999941,0,0.0,344,207590.0,206475.0,1115.0,0.0,0.0,0.0,True
523,UZ,2026-06-01,22,2,4.4399999999999995,0,0.0,1,7585.0,7585.0,0.0,0.0,0.0,0.0,False
523,VC,2026-06-01,1,0,0.0,0,0.0,0,0.0,0.0,0.0,0.0,0.0,0.0,False
523,VG,2026-06-01,1,1,2.2199999999999998,0,0.0,0,0.0,0.0,0.0,0.0,0.0,0.0,False
523,VI,2026-06-01,4,1,2.2199999999999998,0,0.0,0,0.0,0.0,0.0,0.0,0.0,0.0,False
523,VN,2026-06-01,2202,313,81.06700000000006,0,0.0,0,0.0,0.0,0.0,0.0,0.0,0.0,True
523,VU,2026-06-01,18,5,11.099999999999998,0,0.0,0,0.0,0.0,0.0,0.0,0.0,0.0,False
523,WS,2026-06-01,2,0,0.0,0,0.0,0,0.0,0.0,0.0,0.0,0.0,0.0,False
523,YT,2026-06-01,2,0,0.0,0,0.0,0,0.0,0.0,0.0,0.0,0.0,0.0,False
523,ZA,2026-06-01,8,0,0.0,0,0.0,0,0.0,0.0,0.0,0.0,0.0,0.0,False
523,ZM,2026-06-01,41,12,38.48,0,0.0,0,0.0,0.0,0.0,0.0,0.0,0.0,False
612,AE,2026-06-01,6,0,0.0,0,0.0,0,0.0,0.0,0.0,0.0,0.0,0.0,False
612,AL,2026-06-01,1,0,0.0,0,0.0,0,0.0,0.0,0.0,0.0,0.0,0.0,False
612,AM,2026-06-01,2,0,0.0,0,0.0,0,0.0,0.0,0.0,0.0,0.0,0.0,False
612,AR,2026-06-01,1,0,0.0,0,0.0,0,0.0,0.0,0.0,0.0,0.0,0.0,False
612,AS,2026-06-01,1,0,0.0,0,0.0,0,0.0,0.0,0.0,0.0,0.0,0.0,False
612,AT,2026-06-01,11,0,0.0,0,0.0,0,0.0,0.0,0.0,0.0,0.0,0.0,False
612,AU,2026-06-01,449,16,8288.0,0,0.0,21,1495.0,1365.0,130.0,0.0,0.0,0.0,False
612,AZ,2026-06-01,3,0,0.0,0,0.0,0,0.0,0.0,0.0,0.0,0.0,0.0,False
612,BD,2026-06-01,1,0,0.0,0,0.0,0,0.0,0.0,0.0,0.0,0.0,0.0,False
612,BE,2026-06-01,59,0,0.0,0,0.0,0,0.0,0.0,0.0,0.0,0.0,0.0,False
612,BG,2026-06-01,2,0,0.0,0,0.0,0,0.0,0.0,0.0,0.0,0.0,0.0,False
612,BR,2026-06-01,6,0,0.0,0,0.0,0,0.0,0.0,0.0,0.0,0.0,0.0,False
612,BS,2026-06-01,1,0,0.0,0,0.0,0,0.0,0.0,0.0,0.0,0.0,0.0,False
612,CA,2026-06-01,415,8,3892.3999999999996,0,0.0,9,29480.0,29015.0,465.0,0.0,0.0,0.0,False
612,CH,2026-06-01,18,0,0.0,0,0.0,0,0.0,0.0,0.0,0.0,0.0,0.0,False
612,CI,2026-06-01,2,0,0.0,0,0.0,0,0.0,0.0,0.0,0.0,0.0,0.0,False
612,CK,2026-06-01,1,0,0.0,0,0.0,0,0.0,0.0,0.0,0.0,0.0,0.0,False
612,CL,2026-06-01,1,0,0.0,0,0.0,0,0.0,0.0,0.0,0.0,0.0,0.0,False
612,CN,2026-06-01,2,0,0.0,0,0.0,0,0.0,0.0,0.0,0.0,0.0,0.0,False
612,CO,2026-06-01,5,0,0.0,0,0.0,0,0.0,0.0,0.0,0.0,0.0,0.0,False
612,CR,2026-06-01,1,0,0.0,0,0.0,0,0.0,0.0,0.0,0.0,0.0,0.0,False
612,CZ,2026-06-01,1,0,0.0,0,0.0,0,0.0,0.0,0.0,0.0,0.0,0.0,False
612,DE,2026-06-01,134,0,0.0,0,0.0,0,0.0,0.0,0.0,0.0,0.0,0.0,False
612,DK,2026-06-01,53,1,777.0,0,0.0,1,150.0,150.0,0.0,0.0,0.0,0.0,False
612,DO,2026-06-01,1,0,0.0,0,0.0,0,0.0,0.0,0.0,0.0,0.0,0.0,False
612,DZ,2026-06-01,4,0,0.0,0,0.0,0,0.0,0.0,0.0,0.0,0.0,0.0,False
612,EC,2026-06-01,1,0,0.0,0,0.0,0,0.0,0.0,0.0,0.0,0.0,0.0,False
612,EE,2026-06-01,2,0,0.0,0,0.0,0,0.0,0.0,0.0,0.0,0.0,0.0,False
612,ES,2026-06-01,208,4,1025.64,0,0.0,3,195.0,195.0,0.0,0.0,0.0,0.0,False
612,FI,2026-06-01,20,0,0.0,0,0.0,0,0.0,0.0,0.0,0.0,0.0,0.0,False
612,FJ,2026-06-01,1,0,0.0,0,0.0,0,0.0,0.0,0.0,0.0,0.0,0.0,False
612,FR,2026-06-01,89,0,0.0,0,0.0,0,0.0,0.0,0.0,0.0,0.0,0.0,False
612,GA,2026-06-01,1,0,0.0,0,0.0,0,0.0,0.0,0.0,0.0,0.0,0.0,False
612,GB,2026-06-01,535,11,5254.0,0,0.0,17,1645.0,1120.0,525.0,0.0,0.0,0.0,True
612,GF,2026-06-01,1,0,0.0,0,0.0,0,0.0,0.0,0.0,0.0,0.0,0.0,False
612,GP,2026-06-01,1,0,0.0,0,0.0,0,0.0,0.0,0.0,0.0,0.0,0.0,False
612,HN,2026-06-01,1,0,0.0,0,0.0,0,0.0,0.0,0.0,0.0,0.0,0.0,False
612,ID,2026-06-01,2,0,0.0,0,0.0,0,0.0,0.0,0.0,0.0,0.0,0.0,False
612,IE,2026-06-01,46,1,629.0,0,0.0,3,410.0,410.0,0.0,0.0,0.0,0.0,False
612,IL,2026-06-01,1,0,0.0,0,0.0,0,0.0,0.0,0.0,0.0,0.0,0.0,False
612,IN,2026-06-01,17,0,0.0,0,0.0,0,0.0,0.0,0.0,0.0,0.0,0.0,False
612,IT,2026-06-01,219,3,1642.8,0,0.0,1,65.0,0.0,65.0,0.0,0.0,0.0,False
612,JP,2026-06-01,3,0,0.0,0,0.0,0,0.0,0.0,0.0,0.0,0.0,0.0,False
612,KE,2026-06-01,6,0,0.0,0,0.0,0,0.0,0.0,0.0,0.0,0.0,0.0,False
612,KR,2026-06-01,2,0,0.0,0,0.0,0,0.0,0.0,0.0,0.0,0.0,0.0,False
612,KZ,2026-06-01,1,0,0.0,0,0.0,0,0.0,0.0,0.0,0.0,0.0,0.0,False
612,LT,2026-06-01,3,0,0.0,0,0.0,0,0.0,0.0,0.0,0.0,0.0,0.0,False
612,LU,2026-06-01,1,0,0.0,0,0.0,0,0.0,0.0,0.0,0.0,0.0,0.0,False
612,MC,2026-06-01,1,0,0.0,0,0.0,0,0.0,0.0,0.0,0.0,0.0,0.0,False
612,MH,2026-06-01,1,0,0.0,0,0.0,0,0.0,0.0,0.0,0.0,0.0,0.0,False
612,MQ,2026-06-01,1,0,0.0,0,0.0,0,0.0,0.0,0.0,0.0,0.0,0.0,False
612,MW,2026-06-01,1,0,0.0,0,0.0,0,0.0,0.0,0.0,0.0,0.0,0.0,False
612,MX,2026-06-01,18,1,629.0,0,0.0,1,7695.0,7695.0,0.0,0.0,0.0,0.0,False
612,MY,2026-06-01,1,0,0.0,0,0.0,0,0.0,0.0,0.0,0.0,0.0,0.0,False
612,NA,2026-06-01,1,0,0.0,0,0.0,0,0.0,0.0,0.0,0.0,0.0,0.0,False
612,NE,2026-06-01,1,0,0.0,0,0.0,0,0.0,0.0,0.0,0.0,0.0,0.0,False
612,NL,2026-06-01,442,1,384.8,0,0.0,2,215.0,150.0,65.0,0.0,0.0,0.0,False
612,NO,2026-06-01,140,1,777.0,0,0.0,1,150.0,0.0,150.0,0.0,0.0,0.0,False
612,NZ,2026-06-01,151,2,769.6,0,0.0,4,260.0,260.0,0.0,0.0,0.0,0.0,False
612,PH,2026-06-01,10,0,0.0,0,0.0,0,0.0,0.0,0.0,0.0,0.0,0.0,False
612,PK,2026-06-01,10,0,0.0,0,0.0,0,0.0,0.0,0.0,0.0,0.0,0.0,False
612,PL,2026-06-01,4,0,0.0,0,0.0,0,0.0,0.0,0.0,0.0,0.0,0.0,False
612,PT,2026-06-01,9,0,0.0,0,0.0,0,0.0,0.0,0.0,0.0,0.0,0.0,False
612,RE,2026-06-01,2,0,0.0,0,0.0,0,0.0,0.0,0.0,0.0,0.0,0.0,False
612,RO,2026-06-01,7,1,11.1,0,0.0,0,0.0,0.0,0.0,0.0,0.0,0.0,False
612,RS,2026-06-01,3,0,0.0,0,0.0,0,0.0,0.0,0.0,0.0,0.0,0.0,False
612,RU,2026-06-01,1,0,0.0,0,0.0,0,0.0,0.0,0.0,0.0,0.0,0.0,False
612,SA,2026-06-01,1,0,0.0,0,0.0,0,0.0,0.0,0.0,0.0,0.0,0.0,False
612,SE,2026-06-01,186,4,2164.5,0,0.0,3,415.0,415.0,0.0,0.0,0.0,0.0,False
612,SG,2026-06-01,7,0,0.0,0,0.0,0,0.0,0.0,0.0,0.0,0.0,0.0,False
612,SZ,2026-06-01,1,0,0.0,0,0.0,0,0.0,0.0,0.0,0.0,0.0,0.0,False
612,TJ,2026-06-01,1,0,0.0,0,0.0,0,0.0,0.0,0.0,0.0,0.0,0.0,False
612,TR,2026-06-01,6,0,0.0,0,0.0,0,0.0,0.0,0.0,0.0,0.0,0.0,False
612,TZ,2026-06-01,2,0,0.0,0,0.0,0,0.0,0.0,0.0,0.0,0.0,0.0,False
612,UG,2026-06-01,5,0,0.0,0,0.0,0,0.0,0.0,0.0,0.0,0.0,0.0,False
612,UNKNOWN,2026-06-01,4,0,0.0,0,0.0,0,0.0,0.0,0.0,0.0,0.0,0.0,False
612,US,2026-06-01,3323,89,42025.340000000004,0,0.0,125,17250.0,10655.0,6595.0,0.0,0.0,0.0,True
612,UY,2026-06-01,1,0,0.0,0,0.0,0,0.0,0.0,0.0,0.0,0.0,0.0,False
612,ZM,2026-06-01,2,0,0.0,0,0.0,0,0.0,0.0,0.0,0.0,0.0,0.0,False
719,AL,2026-06-01,3,2,30.339999999999996,0,0.0,0,0.0,0.0,0.0,0.0,0.0,0.0,False
719,AU,2026-06-01,1346,1037,21216.702800000014,0,0.0,63,138040.0,137995.0,45.0,0.0,0.0,0.0,True
719,AX,2026-06-01,2,2,48.8252,0,0.0,0,0.0,0.0,0.0,0.0,0.0,0.0,False
719,AZ,2026-06-01,2,1,7.4,0,0.0,0,0.0,0.0,0.0,0.0,0.0,0.0,False
719,BD,2026-06-01,2,2,34.04,0,0.0,0,0.0,0.0,0.0,0.0,0.0,0.0,False
719,BE,2026-06-01,73,58,1322.3355999999997,0,0.0,5,2265.0,2265.0,0.0,0.0,0.0,0.0,False
719,BG,2026-06-01,3,3,76.96,0,0.0,0,0.0,0.0,0.0,0.0,0.0,0.0,False
719,BH,2026-06-01,2,2,48.8326,0,0.0,0,0.0,0.0,0.0,0.0,0.0,0.0,False
719,BN,2026-06-01,1,1,37.74,0,0.0,0,0.0,0.0,0.0,0.0,0.0,0.0,False
719,BQ,2026-06-01,1,1,28.12,0,0.0,0,0.0,0.0,0.0,0.0,0.0,0.0,False
719,BR,2026-06-01,4,3,39.9526,0,0.0,0,0.0,0.0,0.0,0.0,0.0,0.0,False
719,BS,2026-06-01,1,0,0.0,0,0.0,0,0.0,0.0,0.0,0.0,0.0,0.0,False
719,CA,2026-06-01,626,497,11913.311800000001,0,0.0,20,8210.0,8145.0,65.0,0.0,0.0,0.0,True
719,CH,2026-06-01,26,21,467.6651999999999,0,0.0,0,0.0,0.0,0.0,0.0,0.0,0.0,False
719,CI,2026-06-01,1,1,10.36,0,0.0,0,0.0,0.0,0.0,0.0,0.0,0.0,False
719,CK,2026-06-01,1,1,28.12,0,0.0,0,0.0,0.0,0.0,0.0,0.0,0.0,False
719,CM,2026-06-01,1,0,0.0,0,0.0,0,0.0,0.0,0.0,0.0,0.0,0.0,False
719,CV,2026-06-01,1,1,34.04,0,0.0,0,0.0,0.0,0.0,0.0,0.0,0.0,False
719,DE,2026-06-01,4,2,58.46,0,0.0,0,0.0,0.0,0.0,0.0,0.0,0.0,False
719,DO,2026-06-01,2,1,24.4126,0,0.0,0,0.0,0.0,0.0,0.0,0.0,0.0,False
719,ES,2026-06-01,2,2,72.52,0,0.0,0,0.0,0.0,0.0,0.0,0.0,0.0,False
719,FI,2026-06-01,27,20,436.5556,0,0.0,0,0.0,0.0,0.0,0.0,0.0,0.0,False
719,FR,2026-06-01,5,4,60.67999999999999,0,0.0,0,0.0,0.0,0.0,0.0,0.0,0.0,False
719,GB,2026-06-01,3343,2593,55477.26719999995,0,0.0,145,77255.0,76750.0,505.0,0.0,0.0,0.0,True
719,HK,2026-06-01,2,1,24.419999999999998,0,0.0,0,0.0,0.0,0.0,0.0,0.0,0.0,False
719,HR,2026-06-01,2,2,34.04,0,0.0,0,0.0,0.0,0.0,0.0,0.0,0.0,False
719,HU,2026-06-01,13,8,162.0378,0,0.0,0,0.0,0.0,0.0,0.0,0.0,0.0,False
719,IE,2026-06-01,276,222,4987.3336,0,0.0,12,2355.0,2355.0,0.0,0.0,0.0,0.0,False
719,IL,2026-06-01,44,33,762.126,0,0.0,1,205.0,205.0,0.0,0.0,0.0,0.0,False
719,IM,2026-06-01,1,0,0.0,0,0.0,1,110.0,110.0,0.0,0.0,0.0,0.0,False
719,IN,2026-06-01,3,1,5.92,0,0.0,0,0.0,0.0,0.0,0.0,0.0,0.0,False
719,IT,2026-06-01,5,5,102.86,0,0.0,0,0.0,0.0,0.0,0.0,0.0,0.0,False
719,JM,2026-06-01,1,0,0.0,0,0.0,0,0.0,0.0,0.0,0.0,0.0,0.0,False
719,KR,2026-06-01,1,0,0.0,0,0.0,0,0.0,0.0,0.0,0.0,0.0,0.0,False
719,LT,2026-06-01,2,1,5.92,0,0.0,0,0.0,0.0,0.0,0.0,0.0,0.0,False
719,MX,2026-06-01,4,3,65.86,0,0.0,0,0.0,0.0,0.0,0.0,0.0,0.0,False
719,MY,2026-06-01,1,0,0.0,0,0.0,0,0.0,0.0,0.0,0.0,0.0,0.0,False
719,NL,2026-06-01,134,107,2535.9134,0,0.0,11,5885.0,5885.0,0.0,0.0,0.0,0.0,False
719,NO,2026-06-01,22,17,390.69780000000003,0,0.0,0,0.0,0.0,0.0,0.0,0.0,0.0,False
719,NZ,2026-06-01,312,233,4749.9416,0,0.0,6,1090.0,1090.0,0.0,0.0,0.0,0.0,False
719,PH,2026-06-01,2,2,361.12,0,0.0,1,250.0,250.0,0.0,0.0,0.0,0.0,False
719,PT,2026-06-01,63,51,1192.8282,0,0.0,1,250.0,250.0,0.0,0.0,0.0,0.0,False
719,RO,2026-06-01,1,1,5.92,0,0.0,0,0.0,0.0,0.0,0.0,0.0,0.0,False
719,SA,2026-06-01,1,1,28.12,0,0.0,0,0.0,0.0,0.0,0.0,0.0,0.0,False
719,SE,2026-06-01,50,40,953.0016,0,0.0,1,2330.0,2330.0,0.0,0.0,0.0,0.0,False
719,SG,2026-06-01,4,1,5.92,0,0.0,0,0.0,0.0,0.0,0.0,0.0,0.0,False
719,TR,2026-06-01,1,1,24.4126,0,0.0,0,0.0,0.0,0.0,0.0,0.0,0.0,False
719,UNKNOWN,2026-06-01,1,1,28.12,0,0.0,0,0.0,0.0,0.0,0.0,0.0,0.0,False
719,US,2026-06-01,7416,5687,140453.27280000036,0,0.0,328,661175.0,658135.0,3040.0,0.0,0.0,0.0,True
730,AE,2026-06-01,4,4,20.72,0,0.0,0,0.0,0.0,0.0,0.0,0.0,0.0,False
730,AG,2026-06-01,1,1,5.18,0,0.0,0,0.0,0.0,0.0,0.0,0.0,0.0,False
730,AI,2026-06-01,1,1,5.18,0,0.0,0,0.0,0.0,0.0,0.0,0.0,0.0,False
730,AL,2026-06-01,1,1,14.8,0,0.0,0,0.0,0.0,0.0,0.0,0.0,0.0,False
730,AO,2026-06-01,1,1,2.96,0,0.0,0,0.0,0.0,0.0,0.0,0.0,0.0,False
730,AQ,2026-06-01,1,1,2.96,0,0.0,0,0.0,0.0,0.0,0.0,0.0,0.0,False
730,AR,2026-06-01,8,4,10.36,0,0.0,0,0.0,0.0,0.0,0.0,0.0,0.0,False
730,AS,2026-06-01,2,1,5.18,0,0.0,0,0.0,0.0,0.0,0.0,0.0,0.0,False
730,AT,2026-06-01,10,7,103.60000000000001,0,0.0,2,4855.0,4855.0,0.0,0.0,0.0,0.0,False
730,AU,2026-06-01,71,56,819.18,0,0.0,3,760.0,760.0,0.0,0.0,0.0,0.0,False
730,AW,2026-06-01,2,1,3.7,0,0.0,0,0.0,0.0,0.0,0.0,0.0,0.0,False
730,AX,2026-06-01,3,3,31.080000000000002,0,0.0,0,0.0,0.0,0.0,0.0,0.0,0.0,False
730,BB,2026-06-01,1,1,5.18,0,0.0,0,0.0,0.0,0.0,0.0,0.0,0.0,False
730,BE,2026-06-01,62,46,614.94,0,0.0,3,595.0,595.0,0.0,0.0,0.0,0.0,False
730,BG,2026-06-01,3,2,10.36,0,0.0,0,0.0,0.0,0.0,0.0,0.0,0.0,False
730,BH,2026-06-01,1,0,0.0,0,0.0,0,0.0,0.0,0.0,0.0,0.0,0.0,False
730,BJ,2026-06-01,3,3,15.54,0,0.0,0,0.0,0.0,0.0,0.0,0.0,0.0,False
730,BM,2026-06-01,4,4,20.72,0,0.0,1,65.0,65.0,0.0,0.0,0.0,0.0,False
730,BO,2026-06-01,6,4,19.24,0,0.0,0,0.0,0.0,0.0,0.0,0.0,0.0,False
730,BQ,2026-06-01,1,1,3.7,0,0.0,0,0.0,0.0,0.0,0.0,0.0,0.0,False
730,BR,2026-06-01,24702,18590,45044.132999999514,0,0.0,351,127800.0,126845.0,955.0,0.0,0.0,0.0,True
730,BS,2026-06-01,2,1,2.96,0,0.0,0,0.0,0.0,0.0,0.0,0.0,0.0,False
730,BW,2026-06-01,5,2,10.36,0,0.0,0,0.0,0.0,0.0,0.0,0.0,0.0,False
730,BZ,2026-06-01,1,1,5.18,0,0.0,0,0.0,0.0,0.0,0.0,0.0,0.0,False
730,CA,2026-06-01,106,80,1114.0700000000002,0,0.0,4,6225.0,6225.0,0.0,0.0,0.0,0.0,False
730,CH,2026-06-01,12,11,116.18,0,0.0,0,0.0,0.0,0.0,0.0,0.0,0.0,False
730,CL,2026-06-01,5,3,13.32,0,0.0,0,0.0,0.0,0.0,0.0,0.0,0.0,False
730,CO,2026-06-01,14,9,56.239999999999995,0,0.0,0,0.0,0.0,0.0,0.0,0.0,0.0,False
730,CR,2026-06-01,1,1,5.18,0,0.0,0,0.0,0.0,0.0,0.0,0.0,0.0,False
730,CW,2026-06-01,4,4,20.72,0,0.0,0,0.0,0.0,0.0,0.0,0.0,0.0,False
730,CY,2026-06-01,7,7,45.879999999999995,0,0.0,0,0.0,0.0,0.0,0.0,0.0,0.0,False
730,CZ,2026-06-01,2,1,5.18,0,0.0,0,0.0,0.0,0.0,0.0,0.0,0.0,False
730,DE,2026-06-01,70,53,726.68,0,0.0,6,1740.0,1740.0,0.0,0.0,0.0,0.0,False
730,DK,2026-06-01,67,49,705.96,0,0.0,2,330.0,330.0,0.0,0.0,0.0,0.0,False
730,DZ,2026-06-01,58,40,233.84,0,0.0,0,0.0,0.0,0.0,0.0,0.0,0.0,False
730,EC,2026-06-01,8,6,29.599999999999998,0,0.0,0,0.0,0.0,0.0,0.0,0.0,0.0,False
730,ES,2026-06-01,16,11,56.24,0,0.0,0,0.0,0.0,0.0,0.0,0.0,0.0,False
730,FI,2026-06-01,17,10,138.38,0,0.0,1,150.0,150.0,0.0,0.0,0.0,0.0,False
730,FJ,2026-06-01,1,1,5.18,0,0.0,0,0.0,0.0,0.0,0.0,0.0,0.0,False
730,FR,2026-06-01,11,6,25.16,0,0.0,1,65.0,65.0,0.0,0.0,0.0,0.0,False
730,GB,2026-06-01,340,260,3778.4400000000014,0,0.0,11,3525.0,3525.0,0.0,0.0,0.0,0.0,False
730,GF,2026-06-01,4,3,7.4,0,0.0,0,0.0,0.0,0.0,0.0,0.0,0.0,False
730,GI,2026-06-01,1,1,5.18,0,0.0,0,0.0,0.0,0.0,0.0,0.0,0.0,False
730,GP,2026-06-01,3,3,13.32,0,0.0,0,0.0,0.0,0.0,0.0,0.0,0.0,False
730,GR,2026-06-01,8,7,32.56,0,0.0,0,0.0,0.0,0.0,0.0,0.0,0.0,False
730,GU,2026-06-01,3,3,15.54,0,0.0,0,0.0,0.0,0.0,0.0,0.0,0.0,False
730,GY,2026-06-01,1,1,3.7,0,0.0,0,0.0,0.0,0.0,0.0,0.0,0.0,False
730,HK,2026-06-01,1,0,0.0,0,0.0,0,0.0,0.0,0.0,0.0,0.0,0.0,False
730,HN,2026-06-01,1,1,5.18,0,0.0,0,0.0,0.0,0.0,0.0,0.0,0.0,False
730,HR,2026-06-01,1,1,2.96,0,0.0,0,0.0,0.0,0.0,0.0,0.0,0.0,False
730,HU,2026-06-01,6,4,18.5,0,0.0,2,7505.0,6705.0,800.0,0.0,0.0,0.0,False
730,IE,2026-06-01,7,7,41.44,0,0.0,0,0.0,0.0,0.0,0.0,0.0,0.0,False
730,IL,2026-06-01,3,3,15.54,0,0.0,0,0.0,0.0,0.0,0.0,0.0,0.0,False
730,IM,2026-06-01,1,1,5.18,0,0.0,0,0.0,0.0,0.0,0.0,0.0,0.0,False
730,IN,2026-06-01,828,568,2934.840000000003,0,0.0,6,5085.0,5085.0,0.0,0.0,0.0,0.0,True
730,IS,2026-06-01,4,3,44.400000000000006,0,0.0,0,0.0,0.0,0.0,0.0,0.0,0.0,False
730,IT,2026-06-01,7,4,13.32,0,0.0,0,0.0,0.0,0.0,0.0,0.0,0.0,False
730,JE,2026-06-01,1,1,5.18,0,0.0,0,0.0,0.0,0.0,0.0,0.0,0.0,False
730,JM,2026-06-01,5,5,25.9,0,0.0,1,250.0,250.0,0.0,0.0,0.0,0.0,False
730,JP,2026-06-01,9,7,63.64,0,0.0,0,0.0,0.0,0.0,0.0,0.0,0.0,False
730,KR,2026-06-01,3,2,10.36,0,0.0,0,0.0,0.0,0.0,0.0,0.0,0.0,False
730,KW,2026-06-01,3,2,10.36,0,0.0,0,0.0,0.0,0.0,0.0,0.0,0.0,False
730,LT,2026-06-01,1,1,1.48,0,0.0,0,0.0,0.0,0.0,0.0,0.0,0.0,False
730,LV,2026-06-01,2,1,5.18,0,0.0,0,0.0,0.0,0.0,0.0,0.0,0.0,False
730,MG,2026-06-01,2,1,5.18,0,0.0,0,0.0,0.0,0.0,0.0,0.0,0.0,False
730,MK,2026-06-01,2,0,0.0,0,0.0,0,0.0,0.0,0.0,0.0,0.0,0.0,False
730,MP,2026-06-01,1,1,5.18,0,0.0,0,0.0,0.0,0.0,0.0,0.0,0.0,False
730,MQ,2026-06-01,1,0,0.0,0,0.0,1,470.0,470.0,0.0,0.0,0.0,0.0,False
730,MR,2026-06-01,1,0,0.0,0,0.0,0,0.0,0.0,0.0,0.0,0.0,0.0,False
730,MT,2026-06-01,4,4,20.72,0,0.0,0,0.0,0.0,0.0,0.0,0.0,0.0,False
730,MU,2026-06-01,5,4,20.72,0,0.0,1,65.0,65.0,0.0,0.0,0.0,0.0,False
730,MV,2026-06-01,8,5,25.9,0,0.0,0,0.0,0.0,0.0,0.0,0.0,0.0,False
730,MX,2026-06-01,30,21,108.78,0,0.0,1,65.0,65.0,0.0,0.0,0.0,0.0,False
730,MY,2026-06-01,22,14,72.52,0,0.0,1,65.0,65.0,0.0,0.0,0.0,0.0,False
730,MZ,2026-06-01,1,0,0.0,0,0.0,0,0.0,0.0,0.0,0.0,0.0,0.0,False
730,NA,2026-06-01,1,1,5.18,0,0.0,1,1590.0,1590.0,0.0,0.0,0.0,0.0,False
730,NC,2026-06-01,1,0,0.0,0,0.0,0,0.0,0.0,0.0,0.0,0.0,0.0,False
730,NL,2026-06-01,9,6,21.46,0,0.0,0,0.0,0.0,0.0,0.0,0.0,0.0,False
730,NO,2026-06-01,25,15,200.54000000000002,0,0.0,1,210.0,210.0,0.0,0.0,0.0,0.0,False
730,NZ,2026-06-01,38,30,444.00000000000006,0,0.0,3,3545.0,3545.0,0.0,0.0,0.0,0.0,False
730,OM,2026-06-01,3,0,0.0,0,0.0,0,0.0,0.0,0.0,0.0,0.0,0.0,False
730,PA,2026-06-01,1,1,5.18,0,0.0,0,0.0,0.0,0.0,0.0,0.0,0.0,False
730,PE,2026-06-01,9,8,39.96,0,0.0,0,0.0,0.0,0.0,0.0,0.0,0.0,False
730,PF,2026-06-01,2,1,5.18,0,0.0,0,0.0,0.0,0.0,0.0,0.0,0.0,False
730,PH,2026-06-01,1,1,2.96,0,0.0,0,0.0,0.0,0.0,0.0,0.0,0.0,False
730,PL,2026-06-01,2,1,5.18,0,0.0,0,0.0,0.0,0.0,0.0,0.0,0.0,False
730,PR,2026-06-01,3,3,15.54,0,0.0,0,0.0,0.0,0.0,0.0,0.0,0.0,False
730,PT,2026-06-01,34,25,61.42,0,0.0,0,0.0,0.0,0.0,0.0,0.0,0.0,False
730,PY,2026-06-01,8,6,14.799999999999999,0,0.0,0,0.0,0.0,0.0,0.0,0.0,0.0,False
730,QA,2026-06-01,4,2,10.36,0,0.0,0,0.0,0.0,0.0,0.0,0.0,0.0,False
730,RE,2026-06-01,3,3,15.54,0,0.0,0,0.0,0.0,0.0,0.0,0.0,0.0,False
730,RS,2026-06-01,7,6,31.08,0,0.0,0,0.0,0.0,0.0,0.0,0.0,0.0,False
730,SE,2026-06-01,55,36,519.48,0,0.0,2,920.0,920.0,0.0,0.0,0.0,0.0,False
730,SG,2026-06-01,20,17,97.68,0,0.0,2,215.0,215.0,0.0,0.0,0.0,0.0,False
730,SI,2026-06-01,1,1,5.18,0,0.0,0,0.0,0.0,0.0,0.0,0.0,0.0,False
730,SK,2026-06-01,1,0,0.0,0,0.0,0,0.0,0.0,0.0,0.0,0.0,0.0,False
730,SR,2026-06-01,1,0,0.0,0,0.0,0,0.0,0.0,0.0,0.0,0.0,0.0,False
730,SV,2026-06-01,2,2,10.36,0,0.0,0,0.0,0.0,0.0,0.0,0.0,0.0,False
730,TH,2026-06-01,29,25,139.12,0,0.0,2,795.0,795.0,0.0,0.0,0.0,0.0,False
730,TR,2026-06-01,37,22,113.96,0,0.0,0,0.0,0.0,0.0,0.0,0.0,0.0,False
730,TW,2026-06-01,4,3,15.54,0,0.0,1,250.0,250.0,0.0,0.0,0.0,0.0,False
730,UNKNOWN,2026-06-01,1,0,0.0,0,0.0,0,0.0,0.0,0.0,0.0,0.0,0.0,False
730,US,2026-06-01,816,628,9023.559999999987,0,0.0,34,7505.0,7505.0,0.0,0.0,0.0,0.0,True
730,UY,2026-06-01,2,2,10.36,0,0.0,0,0.0,0.0,0.0,0.0,0.0,0.0,False
730,UZ,2026-06-01,1,0,0.0,0,0.0,0,0.0,0.0,0.0,0.0,0.0,0.0,False
730,VN,2026-06-01,5,3,15.54,0,0.0,0,0.0,0.0,0.0,0.0,0.0,0.0,False
730,ZA,2026-06-01,42,30,153.18,0,0.0,2,215.0,215.0,0.0,0.0,0.0,0.0,False
833,AD,2026-06-01,1,1,8.14,0,0.0,0,0.0,0.0,0.0,0.0,0.0,0.0,False
833,AE,2026-06-01,4,0,0.0,0,0.0,0,0.0,0.0,0.0,0.0,0.0,0.0,False
833,AI,2026-06-01,1,0,0.0,0,0.0,0,0.0,0.0,0.0,0.0,0.0,0.0,False
833,AL,2026-06-01,3,1,6.29,0,0.0,0,0.0,0.0,0.0,0.0,0.0,0.0,False
833,AO,2026-06-01,2,1,6.29,0,0.0,1,130265.0,130265.0,0.0,0.0,0.0,0.0,False
833,AR,2026-06-01,3,0,0.0,0,0.0,0,0.0,0.0,0.0,0.0,0.0,0.0,False
833,AS,2026-06-01,3,0,0.0,0,0.0,0,0.0,0.0,0.0,0.0,0.0,0.0,False
833,AT,2026-06-01,1,0,0.0,0,0.0,0,0.0,0.0,0.0,0.0,0.0,0.0,False
833,AU,2026-06-01,8031,2760,22285.83999999999,0,0.0,143,37880.0,37640.0,240.0,0.0,0.0,0.0,True
833,AX,2026-06-01,2,0,0.0,0,0.0,1,165.0,165.0,0.0,0.0,0.0,0.0,False
833,BD,2026-06-01,4,2,7.4,0,0.0,0,0.0,0.0,0.0,0.0,0.0,0.0,False
833,BE,2026-06-01,51,12,64.38,0,0.0,0,0.0,0.0,0.0,0.0,0.0,0.0,False
833,BR,2026-06-01,3,0,0.0,0,0.0,0,0.0,0.0,0.0,0.0,0.0,0.0,False
833,CA,2026-06-01,12473,3546,28066.719999999972,0,0.0,130,59230.0,58985.0,245.0,0.0,0.0,0.0,True
833,CO,2026-06-01,3,0,0.0,0,0.0,0,0.0,0.0,0.0,0.0,0.0,0.0,False
833,DE,2026-06-01,4,0,0.0,0,0.0,0,0.0,0.0,0.0,0.0,0.0,0.0,False
833,DJ,2026-06-01,1,0,0.0,0,0.0,0,0.0,0.0,0.0,0.0,0.0,0.0,False
833,DZ,2026-06-01,2,0,0.0,0,0.0,0,0.0,0.0,0.0,0.0,0.0,0.0,False
833,ES,2026-06-01,6,2,14.06,0,0.0,0,0.0,0.0,0.0,0.0,0.0,0.0,False
833,FI,2026-06-01,2,1,7.4,0,0.0,0,0.0,0.0,0.0,0.0,0.0,0.0,False
833,FR,2026-06-01,7,1,11.84,0,0.0,1,200.0,200.0,0.0,0.0,0.0,0.0,False
833,GB,2026-06-01,18840,5556,43533.82999999993,0,0.0,241,109040.0,108455.0,585.0,0.0,0.0,0.0,True
833,IE,2026-06-01,1415,399,1816.3300000000002,0,0.0,19,4230.0,4080.0,150.0,0.0,0.0,0.0,True
833,KY,2026-06-01,4,1,6.29,0,0.0,0,0.0,0.0,0.0,0.0,0.0,0.0,False
833,LK,2026-06-01,1,0,0.0,0,0.0,0,0.0,0.0,0.0,0.0,0.0,0.0,False
833,MX,2026-06-01,7,0,0.0,0,0.0,0,0.0,0.0,0.0,0.0,0.0,0.0,False
833,NL,2026-06-01,5,2,12.58,0,0.0,0,0.0,0.0,0.0,0.0,0.0,0.0,False
833,NZ,2026-06-01,3056,741,3937.5400000000045,0,0.0,28,8050.0,7925.0,125.0,0.0,0.0,0.0,True
833,PR,2026-06-01,5,2,18.13,0,0.0,0,0.0,0.0,0.0,0.0,0.0,0.0,False
833,RS,2026-06-01,1,0,0.0,0,0.0,0,0.0,0.0,0.0,0.0,0.0,0.0,False
833,SG,2026-06-01,1,0,0.0,0,0.0,0,0.0,0.0,0.0,0.0,0.0,0.0,False
833,SV,2026-06-01,1,0,0.0,0,0.0,0,0.0,0.0,0.0,0.0,0.0,0.0,False
833,TJ,2026-06-01,1,0,0.0,0,0.0,0,0.0,0.0,0.0,0.0,0.0,0.0,False
833,US,2026-06-01,124553,41818,355577.7699999965,0,0.0,1301,1128525.0,1120195.0,8330.0,0.0,0.0,0.0,True
851,AL,2026-06-01,1,0,0.0,0,0.0,0,0.0,0.0,0.0,0.0,0.0,0.0,False
851,AR,2026-06-01,1,0,0.0,0,0.0,0,0.0,0.0,0.0,0.0,0.0,0.0,False
851,AT,2026-06-01,6,2,4.4399999999999995,0,0.0,0,0.0,0.0,0.0,0.0,0.0,0.0,False
851,AU,2026-06-01,26,8,48.84,0,0.0,0,0.0,0.0,0.0,0.0,0.0,0.0,False
851,BD,2026-06-01,9,1,2.2199999999999998,0,0.0,0,0.0,0.0,0.0,0.0,0.0,0.0,False
851,BR,2026-06-01,1,0,0.0,0,0.0,0,0.0,0.0,0.0,0.0,0.0,0.0,False
851,CA,2026-06-01,47,23,136.16,0,0.0,0,0.0,0.0,0.0,0.0,0.0,0.0,False
851,CH,2026-06-01,1,1,5.92,0,0.0,0,0.0,0.0,0.0,0.0,0.0,0.0,False
851,CL,2026-06-01,431,175,129.5,0,0.0,1,65.0,65.0,0.0,0.0,0.0,0.0,False
851,CN,2026-06-01,4,0,0.0,0,0.0,0,0.0,0.0,0.0,0.0,0.0,0.0,False
851,CR,2026-06-01,1,0,0.0,0,0.0,0,0.0,0.0,0.0,0.0,0.0,0.0,False
851,CZ,2026-06-01,8,3,6.659999999999999,0,0.0,0,0.0,0.0,0.0,0.0,0.0,0.0,False
851,DE,2026-06-01,6,2,9.620000000000001,0,0.0,0,0.0,0.0,0.0,0.0,0.0,0.0,False
851,DO,2026-06-01,3,0,0.0,0,0.0,0,0.0,0.0,0.0,0.0,0.0,0.0,False
851,DZ,2026-06-01,1,1,0.518,0,0.0,0,0.0,0.0,0.0,0.0,0.0,0.0,False
851,EC,2026-06-01,1,1,2.2199999999999998,0,0.0,0,0.0,0.0,0.0,0.0,0.0,0.0,False
851,EE,2026-06-01,1,1,2.2199999999999998,0,0.0,0,0.0,0.0,0.0,0.0,0.0,0.0,False
851,ES,2026-06-01,861,364,808.0799999999998,0,0.0,8,1295.0,1295.0,0.0,0.0,0.0,0.0,True
851,FR,2026-06-01,26,8,17.759999999999994,0,0.0,0,0.0,0.0,0.0,0.0,0.0,0.0,False
851,GA,2026-06-01,1,0,0.0,0,0.0,0,0.0,0.0,0.0,0.0,0.0,0.0,False
851,GB,2026-06-01,58,28,165.76,0,0.0,0,0.0,0.0,0.0,0.0,0.0,0.0,False
851,GM,2026-06-01,1,0,0.0,0,0.0,0,0.0,0.0,0.0,0.0,0.0,0.0,False
851,GR,2026-06-01,22,7,15.539999999999996,0,0.0,0,0.0,0.0,0.0,0.0,0.0,0.0,False
851,HK,2026-06-01,30,2,1.48,0,0.0,0,0.0,0.0,0.0,0.0,0.0,0.0,False
851,HR,2026-06-01,428,108,239.7599999999999,0,0.0,4,260.0,260.0,0.0,0.0,0.0,0.0,False
851,HU,2026-06-01,5,2,4.4399999999999995,0,0.0,0,0.0,0.0,0.0,0.0,0.0,0.0,False
851,ID,2026-06-01,2,0,0.0,0,0.0,0,0.0,0.0,0.0,0.0,0.0,0.0,False
851,IE,2026-06-01,7,2,11.84,0,0.0,0,0.0,0.0,0.0,0.0,0.0,0.0,False
851,IN,2026-06-01,4,1,2.2199999999999998,0,0.0,0,0.0,0.0,0.0,0.0,0.0,0.0,False
851,IS,2026-06-01,27,6,13.319999999999999,0,0.0,0,0.0,0.0,0.0,0.0,0.0,0.0,False
851,IT,2026-06-01,10,2,4.4399999999999995,0,0.0,0,0.0,0.0,0.0,0.0,0.0,0.0,False
851,JM,2026-06-01,2,0,0.0,0,0.0,0,0.0,0.0,0.0,0.0,0.0,0.0,False
851,JP,2026-06-01,1,0,0.0,0,0.0,0,0.0,0.0,0.0,0.0,0.0,0.0,False
851,KE,2026-06-01,7,1,0.74,0,0.0,0,0.0,0.0,0.0,0.0,0.0,0.0,False
851,KR,2026-06-01,1,0,0.0,0,0.0,0,0.0,0.0,0.0,0.0,0.0,0.0,False
851,LI,2026-06-01,3,0,0.0,0,0.0,0,0.0,0.0,0.0,0.0,0.0,0.0,False
851,LT,2026-06-01,10,3,10.36,0,0.0,0,0.0,0.0,0.0,0.0,0.0,0.0,False
851,LU,2026-06-01,41,19,42.17999999999999,0,0.0,1,65.0,65.0,0.0,0.0,0.0,0.0,False
851,LV,2026-06-01,1,0,0.0,0,0.0,0,0.0,0.0,0.0,0.0,0.0,0.0,False
851,MT,2026-06-01,168,43,95.45999999999997,0,0.0,3,480.0,480.0,0.0,0.0,0.0,0.0,False
851,MX,2026-06-01,4,2,1.036,0,0.0,0,0.0,0.0,0.0,0.0,0.0,0.0,False
851,MY,2026-06-01,2,0,0.0,0,0.0,0,0.0,0.0,0.0,0.0,0.0,0.0,False
851,MZ,2026-06-01,1,0,0.0,0,0.0,0,0.0,0.0,0.0,0.0,0.0,0.0,False
851,NL,2026-06-01,15,6,13.319999999999999,0,0.0,0,0.0,0.0,0.0,0.0,0.0,0.0,False
851,NO,2026-06-01,9,3,6.659999999999999,0,0.0,0,0.0,0.0,0.0,0.0,0.0,0.0,False
851,NP,2026-06-01,2,0,0.0,0,0.0,0,0.0,0.0,0.0,0.0,0.0,0.0,False
851,NZ,2026-06-01,89,17,90.28,0,0.0,0,0.0,0.0,0.0,0.0,0.0,0.0,False
851,PH,2026-06-01,7,0,0.0,0,0.0,0,0.0,0.0,0.0,0.0,0.0,0.0,False
851,PL,2026-06-01,131,53,119.13999999999996,0,0.0,1,65.0,65.0,0.0,0.0,0.0,0.0,False
851,PT,2026-06-01,1,0,0.0,0,0.0,0,0.0,0.0,0.0,0.0,0.0,0.0,False
851,RO,2026-06-01,17,3,6.659999999999999,0,0.0,0,0.0,0.0,0.0,0.0,0.0,0.0,False
851,RS,2026-06-01,2,0,0.0,0,0.0,0,0.0,0.0,0.0,0.0,0.0,0.0,False
851,SA,2026-06-01,3,1,2.2199999999999998,0,0.0,0,0.0,0.0,0.0,0.0,0.0,0.0,False
851,SE,2026-06-01,2,0,0.0,0,0.0,0,0.0,0.0,0.0,0.0,0.0,0.0,False
851,SG,2026-06-01,1479,253,558.6999999999998,0,0.0,7,1720.0,1720.0,0.0,0.0,0.0,0.0,True
851,SK,2026-06-01,14,8,17.759999999999998,0,0.0,0,0.0,0.0,0.0,0.0,0.0,0.0,False
851,TH,2026-06-01,2,0,0.0,0,0.0,0,0.0,0.0,0.0,0.0,0.0,0.0,False
851,TR,2026-06-01,1,0,0.0,0,0.0,0,0.0,0.0,0.0,0.0,0.0,0.0,False
851,TW,2026-06-01,3,0,0.0,0,0.0,0,0.0,0.0,0.0,0.0,0.0,0.0,False
851,TZ,2026-06-01,2,0,0.0,0,0.0,0,0.0,0.0,0.0,0.0,0.0,0.0,False
851,UG,2026-06-01,1,0,0.0,0,0.0,0,0.0,0.0,0.0,0.0,0.0,0.0,False
851,UNKNOWN,2026-06-01,5,1,0.74,0,0.0,0,0.0,0.0,0.0,0.0,0.0,0.0,False
851,US,2026-06-01,569,155,959.0400000000001,0,0.0,14,2695.0,2695.0,0.0,0.0,0.0,0.0,True
851,ZA,2026-06-01,63,31,183.51999999999998,0,0.0,0,0.0,0.0,0.0,0.0,0.0,0.0,False
889,AL,2026-06-01,1,0,0.0,0,0.0,0,0.0,0.0,0.0,0.0,0.0,0.0,False
889,AX,2026-06-01,2,0,0.0,0,0.0,0,0.0,0.0,0.0,0.0,0.0,0.0,False
889,AZ,2026-06-01,2,1,337.44,0,0.0,1,200.0,200.0,0.0,0.0,0.0,0.0,False
889,BR,2026-06-01,2455,25,2726.16,0,0.0,41,8745.0,8645.0,100.0,0.0,0.0,0.0,True
889,CH,2026-06-01,1,0,0.0,0,0.0,0,0.0,0.0,0.0,0.0,0.0,0.0,False
889,DE,2026-06-01,3192,82,25819.339999999997,0,0.0,107,70975.0,70910.0,65.0,0.0,0.0,0.0,True
889,EC,2026-06-01,1,0,0.0,0,0.0,0,0.0,0.0,0.0,0.0,0.0,0.0,False
889,ES,2026-06-01,2081,36,11282.78,0,0.0,54,21700.0,21470.0,230.0,0.0,0.0,0.0,True
889,FR,2026-06-01,2735,48,15850.8,0,0.0,67,30805.0,30740.0,65.0,0.0,0.0,0.0,True
889,IT,2026-06-01,3444,72,28469.28,0,0.0,95,51170.0,51015.0,155.0,0.0,0.0,0.0,True
889,SI,2026-06-01,1,0,0.0,0,0.0,0,0.0,0.0,0.0,0.0,0.0,0.0,False
889,US,2026-06-01,1,0,0.0,0,0.0,0,0.0,0.0,0.0,0.0,0.0,0.0,False
897,AD,2026-06-01,9,6,84.72999999999999,0,0.0,1,150.0,150.0,0.0,0.0,0.0,0.0,False
897,AE,2026-06-01,2,2,31.08,0,0.0,0,0.0,0.0,0.0,0.0,0.0,0.0,False
897,AL,2026-06-01,48,16,183.51999999999998,0,0.0,0,0.0,0.0,0.0,0.0,0.0,0.0,False
897,AM,2026-06-01,1,0,0.0,0,0.0,0,0.0,0.0,0.0,0.0,0.0,0.0,False
897,AO,2026-06-01,1,1,17.02,0,0.0,1,65.0,65.0,0.0,0.0,0.0,0.0,False
897,AS,2026-06-01,1,1,10.73,0,0.0,1,110.0,110.0,0.0,0.0,0.0,0.0,False
897,AT,2026-06-01,93,60,889.5539999999999,0,0.0,7,59890.0,59615.0,275.0,0.0,0.0,0.0,False
897,AU,2026-06-01,1103,703,11116.760999999995,0,0.0,59,48805.0,48670.0,135.0,0.0,0.0,0.0,True
897,AX,2026-06-01,2,1,15.54,0,0.0,0,0.0,0.0,0.0,0.0,0.0,0.0,False
897,AZ,2026-06-01,2,0,0.0,0,0.0,0,0.0,0.0,0.0,0.0,0.0,0.0,False
897,BE,2026-06-01,296,189,2922.9334,0,0.0,14,6645.0,6645.0,0.0,0.0,0.0,0.0,False
897,BG,2026-06-01,122,57,897.62,0,0.0,6,1540.0,1540.0,0.0,0.0,0.0,0.0,False
897,BH,2026-06-01,1,1,12.58,0,0.0,0,0.0,0.0,0.0,0.0,0.0,0.0,False
897,BO,2026-06-01,1,1,15.54,0,0.0,0,0.0,0.0,0.0,0.0,0.0,0.0,False
897,BR,2026-06-01,5,2,25.16,0,0.0,0,0.0,0.0,0.0,0.0,0.0,0.0,False
897,BS,2026-06-01,5,5,83.62,0,0.0,0,0.0,0.0,0.0,0.0,0.0,0.0,False
897,CA,2026-06-01,1793,1031,16177.295399999988,0,0.0,66,30765.0,30765.0,0.0,0.0,0.0,0.0,True
897,CH,2026-06-01,73,49,764.013,0,0.0,6,645.0,645.0,0.0,0.0,0.0,0.0,False
897,CO,2026-06-01,5,4,52.54,0,0.0,0,0.0,0.0,0.0,0.0,0.0,0.0,False
897,CR,2026-06-01,1,1,15.54,0,0.0,0,0.0,0.0,0.0,0.0,0.0,0.0,False
897,CV,2026-06-01,1,1,21.46,0,0.0,0,0.0,0.0,0.0,0.0,0.0,0.0,False
897,CW,2026-06-01,1,1,17.02,0,0.0,0,0.0,0.0,0.0,0.0,0.0,0.0,False
897,CY,2026-06-01,3,3,44.769999999999996,0,0.0,0,0.0,0.0,0.0,0.0,0.0,0.0,False
897,CZ,2026-06-01,60,39,589.9280000000001,0,0.0,6,870.0,870.0,0.0,0.0,0.0,0.0,False
897,DE,2026-06-01,534,360,5422.201999999999,0,0.0,29,16295.0,16295.0,0.0,0.0,0.0,0.0,True
897,DK,2026-06-01,148,94,1528.0629999999999,0,0.0,5,1570.0,1525.0,45.0,0.0,0.0,0.0,False
897,DO,2026-06-01,2,1,17.02,0,0.0,0,0.0,0.0,0.0,0.0,0.0,0.0,False
897,DZ,2026-06-01,1,1,12.58,0,0.0,0,0.0,0.0,0.0,0.0,0.0,0.0,False
897,EE,2026-06-01,15,7,94.72,0,0.0,1,65.0,65.0,0.0,0.0,0.0,0.0,False
897,ES,2026-06-01,177,101,1175.12,0,0.0,16,5710.0,5710.0,0.0,0.0,0.0,0.0,False
897,FI,2026-06-01,70,48,736.152,0,0.0,7,10550.0,10550.0,0.0,0.0,0.0,0.0,False
897,FJ,2026-06-01,2,1,16.28,0,0.0,0,0.0,0.0,0.0,0.0,0.0,0.0,False
897,FO,2026-06-01,3,2,28.86,0,0.0,0,0.0,0.0,0.0,0.0,0.0,0.0,False
897,FR,2026-06-01,748,472,7156.214399999999,0,0.0,40,25600.0,25500.0,100.0,0.0,0.0,0.0,True
897,GB,2026-06-01,2970,1791,27932.447000000004,0,0.0,100,44150.0,43955.0,195.0,0.0,0.0,0.0,True
897,GE,2026-06-01,1,1,21.46,0,0.0,0,0.0,0.0,0.0,0.0,0.0,0.0,False
897,GF,2026-06-01,1,0,0.0,0,0.0,0,0.0,0.0,0.0,0.0,0.0,0.0,False
897,GG,2026-06-01,9,7,117.28999999999999,0,0.0,0,0.0,0.0,0.0,0.0,0.0,0.0,False
897,GI,2026-06-01,7,5,67.044,0,0.0,1,470.0,470.0,0.0,0.0,0.0,0.0,False
897,GR,2026-06-01,241,157,2355.3089999999997,0,0.0,10,1410.0,1410.0,0.0,0.0,0.0,0.0,False
897,GU,2026-06-01,1,0,0.0,0,0.0,0,0.0,0.0,0.0,0.0,0.0,0.0,False
897,GY,2026-06-01,1,1,8.879999999999999,0,0.0,0,0.0,0.0,0.0,0.0,0.0,0.0,False
897,HK,2026-06-01,1,1,15.54,0,0.0,0,0.0,0.0,0.0,0.0,0.0,0.0,False
897,HN,2026-06-01,1,1,22.2,0,0.0,0,0.0,0.0,0.0,0.0,0.0,0.0,False
897,HR,2026-06-01,112,79,1184.2220000000002,0,0.0,3,285.0,285.0,0.0,0.0,0.0,0.0,False
897,HU,2026-06-01,126,83,1268.952,0,0.0,5,1545.0,1545.0,0.0,0.0,0.0,0.0,False
897,ID,2026-06-01,3,2,25.9,0,0.0,0,0.0,0.0,0.0,0.0,0.0,0.0,False
897,IE,2026-06-01,185,113,1728.936,0,0.0,7,1415.0,1415.0,0.0,0.0,0.0,0.0,False
897,IL,2026-06-01,1,0,0.0,0,0.0,0,0.0,0.0,0.0,0.0,0.0,0.0,False
897,IM,2026-06-01,7,5,78.884,0,0.0,1,1225.0,1225.0,0.0,0.0,0.0,0.0,False
897,IN,2026-06-01,3,1,19.24,0,0.0,0,0.0,0.0,0.0,0.0,0.0,0.0,False
897,IO,2026-06-01,1,1,16.28,0,0.0,0,0.0,0.0,0.0,0.0,0.0,0.0,False
897,IS,2026-06-01,18,14,215.04399999999998,0,0.0,2,1100.0,1100.0,0.0,0.0,0.0,0.0,False
897,IT,2026-06-01,667,423,6323.085399999999,0,0.0,33,22655.0,22485.0,170.0,0.0,0.0,0.0,True
897,JE,2026-06-01,13,3,48.1,0,0.0,0,0.0,0.0,0.0,0.0,0.0,0.0,False
897,JM,2026-06-01,2,1,21.46,0,0.0,0,0.0,0.0,0.0,0.0,0.0,0.0,False
897,JP,2026-06-01,4,2,37.0,0,0.0,0,0.0,0.0,0.0,0.0,0.0,0.0,False
897,KH,2026-06-01,1,0,0.0,0,0.0,0,0.0,0.0,0.0,0.0,0.0,0.0,False
897,KR,2026-06-01,2,1,21.46,0,0.0,0,0.0,0.0,0.0,0.0,0.0,0.0,False
897,LK,2026-06-01,1,1,19.24,0,0.0,0,0.0,0.0,0.0,0.0,0.0,0.0,False
897,LT,2026-06-01,29,19,315.24000000000007,0,0.0,4,12050.0,12005.0,45.0,0.0,0.0,0.0,False
897,LU,2026-06-01,19,11,172.04999999999998,0,0.0,1,1245.0,1245.0,0.0,0.0,0.0,0.0,False
897,LV,2026-06-01,44,30,471.824,0,0.0,2,2705.0,2705.0,0.0,0.0,0.0,0.0,False
897,MA,2026-06-01,5,4,60.68,0,0.0,0,0.0,0.0,0.0,0.0,0.0,0.0,False
897,MC,2026-06-01,1,0,0.0,0,0.0,0,0.0,0.0,0.0,0.0,0.0,0.0,False
897,ME,2026-06-01,8,3,34.04,0,0.0,1,150.0,150.0,0.0,0.0,0.0,0.0,False
897,MQ,2026-06-01,1,0,0.0,0,0.0,0,0.0,0.0,0.0,0.0,0.0,0.0,False
897,MT,2026-06-01,79,48,717.2079999999999,0,0.0,1,1750.0,1750.0,0.0,0.0,0.0,0.0,False
897,MX,2026-06-01,19,12,177.97,0,0.0,0,0.0,0.0,0.0,0.0,0.0,0.0,False
897,MY,2026-06-01,1,1,17.02,0,0.0,0,0.0,0.0,0.0,0.0,0.0,0.0,False
897,NL,2026-06-01,356,242,3625.0750000000003,0,0.0,25,9920.0,9795.0,125.0,0.0,0.0,0.0,False
897,NO,2026-06-01,108,71,1052.206,0,0.0,2,215.0,215.0,0.0,0.0,0.0,0.0,False
897,NP,2026-06-01,1,0,0.0,0,0.0,0,0.0,0.0,0.0,0.0,0.0,0.0,False
897,NZ,2026-06-01,393,238,3621.4120000000003,0,0.0,32,87815.0,87565.0,250.0,0.0,0.0,0.0,False
897,PE,2026-06-01,4,1,17.759999999999998,0,0.0,0,0.0,0.0,0.0,0.0,0.0,0.0,False
897,PH,2026-06-01,33,21,327.44999999999993,0,0.0,2,265.0,265.0,0.0,0.0,0.0,0.0,False
897,PK,2026-06-01,1,0,0.0,0,0.0,0,0.0,0.0,0.0,0.0,0.0,0.0,False
897,PL,2026-06-01,189,137,2091.906,0,0.0,5,2215.0,2215.0,0.0,0.0,0.0,0.0,False
897,PR,2026-06-01,5,3,59.94,0,0.0,0,0.0,0.0,0.0,0.0,0.0,0.0,False
897,PT,2026-06-01,483,285,4270.095999999999,0,0.0,15,3115.0,3115.0,0.0,0.0,0.0,0.0,False
897,RO,2026-06-01,81,47,490.6199999999999,0,0.0,2,3690.0,3690.0,0.0,0.0,0.0,0.0,False
897,RS,2026-06-01,55,31,343.35999999999996,0,0.0,1,65.0,65.0,0.0,0.0,0.0,0.0,False
897,RW,2026-06-01,1,1,17.759999999999998,0,0.0,0,0.0,0.0,0.0,0.0,0.0,0.0,False
897,SE,2026-06-01,277,205,3214.523,0,0.0,10,126195.0,126195.0,0.0,0.0,0.0,0.0,False
897,SG,2026-06-01,3,3,60.68,0,0.0,0,0.0,0.0,0.0,0.0,0.0,0.0,False
897,SI,2026-06-01,35,25,402.19,0,0.0,0,0.0,0.0,0.0,0.0,0.0,0.0,False
897,SK,2026-06-01,49,35,550.5600000000002,0,0.0,2,130.0,130.0,0.0,0.0,0.0,0.0,False
897,TH,2026-06-01,3,2,42.18,0,0.0,0,0.0,0.0,0.0,0.0,0.0,0.0,False
897,TO,2026-06-01,1,0,0.0,0,0.0,0,0.0,0.0,0.0,0.0,0.0,0.0,False
897,TR,2026-06-01,10,7,99.23400000000001,0,0.0,0,0.0,0.0,0.0,0.0,0.0,0.0,False
897,TT,2026-06-01,1,1,15.54,0,0.0,0,0.0,0.0,0.0,0.0,0.0,0.0,False
897,TW,2026-06-01,2,2,34.78,0,0.0,0,0.0,0.0,0.0,0.0,0.0,0.0,False
897,UNKNOWN,2026-06-01,3,1,21.46,0,0.0,0,0.0,0.0,0.0,0.0,0.0,0.0,False
897,US,2026-06-01,13153,7836,126593.1024000008,0,0.0,442,287055.0,286085.0,970.0,0.0,0.0,0.0,True
897,UY,2026-06-01,1,0,0.0,0,0.0,0,0.0,0.0,0.0,0.0,0.0,0.0,False
897,VI,2026-06-01,1,1,17.02,0,0.0,0,0.0,0.0,0.0,0.0,0.0,0.0,False
897,VU,2026-06-01,3,2,32.56,0,0.0,0,0.0,0.0,0.0,0.0,0.0,0.0,False
897,WF,2026-06-01,1,0,0.0,0,0.0,0,0.0,0.0,0.0,0.0,0.0,0.0,False
897,ZA,2026-06-01,1,0,0.0,0,0.0,0,0.0,0.0,0.0,0.0,0.0,0.0,False
911,AE,2026-06-01,1,0,0.0,0,0.0,0,0.0,0.0,0.0,0.0,0.0,0.0,False
911,AL,2026-06-01,2,1,0.888,0,0.0,0,0.0,0.0,0.0,0.0,0.0,0.0,False
911,AR,2026-06-01,2,1,2.96,0,0.0,0,0.0,0.0,0.0,0.0,0.0,0.0,False
911,AU,2026-06-01,4,1,5.92,0,0.0,0,0.0,0.0,0.0,0.0,0.0,0.0,False
911,BR,2026-06-01,32130,6174,5585.298000000017,0,0.0,62,11320.0,11190.0,130.0,0.0,0.0,0.0,True
911,CA,2026-06-01,28,8,48.248,0,0.0,0,0.0,0.0,0.0,0.0,0.0,0.0,False
911,CL,2026-06-01,2,0,0.0,0,0.0,0,0.0,0.0,0.0,0.0,0.0,0.0,False
911,CO,2026-06-01,5,0,0.0,0,0.0,0,0.0,0.0,0.0,0.0,0.0,0.0,False
911,CV,2026-06-01,34,1,1.1099999999999999,0,0.0,0,0.0,0.0,0.0,0.0,0.0,0.0,False
911,DE,2026-06-01,80,24,106.55999999999997,0,0.0,0,0.0,0.0,0.0,0.0,0.0,0.0,False
911,EE,2026-06-01,1,1,4.4399999999999995,0,0.0,0,0.0,0.0,0.0,0.0,0.0,0.0,False
911,FR,2026-06-01,86,19,105.44999999999999,0,0.0,0,0.0,0.0,0.0,0.0,0.0,0.0,False
911,GB,2026-06-01,19,2,8.879999999999999,0,0.0,0,0.0,0.0,0.0,0.0,0.0,0.0,False
911,IE,2026-06-01,8,1,4.4399999999999995,0,0.0,0,0.0,0.0,0.0,0.0,0.0,0.0,False
911,IN,2026-06-01,1,0,0.0,0,0.0,0,0.0,0.0,0.0,0.0,0.0,0.0,False
911,JP,2026-06-01,1,0,0.0,0,0.0,0,0.0,0.0,0.0,0.0,0.0,0.0,False
911,KE,2026-06-01,1,0,0.0,0,0.0,0,0.0,0.0,0.0,0.0,0.0,0.0,False
911,LA,2026-06-01,1,0,0.0,0,0.0,0,0.0,0.0,0.0,0.0,0.0,0.0,False
911,MX,2026-06-01,132,23,68.08,0,0.0,0,0.0,0.0,0.0,0.0,0.0,0.0,False
911,NL,2026-06-01,1,0,0.0,0,0.0,0,0.0,0.0,0.0,0.0,0.0,0.0,False
911,NZ,2026-06-01,25,7,31.079999999999995,0,0.0,0,0.0,0.0,0.0,0.0,0.0,0.0,False
911,PK,2026-06-01,2,0,0.0,0,0.0,0,0.0,0.0,0.0,0.0,0.0,0.0,False
911,PL,2026-06-01,2,0,0.0,0,0.0,0,0.0,0.0,0.0,0.0,0.0,0.0,False
911,SR,2026-06-01,1,0,0.0,0,0.0,0,0.0,0.0,0.0,0.0,0.0,0.0,False
911,US,2026-06-01,1153,278,2042.0299999999995,0,0.0,8,17650.0,17650.0,0.0,0.0,0.0,0.0,True
911,ZA,2026-06-01,1,0,0.0,0,0.0,0,0.0,0.0,0.0,0.0,0.0,0.0,False
organic,AD,2026-06-01,62,0,0.0,0,0.0,0,0.0,0.0,0.0,0.0,0.0,0.0,False
organic,AE,2026-06-01,670,0,0.0,0,0.0,18,4235.0,4235.0,0.0,0.0,0.0,0.0,True
organic,AF,2026-06-01,3,0,0.0,0,0.0,0,0.0,0.0,0.0,0.0,0.0,0.0,False
organic,AG,2026-06-01,10,0,0.0,0,0.0,0,0.0,0.0,0.0,0.0,0.0,0.0,False
organic,AI,2026-06-01,16,0,0.0,0,0.0,1,150.0,150.0,0.0,0.0,0.0,0.0,False
organic,AL,2026-06-01,270,0,0.0,0,0.0,7,740.0,740.0,0.0,0.0,0.0,0.0,False
organic,AM,2026-06-01,75,0,0.0,0,0.0,0,0.0,0.0,0.0,0.0,0.0,0.0,False
organic,AO,2026-06-01,148,0,0.0,0,0.0,5,715.0,715.0,0.0,0.0,0.0,0.0,False
organic,AQ,2026-06-01,4,0,0.0,0,0.0,0,0.0,0.0,0.0,0.0,0.0,0.0,False
organic,AR,2026-06-01,1280,0,0.0,0,0.0,29,11565.0,11565.0,0.0,0.0,0.0,0.0,True
organic,AS,2026-06-01,25,0,0.0,0,0.0,2,130.0,130.0,0.0,0.0,0.0,0.0,False
organic,AT,2026-06-01,443,0,0.0,0,0.0,4,1005.0,1005.0,0.0,0.0,0.0,0.0,False
organic,AU,2026-06-01,4690,0,0.0,0,0.0,153,246315.0,245760.0,555.0,0.0,0.0,0.0,True
organic,AW,2026-06-01,15,0,0.0,0,0.0,0,0.0,0.0,0.0,0.0,0.0,0.0,False
organic,AX,2026-06-01,33,0,0.0,0,0.0,2,725.0,725.0,0.0,0.0,0.0,0.0,False
organic,AZ,2026-06-01,292,0,0.0,0,0.0,1,60.0,60.0,0.0,0.0,0.0,0.0,False
organic,BB,2026-06-01,44,0,0.0,0,0.0,2,2095.0,2095.0,0.0,0.0,0.0,0.0,False
organic,BD,2026-06-01,628,0,0.0,0,0.0,1,100.0,100.0,0.0,0.0,0.0,0.0,True
organic,BE,2026-06-01,536,0,0.0,0,0.0,11,7030.0,7030.0,0.0,0.0,0.0,0.0,True
organic,BF,2026-06-01,24,0,0.0,0,0.0,0,0.0,0.0,0.0,0.0,0.0,0.0,False
organic,BG,2026-06-01,337,0,0.0,0,0.0,3,380.0,380.0,0.0,0.0,0.0,0.0,False
organic,BH,2026-06-01,90,0,0.0,0,0.0,1,65.0,65.0,0.0,0.0,0.0,0.0,False
organic,BJ,2026-06-01,373,0,0.0,0,0.0,2,890.0,890.0,0.0,0.0,0.0,0.0,False
organic,BM,2026-06-01,38,0,0.0,0,0.0,0,0.0,0.0,0.0,0.0,0.0,0.0,False
organic,BN,2026-06-01,36,0,0.0,0,0.0,0,0.0,0.0,0.0,0.0,0.0,0.0,False
organic,BO,2026-06-01,319,0,0.0,0,0.0,0,0.0,0.0,0.0,0.0,0.0,0.0,False
organic,BQ,2026-06-01,18,0,0.0,0,0.0,0,0.0,0.0,0.0,0.0,0.0,0.0,False
organic,BR,2026-06-01,9989,0,0.0,0,0.0,223,158110.0,157480.0,630.0,0.0,0.0,0.0,True
organic,BS,2026-06-01,57,0,0.0,0,0.0,3,925.0,925.0,0.0,0.0,0.0,0.0,False
organic,BT,2026-06-01,8,0,0.0,0,0.0,0,0.0,0.0,0.0,0.0,0.0,0.0,False
organic,BV,2026-06-01,1,0,0.0,0,0.0,0,0.0,0.0,0.0,0.0,0.0,0.0,False
organic,BW,2026-06-01,428,0,0.0,0,0.0,8,1610.0,1610.0,0.0,0.0,0.0,0.0,False
organic,BZ,2026-06-01,79,0,0.0,0,0.0,0,0.0,0.0,0.0,0.0,0.0,0.0,False
organic,CA,2026-06-01,6033,0,0.0,0,0.0,165,318465.0,317265.0,1200.0,0.0,0.0,0.0,True
organic,CC,2026-06-01,1,0,0.0,0,0.0,0,0.0,0.0,0.0,0.0,0.0,0.0,False
organic,CH,2026-06-01,466,0,0.0,0,0.0,10,6935.0,6935.0,0.0,0.0,0.0,0.0,False
organic,CI,2026-06-01,197,0,0.0,0,0.0,5,425.0,425.0,0.0,0.0,0.0,0.0,False
organic,CK,2026-06-01,19,0,0.0,0,0.0,0,0.0,0.0,0.0,0.0,0.0,0.0,False
organic,CL,2026-06-01,936,0,0.0,0,0.0,26,3600.0,3600.0,0.0,0.0,0.0,0.0,True
organic,CM,2026-06-01,158,0,0.0,0,0.0,6,775.0,775.0,0.0,0.0,0.0,0.0,False
organic,CN,2026-06-01,642,0,0.0,0,0.0,3,550.0,550.0,0.0,0.0,0.0,0.0,True
organic,CO,2026-06-01,1281,0,0.0,0,0.0,21,5815.0,5770.0,45.0,0.0,0.0,0.0,True
organic,CR,2026-06-01,392,0,0.0,0,0.0,8,1110.0,1110.0,0.0,0.0,0.0,0.0,False
organic,CU,2026-06-01,1,0,0.0,0,0.0,0,0.0,0.0,0.0,0.0,0.0,0.0,False
organic,CV,2026-06-01,60,0,0.0,0,0.0,0,0.0,0.0,0.0,0.0,0.0,0.0,False
organic,CW,2026-06-01,16,0,0.0,0,0.0,1,65.0,65.0,0.0,0.0,0.0,0.0,False
organic,CY,2026-06-01,275,0,0.0,0,0.0,0,0.0,0.0,0.0,0.0,0.0,0.0,False
organic,CZ,2026-06-01,190,0,0.0,0,0.0,2,5090.0,5090.0,0.0,0.0,0.0,0.0,False
organic,DE,2026-06-01,3407,0,0.0,0,0.0,33,20555.0,20510.0,45.0,0.0,0.0,0.0,True
organic,DJ,2026-06-01,43,0,0.0,0,0.0,0,0.0,0.0,0.0,0.0,0.0,0.0,False
organic,DK,2026-06-01,414,0,0.0,0,0.0,9,3980.0,3980.0,0.0,0.0,0.0,0.0,False
organic,DM,2026-06-01,3,0,0.0,0,0.0,0,0.0,0.0,0.0,0.0,0.0,0.0,False
organic,DO,2026-06-01,494,0,0.0,0,0.0,7,1050.0,1050.0,0.0,0.0,0.0,0.0,False
organic,DZ,2026-06-01,565,0,0.0,0,0.0,1,150.0,150.0,0.0,0.0,0.0,0.0,True
organic,EC,2026-06-01,539,0,0.0,0,0.0,5,1705.0,1660.0,45.0,0.0,0.0,0.0,True
organic,EE,2026-06-01,56,0,0.0,0,0.0,2,3570.0,3570.0,0.0,0.0,0.0,0.0,False
organic,EG,2026-06-01,23,0,0.0,0,0.0,0,0.0,0.0,0.0,0.0,0.0,0.0,False
organic,EH,2026-06-01,1,0,0.0,0,0.0,0,0.0,0.0,0.0,0.0,0.0,0.0,False
organic,ES,2026-06-01,1962,0,0.0,0,0.0,49,23115.0,23115.0,0.0,0.0,0.0,0.0,True
organic,ET,2026-06-01,4,0,0.0,0,0.0,0,0.0,0.0,0.0,0.0,0.0,0.0,False
organic,FI,2026-06-01,449,0,0.0,0,0.0,6,8465.0,8465.0,0.0,0.0,0.0,0.0,False
organic,FJ,2026-06-01,151,0,0.0,0,0.0,0,0.0,0.0,0.0,0.0,0.0,0.0,False
organic,FK,2026-06-01,1,0,0.0,0,0.0,0,0.0,0.0,0.0,0.0,0.0,0.0,False
organic,FM,2026-06-01,5,0,0.0,0,0.0,0,0.0,0.0,0.0,0.0,0.0,0.0,False
organic,FO,2026-06-01,2,0,0.0,0,0.0,1,2595.0,2595.0,0.0,0.0,0.0,0.0,False
organic,FR,2026-06-01,3273,0,0.0,0,0.0,45,21865.0,21865.0,0.0,0.0,0.0,0.0,True
organic,GA,2026-06-01,19,0,0.0,0,0.0,1,825.0,825.0,0.0,0.0,0.0,0.0,False
organic,GB,2026-06-01,11042,0,0.0,0,0.0,287,263735.0,262790.0,945.0,0.0,0.0,0.0,True
organic,GD,2026-06-01,12,0,0.0,0,0.0,0,0.0,0.0,0.0,0.0,0.0,0.0,False
organic,GE,2026-06-01,43,0,0.0,0,0.0,3,280.0,280.0,0.0,0.0,0.0,0.0,False
organic,GF,2026-06-01,14,0,0.0,0,0.0,0,0.0,0.0,0.0,0.0,0.0,0.0,False
organic,GG,2026-06-01,8,0,0.0,0,0.0,0,0.0,0.0,0.0,0.0,0.0,0.0,False
organic,GH,2026-06-01,3,0,0.0,0,0.0,0,0.0,0.0,0.0,0.0,0.0,0.0,False
organic,GI,2026-06-01,2,0,0.0,0,0.0,0,0.0,0.0,0.0,0.0,0.0,0.0,False
organic,GL,2026-06-01,17,0,0.0,0,0.0,1,5520.0,5520.0,0.0,0.0,0.0,0.0,False
organic,GM,2026-06-01,55,0,0.0,0,0.0,1,110.0,110.0,0.0,0.0,0.0,0.0,False
organic,GN,2026-06-01,10,0,0.0,0,0.0,0,0.0,0.0,0.0,0.0,0.0,0.0,False
organic,GP,2026-06-01,31,0,0.0,0,0.0,0,0.0,0.0,0.0,0.0,0.0,0.0,False
organic,GQ,2026-06-01,17,0,0.0,0,0.0,0,0.0,0.0,0.0,0.0,0.0,0.0,False
organic,GR,2026-06-01,329,0,0.0,0,0.0,11,1540.0,1540.0,0.0,0.0,0.0,0.0,False
organic,GT,2026-06-01,42,0,0.0,0,0.0,1,65.0,65.0,0.0,0.0,0.0,0.0,False
organic,GU,2026-06-01,28,0,0.0,0,0.0,1,65.0,65.0,0.0,0.0,0.0,0.0,False
organic,GY,2026-06-01,183,0,0.0,0,0.0,0,0.0,0.0,0.0,0.0,0.0,0.0,False
organic,HK,2026-06-01,284,0,0.0,0,0.0,1,250.0,250.0,0.0,0.0,0.0,0.0,False
organic,HM,2026-06-01,1,0,0.0,0,0.0,0,0.0,0.0,0.0,0.0,0.0,0.0,False
organic,HN,2026-06-01,228,0,0.0,0,0.0,3,370.0,370.0,0.0,0.0,0.0,0.0,False
organic,HR,2026-06-01,196,0,0.0,0,0.0,1,5010.0,5010.0,0.0,0.0,0.0,0.0,False
organic,HT,2026-06-01,3,0,0.0,0,0.0,0,0.0,0.0,0.0,0.0,0.0,0.0,False
organic,HU,2026-06-01,170,0,0.0,0,0.0,2,1295.0,1295.0,0.0,0.0,0.0,0.0,False
organic,ID,2026-06-01,183,0,0.0,0,0.0,0,0.0,0.0,0.0,0.0,0.0,0.0,False
organic,IE,2026-06-01,1002,0,0.0,0,0.0,18,7690.0,7690.0,0.0,0.0,0.0,0.0,True
organic,IL,2026-06-01,341,0,0.0,0,0.0,11,3775.0,3775.0,0.0,0.0,0.0,0.0,False
organic,IM,2026-06-01,12,0,0.0,0,0.0,0,0.0,0.0,0.0,0.0,0.0,0.0,False
organic,IN,2026-06-01,2776,0,0.0,0,0.0,12,1760.0,1760.0,0.0,0.0,0.0,0.0,True
organic,IO,2026-06-01,3,0,0.0,0,0.0,0,0.0,0.0,0.0,0.0,0.0,0.0,False
organic,IQ,2026-06-01,1,0,0.0,0,0.0,0,0.0,0.0,0.0,0.0,0.0,0.0,False
organic,IR,2026-06-01,45,0,0.0,0,0.0,0,0.0,0.0,0.0,0.0,0.0,0.0,False
organic,IS,2026-06-01,84,0,0.0,0,0.0,0,0.0,0.0,0.0,0.0,0.0,0.0,False
organic,IT,2026-06-01,1594,0,0.0,0,0.0,39,39850.0,39850.0,0.0,0.0,0.0,0.0,True
organic,JE,2026-06-01,11,0,0.0,0,0.0,0,0.0,0.0,0.0,0.0,0.0,0.0,False
organic,JM,2026-06-01,452,0,0.0,0,0.0,8,7470.0,7200.0,270.0,0.0,0.0,0.0,False
organic,JO,2026-06-01,34,0,0.0,0,0.0,0,0.0,0.0,0.0,0.0,0.0,0.0,False
organic,JP,2026-06-01,481,0,0.0,0,0.0,4,1405.0,1405.0,0.0,0.0,0.0,0.0,False
organic,KE,2026-06-01,2369,0,0.0,0,0.0,36,3430.0,3430.0,0.0,0.0,0.0,0.0,True
organic,KG,2026-06-01,54,0,0.0,0,0.0,0,0.0,0.0,0.0,0.0,0.0,0.0,False
organic,KH,2026-06-01,36,0,0.0,0,0.0,1,4140.0,4015.0,125.0,0.0,0.0,0.0,False
organic,KI,2026-06-01,19,0,0.0,0,0.0,0,0.0,0.0,0.0,0.0,0.0,0.0,False
organic,KM,2026-06-01,17,0,0.0,0,0.0,0,0.0,0.0,0.0,0.0,0.0,0.0,False
organic,KN,2026-06-01,21,0,0.0,0,0.0,1,65.0,65.0,0.0,0.0,0.0,0.0,False
organic,KR,2026-06-01,302,0,0.0,0,0.0,4,1660.0,1660.0,0.0,0.0,0.0,0.0,False
organic,KW,2026-06-01,134,0,0.0,0,0.0,1,65.0,65.0,0.0,0.0,0.0,0.0,False
organic,KY,2026-06-01,16,0,0.0,0,0.0,0,0.0,0.0,0.0,0.0,0.0,0.0,False
organic,KZ,2026-06-01,25,0,0.0,0,0.0,3,1035.0,1035.0,0.0,0.0,0.0,0.0,False
organic,LA,2026-06-01,31,0,0.0,0,0.0,0,0.0,0.0,0.0,0.0,0.0,0.0,False
organic,LB,2026-06-01,1,0,0.0,0,0.0,0,0.0,0.0,0.0,0.0,0.0,0.0,False
organic,LC,2026-06-01,43,0,0.0,0,0.0,0,0.0,0.0,0.0,0.0,0.0,0.0,False
organic,LI,2026-06-01,5,0,0.0,0,0.0,0,0.0,0.0,0.0,0.0,0.0,0.0,False
organic,LK,2026-06-01,236,0,0.0,0,0.0,7,2040.0,1995.0,45.0,0.0,0.0,0.0,False
organic,LS,2026-06-01,14,0,0.0,0,0.0,1,85.0,85.0,0.0,0.0,0.0,0.0,False
organic,LT,2026-06-01,131,0,0.0,0,0.0,4,5620.0,5620.0,0.0,0.0,0.0,0.0,False
organic,LU,2026-06-01,53,0,0.0,0,0.0,3,11080.0,11080.0,0.0,0.0,0.0,0.0,False
organic,LV,2026-06-01,162,0,0.0,0,0.0,0,0.0,0.0,0.0,0.0,0.0,0.0,False
organic,MA,2026-06-01,486,0,0.0,0,0.0,1,640.0,640.0,0.0,0.0,0.0,0.0,False
organic,MC,2026-06-01,10,0,0.0,0,0.0,0,0.0,0.0,0.0,0.0,0.0,0.0,False
organic,MD,2026-06-01,69,0,0.0,0,0.0,0,0.0,0.0,0.0,0.0,0.0,0.0,False
organic,ME,2026-06-01,18,0,0.0,0,0.0,0,0.0,0.0,0.0,0.0,0.0,0.0,False
organic,MF,2026-06-01,1,0,0.0,0,0.0,0,0.0,0.0,0.0,0.0,0.0,0.0,False
organic,MG,2026-06-01,1508,0,0.0,0,0.0,10,765.0,765.0,0.0,0.0,0.0,0.0,True
organic,MH,2026-06-01,2,0,0.0,0,0.0,0,0.0,0.0,0.0,0.0,0.0,0.0,False
organic,MK,2026-06-01,38,0,0.0,0,0.0,0,0.0,0.0,0.0,0.0,0.0,0.0,False
organic,MN,2026-06-01,30,0,0.0,0,0.0,0,0.0,0.0,0.0,0.0,0.0,0.0,False
organic,MO,2026-06-01,12,0,0.0,0,0.0,1,200.0,200.0,0.0,0.0,0.0,0.0,False
organic,MP,2026-06-01,17,0,0.0,0,0.0,0,0.0,0.0,0.0,0.0,0.0,0.0,False
organic,MQ,2026-06-01,21,0,0.0,0,0.0,1,5060.0,5060.0,0.0,0.0,0.0,0.0,False
organic,MR,2026-06-01,61,0,0.0,0,0.0,0,0.0,0.0,0.0,0.0,0.0,0.0,False
organic,MS,2026-06-01,1,0,0.0,0,0.0,0,0.0,0.0,0.0,0.0,0.0,0.0,False
organic,MT,2026-06-01,117,0,0.0,0,0.0,3,1545.0,1545.0,0.0,0.0,0.0,0.0,False
organic,MU,2026-06-01,289,0,0.0,0,0.0,4,2310.0,2310.0,0.0,0.0,0.0,0.0,False
organic,MV,2026-06-01,28,0,0.0,0,0.0,0,0.0,0.0,0.0,0.0,0.0,0.0,False
organic,MW,2026-06-01,32,0,0.0,0,0.0,0,0.0,0.0,0.0,0.0,0.0,0.0,False
organic,MX,2026-06-01,3754,0,0.0,0,0.0,44,20170.0,20170.0,0.0,0.0,0.0,0.0,True
organic,MY,2026-06-01,649,0,0.0,0,0.0,9,1830.0,1830.0,0.0,0.0,0.0,0.0,True
organic,MZ,2026-06-01,185,0,0.0,0,0.0,0,0.0,0.0,0.0,0.0,0.0,0.0,False
organic,NA,2026-06-01,339,0,0.0,0,0.0,8,800.0,755.0,45.0,0.0,0.0,0.0,False
organic,NC,2026-06-01,17,0,0.0,0,0.0,1,150.0,150.0,0.0,0.0,0.0,0.0,False
organic,NE,2026-06-01,41,0,0.0,0,0.0,0,0.0,0.0,0.0,0.0,0.0,0.0,False
organic,NF,2026-06-01,1,0,0.0,0,0.0,0,0.0,0.0,0.0,0.0,0.0,0.0,False
organic,NG,2026-06-01,10,0,0.0,0,0.0,0,0.0,0.0,0.0,0.0,0.0,0.0,False
organic,NI,2026-06-01,2,0,0.0,0,0.0,0,0.0,0.0,0.0,0.0,0.0,0.0,False
organic,NL,2026-06-01,2985,0,0.0,0,0.0,55,36955.0,36865.0,90.0,0.0,0.0,0.0,True
organic,NO,2026-06-01,648,0,0.0,0,0.0,7,9505.0,9505.0,0.0,0.0,0.0,0.0,True
organic,NP,2026-06-01,31,0,0.0,0,0.0,0,0.0,0.0,0.0,0.0,0.0,0.0,False
organic,NZ,2026-06-01,1021,0,0.0,0,0.0,24,6320.0,6320.0,0.0,0.0,0.0,0.0,True
organic,OM,2026-06-01,257,0,0.0,0,0.0,0,0.0,0.0,0.0,0.0,0.0,0.0,False
organic,PA,2026-06-01,184,0,0.0,0,0.0,3,420.0,420.0,0.0,0.0,0.0,0.0,False
organic,PE,2026-06-01,654,0,0.0,0,0.0,19,4625.0,4540.0,85.0,0.0,0.0,0.0,True
organic,PF,2026-06-01,29,0,0.0,0,0.0,1,65.0,65.0,0.0,0.0,0.0,0.0,False
organic,PG,2026-06-01,455,0,0.0,0,0.0,0,0.0,0.0,0.0,0.0,0.0,0.0,False
organic,PH,2026-06-01,718,0,0.0,0,0.0,16,11270.0,11270.0,0.0,0.0,0.0,0.0,True
organic,PK,2026-06-01,304,0,0.0,0,0.0,0,0.0,0.0,0.0,0.0,0.0,0.0,False
organic,PL,2026-06-01,1300,0,0.0,0,0.0,7,1425.0,1425.0,0.0,0.0,0.0,0.0,True
organic,PM,2026-06-01,1,0,0.0,0,0.0,0,0.0,0.0,0.0,0.0,0.0,0.0,False
organic,PR,2026-06-01,196,0,0.0,0,0.0,10,20360.0,20360.0,0.0,0.0,0.0,0.0,False
organic,PS,2026-06-01,1,0,0.0,0,0.0,0,0.0,0.0,0.0,0.0,0.0,0.0,False
organic,PT,2026-06-01,1440,0,0.0,0,0.0,21,9515.0,9470.0,45.0,0.0,0.0,0.0,True
organic,PW,2026-06-01,4,0,0.0,0,0.0,0,0.0,0.0,0.0,0.0,0.0,0.0,False
organic,PY,2026-06-01,145,0,0.0,0,0.0,1,65.0,65.0,0.0,0.0,0.0,0.0,False
organic,QA,2026-06-01,134,0,0.0,0,0.0,3,295.0,295.0,0.0,0.0,0.0,0.0,False
organic,RE,2026-06-01,49,0,0.0,0,0.0,1,570.0,570.0,0.0,0.0,0.0,0.0,False
organic,RO,2026-06-01,517,0,0.0,0,0.0,7,2150.0,2150.0,0.0,0.0,0.0,0.0,True
organic,RS,2026-06-01,395,0,0.0,0,0.0,8,840.0,840.0,0.0,0.0,0.0,0.0,False
organic,RU,2026-06-01,5,0,0.0,0,0.0,0,0.0,0.0,0.0,0.0,0.0,0.0,False
organic,RW,2026-06-01,24,0,0.0,0,0.0,1,65.0,65.0,0.0,0.0,0.0,0.0,False
organic,SA,2026-06-01,103,0,0.0,0,0.0,4,1205.0,1205.0,0.0,0.0,0.0,0.0,False
organic,SB,2026-06-01,7,0,0.0,0,0.0,0,0.0,0.0,0.0,0.0,0.0,0.0,False
organic,SC,2026-06-01,42,0,0.0,0,0.0,1,165.0,165.0,0.0,0.0,0.0,0.0,False
organic,SE,2026-06-01,708,0,0.0,0,0.0,21,7015.0,7015.0,0.0,0.0,0.0,0.0,True
organic,SG,2026-06-01,1162,0,0.0,0,0.0,3,16020.0,16020.0,0.0,0.0,0.0,0.0,True
organic,SH,2026-06-01,1,0,0.0,0,0.0,0,0.0,0.0,0.0,0.0,0.0,0.0,False
organic,SI,2026-06-01,75,0,0.0,0,0.0,1,375.0,375.0,0.0,0.0,0.0,0.0,False
organic,SK,2026-06-01,204,0,0.0,0,0.0,3,655.0,655.0,0.0,0.0,0.0,0.0,False
organic,SL,2026-06-01,15,0,0.0,0,0.0,0,0.0,0.0,0.0,0.0,0.0,0.0,False
organic,SN,2026-06-01,144,0,0.0,0,0.0,2,130.0,130.0,0.0,0.0,0.0,0.0,False
organic,SR,2026-06-01,41,0,0.0,0,0.0,1,895.0,895.0,0.0,0.0,0.0,0.0,False
organic,ST,2026-06-01,4,0,0.0,0,0.0,0,0.0,0.0,0.0,0.0,0.0,0.0,False
organic,SV,2026-06-01,196,0,0.0,0,0.0,1,65.0,65.0,0.0,0.0,0.0,0.0,False
organic,SX,2026-06-01,1,0,0.0,0,0.0,0,0.0,0.0,0.0,0.0,0.0,0.0,False
organic,SY,2026-06-01,1,0,0.0,0,0.0,0,0.0,0.0,0.0,0.0,0.0,0.0,False
organic,SZ,2026-06-01,60,0,0.0,0,0.0,1,100.0,100.0,0.0,0.0,0.0,0.0,False
organic,TC,2026-06-01,10,0,0.0,0,0.0,0,0.0,0.0,0.0,0.0,0.0,0.0,False
organic,TD,2026-06-01,149,0,0.0,0,0.0,0,0.0,0.0,0.0,0.0,0.0,0.0,False
organic,TF,2026-06-01,1,0,0.0,0,0.0,0,0.0,0.0,0.0,0.0,0.0,0.0,False
organic,TG,2026-06-01,51,0,0.0,0,0.0,0,0.0,0.0,0.0,0.0,0.0,0.0,False
organic,TH,2026-06-01,212,0,0.0,0,0.0,3,380.0,380.0,0.0,0.0,0.0,0.0,False
organic,TJ,2026-06-01,42,0,0.0,0,0.0,0,0.0,0.0,0.0,0.0,0.0,0.0,False
organic,TL,2026-06-01,16,0,0.0,0,0.0,0,0.0,0.0,0.0,0.0,0.0,0.0,False
organic,TM,2026-06-01,3,0,0.0,0,0.0,0,0.0,0.0,0.0,0.0,0.0,0.0,False
organic,TO,2026-06-01,6,0,0.0,0,0.0,0,0.0,0.0,0.0,0.0,0.0,0.0,False
organic,TR,2026-06-01,1347,0,0.0,0,0.0,13,14385.0,14385.0,0.0,0.0,0.0,0.0,True
organic,TT,2026-06-01,155,0,0.0,0,0.0,0,0.0,0.0,0.0,0.0,0.0,0.0,False
organic,TV,2026-06-01,2,0,0.0,0,0.0,0,0.0,0.0,0.0,0.0,0.0,0.0,False
organic,TW,2026-06-01,117,0,0.0,0,0.0,0,0.0,0.0,0.0,0.0,0.0,0.0,False
organic,TZ,2026-06-01,134,0,0.0,0,0.0,4,255.0,255.0,0.0,0.0,0.0,0.0,False
organic,UA,2026-06-01,315,0,0.0,0,0.0,8,780.0,780.0,0.0,0.0,0.0,0.0,False
organic,UG,2026-06-01,443,0,0.0,0,0.0,0,0.0,0.0,0.0,0.0,0.0,0.0,False
organic,UM,2026-06-01,1,0,0.0,0,0.0,0,0.0,0.0,0.0,0.0,0.0,0.0,False
organic,UNKNOWN,2026-06-01,120,0,0.0,0,0.0,0,0.0,0.0,0.0,0.0,0.0,0.0,False
organic,US,2026-06-01,64568,0,0.0,0,0.0,1926,3514030.0,3496910.0,17120.0,0.0,0.0,0.0,True
organic,UY,2026-06-01,228,0,0.0,0,0.0,5,1400.0,1400.0,0.0,0.0,0.0,0.0,False
organic,UZ,2026-06-01,122,0,0.0,0,0.0,5,330.0,330.0,0.0,0.0,0.0,0.0,False
organic,VC,2026-06-01,16,0,0.0,0,0.0,1,385.0,385.0,0.0,0.0,0.0,0.0,False
organic,VE,2026-06-01,17,0,0.0,0,0.0,0,0.0,0.0,0.0,0.0,0.0,0.0,False
organic,VG,2026-06-01,8,0,0.0,0,0.0,0,0.0,0.0,0.0,0.0,0.0,0.0,False
organic,VI,2026-06-01,10,0,0.0,0,0.0,0,0.0,0.0,0.0,0.0,0.0,0.0,False
organic,VN,2026-06-01,1761,0,0.0,0,0.0,0,0.0,0.0,0.0,0.0,0.0,0.0,True
organic,VU,2026-06-01,10,0,0.0,0,0.0,0,0.0,0.0,0.0,0.0,0.0,0.0,False
organic,WS,2026-06-01,7,0,0.0,0,0.0,0,0.0,0.0,0.0,0.0,0.0,0.0,False
organic,XK,2026-06-01,26,0,0.0,0,0.0,1,65.0,65.0,0.0,0.0,0.0,0.0,False
organic,YT,2026-06-01,6,0,0.0,0,0.0,0,0.0,0.0,0.0,0.0,0.0,0.0,False
organic,ZA,2026-06-01,3571,0,0.0,0,0.0,61,20805.0,20805.0,0.0,0.0,0.0,0.0,True
organic,ZM,2026-06-01,130,0,0.0,0,0.0,3,275.0,275.0,0.0,0.0,0.0,0.0,False
ppc,AD,2026-06-01,82,82,328.7302,0,0.0,6,940.0,940.0,0.0,0.0,0.0,0.0,False
ppc,AE,2026-06-01,1719,1715,7873.178200000001,0,0.0,37,4105.0,4105.0,0.0,0.0,0.0,0.0,True
ppc,AG,2026-06-01,89,89,262.40400000000005,0,0.0,0,0.0,0.0,0.0,0.0,0.0,0.0,False
ppc,AI,2026-06-01,31,31,246.61240000000004,0,0.0,1,210.0,210.0,0.0,0.0,0.0,0.0,False
ppc,AL,2026-06-01,416,415,2002.2697999999998,0,0.0,13,3185.0,3140.0,45.0,0.0,0.0,0.0,False
ppc,AM,2026-06-01,468,465,2382.8148,0,0.0,5,2395.0,2350.0,45.0,0.0,0.0,0.0,False
ppc,AO,2026-06-01,3184,3182,4050.8636000000015,0,0.0,13,2340.0,2340.0,0.0,0.0,0.0,0.0,True
ppc,AQ,2026-06-01,7,7,94.6904,0,0.0,0,0.0,0.0,0.0,0.0,0.0,0.0,False
ppc,AR,2026-06-01,4619,4614,12281.594999999996,0,0.0,81,44135.0,43840.0,295.0,0.0,0.0,0.0,True
ppc,AS,2026-06-01,69,69,326.59899999999993,0,0.0,1,155.0,155.0,0.0,0.0,0.0,0.0,False
ppc,AT,2026-06-01,652,651,6403.8786,0,0.0,11,12720.0,12720.0,0.0,0.0,0.0,0.0,True
ppc,AU,2026-06-01,10955,10909,126818.63959999997,0,0.0,430,646075.0,639450.0,6625.0,0.0,0.0,0.0,True
ppc,AW,2026-06-01,138,138,869.796,0,0.0,5,545.0,545.0,0.0,0.0,0.0,0.0,False
ppc,AX,2026-06-01,29,29,137.5438,0,0.0,4,1015.0,1015.0,0.0,0.0,0.0,0.0,False
ppc,AZ,2026-06-01,1423,1417,5587.2516,0,0.0,3,445.0,395.0,50.0,0.0,0.0,0.0,True
ppc,BB,2026-06-01,255,254,1143.1149999999998,0,0.0,7,2890.0,2890.0,0.0,0.0,0.0,0.0,False
ppc,BD,2026-06-01,4108,4106,3228.405399999998,0,0.0,3,380.0,380.0,0.0,0.0,0.0,0.0,True
ppc,BE,2026-06-01,1569,1561,12603.250800000002,0,0.0,51,39335.0,39020.0,315.0,0.0,0.0,0.0,True
ppc,BF,2026-06-01,829,829,2187.9506,0,0.0,1,190.0,190.0,0.0,0.0,0.0,0.0,True
ppc,BG,2026-06-01,783,781,3839.2605999999987,0,0.0,18,17105.0,17105.0,0.0,0.0,0.0,0.0,True
ppc,BH,2026-06-01,26,26,94.2464,0,0.0,0,0.0,0.0,0.0,0.0,0.0,0.0,False
ppc,BJ,2026-06-01,5751,5729,5354.862000000005,0,0.0,13,1600.0,1600.0,0.0,0.0,0.0,0.0,True
ppc,BM,2026-06-01,74,74,487.4084,0,0.0,3,4260.0,4110.0,150.0,0.0,0.0,0.0,False
ppc,BN,2026-06-01,175,175,552.2398,0,0.0,0,0.0,0.0,0.0,0.0,0.0,0.0,False
ppc,BO,2026-06-01,2425,2417,3933.4921999999983,0,0.0,7,1140.0,1140.0,0.0,0.0,0.0,0.0,True
ppc,BQ,2026-06-01,43,43,231.73099999999997,0,0.0,1,65.0,65.0,0.0,0.0,0.0,0.0,False
ppc,BR,2026-06-01,36943,36768,111555.33300000026,0,0.0,826,200870.0,200140.0,730.0,0.0,0.0,0.0,True
ppc,BS,2026-06-01,294,294,1590.6004,0,0.0,6,1585.0,1540.0,45.0,0.0,0.0,0.0,False
ppc,BT,2026-06-01,440,440,1037.5762,0,0.0,0,0.0,0.0,0.0,0.0,0.0,0.0,False
ppc,BW,2026-06-01,2531,2523,6733.807600000002,0,0.0,17,2430.0,2430.0,0.0,0.0,0.0,0.0,True
ppc,BZ,2026-06-01,431,431,818.6397999999999,0,0.0,1,65.0,65.0,0.0,0.0,0.0,0.0,False
ppc,CA,2026-06-01,13500,13435,150327.37399999998,0,0.0,413,459130.0,458480.0,650.0,0.0,0.0,0.0,True
ppc,CC,2026-06-01,1,1,7.0966,0,0.0,0,0.0,0.0,0.0,0.0,0.0,0.0,False
ppc,CH,2026-06-01,1087,1085,9727.181600000002,0,0.0,32,47050.0,46250.0,800.0,0.0,0.0,0.0,True
ppc,CI,2026-06-01,1303,1300,2218.1869999999994,0,0.0,23,5370.0,5370.0,0.0,0.0,0.0,0.0,True
ppc,CK,2026-06-01,88,87,583.49,0,0.0,1,165.0,165.0,0.0,0.0,0.0,0.0,False
ppc,CL,2026-06-01,6391,6383,20411.508800000003,0,0.0,114,44535.0,44435.0,100.0,0.0,0.0,0.0,True
ppc,CM,2026-06-01,820,819,827.5863999999996,0,0.0,13,1705.0,1705.0,0.0,0.0,0.0,0.0,True
ppc,CN,2026-06-01,1028,1015,1672.0374000000002,0,0.0,5,17085.0,17085.0,0.0,0.0,0.0,0.0,True
ppc,CO,2026-06-01,12674,12666,21696.696399999997,0,0.0,106,25930.0,25775.0,155.0,0.0,0.0,0.0,True
ppc,CR,2026-06-01,2598,2598,7134.2068,0,0.0,37,29810.0,29765.0,45.0,0.0,0.0,0.0,True
ppc,CV,2026-06-01,212,211,473.70360000000005,0,0.0,0,0.0,0.0,0.0,0.0,0.0,0.0,False
ppc,CW,2026-06-01,249,248,1512.9374,0,0.0,2,2195.0,2195.0,0.0,0.0,0.0,0.0,False
ppc,CX,2026-06-01,1,1,11.2184,0,0.0,0,0.0,0.0,0.0,0.0,0.0,0.0,False
ppc,CY,2026-06-01,360,359,1785.5237999999997,0,0.0,12,1840.0,1840.0,0.0,0.0,0.0,0.0,False
ppc,CZ,2026-06-01,469,466,2698.4988000000003,0,0.0,11,4195.0,4195.0,0.0,0.0,0.0,0.0,False
ppc,DE,2026-06-01,7364,7338,45100.86139999997,0,0.0,84,51565.0,51475.0,90.0,0.0,0.0,0.0,True
ppc,DJ,2026-06-01,351,350,1198.5632,0,0.0,2,100.0,100.0,0.0,0.0,0.0,0.0,False
ppc,DK,2026-06-01,329,329,2675.8622,0,0.0,15,4760.0,4760.0,0.0,0.0,0.0,0.0,False
ppc,DM,2026-06-01,30,30,367.1066,0,0.0,0,0.0,0.0,0.0,0.0,0.0,0.0,False
ppc,DO,2026-06-01,2698,2690,8082.6870000000035,0,0.0,38,3680.0,3680.0,0.0,0.0,0.0,0.0,True
ppc,DZ,2026-06-01,98,97,284.2784,0,0.0,4,780.0,780.0,0.0,0.0,0.0,0.0,False
ppc,EC,2026-06-01,4927,4926,9179.011800000006,0,0.0,38,13010.0,13010.0,0.0,0.0,0.0,0.0,True
ppc,EE,2026-06-01,220,219,1356.8787999999997,0,0.0,9,19925.0,19925.0,0.0,0.0,0.0,0.0,False
ppc,EG,2026-06-01,1,1,0.9472,0,0.0,0,0.0,0.0,0.0,0.0,0.0,0.0,False
ppc,ER,2026-06-01,1,1,1.5021999999999998,0,0.0,0,0.0,0.0,0.0,0.0,0.0,0.0,False
ppc,ES,2026-06-01,6454,6434,29791.186400000002,0,0.0,179,116240.0,116150.0,90.0,0.0,0.0,0.0,True
ppc,ET,2026-06-01,9,9,68.1762,0,0.0,0,0.0,0.0,0.0,0.0,0.0,0.0,False
ppc,FI,2026-06-01,711,708,3819.5247999999997,0,0.0,6,725.0,725.0,0.0,0.0,0.0,0.0,True
ppc,FJ,2026-06-01,3820,3813,4200.684,0,0.0,4,665.0,665.0,0.0,0.0,0.0,0.0,True
ppc,FK,2026-06-01,5,5,44.895799999999994,0,0.0,0,0.0,0.0,0.0,0.0,0.0,0.0,False
ppc,FM,2026-06-01,119,119,319.8132,0,0.0,0,0.0,0.0,0.0,0.0,0.0,0.0,False
ppc,FO,2026-06-01,15,15,75.0212,0,0.0,1,695.0,695.0,0.0,0.0,0.0,0.0,False
ppc,FR,2026-06-01,10498,10460,67223.63499999997,0,0.0,167,158375.0,157425.0,950.0,0.0,0.0,0.0,True
ppc,GA,2026-06-01,423,423,1314.0772000000002,0,0.0,6,1070.0,1070.0,0.0,0.0,0.0,0.0,False
ppc,GB,2026-06-01,19611,19541,251034.16640000013,0,0.0,700,721225.0,720130.0,1095.0,0.0,0.0,0.0,True
ppc,GD,2026-06-01,111,111,379.8272,0,0.0,1,290.0,290.0,0.0,0.0,0.0,0.0,False
ppc,GE,2026-06-01,604,600,2000.3605999999997,0,0.0,16,2405.0,2405.0,0.0,0.0,0.0,0.0,True
ppc,GF,2026-06-01,97,97,571.1912,0,0.0,1,110.0,110.0,0.0,0.0,0.0,0.0,False
ppc,GG,2026-06-01,31,31,312.02099999999996,0,0.0,1,1665.0,1665.0,0.0,0.0,0.0,0.0,False
ppc,GH,2026-06-01,2,2,17.7156,0,0.0,0,0.0,0.0,0.0,0.0,0.0,0.0,False
ppc,GI,2026-06-01,29,29,201.9016,0,0.0,0,0.0,0.0,0.0,0.0,0.0,0.0,False
ppc,GL,2026-06-01,58,58,224.38280000000003,0,0.0,2,215.0,215.0,0.0,0.0,0.0,0.0,False
ppc,GM,2026-06-01,308,307,1154.3408000000002,0,0.0,2,275.0,275.0,0.0,0.0,0.0,0.0,False
ppc,GN,2026-06-01,64,64,157.3536,0,0.0,1,110.0,110.0,0.0,0.0,0.0,0.0,False
ppc,GP,2026-06-01,281,281,1782.7488000000003,0,0.0,11,2620.0,2620.0,0.0,0.0,0.0,0.0,False
ppc,GQ,2026-06-01,313,312,657.7934000000001,0,0.0,5,1680.0,1680.0,0.0,0.0,0.0,0.0,False
ppc,GR,2026-06-01,1223,1220,7111.5258,0,0.0,18,5855.0,5855.0,0.0,0.0,0.0,0.0,True
ppc,GT,2026-06-01,1740,1738,3483.4168000000004,0,0.0,19,2550.0,2550.0,0.0,0.0,0.0,0.0,True
ppc,GU,2026-06-01,185,185,1258.4218,0,0.0,6,6355.0,6230.0,125.0,0.0,0.0,0.0,False
ppc,GY,2026-06-01,1073,1073,2084.6243999999997,0,0.0,2,490.0,490.0,0.0,0.0,0.0,0.0,True
ppc,HK,2026-06-01,1156,1152,4424.8522,0,0.0,10,10000.0,10000.0,0.0,0.0,0.0,0.0,True
ppc,HN,2026-06-01,1751,1750,3433.7183999999993,0,0.0,1,150.0,150.0,0.0,0.0,0.0,0.0,True
ppc,HR,2026-06-01,703,699,4490.5419999999995,0,0.0,23,5465.0,5400.0,65.0,0.0,0.0,0.0,True
ppc,HT,2026-06-01,3,3,20.416600000000003,0,0.0,0,0.0,0.0,0.0,0.0,0.0,0.0,False
ppc,HU,2026-06-01,709,706,4563.6096,0,0.0,10,76025.0,75225.0,800.0,0.0,0.0,0.0,True
ppc,ID,2026-06-01,1056,1053,959.9427999999996,0,0.0,0,0.0,0.0,0.0,0.0,0.0,0.0,True
ppc,IE,2026-06-01,1907,1898,20922.856200000002,0,0.0,69,26060.0,25935.0,125.0,0.0,0.0,0.0,True
ppc,IL,2026-06-01,1097,1095,7557.0206,0,0.0,37,35665.0,34765.0,900.0,0.0,0.0,0.0,True
ppc,IM,2026-06-01,71,71,515.3285999999999,0,0.0,2,260.0,260.0,0.0,0.0,0.0,0.0,False
ppc,IN,2026-06-01,24092,24080,22072.20939999986,0,0.0,132,55205.0,55140.0,65.0,0.0,0.0,0.0,True
ppc,IO,2026-06-01,7,7,19.3066,0,0.0,0,0.0,0.0,0.0,0.0,0.0,0.0,False
ppc,IQ,2026-06-01,5,5,14.245000000000001,0,0.0,0,0.0,0.0,0.0,0.0,0.0,0.0,False
ppc,IR,2026-06-01,8,8,5.1874,0,0.0,0,0.0,0.0,0.0,0.0,0.0,0.0,False
ppc,IS,2026-06-01,71,70,601.9382,0,0.0,6,97685.0,97685.0,0.0,0.0,0.0,0.0,False
ppc,IT,2026-06-01,6513,6488,38393.434800000025,0,0.0,111,63670.0,63420.0,250.0,0.0,0.0,0.0,True
ppc,JE,2026-06-01,78,78,530.2618,0,0.0,6,980.0,980.0,0.0,0.0,0.0,0.0,False
ppc,JM,2026-06-01,3501,3495,13981.789399999998,0,0.0,58,9680.0,9680.0,0.0,0.0,0.0,0.0,True
ppc,JO,2026-06-01,30,30,98.8048,0,0.0,1,165.0,165.0,0.0,0.0,0.0,0.0,False
ppc,JP,2026-06-01,2515,2506,20577.239199999996,0,0.0,30,5900.0,5900.0,0.0,0.0,0.0,0.0,True
ppc,KE,2026-06-01,11070,11041,29654.13099999995,0,0.0,92,18885.0,18885.0,0.0,0.0,0.0,0.0,True
ppc,KG,2026-06-01,434,431,966.3363999999999,0,0.0,11,4035.0,4035.0,0.0,0.0,0.0,0.0,False
ppc,KH,2026-06-01,236,236,287.82300000000004,0,0.0,3,450.0,450.0,0.0,0.0,0.0,0.0,False
ppc,KI,2026-06-01,624,623,621.267,0,0.0,0,0.0,0.0,0.0,0.0,0.0,0.0,True
ppc,KM,2026-06-01,250,250,251.19299999999998,0,0.0,0,0.0,0.0,0.0,0.0,0.0,0.0,False
ppc,KN,2026-06-01,58,58,364.5388,0,0.0,1,445.0,445.0,0.0,0.0,0.0,0.0,False
ppc,KR,2026-06-01,3325,3320,20833.390199999994,0,0.0,52,50805.0,50530.0,275.0,0.0,0.0,0.0,True
ppc,KW,2026-06-01,14,14,78.09219999999999,0,0.0,0,0.0,0.0,0.0,0.0,0.0,0.0,False
ppc,KY,2026-06-01,140,139,1568.0378,0,0.0,8,1645.0,1645.0,0.0,0.0,0.0,0.0,False
ppc,KZ,2026-06-01,109,108,167.92820000000003,0,0.0,2,130.0,130.0,0.0,0.0,0.0,0.0,False
ppc,LA,2026-06-01,682,675,1375.9338,0,0.0,2,130.0,130.0,0.0,0.0,0.0,0.0,True
ppc,LC,2026-06-01,150,150,515.077,0,0.0,2,715.0,715.0,0.0,0.0,0.0,0.0,False
ppc,LI,2026-06-01,6,6,76.95259999999999,0,0.0,0,0.0,0.0,0.0,0.0,0.0,0.0,False
ppc,LK,2026-06-01,613,612,3051.8561999999997,0,0.0,13,26655.0,26475.0,180.0,0.0,0.0,0.0,True
ppc,LS,2026-06-01,1012,1012,1728.1146000000008,0,0.0,7,690.0,690.0,0.0,0.0,0.0,0.0,True
ppc,LT,2026-06-01,354,353,1782.8228000000001,0,0.0,8,4365.0,4365.0,0.0,0.0,0.0,0.0,False
ppc,LU,2026-06-01,172,172,1320.9222,0,0.0,2,230.0,230.0,0.0,0.0,0.0,0.0,False
ppc,LV,2026-06-01,280,276,1762.3988,0,0.0,7,1610.0,1610.0,0.0,0.0,0.0,0.0,False
ppc,MA,2026-06-01,94,94,387.5676,0,0.0,0,0.0,0.0,0.0,0.0,0.0,0.0,False
ppc,MC,2026-06-01,6,6,32.819,0,0.0,1,150.0,150.0,0.0,0.0,0.0,0.0,False
ppc,MD,2026-06-01,443,443,2034.2895999999998,0,0.0,8,1320.0,1320.0,0.0,0.0,0.0,0.0,False
ppc,ME,2026-06-01,141,141,1294.7336,0,0.0,2,275.0,275.0,0.0,0.0,0.0,0.0,False
ppc,MF,2026-06-01,7,7,67.0292,0,0.0,1,65.0,65.0,0.0,0.0,0.0,0.0,False
ppc,MG,2026-06-01,5133,5108,5075.660000000008,0,0.0,10,850.0,850.0,0.0,0.0,0.0,0.0,True
ppc,MH,2026-06-01,78,78,106.69319999999999,0,0.0,0,0.0,0.0,0.0,0.0,0.0,0.0,False
ppc,MK,2026-06-01,319,318,1223.3754,0,0.0,4,345.0,345.0,0.0,0.0,0.0,0.0,False
ppc,MN,2026-06-01,788,786,964.9156,0,0.0,0,0.0,0.0,0.0,0.0,0.0,0.0,True
ppc,MO,2026-06-01,51,51,273.7704,0,0.0,0,0.0,0.0,0.0,0.0,0.0,0.0,False
ppc,MP,2026-06-01,8,8,33.4702,0,0.0,0,0.0,0.0,0.0,0.0,0.0,0.0,False
ppc,MQ,2026-06-01,255,253,1818.2687999999998,0,0.0,11,32450.0,32450.0,0.0,0.0,0.0,0.0,False
ppc,MR,2026-06-01,835,830,1478.8308000000004,0,0.0,3,1180.0,1180.0,0.0,0.0,0.0,0.0,True
ppc,MS,2026-06-01,11,11,32.5822,0,0.0,0,0.0,0.0,0.0,0.0,0.0,0.0,False
ppc,MT,2026-06-01,297,297,2440.9936000000002,0,0.0,9,3665.0,3515.0,150.0,0.0,0.0,0.0,False
ppc,MU,2026-06-01,1502,1500,3987.379,0,0.0,19,4595.0,4595.0,0.0,0.0,0.0,0.0,True
ppc,MV,2026-06-01,378,378,1671.4528,0,0.0,4,590.0,590.0,0.0,0.0,0.0,0.0,False
ppc,MW,2026-06-01,276,276,166.52960000000002,0,0.0,1,65.0,65.0,0.0,0.0,0.0,0.0,False
ppc,MX,2026-06-01,28976,28921,65321.30219999954,0,0.0,279,101555.0,101090.0,465.0,0.0,0.0,0.0,True
ppc,MY,2026-06-01,7324,7308,29424.575599999964,0,0.0,59,38205.0,38085.0,120.0,0.0,0.0,0.0,True
ppc,MZ,2026-06-01,3802,3780,5233.242999999996,0,0.0,2,580.0,580.0,0.0,0.0,0.0,0.0,True
ppc,NA,2026-06-01,2696,2686,5806.802200000004,0,0.0,21,9970.0,9970.0,0.0,0.0,0.0,0.0,True
ppc,NC,2026-06-01,120,119,1098.9222,0,0.0,2,310.0,310.0,0.0,0.0,0.0,0.0,False
ppc,NE,2026-06-01,905,904,1476.1076,0,0.0,2,275.0,275.0,0.0,0.0,0.0,0.0,True
ppc,NF,2026-06-01,1,1,0.962,0,0.0,1,195.0,195.0,0.0,0.0,0.0,0.0,False
ppc,NG,2026-06-01,1,1,1.5392000000000001,0,0.0,0,0.0,0.0,0.0,0.0,0.0,0.0,False
ppc,NL,2026-06-01,5363,5342,24840.911999999993,0,0.0,84,88905.0,88715.0,190.0,0.0,0.0,0.0,True
ppc,NO,2026-06-01,398,391,3218.8001999999997,0,0.0,5,3425.0,3155.0,270.0,0.0,0.0,0.0,False
ppc,NP,2026-06-01,9,9,35.0538,0,0.0,0,0.0,0.0,0.0,0.0,0.0,0.0,False
ppc,NR,2026-06-01,24,24,35.3942,0,0.0,0,0.0,0.0,0.0,0.0,0.0,0.0,False
ppc,NU,2026-06-01,1,1,0.2738,0,0.0,0,0.0,0.0,0.0,0.0,0.0,0.0,False
ppc,NZ,2026-06-01,2842,2831,33512.491,0,0.0,108,399925.0,399260.0,665.0,0.0,0.0,0.0,True
ppc,OM,2026-06-01,62,61,237.3476,0,0.0,2,130.0,130.0,0.0,0.0,0.0,0.0,False
ppc,PA,2026-06-01,1600,1597,4813.0488000000005,0,0.0,25,8285.0,8285.0,0.0,0.0,0.0,0.0,True
ppc,PE,2026-06-01,6794,6785,15233.02580000001,0,0.0,54,7930.0,7930.0,0.0,0.0,0.0,0.0,True
ppc,PF,2026-06-01,180,179,1684.4916,0,0.0,4,595.0,595.0,0.0,0.0,0.0,0.0,False
ppc,PG,2026-06-01,897,896,229.8662000000001,0,0.0,1,110.0,110.0,0.0,0.0,0.0,0.0,True
ppc,PH,2026-06-01,13812,13803,30397.127999999808,0,0.0,105,78720.0,78675.0,45.0,0.0,0.0,0.0,True
ppc,PK,2026-06-01,459,455,1076.774,0,0.0,0,0.0,0.0,0.0,0.0,0.0,0.0,False
ppc,PL,2026-06-01,1318,1312,7999.4296,0,0.0,27,11520.0,10675.0,845.0,0.0,0.0,0.0,True
ppc,PM,2026-06-01,3,3,6.4232000000000005,0,0.0,0,0.0,0.0,0.0,0.0,0.0,0.0,False
ppc,PN,2026-06-01,1,1,10.693,0,0.0,0,0.0,0.0,0.0,0.0,0.0,0.0,False
ppc,PR,2026-06-01,1784,1782,7900.084600000001,0,0.0,45,25665.0,25665.0,0.0,0.0,0.0,0.0,True
ppc,PS,2026-06-01,1,1,12.1878,0,0.0,0,0.0,0.0,0.0,0.0,0.0,0.0,False
ppc,PT,2026-06-01,2353,2343,12551.473000000002,0,0.0,64,153335.0,151290.0,2045.0,0.0,0.0,0.0,True
ppc,PW,2026-06-01,60,60,118.65899999999999,0,0.0,0,0.0,0.0,0.0,0.0,0.0,0.0,False
ppc,PY,2026-06-01,1162,1161,2694.7396,0,0.0,8,1930.0,1930.0,0.0,0.0,0.0,0.0,True
ppc,QA,2026-06-01,25,25,100.42540000000001,0,0.0,1,110.0,110.0,0.0,0.0,0.0,0.0,False
ppc,RE,2026-06-01,329,329,2186.293,0,0.0,3,365.0,365.0,0.0,0.0,0.0,0.0,False
ppc,RO,2026-06-01,2338,2335,8295.755199999998,0,0.0,20,4175.0,4175.0,0.0,0.0,0.0,0.0,True
ppc,RS,2026-06-01,1450,1443,6581.5081999999975,0,0.0,17,6850.0,6850.0,0.0,0.0,0.0,0.0,True
ppc,RU,2026-06-01,35,35,153.7794,0,0.0,0,0.0,0.0,0.0,0.0,0.0,0.0,False
ppc,RW,2026-06-01,260,259,789.7797999999998,0,0.0,1,200.0,200.0,0.0,0.0,0.0,0.0,False
ppc,SA,2026-06-01,47,47,253.598,0,0.0,2,315.0,315.0,0.0,0.0,0.0,0.0,False
ppc,SB,2026-06-01,436,435,692.0998000000001,0,0.0,0,0.0,0.0,0.0,0.0,0.0,0.0,False
ppc,SC,2026-06-01,174,174,734.4426000000001,0,0.0,2,1875.0,1875.0,0.0,0.0,0.0,0.0,False
ppc,SE,2026-06-01,798,792,6145.219000000001,0,0.0,29,55030.0,54905.0,125.0,0.0,0.0,0.0,True
ppc,SG,2026-06-01,2786,2780,16952.4158,0,0.0,63,26015.0,25970.0,45.0,0.0,0.0,0.0,True
ppc,SH,2026-06-01,2,2,34.8836,0,0.0,0,0.0,0.0,0.0,0.0,0.0,0.0,False
ppc,SI,2026-06-01,220,220,1643.318,0,0.0,11,6670.0,6670.0,0.0,0.0,0.0,0.0,False
ppc,SJ,2026-06-01,1,1,0.6512,0,0.0,0,0.0,0.0,0.0,0.0,0.0,0.0,False
ppc,SK,2026-06-01,199,199,1312.501,0,0.0,6,7645.0,7645.0,0.0,0.0,0.0,0.0,False
ppc,SL,2026-06-01,255,254,1241.2981999999997,0,0.0,1,65.0,65.0,0.0,0.0,0.0,0.0,False
ppc,SM,2026-06-01,6,6,49.868599999999994,0,0.0,0,0.0,0.0,0.0,0.0,0.0,0.0,False
ppc,SN,2026-06-01,280,279,369.6744,0,0.0,6,1530.0,1530.0,0.0,0.0,0.0,0.0,False
ppc,SR,2026-06-01,397,396,966.5509999999999,0,0.0,0,0.0,0.0,0.0,0.0,0.0,0.0,False
ppc,ST,2026-06-01,78,78,55.759,0,0.0,0,0.0,0.0,0.0,0.0,0.0,0.0,False
ppc,SV,2026-06-01,2260,2257,4139.907799999999,0,0.0,15,1900.0,1835.0,65.0,0.0,0.0,0.0,True
ppc,SX,2026-06-01,71,70,559.0848,0,0.0,2,175.0,175.0,0.0,0.0,0.0,0.0,False
ppc,SZ,2026-06-01,1763,1760,2476.143600000001,0,0.0,3,360.0,360.0,0.0,0.0,0.0,0.0,True
ppc,TC,2026-06-01,61,61,425.08560000000006,0,0.0,6,590.0,590.0,0.0,0.0,0.0,0.0,False
ppc,TD,2026-06-01,2078,2071,2857.1252000000013,0,0.0,3,1750.0,1750.0,0.0,0.0,0.0,0.0,True
ppc,TG,2026-06-01,113,113,209.4422,0,0.0,3,330.0,330.0,0.0,0.0,0.0,0.0,False
ppc,TH,2026-06-01,3051,3036,11262.2894,0,0.0,40,12460.0,12395.0,65.0,0.0,0.0,0.0,True
ppc,TJ,2026-06-01,316,312,749.5978000000001,0,0.0,0,0.0,0.0,0.0,0.0,0.0,0.0,False
ppc,TL,2026-06-01,506,504,490.0354000000001,0,0.0,0,0.0,0.0,0.0,0.0,0.0,0.0,True
ppc,TM,2026-06-01,7,7,18.4704,0,0.0,0,0.0,0.0,0.0,0.0,0.0,0.0,False
ppc,TO,2026-06-01,138,138,152.1662,0,0.0,0,0.0,0.0,0.0,0.0,0.0,0.0,False
ppc,TR,2026-06-01,4032,4012,17967.644000000008,0,0.0,28,27305.0,27305.0,0.0,0.0,0.0,0.0,True
ppc,TT,2026-06-01,643,643,4511.3877999999995,0,0.0,4,2345.0,2345.0,0.0,0.0,0.0,0.0,True
ppc,TV,2026-06-01,35,35,87.02400000000002,0,0.0,0,0.0,0.0,0.0,0.0,0.0,0.0,False
ppc,TW,2026-06-01,723,718,4070.7103999999995,0,0.0,10,4030.0,4030.0,0.0,0.0,0.0,0.0,True
ppc,TZ,2026-06-01,2279,2276,5265.4108,0,0.0,24,2080.0,2080.0,0.0,0.0,0.0,0.0,True
ppc,UG,2026-06-01,2839,2837,3043.1464000000005,0,0.0,1,110.0,110.0,0.0,0.0,0.0,0.0,True
ppc,UM,2026-06-01,2,2,15.6288,0,0.0,0,0.0,0.0,0.0,0.0,0.0,0.0,False
ppc,UNKNOWN,2026-06-01,59,58,269.68559999999997,0,0.0,0,0.0,0.0,0.0,0.0,0.0,0.0,False
ppc,US,2026-06-01,126824,126389,1361170.0229999945,0,0.0,4558,5584380.0,5559065.0,25315.0,0.0,0.0,0.0,True
ppc,UY,2026-06-01,1757,1753,5823.6741999999995,0,0.0,31,12365.0,12365.0,0.0,0.0,0.0,0.0,True
ppc,UZ,2026-06-01,2812,2806,4070.3255999999997,0,0.0,4,305.0,305.0,0.0,0.0,0.0,0.0,True
ppc,VA,2026-06-01,1,1,6.852399999999999,0,0.0,0,0.0,0.0,0.0,0.0,0.0,0.0,False
ppc,VC,2026-06-01,106,106,367.0992,0,0.0,1,37780.0,36980.0,800.0,0.0,0.0,0.0,False
ppc,VG,2026-06-01,29,29,186.8352,0,0.0,2,495.0,495.0,0.0,0.0,0.0,0.0,False
ppc,VI,2026-06-01,63,62,474.75440000000003,0,0.0,1,155.0,155.0,0.0,0.0,0.0,0.0,False
ppc,VN,2026-06-01,1869,1859,5870.7678000000005,0,0.0,3,1220.0,1220.0,0.0,0.0,0.0,0.0,True
ppc,VU,2026-06-01,280,280,448.292,0,0.0,0,0.0,0.0,0.0,0.0,0.0,0.0,False
ppc,WF,2026-06-01,10,10,41.9358,0,0.0,0,0.0,0.0,0.0,0.0,0.0,0.0,False
ppc,WS,2026-06-01,265,264,330.2324,0,0.0,0,0.0,0.0,0.0,0.0,0.0,0.0,False
ppc,XK,2026-06-01,112,111,606.0304000000001,0,0.0,0,0.0,0.0,0.0,0.0,0.0,0.0,False
ppc,YT,2026-06-01,28,28,162.62980000000005,0,0.0,1,110.0,110.0,0.0,0.0,0.0,0.0,False
ppc,ZA,2026-06-01,26039,26002,136902.92299999995,0,0.0,464,181350.0,180900.0,450.0,0.0,0.0,0.0,True
ppc,ZM,2026-06-01,1217,1217,956.8051999999992,0,0.0,10,940.0,940.0,0.0,0.0,0.0,0.0,True
ppc,ZW,2026-06-01,1,1,0.1184,0,0.0,0,0.0,0.0,0.0,0.0,0.0,0.0,False
1002,AD,2026-07-01,2,0,0.0,0,0.0,0,0.0,0.0,0.0,0.0,0.0,0.0,False
1002,AE,2026-07-01,1,0,0.0,0,0.0,0,0.0,0.0,0.0,0.0,0.0,0.0,False
1002,AL,2026-07-01,2,0,0.0,0,0.0,0,0.0,0.0,0.0,0.0,0.0,0.0,False
1002,AM,2026-07-01,2,0,0.0,0,0.0,0,0.0,0.0,0.0,0.0,0.0,0.0,False
1002,AO,2026-07-01,1,0,0.0,0,0.0,0,0.0,0.0,0.0,0.0,0.0,0.0,False
1002,AS,2026-07-01,1,1,625.3,0,0.0,1,150.0,150.0,0.0,0.0,0.0,0.0,False
1002,AT,2026-07-01,55,3,950.1599999999999,0,0.0,5,1205.0,1205.0,0.0,0.0,0.0,0.0,False
1002,AU,2026-07-01,1161,61,34136.2,0,0.0,83,26645.0,26645.0,0.0,0.0,0.0,0.0,True
1002,AX,2026-07-01,1,0,0.0,0,0.0,1,785.0,785.0,0.0,0.0,0.0,0.0,False
1002,BB,2026-07-01,1,0,0.0,0,0.0,0,0.0,0.0,0.0,0.0,0.0,0.0,False
1002,BD,2026-07-01,4,0,0.0,0,0.0,0,0.0,0.0,0.0,0.0,0.0,0.0,False
1002,BE,2026-07-01,88,4,1266.8799999999999,0,0.0,8,3905.0,3905.0,0.0,0.0,0.0,0.0,False
1002,BG,2026-07-01,5,0,0.0,0,0.0,0,0.0,0.0,0.0,0.0,0.0,0.0,False
1002,BM,2026-07-01,1,0,0.0,0,0.0,0,0.0,0.0,0.0,0.0,0.0,0.0,False
1002,BR,2026-07-01,5,0,0.0,0,0.0,0,0.0,0.0,0.0,0.0,0.0,0.0,False
1002,BS,2026-07-01,9,0,0.0,0,0.0,0,0.0,0.0,0.0,0.0,0.0,0.0,False
1002,BZ,2026-07-01,6,0,0.0,0,0.0,0,0.0,0.0,0.0,0.0,0.0,0.0,False
1002,CA,2026-07-01,749,39,19871.96,0,0.0,52,26430.0,26430.0,0.0,0.0,0.0,0.0,True
1002,CH,2026-07-01,51,3,991.5999999999999,0,0.0,3,2235.0,2235.0,0.0,0.0,0.0,0.0,False
1002,CL,2026-07-01,5,0,0.0,0,0.0,0,0.0,0.0,0.0,0.0,0.0,0.0,False
1002,CM,2026-07-01,1,0,0.0,0,0.0,0,0.0,0.0,0.0,0.0,0.0,0.0,False
1002,CN,2026-07-01,5,2,1376.4,0,0.0,3,1215.0,1215.0,0.0,0.0,0.0,0.0,False
1002,CO,2026-07-01,8,0,0.0,0,0.0,0,0.0,0.0,0.0,0.0,0.0,0.0,False
1002,CY,2026-07-01,3,0,0.0,0,0.0,0,0.0,0.0,0.0,0.0,0.0,0.0,False
1002,CZ,2026-07-01,3,0,0.0,0,0.0,0,0.0,0.0,0.0,0.0,0.0,0.0,False
1002,DE,2026-07-01,531,21,6717.72,0,0.0,36,10170.0,10170.0,0.0,0.0,0.0,0.0,True
1002,DK,2026-07-01,71,4,1308.32,0,0.0,5,680.0,680.0,0.0,0.0,0.0,0.0,False
1002,DM,2026-07-01,2,0,0.0,0,0.0,0,0.0,0.0,0.0,0.0,0.0,0.0,False
1002,DO,2026-07-01,4,1,625.3,0,0.0,1,65.0,65.0,0.0,0.0,0.0,0.0,False
1002,DZ,2026-07-01,5,0,0.0,0,0.0,0,0.0,0.0,0.0,0.0,0.0,0.0,False
1002,EC,2026-07-01,2,1,625.3,0,0.0,1,195.0,195.0,0.0,0.0,0.0,0.0,False
1002,ES,2026-07-01,40,2,1238.76,0,0.0,3,410.0,410.0,0.0,0.0,0.0,0.0,False
1002,FI,2026-07-01,43,4,1521.4399999999998,0,0.0,6,2025.0,2025.0,0.0,0.0,0.0,0.0,False
1002,FJ,2026-07-01,1,0,0.0,0,0.0,0,0.0,0.0,0.0,0.0,0.0,0.0,False
1002,FR,2026-07-01,223,7,2258.48,0,0.0,10,4845.0,4845.0,0.0,0.0,0.0,0.0,False
1002,GB,2026-07-01,1053,51,26930.079999999998,0,0.0,69,17375.0,17375.0,0.0,0.0,0.0,0.0,True
1002,GE,2026-07-01,2,0,0.0,0,0.0,0,0.0,0.0,0.0,0.0,0.0,0.0,False
1002,GM,2026-07-01,1,0,0.0,0,0.0,0,0.0,0.0,0.0,0.0,0.0,0.0,False
1002,GR,2026-07-01,5,0,0.0,0,0.0,0,0.0,0.0,0.0,0.0,0.0,0.0,False
1002,GY,2026-07-01,1,0,0.0,0,0.0,0,0.0,0.0,0.0,0.0,0.0,0.0,False
1002,HK,2026-07-01,3,1,688.2,0,0.0,1,150.0,150.0,0.0,0.0,0.0,0.0,False
1002,HN,2026-07-01,1,0,0.0,0,0.0,0,0.0,0.0,0.0,0.0,0.0,0.0,False
1002,HR,2026-07-01,2,0,0.0,0,0.0,0,0.0,0.0,0.0,0.0,0.0,0.0,False
1002,HT,2026-07-01,1,0,0.0,0,0.0,0,0.0,0.0,0.0,0.0,0.0,0.0,False
1002,HU,2026-07-01,3,0,0.0,0,0.0,0,0.0,0.0,0.0,0.0,0.0,0.0,False
1002,ID,2026-07-01,6,0,0.0,0,0.0,0,0.0,0.0,0.0,0.0,0.0,0.0,False
1002,IE,2026-07-01,156,4,1329.04,0,0.0,7,5860.0,5860.0,0.0,0.0,0.0,0.0,False
1002,IS,2026-07-01,11,4,1329.04,0,0.0,6,3310.0,3310.0,0.0,0.0,0.0,0.0,False
1002,IT,2026-07-01,302,9,2891.92,0,0.0,15,3105.0,2940.0,165.0,0.0,0.0,0.0,False
1002,JM,2026-07-01,2,0,0.0,0,0.0,0,0.0,0.0,0.0,0.0,0.0,0.0,False
1002,JP,2026-07-01,12,0,0.0,0,0.0,0,0.0,0.0,0.0,0.0,0.0,0.0,False
1002,KE,2026-07-01,3,0,0.0,0,0.0,0,0.0,0.0,0.0,0.0,0.0,0.0,False
1002,KG,2026-07-01,1,0,0.0,0,0.0,0,0.0,0.0,0.0,0.0,0.0,0.0,False
1002,KH,2026-07-01,4,0,0.0,0,0.0,0,0.0,0.0,0.0,0.0,0.0,0.0,False
1002,KN,2026-07-01,1,0,0.0,0,0.0,0,0.0,0.0,0.0,0.0,0.0,0.0,False
1002,KR,2026-07-01,3,0,0.0,0,0.0,0,0.0,0.0,0.0,0.0,0.0,0.0,False
1002,KY,2026-07-01,1,0,0.0,0,0.0,0,0.0,0.0,0.0,0.0,0.0,0.0,False
1002,LK,2026-07-01,1,0,0.0,0,0.0,0,0.0,0.0,0.0,0.0,0.0,0.0,False
1002,LT,2026-07-01,3,0,0.0,0,0.0,0,0.0,0.0,0.0,0.0,0.0,0.0,False
1002,LU,2026-07-01,4,0,0.0,0,0.0,0,0.0,0.0,0.0,0.0,0.0,0.0,False
1002,MA,2026-07-01,2,0,0.0,0,0.0,0,0.0,0.0,0.0,0.0,0.0,0.0,False
1002,MC,2026-07-01,1,0,0.0,0,0.0,0,0.0,0.0,0.0,0.0,0.0,0.0,False
1002,MD,2026-07-01,1,0,0.0,0,0.0,0,0.0,0.0,0.0,0.0,0.0,0.0,False
1002,MT,2026-07-01,1,0,0.0,0,0.0,0,0.0,0.0,0.0,0.0,0.0,0.0,False
1002,MW,2026-07-01,1,0,0.0,0,0.0,0,0.0,0.0,0.0,0.0,0.0,0.0,False
1002,MX,2026-07-01,19,0,0.0,0,0.0,1,645.0,645.0,0.0,0.0,0.0,0.0,False
1002,MY,2026-07-01,5,0,0.0,0,0.0,0,0.0,0.0,0.0,0.0,0.0,0.0,False
1002,NA,2026-07-01,1,0,0.0,0,0.0,0,0.0,0.0,0.0,0.0,0.0,0.0,False
1002,NL,2026-07-01,217,10,3270.7999999999997,0,0.0,13,3915.0,3915.0,0.0,0.0,0.0,0.0,False
1002,NO,2026-07-01,77,6,1962.48,0,0.0,7,5880.0,5880.0,0.0,0.0,0.0,0.0,False
1002,NZ,2026-07-01,166,12,6762.86,0,0.0,18,4135.0,4035.0,100.0,0.0,0.0,0.0,False
1002,PA,2026-07-01,1,0,0.0,0,0.0,0,0.0,0.0,0.0,0.0,0.0,0.0,False
1002,PE,2026-07-01,1,0,0.0,0,0.0,0,0.0,0.0,0.0,0.0,0.0,0.0,False
1002,PH,2026-07-01,35,0,0.0,0,0.0,0,0.0,0.0,0.0,0.0,0.0,0.0,False
1002,PK,2026-07-01,2,0,0.0,0,0.0,0,0.0,0.0,0.0,0.0,0.0,0.0,False
1002,PL,2026-07-01,6,1,688.2,0,0.0,1,65.0,65.0,0.0,0.0,0.0,0.0,False
1002,PR,2026-07-01,1,0,0.0,0,0.0,0,0.0,0.0,0.0,0.0,0.0,0.0,False
1002,PT,2026-07-01,16,1,384.8,0,0.0,1,165.0,165.0,0.0,0.0,0.0,0.0,False
1002,RO,2026-07-01,5,0,0.0,0,0.0,1,355.0,355.0,0.0,0.0,0.0,0.0,False
1002,RS,2026-07-01,4,0,0.0,0,0.0,0,0.0,0.0,0.0,0.0,0.0,0.0,False
1002,SB,2026-07-01,1,0,0.0,0,0.0,0,0.0,0.0,0.0,0.0,0.0,0.0,False
1002,SE,2026-07-01,119,11,3587.52,0,0.0,15,4840.0,4840.0,0.0,0.0,0.0,0.0,False
1002,SG,2026-07-01,13,1,697.8199999999999,0,0.0,1,110.0,110.0,0.0,0.0,0.0,0.0,False
1002,SI,2026-07-01,5,0,0.0,0,0.0,1,255.0,255.0,0.0,0.0,0.0,0.0,False
1002,SK,2026-07-01,2,1,688.2,0,0.0,1,65.0,65.0,0.0,0.0,0.0,0.0,False
1002,TG,2026-07-01,1,0,0.0,0,0.0,0,0.0,0.0,0.0,0.0,0.0,0.0,False
1002,TH,2026-07-01,10,1,688.2,0,0.0,2,360.0,360.0,0.0,0.0,0.0,0.0,False
1002,TR,2026-07-01,9,0,0.0,0,0.0,0,0.0,0.0,0.0,0.0,0.0,0.0,False
1002,TZ,2026-07-01,4,0,0.0,0,0.0,0,0.0,0.0,0.0,0.0,0.0,0.0,False
1002,UG,2026-07-01,1,0,0.0,0,0.0,0,0.0,0.0,0.0,0.0,0.0,0.0,False
1002,UNKNOWN,2026-07-01,1,0,0.0,0,0.0,0,0.0,0.0,0.0,0.0,0.0,0.0,False
1002,US,2026-07-01,5651,305,175054.54800000004,0,0.0,483,369805.0,368225.0,1580.0,0.0,0.0,0.0,True
1002,VN,2026-07-01,4,0,0.0,0,0.0,0,0.0,0.0,0.0,0.0,0.0,0.0,False
1002,ZA,2026-07-01,11,0,0.0,0,0.0,0,0.0,0.0,0.0,0.0,0.0,0.0,False
1002,ZM,2026-07-01,1,0,0.0,0,0.0,0,0.0,0.0,0.0,0.0,0.0,0.0,False
1052,AI,2026-07-01,2,0,0.0,0,0.0,0,0.0,0.0,0.0,0.0,0.0,0.0,False
1052,AL,2026-07-01,8,0,0.0,0,0.0,1,65.0,65.0,0.0,0.0,0.0,0.0,False
1052,AM,2026-07-01,2,0,0.0,0,0.0,0,0.0,0.0,0.0,0.0,0.0,0.0,False
1052,AO,2026-07-01,2,0,0.0,0,0.0,0,0.0,0.0,0.0,0.0,0.0,0.0,False
1052,AT,2026-07-01,3,0,0.0,0,0.0,0,0.0,0.0,0.0,0.0,0.0,0.0,False
1052,AU,2026-07-01,1268,21,15643.6,0,0.0,30,23725.0,23575.0,150.0,0.0,0.0,0.0,True
1052,AZ,2026-07-01,1,0,0.0,0,0.0,0,0.0,0.0,0.0,0.0,0.0,0.0,False
1052,BD,2026-07-01,4,0,0.0,0,0.0,0,0.0,0.0,0.0,0.0,0.0,0.0,False
1052,BE,2026-07-01,22,1,444.0,0,0.0,1,150.0,150.0,0.0,0.0,0.0,0.0,False
1052,BG,2026-07-01,4,0,0.0,0,0.0,0,0.0,0.0,0.0,0.0,0.0,0.0,False
1052,BR,2026-07-01,6,0,0.0,0,0.0,0,0.0,0.0,0.0,0.0,0.0,0.0,False
1052,BS,2026-07-01,1,0,0.0,0,0.0,0,0.0,0.0,0.0,0.0,0.0,0.0,False
1052,CA,2026-07-01,1264,28,19023.18,0,0.0,35,31060.0,31060.0,0.0,0.0,0.0,0.0,True
1052,CH,2026-07-01,5,0,0.0,0,0.0,0,0.0,0.0,0.0,0.0,0.0,0.0,False
1052,CI,2026-07-01,1,0,0.0,0,0.0,0,0.0,0.0,0.0,0.0,0.0,0.0,False
1052,CL,2026-07-01,1,0,0.0,0,0.0,0,0.0,0.0,0.0,0.0,0.0,0.0,False
1052,CO,2026-07-01,2,0,0.0,0,0.0,0,0.0,0.0,0.0,0.0,0.0,0.0,False
1052,CR,2026-07-01,3,0,0.0,0,0.0,0,0.0,0.0,0.0,0.0,0.0,0.0,False
1052,CW,2026-07-01,1,0,0.0,0,0.0,0,0.0,0.0,0.0,0.0,0.0,0.0,False
1052,CY,2026-07-01,4,0,0.0,0,0.0,0,0.0,0.0,0.0,0.0,0.0,0.0,False
1052,CZ,2026-07-01,4,0,0.0,0,0.0,0,0.0,0.0,0.0,0.0,0.0,0.0,False
1052,DE,2026-07-01,32,0,0.0,0,0.0,0,0.0,0.0,0.0,0.0,0.0,0.0,False
1052,DK,2026-07-01,3,0,0.0,0,0.0,0,0.0,0.0,0.0,0.0,0.0,0.0,False
1052,DZ,2026-07-01,1,0,0.0,0,0.0,0,0.0,0.0,0.0,0.0,0.0,0.0,False
1052,EC,2026-07-01,1,0,0.0,0,0.0,0,0.0,0.0,0.0,0.0,0.0,0.0,False
1052,EE,2026-07-01,1,0,0.0,0,0.0,0,0.0,0.0,0.0,0.0,0.0,0.0,False
1052,ES,2026-07-01,33,0,0.0,0,0.0,1,965.0,965.0,0.0,0.0,0.0,0.0,False
1052,FI,2026-07-01,2,0,0.0,0,0.0,0,0.0,0.0,0.0,0.0,0.0,0.0,False
1052,FJ,2026-07-01,2,0,0.0,0,0.0,0,0.0,0.0,0.0,0.0,0.0,0.0,False
1052,FR,2026-07-01,39,0,0.0,0,0.0,0,0.0,0.0,0.0,0.0,0.0,0.0,False
1052,GB,2026-07-01,2075,38,22679.52,0,0.0,46,14975.0,14930.0,45.0,0.0,0.0,0.0,True
1052,GL,2026-07-01,1,0,0.0,0,0.0,0,0.0,0.0,0.0,0.0,0.0,0.0,False
1052,GM,2026-07-01,2,0,0.0,0,0.0,0,0.0,0.0,0.0,0.0,0.0,0.0,False
1052,GR,2026-07-01,12,0,0.0,0,0.0,0,0.0,0.0,0.0,0.0,0.0,0.0,False
1052,GT,2026-07-01,1,0,0.0,0,0.0,0,0.0,0.0,0.0,0.0,0.0,0.0,False
1052,GY,2026-07-01,1,0,0.0,0,0.0,0,0.0,0.0,0.0,0.0,0.0,0.0,False
1052,HK,2026-07-01,6,1,12.58,0,0.0,0,0.0,0.0,0.0,0.0,0.0,0.0,False
1052,HR,2026-07-01,4,0,0.0,0,0.0,0,0.0,0.0,0.0,0.0,0.0,0.0,False
1052,ID,2026-07-01,9,0,0.0,0,0.0,0,0.0,0.0,0.0,0.0,0.0,0.0,False
1052,IE,2026-07-01,203,0,0.0,0,0.0,0,0.0,0.0,0.0,0.0,0.0,0.0,False
1052,IL,2026-07-01,2,0,0.0,0,0.0,0,0.0,0.0,0.0,0.0,0.0,0.0,False
1052,IM,2026-07-01,3,0,0.0,0,0.0,0,0.0,0.0,0.0,0.0,0.0,0.0,False
1052,IN,2026-07-01,30,0,0.0,0,0.0,0,0.0,0.0,0.0,0.0,0.0,0.0,False
1052,IT,2026-07-01,34,0,0.0,0,0.0,1,65.0,65.0,0.0,0.0,0.0,0.0,False
1052,JM,2026-07-01,3,0,0.0,0,0.0,0,0.0,0.0,0.0,0.0,0.0,0.0,False
1052,JO,2026-07-01,1,0,0.0,0,0.0,0,0.0,0.0,0.0,0.0,0.0,0.0,False
1052,JP,2026-07-01,3,0,0.0,0,0.0,0,0.0,0.0,0.0,0.0,0.0,0.0,False
1052,KE,2026-07-01,19,0,0.0,0,0.0,0,0.0,0.0,0.0,0.0,0.0,0.0,False
1052,KZ,2026-07-01,1,0,0.0,0,0.0,0,0.0,0.0,0.0,0.0,0.0,0.0,False
1052,LK,2026-07-01,1,0,0.0,0,0.0,0,0.0,0.0,0.0,0.0,0.0,0.0,False
1052,LU,2026-07-01,5,0,0.0,0,0.0,0,0.0,0.0,0.0,0.0,0.0,0.0,False
1052,LV,2026-07-01,1,0,0.0,0,0.0,0,0.0,0.0,0.0,0.0,0.0,0.0,False
1052,MA,2026-07-01,2,0,0.0,0,0.0,0,0.0,0.0,0.0,0.0,0.0,0.0,False
1052,MT,2026-07-01,5,0,0.0,0,0.0,0,0.0,0.0,0.0,0.0,0.0,0.0,False
1052,MW,2026-07-01,2,0,0.0,0,0.0,0,0.0,0.0,0.0,0.0,0.0,0.0,False
1052,MX,2026-07-01,4,0,0.0,0,0.0,1,100.0,100.0,0.0,0.0,0.0,0.0,False
1052,MY,2026-07-01,16,0,0.0,0,0.0,0,0.0,0.0,0.0,0.0,0.0,0.0,False
1052,NL,2026-07-01,27,1,444.0,0,0.0,1,275.0,275.0,0.0,0.0,0.0,0.0,False
1052,NO,2026-07-01,4,0,0.0,0,0.0,0,0.0,0.0,0.0,0.0,0.0,0.0,False
1052,NP,2026-07-01,3,0,0.0,0,0.0,0,0.0,0.0,0.0,0.0,0.0,0.0,False
1052,NZ,2026-07-01,226,3,2405.0,0,0.0,8,4110.0,4110.0,0.0,0.0,0.0,0.0,False
1052,PE,2026-07-01,1,0,0.0,0,0.0,0,0.0,0.0,0.0,0.0,0.0,0.0,False
1052,PG,2026-07-01,1,0,0.0,0,0.0,0,0.0,0.0,0.0,0.0,0.0,0.0,False
1052,PH,2026-07-01,22,0,0.0,0,0.0,0,0.0,0.0,0.0,0.0,0.0,0.0,False
1052,PK,2026-07-01,1,0,0.0,0,0.0,0,0.0,0.0,0.0,0.0,0.0,0.0,False
1052,PL,2026-07-01,1,0,0.0,0,0.0,0,0.0,0.0,0.0,0.0,0.0,0.0,False
1052,PR,2026-07-01,9,0,0.0,0,0.0,0,0.0,0.0,0.0,0.0,0.0,0.0,False
1052,PT,2026-07-01,38,0,0.0,0,0.0,0,0.0,0.0,0.0,0.0,0.0,0.0,False
1052,PY,2026-07-01,1,0,0.0,0,0.0,0,0.0,0.0,0.0,0.0,0.0,0.0,False
1052,RO,2026-07-01,6,0,0.0,0,0.0,0,0.0,0.0,0.0,0.0,0.0,0.0,False
1052,RS,2026-07-01,3,1,888.0,0,0.0,1,150.0,150.0,0.0,0.0,0.0,0.0,False
1052,RW,2026-07-01,1,0,0.0,0,0.0,0,0.0,0.0,0.0,0.0,0.0,0.0,False
1052,SC,2026-07-01,1,0,0.0,0,0.0,0,0.0,0.0,0.0,0.0,0.0,0.0,False
1052,SE,2026-07-01,6,0,0.0,0,0.0,0,0.0,0.0,0.0,0.0,0.0,0.0,False
1052,SG,2026-07-01,7,0,0.0,0,0.0,0,0.0,0.0,0.0,0.0,0.0,0.0,False
1052,SI,2026-07-01,2,0,0.0,0,0.0,0,0.0,0.0,0.0,0.0,0.0,0.0,False
1052,SK,2026-07-01,1,0,0.0,0,0.0,0,0.0,0.0,0.0,0.0,0.0,0.0,False
1052,SL,2026-07-01,1,0,0.0,0,0.0,0,0.0,0.0,0.0,0.0,0.0,0.0,False
1052,TG,2026-07-01,1,0,0.0,0,0.0,0,0.0,0.0,0.0,0.0,0.0,0.0,False
1052,TH,2026-07-01,2,1,888.0,0,0.0,1,140.0,140.0,0.0,0.0,0.0,0.0,False
1052,TR,2026-07-01,4,0,0.0,0,0.0,0,0.0,0.0,0.0,0.0,0.0,0.0,False
1052,TZ,2026-07-01,1,0,0.0,0,0.0,0,0.0,0.0,0.0,0.0,0.0,0.0,False
1052,UG,2026-07-01,2,0,0.0,0,0.0,0,0.0,0.0,0.0,0.0,0.0,0.0,False
1052,UNKNOWN,2026-07-01,2,0,0.0,0,0.0,0,0.0,0.0,0.0,0.0,0.0,0.0,False
1052,US,2026-07-01,9639,325,213743.82,0,0.0,432,355325.0,350375.0,4950.0,0.0,0.0,0.0,True
1052,UY,2026-07-01,1,0,0.0,0,0.0,0,0.0,0.0,0.0,0.0,0.0,0.0,False
1052,VN,2026-07-01,2,0,0.0,0,0.0,0,0.0,0.0,0.0,0.0,0.0,0.0,False
1052,XK,2026-07-01,1,0,0.0,0,0.0,0,0.0,0.0,0.0,0.0,0.0,0.0,False
1052,ZA,2026-07-01,17,0,0.0,0,0.0,0,0.0,0.0,0.0,0.0,0.0,0.0,False
1052,ZM,2026-07-01,1,0,0.0,0,0.0,0,0.0,0.0,0.0,0.0,0.0,0.0,False
303,AD,2026-07-01,7,7,28.86,0,0.0,0,0.0,0.0,0.0,0.0,0.0,0.0,False
303,AL,2026-07-01,2,1,7.4,0,0.0,0,0.0,0.0,0.0,0.0,0.0,0.0,False
303,AR,2026-07-01,1,0,0.0,0,0.0,0,0.0,0.0,0.0,0.0,0.0,0.0,False
303,AT,2026-07-01,86,53,257.446,0,0.0,3,330.0,330.0,0.0,0.0,0.0,0.0,False
303,AW,2026-07-01,5,2,22.2,0,0.0,0,0.0,0.0,0.0,0.0,0.0,0.0,False
303,AX,2026-07-01,1,1,11.1,0,0.0,0,0.0,0.0,0.0,0.0,0.0,0.0,False
303,BE,2026-07-01,328,178,953.12,0,0.0,3,740.0,740.0,0.0,0.0,0.0,0.0,False
303,BG,2026-07-01,96,60,263.662,0,0.0,1,950.0,950.0,0.0,0.0,0.0,0.0,False
303,BR,2026-07-01,312,170,362.9330000000001,0,0.0,0,0.0,0.0,0.0,0.0,0.0,0.0,False
303,CA,2026-07-01,2,1,5.18,0,0.0,0,0.0,0.0,0.0,0.0,0.0,0.0,False
303,CH,2026-07-01,57,37,196.17399999999998,0,0.0,2,480.0,480.0,0.0,0.0,0.0,0.0,False
303,CN,2026-07-01,1,1,3.7,0,0.0,0,0.0,0.0,0.0,0.0,0.0,0.0,False
303,CW,2026-07-01,13,2,22.2,0,0.0,0,0.0,0.0,0.0,0.0,0.0,0.0,False
303,CY,2026-07-01,2,1,7.4,0,0.0,0,0.0,0.0,0.0,0.0,0.0,0.0,False
303,CZ,2026-07-01,43,19,84.138,0,0.0,1,165.0,165.0,0.0,0.0,0.0,0.0,False
303,DE,2026-07-01,772,516,2690.2699999999995,0,0.0,16,2980.0,2980.0,0.0,0.0,0.0,0.0,True
303,DK,2026-07-01,313,149,1456.1719999999996,0,0.0,2,300.0,300.0,0.0,0.0,0.0,0.0,False
303,DZ,2026-07-01,3,2,9.472000000000001,0,0.0,0,0.0,0.0,0.0,0.0,0.0,0.0,False
303,EC,2026-07-01,1,1,1.1099999999999999,0,0.0,0,0.0,0.0,0.0,0.0,0.0,0.0,False
303,EE,2026-07-01,12,12,65.712,0,0.0,0,0.0,0.0,0.0,0.0,0.0,0.0,False
303,ES,2026-07-01,298,198,1084.84,0,0.0,5,880.0,880.0,0.0,0.0,0.0,0.0,False
303,FI,2026-07-01,346,181,1920.6699999999996,0,0.0,3,400.0,400.0,0.0,0.0,0.0,0.0,False
303,FO,2026-07-01,3,3,11.100000000000001,0,0.0,0,0.0,0.0,0.0,0.0,0.0,0.0,False
303,FR,2026-07-01,3597,2525,12795.784000000038,0,0.0,35,16695.0,16630.0,65.0,0.0,0.0,0.0,True
303,GB,2026-07-01,119,65,356.384,0,0.0,3,495.0,495.0,0.0,0.0,0.0,0.0,False
303,GI,2026-07-01,1,0,0.0,0,0.0,0,0.0,0.0,0.0,0.0,0.0,0.0,False
303,GP,2026-07-01,1,0,0.0,0,0.0,0,0.0,0.0,0.0,0.0,0.0,0.0,False
303,GR,2026-07-01,196,140,678.6540000000001,0,0.0,5,810.0,810.0,0.0,0.0,0.0,0.0,False
303,HR,2026-07-01,70,46,186.184,0,0.0,2,335.0,335.0,0.0,0.0,0.0,0.0,False
303,HU,2026-07-01,101,69,330.336,0,0.0,1,150.0,150.0,0.0,0.0,0.0,0.0,False
303,ID,2026-07-01,1,0,0.0,0,0.0,0,0.0,0.0,0.0,0.0,0.0,0.0,False
303,IE,2026-07-01,82,45,215.784,0,0.0,1,65.0,65.0,0.0,0.0,0.0,0.0,False
303,IL,2026-07-01,2,2,9.472000000000001,0,0.0,0,0.0,0.0,0.0,0.0,0.0,0.0,False
303,IM,2026-07-01,3,3,12.802000000000001,0,0.0,0,0.0,0.0,0.0,0.0,0.0,0.0,False
303,IN,2026-07-01,1,1,3.7,0,0.0,0,0.0,0.0,0.0,0.0,0.0,0.0,False
303,IS,2026-07-01,2,1,3.7,0,0.0,0,0.0,0.0,0.0,0.0,0.0,0.0,False
303,IT,2026-07-01,1827,1362,6222.371400000008,0,0.0,24,5660.0,5660.0,0.0,0.0,0.0,0.0,True
303,JE,2026-07-01,10,4,20.424,0,0.0,1,65.0,65.0,0.0,0.0,0.0,0.0,False
303,JP,2026-07-01,2,2,13.172,0,0.0,0,0.0,0.0,0.0,0.0,0.0,0.0,False
303,KR,2026-07-01,1,1,3.7,0,0.0,0,0.0,0.0,0.0,0.0,0.0,0.0,False
303,LT,2026-07-01,27,18,87.468,0,0.0,0,0.0,0.0,0.0,0.0,0.0,0.0,False
303,LU,2026-07-01,11,8,34.484,0,0.0,0,0.0,0.0,0.0,0.0,0.0,0.0,False
303,LV,2026-07-01,17,10,59.2,0,0.0,0,0.0,0.0,0.0,0.0,0.0,0.0,False
303,MA,2026-07-01,3,2,10.36,0,0.0,0,0.0,0.0,0.0,0.0,0.0,0.0,False
303,MC,2026-07-01,3,3,16.724,0,0.0,0,0.0,0.0,0.0,0.0,0.0,0.0,False
303,ME,2026-07-01,1,1,7.4,0,0.0,0,0.0,0.0,0.0,0.0,0.0,0.0,False
303,MG,2026-07-01,1,1,5.772,0,0.0,0,0.0,0.0,0.0,0.0,0.0,0.0,False
303,MK,2026-07-01,1,0,0.0,0,0.0,0,0.0,0.0,0.0,0.0,0.0,0.0,False
303,MT,2026-07-01,28,22,89.54,0,0.0,0,0.0,0.0,0.0,0.0,0.0,0.0,False
303,NC,2026-07-01,1,1,3.7,0,0.0,0,0.0,0.0,0.0,0.0,0.0,0.0,False
303,NL,2026-07-01,431,208,1994.818,0,0.0,11,1950.0,1950.0,0.0,0.0,0.0,0.0,False
303,NO,2026-07-01,164,82,760.9419999999999,0,0.0,5,3715.0,3715.0,0.0,0.0,0.0,0.0,False
303,PE,2026-07-01,2,1,3.7,0,0.0,0,0.0,0.0,0.0,0.0,0.0,0.0,False
303,PH,2026-07-01,3,1,11.1,0,0.0,0,0.0,0.0,0.0,0.0,0.0,0.0,False
303,PL,2026-07-01,175,98,421.5040000000001,0,0.0,2,260.0,260.0,0.0,0.0,0.0,0.0,False
303,PT,2026-07-01,345,249,1068.2640000000001,0,0.0,2,260.0,260.0,0.0,0.0,0.0,0.0,False
303,QA,2026-07-01,3,3,21.46,0,0.0,0,0.0,0.0,0.0,0.0,0.0,0.0,False
303,RO,2026-07-01,3,2,14.06,0,0.0,0,0.0,0.0,0.0,0.0,0.0,0.0,False
303,RS,2026-07-01,3,0,0.0,0,0.0,0,0.0,0.0,0.0,0.0,0.0,0.0,False
303,SE,2026-07-01,449,242,2427.126,0,0.0,3,330.0,330.0,0.0,0.0,0.0,0.0,False
303,SG,2026-07-01,1,1,5.18,0,0.0,0,0.0,0.0,0.0,0.0,0.0,0.0,False
303,SI,2026-07-01,19,11,46.47200000000001,0,0.0,0,0.0,0.0,0.0,0.0,0.0,0.0,False
303,SK,2026-07-01,70,44,199.208,0,0.0,1,65.0,65.0,0.0,0.0,0.0,0.0,False
303,SM,2026-07-01,2,1,3.7,0,0.0,0,0.0,0.0,0.0,0.0,0.0,0.0,False
303,TH,2026-07-01,9,4,30.340000000000003,0,0.0,0,0.0,0.0,0.0,0.0,0.0,0.0,False
303,TR,2026-07-01,518,333,1852.3679999999997,0,0.0,5,825.0,760.0,65.0,0.0,0.0,0.0,True
303,UNKNOWN,2026-07-01,1,0,0.0,0,0.0,0,0.0,0.0,0.0,0.0,0.0,0.0,False
303,US,2026-07-01,5,3,16.872,0,0.0,0,0.0,0.0,0.0,0.0,0.0,0.0,False
303,UZ,2026-07-01,1,1,5.18,0,0.0,0,0.0,0.0,0.0,0.0,0.0,0.0,False
303,VN,2026-07-01,1,1,3.33,0,0.0,0,0.0,0.0,0.0,0.0,0.0,0.0,False
413,AD,2026-07-01,3,3,37.74,0,0.0,2,315.0,315.0,0.0,0.0,0.0,0.0,False
413,AE,2026-07-01,2,1,11.1,0,0.0,0,0.0,0.0,0.0,0.0,0.0,0.0,False
413,AL,2026-07-01,7,6,129.5,0,0.0,2,300.0,300.0,0.0,0.0,0.0,0.0,False
413,AO,2026-07-01,1,1,8.879999999999999,0,0.0,0,0.0,0.0,0.0,0.0,0.0,0.0,False
413,AQ,2026-07-01,1,1,25.9,0,0.0,0,0.0,0.0,0.0,0.0,0.0,0.0,False
413,AR,2026-07-01,1,1,25.9,0,0.0,0,0.0,0.0,0.0,0.0,0.0,0.0,False
413,AS,2026-07-01,1,0,0.0,0,0.0,0,0.0,0.0,0.0,0.0,0.0,0.0,False
413,AT,2026-07-01,3,2,37.0,0,0.0,0,0.0,0.0,0.0,0.0,0.0,0.0,False
413,AU,2026-07-01,1630,1269,25051.219999999998,0,0.0,89,49485.0,49360.0,125.0,0.0,0.0,0.0,True
413,BD,2026-07-01,1,1,25.9,0,0.0,0,0.0,0.0,0.0,0.0,0.0,0.0,False
413,BE,2026-07-01,37,18,379.62,0,0.0,1,5950.0,5950.0,0.0,0.0,0.0,0.0,False
413,BR,2026-07-01,1,1,11.1,0,0.0,0,0.0,0.0,0.0,0.0,0.0,0.0,False
413,BW,2026-07-01,2,1,11.1,0,0.0,0,0.0,0.0,0.0,0.0,0.0,0.0,False
413,BZ,2026-07-01,1,0,0.0,0,0.0,0,0.0,0.0,0.0,0.0,0.0,0.0,False
413,CA,2026-07-01,1728,1325,25444.899999999972,0,0.0,65,29480.0,29215.0,265.0,0.0,0.0,0.0,True
413,CH,2026-07-01,95,62,1104.0800000000002,0,0.0,6,1090.0,1090.0,0.0,0.0,0.0,0.0,False
413,CK,2026-07-01,1,1,5.92,0,0.0,0,0.0,0.0,0.0,0.0,0.0,0.0,False
413,CL,2026-07-01,1,1,29.6,0,0.0,0,0.0,0.0,0.0,0.0,0.0,0.0,False
413,CN,2026-07-01,1,1,11.1,0,0.0,1,150.0,150.0,0.0,0.0,0.0,0.0,False
413,CO,2026-07-01,6,4,62.9,0,0.0,0,0.0,0.0,0.0,0.0,0.0,0.0,False
413,CR,2026-07-01,3,3,66.6,0,0.0,0,0.0,0.0,0.0,0.0,0.0,0.0,False
413,CW,2026-07-01,1,1,11.1,0,0.0,0,0.0,0.0,0.0,0.0,0.0,0.0,False
413,CY,2026-07-01,1,1,5.92,0,0.0,0,0.0,0.0,0.0,0.0,0.0,0.0,False
413,DE,2026-07-01,14,9,193.88,0,0.0,1,225.0,225.0,0.0,0.0,0.0,0.0,False
413,DK,2026-07-01,2,2,24.42,0,0.0,1,150.0,150.0,0.0,0.0,0.0,0.0,False
413,DO,2026-07-01,1,0,0.0,0,0.0,0,0.0,0.0,0.0,0.0,0.0,0.0,False
413,DZ,2026-07-01,1,1,11.1,0,0.0,0,0.0,0.0,0.0,0.0,0.0,0.0,False
413,EC,2026-07-01,4,2,55.5,0,0.0,0,0.0,0.0,0.0,0.0,0.0,0.0,False
413,ES,2026-07-01,13,8,150.22,0,0.0,1,100.0,100.0,0.0,0.0,0.0,0.0,False
413,FI,2026-07-01,60,43,816.2199999999999,0,0.0,2,265.0,265.0,0.0,0.0,0.0,0.0,False
413,FR,2026-07-01,5,4,88.8,0,0.0,1,490.0,490.0,0.0,0.0,0.0,0.0,False
413,GB,2026-07-01,5243,4008,73817.22000000004,0,0.0,176,69120.0,69120.0,0.0,0.0,0.0,0.0,True
413,GR,2026-07-01,4,3,54.02,0,0.0,0,0.0,0.0,0.0,0.0,0.0,0.0,False
413,GT,2026-07-01,1,1,11.1,0,0.0,0,0.0,0.0,0.0,0.0,0.0,0.0,False
413,GU,2026-07-01,1,0,0.0,0,0.0,0,0.0,0.0,0.0,0.0,0.0,0.0,False
413,HK,2026-07-01,1,1,29.6,0,0.0,0,0.0,0.0,0.0,0.0,0.0,0.0,False
413,HR,2026-07-01,1,0,0.0,0,0.0,0,0.0,0.0,0.0,0.0,0.0,0.0,False
413,HU,2026-07-01,1,0,0.0,0,0.0,0,0.0,0.0,0.0,0.0,0.0,0.0,False
413,ID,2026-07-01,4,3,70.3,0,0.0,0,0.0,0.0,0.0,0.0,0.0,0.0,False
413,IE,2026-07-01,2,2,14.799999999999999,0,0.0,0,0.0,0.0,0.0,0.0,0.0,0.0,False
413,IL,2026-07-01,115,81,1679.0600000000002,0,0.0,6,1445.0,1445.0,0.0,0.0,0.0,0.0,False
413,IN,2026-07-01,6,2,37.0,0,0.0,0,0.0,0.0,0.0,0.0,0.0,0.0,False
413,IS,2026-07-01,40,30,552.04,0,0.0,4,2360.0,2360.0,0.0,0.0,0.0,0.0,False
413,IT,2026-07-01,5,4,92.5,0,0.0,2,1115.0,1115.0,0.0,0.0,0.0,0.0,False
413,JE,2026-07-01,1,1,8.879999999999999,0,0.0,0,0.0,0.0,0.0,0.0,0.0,0.0,False
413,JP,2026-07-01,5,2,37.0,0,0.0,0,0.0,0.0,0.0,0.0,0.0,0.0,False
413,KG,2026-07-01,1,1,11.1,0,0.0,0,0.0,0.0,0.0,0.0,0.0,0.0,False
413,KH,2026-07-01,1,1,25.9,0,0.0,0,0.0,0.0,0.0,0.0,0.0,0.0,False
413,KR,2026-07-01,1,1,25.9,0,0.0,0,0.0,0.0,0.0,0.0,0.0,0.0,False
413,KW,2026-07-01,1,1,11.1,0,0.0,0,0.0,0.0,0.0,0.0,0.0,0.0,False
413,LU,2026-07-01,21,16,281.94,0,0.0,1,150.0,150.0,0.0,0.0,0.0,0.0,False
413,MA,2026-07-01,1,1,25.9,0,0.0,0,0.0,0.0,0.0,0.0,0.0,0.0,False
413,MK,2026-07-01,2,2,37.0,0,0.0,0,0.0,0.0,0.0,0.0,0.0,0.0,False
413,MX,2026-07-01,18,12,244.2,0,0.0,1,150.0,150.0,0.0,0.0,0.0,0.0,False
413,MY,2026-07-01,3,1,25.9,0,0.0,0,0.0,0.0,0.0,0.0,0.0,0.0,False
413,NL,2026-07-01,345,257,4938.760000000001,0,0.0,20,3990.0,3990.0,0.0,0.0,0.0,0.0,False
413,NO,2026-07-01,196,146,2899.3199999999997,0,0.0,10,13320.0,13195.0,125.0,0.0,0.0,0.0,False
413,NZ,2026-07-01,668,511,9850.14,0,0.0,25,7460.0,7270.0,190.0,0.0,0.0,0.0,True
413,PA,2026-07-01,1,1,11.1,0,0.0,0,0.0,0.0,0.0,0.0,0.0,0.0,False
413,PE,2026-07-01,1,1,29.6,0,0.0,0,0.0,0.0,0.0,0.0,0.0,0.0,False
413,PF,2026-07-01,1,0,0.0,0,0.0,0,0.0,0.0,0.0,0.0,0.0,0.0,False
413,PH,2026-07-01,14,11,203.49999999999997,0,0.0,0,0.0,0.0,0.0,0.0,0.0,0.0,False
413,PL,2026-07-01,3,3,81.4,0,0.0,0,0.0,0.0,0.0,0.0,0.0,0.0,False
413,PT,2026-07-01,7,5,94.72,0,0.0,0,0.0,0.0,0.0,0.0,0.0,0.0,False
413,QA,2026-07-01,1,1,29.6,0,0.0,0,0.0,0.0,0.0,0.0,0.0,0.0,False
413,RO,2026-07-01,6,5,82.88,0,0.0,0,0.0,0.0,0.0,0.0,0.0,0.0,False
413,RS,2026-07-01,1,1,11.1,0,0.0,0,0.0,0.0,0.0,0.0,0.0,0.0,False
413,SA,2026-07-01,4,4,43.660000000000004,0,0.0,0,0.0,0.0,0.0,0.0,0.0,0.0,False
413,SE,2026-07-01,299,216,4161.759999999999,0,0.0,18,5120.0,5120.0,0.0,0.0,0.0,0.0,False
413,SV,2026-07-01,2,0,0.0,0,0.0,0,0.0,0.0,0.0,0.0,0.0,0.0,False
413,TH,2026-07-01,16,9,125.06,0,0.0,0,0.0,0.0,0.0,0.0,0.0,0.0,False
413,TR,2026-07-01,4,3,48.84,0,0.0,0,0.0,0.0,0.0,0.0,0.0,0.0,False
413,TT,2026-07-01,1,1,11.1,0,0.0,0,0.0,0.0,0.0,0.0,0.0,0.0,False
413,US,2026-07-01,22394,16745,314146.279999997,0,0.0,862,599270.0,596395.0,2875.0,0.0,0.0,0.0,True
413,VN,2026-07-01,3,3,62.9,0,0.0,0,0.0,0.0,0.0,0.0,0.0,0.0,False
413,WS,2026-07-01,1,1,5.92,0,0.0,0,0.0,0.0,0.0,0.0,0.0,0.0,False
413,XK,2026-07-01,1,1,25.9,0,0.0,0,0.0,0.0,0.0,0.0,0.0,0.0,False
413,ZA,2026-07-01,1,1,25.9,0,0.0,0,0.0,0.0,0.0,0.0,0.0,0.0,False
427,AD,2026-07-01,1,0,0.0,0,0.0,0,0.0,0.0,0.0,0.0,0.0,0.0,False
427,AE,2026-07-01,3,2,29.6,0,0.0,1,150.0,150.0,0.0,0.0,0.0,0.0,False
427,AL,2026-07-01,3,3,63.64,0,0.0,0,0.0,0.0,0.0,0.0,0.0,0.0,False
427,AM,2026-07-01,1,1,28.12,0,0.0,0,0.0,0.0,0.0,0.0,0.0,0.0,False
427,AO,2026-07-01,1,1,7.4,0,0.0,0,0.0,0.0,0.0,0.0,0.0,0.0,False
427,AT,2026-07-01,3,3,30.340000000000003,0,0.0,0,0.0,0.0,0.0,0.0,0.0,0.0,False
427,AU,2026-07-01,2399,1866,35251.37999999991,0,0.0,115,65000.0,64900.0,100.0,0.0,0.0,0.0,True
427,BD,2026-07-01,2,2,41.44,0,0.0,0,0.0,0.0,0.0,0.0,0.0,0.0,False
427,BE,2026-07-01,9,7,114.69999999999999,0,0.0,0,0.0,0.0,0.0,0.0,0.0,0.0,False
427,BG,2026-07-01,1,1,7.4,0,0.0,0,0.0,0.0,0.0,0.0,0.0,0.0,False
427,BM,2026-07-01,1,0,0.0,0,0.0,0,0.0,0.0,0.0,0.0,0.0,0.0,False
427,BN,2026-07-01,1,0,0.0,0,0.0,0,0.0,0.0,0.0,0.0,0.0,0.0,False
427,BR,2026-07-01,1,1,11.1,0,0.0,0,0.0,0.0,0.0,0.0,0.0,0.0,False
427,BZ,2026-07-01,2,1,22.2,0,0.0,0,0.0,0.0,0.0,0.0,0.0,0.0,False
427,CA,2026-07-01,1176,876,15261.020000000002,0,0.0,33,28225.0,28150.0,75.0,0.0,0.0,0.0,True
427,CH,2026-07-01,50,34,478.03999999999996,0,0.0,4,4015.0,4015.0,0.0,0.0,0.0,0.0,False
427,CO,2026-07-01,6,3,40.7,0,0.0,0,0.0,0.0,0.0,0.0,0.0,0.0,False
427,CR,2026-07-01,5,4,51.8,0,0.0,0,0.0,0.0,0.0,0.0,0.0,0.0,False
427,CY,2026-07-01,1,1,7.4,0,0.0,0,0.0,0.0,0.0,0.0,0.0,0.0,False
427,DE,2026-07-01,286,219,3215.2999999999993,0,0.0,12,2835.0,2835.0,0.0,0.0,0.0,0.0,False
427,DK,2026-07-01,2,1,7.4,0,0.0,0,0.0,0.0,0.0,0.0,0.0,0.0,False
427,DO,2026-07-01,5,4,70.3,0,0.0,0,0.0,0.0,0.0,0.0,0.0,0.0,False
427,DZ,2026-07-01,3,3,50.32,0,0.0,0,0.0,0.0,0.0,0.0,0.0,0.0,False
427,EC,2026-07-01,2,2,29.6,0,0.0,0,0.0,0.0,0.0,0.0,0.0,0.0,False
427,ES,2026-07-01,437,324,4216.519999999999,0,0.0,14,4920.0,4920.0,0.0,0.0,0.0,0.0,False
427,FI,2026-07-01,37,27,361.12,0,0.0,3,280.0,280.0,0.0,0.0,0.0,0.0,False
427,FR,2026-07-01,395,297,4148.439999999999,0,0.0,18,2600.0,2600.0,0.0,0.0,0.0,0.0,False
427,GB,2026-07-01,3852,2961,54885.7999999998,0,0.0,151,61180.0,60235.0,945.0,0.0,0.0,0.0,True
427,GE,2026-07-01,1,1,24.419999999999998,0,0.0,0,0.0,0.0,0.0,0.0,0.0,0.0,False
427,GR,2026-07-01,3,2,29.6,0,0.0,0,0.0,0.0,0.0,0.0,0.0,0.0,False
427,HK,2026-07-01,17,11,140.6,0,0.0,0,0.0,0.0,0.0,0.0,0.0,0.0,False
427,HN,2026-07-01,1,1,7.4,0,0.0,0,0.0,0.0,0.0,0.0,0.0,0.0,False
427,HR,2026-07-01,1,1,7.4,0,0.0,1,150.0,150.0,0.0,0.0,0.0,0.0,False
427,HU,2026-07-01,1,1,22.2,0,0.0,0,0.0,0.0,0.0,0.0,0.0,0.0,False
427,ID,2026-07-01,4,1,11.1,0,0.0,0,0.0,0.0,0.0,0.0,0.0,0.0,False
427,IE,2026-07-01,5,3,55.5,0,0.0,0,0.0,0.0,0.0,0.0,0.0,0.0,False
427,IN,2026-07-01,4,2,29.6,0,0.0,0,0.0,0.0,0.0,0.0,0.0,0.0,False
427,IT,2026-07-01,649,486,6527.539999999999,0,0.0,13,3320.0,3320.0,0.0,0.0,0.0,0.0,True
427,JM,2026-07-01,2,1,11.1,0,0.0,0,0.0,0.0,0.0,0.0,0.0,0.0,False
427,JO,2026-07-01,3,3,25.9,0,0.0,0,0.0,0.0,0.0,0.0,0.0,0.0,False
427,JP,2026-07-01,2,1,7.4,0,0.0,0,0.0,0.0,0.0,0.0,0.0,0.0,False
427,KG,2026-07-01,1,1,25.9,0,0.0,0,0.0,0.0,0.0,0.0,0.0,0.0,False
427,KR,2026-07-01,1,1,7.4,0,0.0,0,0.0,0.0,0.0,0.0,0.0,0.0,False
427,LU,2026-07-01,13,9,185.0,0,0.0,1,150.0,150.0,0.0,0.0,0.0,0.0,False
427,LV,2026-07-01,1,1,7.4,0,0.0,0,0.0,0.0,0.0,0.0,0.0,0.0,False
427,MC,2026-07-01,1,1,7.4,0,0.0,0,0.0,0.0,0.0,0.0,0.0,0.0,False
427,MK,2026-07-01,2,2,33.3,0,0.0,0,0.0,0.0,0.0,0.0,0.0,0.0,False
427,MO,2026-07-01,1,1,7.4,0,0.0,0,0.0,0.0,0.0,0.0,0.0,0.0,False
427,MX,2026-07-01,22,21,361.11999999999995,0,0.0,1,330.0,330.0,0.0,0.0,0.0,0.0,False
427,MY,2026-07-01,2,2,29.6,0,0.0,1,150.0,150.0,0.0,0.0,0.0,0.0,False
427,NL,2026-07-01,103,75,1061.16,0,0.0,14,2825.0,2825.0,0.0,0.0,0.0,0.0,False
427,NO,2026-07-01,86,63,925.74,0,0.0,2,260.0,260.0,0.0,0.0,0.0,0.0,False
427,NZ,2026-07-01,474,359,6401.000000000003,0,0.0,17,3615.0,3615.0,0.0,0.0,0.0,0.0,False
427,PA,2026-07-01,2,2,33.3,0,0.0,0,0.0,0.0,0.0,0.0,0.0,0.0,False
427,PE,2026-07-01,3,1,22.2,0,0.0,1,150.0,150.0,0.0,0.0,0.0,0.0,False
427,PF,2026-07-01,1,1,22.2,0,0.0,0,0.0,0.0,0.0,0.0,0.0,0.0,False
427,PH,2026-07-01,8,6,145.04000000000002,0,0.0,0,0.0,0.0,0.0,0.0,0.0,0.0,False
427,PK,2026-07-01,1,1,11.1,0,0.0,0,0.0,0.0,0.0,0.0,0.0,0.0,False
427,PL,2026-07-01,5,3,70.3,0,0.0,1,195.0,195.0,0.0,0.0,0.0,0.0,False
427,PR,2026-07-01,8,6,129.5,0,0.0,1,65.0,65.0,0.0,0.0,0.0,0.0,False
427,PT,2026-07-01,7,6,103.6,0,0.0,0,0.0,0.0,0.0,0.0,0.0,0.0,False
427,QA,2026-07-01,1,1,7.4,0,0.0,0,0.0,0.0,0.0,0.0,0.0,0.0,False
427,RO,2026-07-01,3,3,37.0,0,0.0,0,0.0,0.0,0.0,0.0,0.0,0.0,False
427,RS,2026-07-01,1,1,24.419999999999998,0,0.0,0,0.0,0.0,0.0,0.0,0.0,0.0,False
427,SA,2026-07-01,1,1,7.4,0,0.0,0,0.0,0.0,0.0,0.0,0.0,0.0,False
427,SE,2026-07-01,82,70,1081.8799999999999,0,0.0,3,1170.0,1170.0,0.0,0.0,0.0,0.0,False
427,SG,2026-07-01,2,1,25.9,0,0.0,0,0.0,0.0,0.0,0.0,0.0,0.0,False
427,TH,2026-07-01,18,17,242.72000000000003,0,0.0,2,450.0,450.0,0.0,0.0,0.0,0.0,False
427,TR,2026-07-01,4,3,37.0,0,0.0,0,0.0,0.0,0.0,0.0,0.0,0.0,False
427,US,2026-07-01,24082,18392,345870.8200000004,0,0.0,1052,736325.0,733555.0,2770.0,0.0,0.0,0.0,True
427,UY,2026-07-01,1,1,7.4,0,0.0,0,0.0,0.0,0.0,0.0,0.0,0.0,False
427,VN,2026-07-01,2,2,44.4,0,0.0,0,0.0,0.0,0.0,0.0,0.0,0.0,False
427,XK,2026-07-01,1,1,22.2,0,0.0,0,0.0,0.0,0.0,0.0,0.0,0.0,False
427,ZA,2026-07-01,1,0,0.0,0,0.0,0,0.0,0.0,0.0,0.0,0.0,0.0,False
523,AE,2026-07-01,33,5,22.200000000000003,0,0.0,0,0.0,0.0,0.0,0.0,0.0,0.0,False
523,AG,2026-07-01,3,0,0.0,0,0.0,0,0.0,0.0,0.0,0.0,0.0,0.0,False
523,AI,2026-07-01,1,0,0.0,0,0.0,0,0.0,0.0,0.0,0.0,0.0,0.0,False
523,AL,2026-07-01,22,6,17.759999999999998,0,0.0,0,0.0,0.0,0.0,0.0,0.0,0.0,False
523,AM,2026-07-01,2,2,5.92,0,0.0,0,0.0,0.0,0.0,0.0,0.0,0.0,False
523,AO,2026-07-01,91,11,2.849,0,0.0,1,65.0,65.0,0.0,0.0,0.0,0.0,False
523,AR,2026-07-01,97,13,28.897,0,0.0,0,0.0,0.0,0.0,0.0,0.0,0.0,False
523,AT,2026-07-01,16,2,5.92,0,0.0,0,0.0,0.0,0.0,0.0,0.0,0.0,False
523,AU,2026-07-01,903,300,981.9800000000002,0,0.0,13,6775.0,6775.0,0.0,0.0,0.0,0.0,True
523,AZ,2026-07-01,7,2,7.4,0,0.0,0,0.0,0.0,0.0,0.0,0.0,0.0,False
523,BB,2026-07-01,3,1,2.2199999999999998,0,0.0,0,0.0,0.0,0.0,0.0,0.0,0.0,False
523,BD,2026-07-01,205,32,94.71999999999998,0,0.0,0,0.0,0.0,0.0,0.0,0.0,0.0,False
523,BE,2026-07-01,80,13,43.66000000000001,0,0.0,0,0.0,0.0,0.0,0.0,0.0,0.0,False
523,BF,2026-07-01,53,4,10.36,0,0.0,0,0.0,0.0,0.0,0.0,0.0,0.0,False
523,BG,2026-07-01,18,5,11.099999999999998,0,0.0,0,0.0,0.0,0.0,0.0,0.0,0.0,False
523,BH,2026-07-01,2,1,2.2199999999999998,0,0.0,0,0.0,0.0,0.0,0.0,0.0,0.0,False
523,BJ,2026-07-01,17,5,21.46,0,0.0,0,0.0,0.0,0.0,0.0,0.0,0.0,False
523,BO,2026-07-01,9,0,0.0,0,0.0,0,0.0,0.0,0.0,0.0,0.0,0.0,False
523,BR,2026-07-01,19990,6559,1834.7559999999605,0,0.0,36,3460.0,3460.0,0.0,0.0,0.0,0.0,True
523,BS,2026-07-01,12,6,19.979999999999997,0,0.0,0,0.0,0.0,0.0,0.0,0.0,0.0,False
523,BT,2026-07-01,7,1,2.2199999999999998,0,0.0,0,0.0,0.0,0.0,0.0,0.0,0.0,False
523,BW,2026-07-01,27,4,10.36,0,0.0,0,0.0,0.0,0.0,0.0,0.0,0.0,False
523,BZ,2026-07-01,5,0,0.0,0,0.0,0,0.0,0.0,0.0,0.0,0.0,0.0,False
523,CA,2026-07-01,3924,1229,3292.926000000005,0,0.0,21,4660.0,4660.0,0.0,0.0,0.0,0.0,True
523,CH,2026-07-01,103,11,21.977999999999998,0,0.0,1,65.0,65.0,0.0,0.0,0.0,0.0,False
523,CI,2026-07-01,91,10,25.159999999999997,0,0.0,0,0.0,0.0,0.0,0.0,0.0,0.0,False
523,CK,2026-07-01,2,0,0.0,0,0.0,0,0.0,0.0,0.0,0.0,0.0,0.0,False
523,CL,2026-07-01,171,52,18.389,0,0.0,2,215.0,215.0,0.0,0.0,0.0,0.0,False
523,CM,2026-07-01,92,16,53.28,0,0.0,0,0.0,0.0,0.0,0.0,0.0,0.0,False
523,CN,2026-07-01,10,2,2.4789999999999996,0,0.0,0,0.0,0.0,0.0,0.0,0.0,0.0,False
523,CO,2026-07-01,276,39,106.338,0,0.0,0,0.0,0.0,0.0,0.0,0.0,0.0,False
523,CR,2026-07-01,38,7,23.68,0,0.0,0,0.0,0.0,0.0,0.0,0.0,0.0,False
523,CV,2026-07-01,33,8,2.072,0,0.0,0,0.0,0.0,0.0,0.0,0.0,0.0,False
523,CY,2026-07-01,2,0,0.0,0,0.0,0,0.0,0.0,0.0,0.0,0.0,0.0,False
523,CZ,2026-07-01,6,1,0.259,0,0.0,0,0.0,0.0,0.0,0.0,0.0,0.0,False
523,DE,2026-07-01,1282,425,2151.179999999998,0,0.0,4,650.0,650.0,0.0,0.0,0.0,0.0,True
523,DK,2026-07-01,2,0,0.0,0,0.0,0,0.0,0.0,0.0,0.0,0.0,0.0,False
523,DO,2026-07-01,175,18,47.61899999999999,0,0.0,0,0.0,0.0,0.0,0.0,0.0,0.0,False
523,DZ,2026-07-01,2,2,5.92,0,0.0,0,0.0,0.0,0.0,0.0,0.0,0.0,False
523,EC,2026-07-01,9,1,2.2199999999999998,0,0.0,0,0.0,0.0,0.0,0.0,0.0,0.0,False
523,EE,2026-07-01,9,2,7.4,0,0.0,0,0.0,0.0,0.0,0.0,0.0,0.0,False
523,ES,2026-07-01,71,6,13.319999999999999,0,0.0,0,0.0,0.0,0.0,0.0,0.0,0.0,False
523,ET,2026-07-01,1,0,0.0,0,0.0,0,0.0,0.0,0.0,0.0,0.0,0.0,False
523,FI,2026-07-01,129,27,196.1,0,0.0,1,150.0,150.0,0.0,0.0,0.0,0.0,False
523,FJ,2026-07-01,19,4,8.879999999999999,0,0.0,0,0.0,0.0,0.0,0.0,0.0,0.0,False
523,FM,2026-07-01,1,0,0.0,0,0.0,0,0.0,0.0,0.0,0.0,0.0,0.0,False
523,FR,2026-07-01,665,142,484.2190000000001,0,0.0,5,325.0,325.0,0.0,0.0,0.0,0.0,True
523,GA,2026-07-01,9,1,3.7,0,0.0,0,0.0,0.0,0.0,0.0,0.0,0.0,False
523,GB,2026-07-01,5900,2073,7922.440000000028,0,0.0,42,10045.0,10045.0,0.0,0.0,0.0,0.0,True
523,GE,2026-07-01,1,1,3.7,0,0.0,0,0.0,0.0,0.0,0.0,0.0,0.0,False
523,GF,2026-07-01,3,0,0.0,0,0.0,0,0.0,0.0,0.0,0.0,0.0,0.0,False
523,GM,2026-07-01,149,15,71.04,0,0.0,0,0.0,0.0,0.0,0.0,0.0,0.0,False
523,GN,2026-07-01,42,3,6.659999999999999,0,0.0,0,0.0,0.0,0.0,0.0,0.0,0.0,False
523,GQ,2026-07-01,5,0,0.0,0,0.0,0,0.0,0.0,0.0,0.0,0.0,0.0,False
523,GR,2026-07-01,16,2,4.4399999999999995,0,0.0,0,0.0,0.0,0.0,0.0,0.0,0.0,False
523,GT,2026-07-01,13,1,2.2199999999999998,0,0.0,0,0.0,0.0,0.0,0.0,0.0,0.0,False
523,GU,2026-07-01,4,3,6.659999999999999,0,0.0,0,0.0,0.0,0.0,0.0,0.0,0.0,False
523,GY,2026-07-01,114,15,37.739999999999995,0,0.0,0,0.0,0.0,0.0,0.0,0.0,0.0,False
523,HK,2026-07-01,60,9,19.499,0,0.0,0,0.0,0.0,0.0,0.0,0.0,0.0,False
523,HN,2026-07-01,73,4,14.06,0,0.0,0,0.0,0.0,0.0,0.0,0.0,0.0,False
523,HR,2026-07-01,5,1,3.7,0,0.0,0,0.0,0.0,0.0,0.0,0.0,0.0,False
523,HU,2026-07-01,1,1,3.7,0,0.0,0,0.0,0.0,0.0,0.0,0.0,0.0,False
523,ID,2026-07-01,487,76,206.27499999999995,0,0.0,0,0.0,0.0,0.0,0.0,0.0,0.0,False
523,IE,2026-07-01,11,3,6.659999999999999,0,0.0,0,0.0,0.0,0.0,0.0,0.0,0.0,False
523,IL,2026-07-01,3,0,0.0,0,0.0,0,0.0,0.0,0.0,0.0,0.0,0.0,False
523,IN,2026-07-01,181,7,20.72,0,0.0,0,0.0,0.0,0.0,0.0,0.0,0.0,False
523,IQ,2026-07-01,2,0,0.0,0,0.0,0,0.0,0.0,0.0,0.0,0.0,0.0,False
523,IR,2026-07-01,1,1,2.2199999999999998,0,0.0,0,0.0,0.0,0.0,0.0,0.0,0.0,False
523,IT,2026-07-01,111,10,28.12,0,0.0,1,65.0,65.0,0.0,0.0,0.0,0.0,False
523,JE,2026-07-01,1,1,3.7,0,0.0,0,0.0,0.0,0.0,0.0,0.0,0.0,False
523,JM,2026-07-01,18,4,10.36,0,0.0,0,0.0,0.0,0.0,0.0,0.0,0.0,False
523,JO,2026-07-01,2,0,0.0,0,0.0,0,0.0,0.0,0.0,0.0,0.0,0.0,False
523,JP,2026-07-01,33,3,9.620000000000001,0,0.0,0,0.0,0.0,0.0,0.0,0.0,0.0,False
523,KE,2026-07-01,2,1,3.7,0,0.0,0,0.0,0.0,0.0,0.0,0.0,0.0,False
523,KH,2026-07-01,5,0,0.0,0,0.0,0,0.0,0.0,0.0,0.0,0.0,0.0,False
523,KI,2026-07-01,37,4,10.36,0,0.0,0,0.0,0.0,0.0,0.0,0.0,0.0,False
523,KM,2026-07-01,1,0,0.0,0,0.0,0,0.0,0.0,0.0,0.0,0.0,0.0,False
523,KR,2026-07-01,325,72,18.647999999999993,0,0.0,1,65.0,65.0,0.0,0.0,0.0,0.0,False
523,KY,2026-07-01,6,1,2.2199999999999998,0,0.0,0,0.0,0.0,0.0,0.0,0.0,0.0,False
523,KZ,2026-07-01,9,1,3.7,0,0.0,0,0.0,0.0,0.0,0.0,0.0,0.0,False
523,LA,2026-07-01,51,5,20.72,0,0.0,0,0.0,0.0,0.0,0.0,0.0,0.0,False
523,LC,2026-07-01,1,1,2.2199999999999998,0,0.0,0,0.0,0.0,0.0,0.0,0.0,0.0,False
523,LK,2026-07-01,1,0,0.0,0,0.0,0,0.0,0.0,0.0,0.0,0.0,0.0,False
523,LS,2026-07-01,2,0,0.0,0,0.0,0,0.0,0.0,0.0,0.0,0.0,0.0,False
523,LT,2026-07-01,9,3,6.179,0,0.0,0,0.0,0.0,0.0,0.0,0.0,0.0,False
523,LU,2026-07-01,1,1,2.2199999999999998,0,0.0,0,0.0,0.0,0.0,0.0,0.0,0.0,False
523,LV,2026-07-01,15,2,7.4,0,0.0,0,0.0,0.0,0.0,0.0,0.0,0.0,False
523,MD,2026-07-01,6,1,2.2199999999999998,0,0.0,0,0.0,0.0,0.0,0.0,0.0,0.0,False
523,ME,2026-07-01,1,0,0.0,0,0.0,0,0.0,0.0,0.0,0.0,0.0,0.0,False
523,MG,2026-07-01,43,5,12.579999999999998,0,0.0,0,0.0,0.0,0.0,0.0,0.0,0.0,False
523,MH,2026-07-01,4,0,0.0,0,0.0,0,0.0,0.0,0.0,0.0,0.0,0.0,False
523,MN,2026-07-01,8,0,0.0,0,0.0,0,0.0,0.0,0.0,0.0,0.0,0.0,False
523,MQ,2026-07-01,1,0,0.0,0,0.0,0,0.0,0.0,0.0,0.0,0.0,0.0,False
523,MR,2026-07-01,6,1,3.7,0,0.0,0,0.0,0.0,0.0,0.0,0.0,0.0,False
523,MT,2026-07-01,1,0,0.0,0,0.0,0,0.0,0.0,0.0,0.0,0.0,0.0,False
523,MV,2026-07-01,1,0,0.0,0,0.0,0,0.0,0.0,0.0,0.0,0.0,0.0,False
523,MW,2026-07-01,1,0,0.0,0,0.0,0,0.0,0.0,0.0,0.0,0.0,0.0,False
523,MX,2026-07-01,5139,943,540.7180000000002,0,0.0,2,130.0,130.0,0.0,0.0,0.0,0.0,True
523,MY,2026-07-01,85,12,10.249,0,0.0,0,0.0,0.0,0.0,0.0,0.0,0.0,False
523,MZ,2026-07-01,10,3,9.620000000000001,0,0.0,0,0.0,0.0,0.0,0.0,0.0,0.0,False
523,NA,2026-07-01,1,0,0.0,0,0.0,0,0.0,0.0,0.0,0.0,0.0,0.0,False
523,NE,2026-07-01,450,21,48.099999999999994,0,0.0,0,0.0,0.0,0.0,0.0,0.0,0.0,False
523,NG,2026-07-01,1,0,0.0,0,0.0,0,0.0,0.0,0.0,0.0,0.0,0.0,False
523,NL,2026-07-01,705,150,581.196,0,0.0,5,1325.0,1325.0,0.0,0.0,0.0,0.0,True
523,NO,2026-07-01,76,9,42.18,0,0.0,0,0.0,0.0,0.0,0.0,0.0,0.0,False
523,NP,2026-07-01,55,1,2.2199999999999998,0,0.0,0,0.0,0.0,0.0,0.0,0.0,0.0,False
523,NZ,2026-07-01,198,42,106.55999999999999,0,0.0,2,130.0,130.0,0.0,0.0,0.0,0.0,False
523,OM,2026-07-01,20,4,11.84,0,0.0,0,0.0,0.0,0.0,0.0,0.0,0.0,False
523,PA,2026-07-01,11,4,10.36,0,0.0,0,0.0,0.0,0.0,0.0,0.0,0.0,False
523,PE,2026-07-01,91,14,38.480000000000004,0,0.0,0,0.0,0.0,0.0,0.0,0.0,0.0,False
523,PG,2026-07-01,1,1,2.2199999999999998,0,0.0,0,0.0,0.0,0.0,0.0,0.0,0.0,False
523,PH,2026-07-01,221,21,56.239999999999995,0,0.0,0,0.0,0.0,0.0,0.0,0.0,0.0,False
523,PK,2026-07-01,212,22,86.57999999999998,0,0.0,0,0.0,0.0,0.0,0.0,0.0,0.0,False
523,PL,2026-07-01,54,6,17.759999999999998,0,0.0,1,65.0,65.0,0.0,0.0,0.0,0.0,False
523,PR,2026-07-01,134,40,129.5,0,0.0,0,0.0,0.0,0.0,0.0,0.0,0.0,False
523,PT,2026-07-01,2179,1036,2043.1029999999982,0,0.0,6,675.0,675.0,0.0,0.0,0.0,0.0,True
523,PW,2026-07-01,2,1,2.2199999999999998,0,0.0,0,0.0,0.0,0.0,0.0,0.0,0.0,False
523,PY,2026-07-01,22,2,4.4399999999999995,0,0.0,0,0.0,0.0,0.0,0.0,0.0,0.0,False
523,QA,2026-07-01,5,1,3.7,0,0.0,0,0.0,0.0,0.0,0.0,0.0,0.0,False
523,RE,2026-07-01,1,0,0.0,0,0.0,0,0.0,0.0,0.0,0.0,0.0,0.0,False
523,RO,2026-07-01,288,73,222.73999999999995,0,0.0,0,0.0,0.0,0.0,0.0,0.0,0.0,False
523,RS,2026-07-01,28,4,20.72,0,0.0,0,0.0,0.0,0.0,0.0,0.0,0.0,False
523,RU,2026-07-01,11,3,6.659999999999999,0,0.0,0,0.0,0.0,0.0,0.0,0.0,0.0,False
523,SA,2026-07-01,30,6,22.2,0,0.0,0,0.0,0.0,0.0,0.0,0.0,0.0,False
523,SB,2026-07-01,32,4,8.879999999999999,0,0.0,0,0.0,0.0,0.0,0.0,0.0,0.0,False
523,SC,2026-07-01,3,0,0.0,0,0.0,0,0.0,0.0,0.0,0.0,0.0,0.0,False
523,SE,2026-07-01,168,56,205.72,0,0.0,4,590.0,590.0,0.0,0.0,0.0,0.0,False
523,SG,2026-07-01,655,100,147.51899999999998,0,0.0,2,165.0,165.0,0.0,0.0,0.0,0.0,True
523,SK,2026-07-01,2,0,0.0,0,0.0,0,0.0,0.0,0.0,0.0,0.0,0.0,False
523,SN,2026-07-01,107,4,8.879999999999999,0,0.0,0,0.0,0.0,0.0,0.0,0.0,0.0,False
523,ST,2026-07-01,3,0,0.0,0,0.0,0,0.0,0.0,0.0,0.0,0.0,0.0,False
523,SV,2026-07-01,52,6,14.799999999999997,0,0.0,0,0.0,0.0,0.0,0.0,0.0,0.0,False
523,SX,2026-07-01,5,2,7.4,0,0.0,0,0.0,0.0,0.0,0.0,0.0,0.0,False
523,SY,2026-07-01,1,0,0.0,0,0.0,0,0.0,0.0,0.0,0.0,0.0,0.0,False
523,SZ,2026-07-01,2,0,0.0,0,0.0,0,0.0,0.0,0.0,0.0,0.0,0.0,False
523,TC,2026-07-01,1,0,0.0,0,0.0,0,0.0,0.0,0.0,0.0,0.0,0.0,False
523,TD,2026-07-01,90,7,18.5,0,0.0,0,0.0,0.0,0.0,0.0,0.0,0.0,False
523,TH,2026-07-01,12,1,2.2199999999999998,0,0.0,0,0.0,0.0,0.0,0.0,0.0,0.0,False
523,TJ,2026-07-01,3,2,5.92,0,0.0,0,0.0,0.0,0.0,0.0,0.0,0.0,False
523,TL,2026-07-01,18,2,2.4789999999999996,0,0.0,0,0.0,0.0,0.0,0.0,0.0,0.0,False
523,TM,2026-07-01,1,0,0.0,0,0.0,0,0.0,0.0,0.0,0.0,0.0,0.0,False
523,TO,2026-07-01,4,0,0.0,0,0.0,0,0.0,0.0,0.0,0.0,0.0,0.0,False
523,TR,2026-07-01,206,28,92.019,0,0.0,3,1565.0,1565.0,0.0,0.0,0.0,0.0,False
523,TT,2026-07-01,34,12,54.02,0,0.0,0,0.0,0.0,0.0,0.0,0.0,0.0,False
523,TV,2026-07-01,2,0,0.0,0,0.0,0,0.0,0.0,0.0,0.0,0.0,0.0,False
523,TW,2026-07-01,299,74,19.165999999999993,0,0.0,1,65.0,65.0,0.0,0.0,0.0,0.0,False
523,TZ,2026-07-01,3,2,5.92,0,0.0,0,0.0,0.0,0.0,0.0,0.0,0.0,False
523,UG,2026-07-01,2,0,0.0,0,0.0,0,0.0,0.0,0.0,0.0,0.0,0.0,False
523,UNKNOWN,2026-07-01,12,4,13.32,0,0.0,0,0.0,0.0,0.0,0.0,0.0,0.0,False
523,US,2026-07-01,29547,11617,53185.31699999925,0,0.0,208,166020.0,166020.0,0.0,0.0,0.0,0.0,True
523,UY,2026-07-01,1,0,0.0,0,0.0,0,0.0,0.0,0.0,0.0,0.0,0.0,False
523,UZ,2026-07-01,61,6,19.24,0,0.0,0,0.0,0.0,0.0,0.0,0.0,0.0,False
523,VC,2026-07-01,1,1,7.4,0,0.0,0,0.0,0.0,0.0,0.0,0.0,0.0,False
523,VI,2026-07-01,7,1,3.7,0,0.0,0,0.0,0.0,0.0,0.0,0.0,0.0,False
523,VN,2026-07-01,1426,216,55.944000000000024,0,0.0,0,0.0,0.0,0.0,0.0,0.0,0.0,True
523,VU,2026-07-01,12,1,2.2199999999999998,0,0.0,0,0.0,0.0,0.0,0.0,0.0,0.0,False
523,WS,2026-07-01,1,0,0.0,0,0.0,0,0.0,0.0,0.0,0.0,0.0,0.0,False
523,XK,2026-07-01,1,0,0.0,0,0.0,0,0.0,0.0,0.0,0.0,0.0,0.0,False
523,YT,2026-07-01,6,0,0.0,0,0.0,0,0.0,0.0,0.0,0.0,0.0,0.0,False
523,ZA,2026-07-01,8,2,9.25,0,0.0,0,0.0,0.0,0.0,0.0,0.0,0.0,False
523,ZM,2026-07-01,31,6,22.940000000000005,0,0.0,0,0.0,0.0,0.0,0.0,0.0,0.0,False
612,AE,2026-07-01,6,0,0.0,0,0.0,0,0.0,0.0,0.0,0.0,0.0,0.0,False
612,AO,2026-07-01,1,0,0.0,0,0.0,0,0.0,0.0,0.0,0.0,0.0,0.0,False
612,AR,2026-07-01,2,0,0.0,0,0.0,0,0.0,0.0,0.0,0.0,0.0,0.0,False
612,AT,2026-07-01,5,0,0.0,0,0.0,0,0.0,0.0,0.0,0.0,0.0,0.0,False
612,AU,2026-07-01,283,16,7148.400000000001,0,0.0,16,13925.0,13510.0,415.0,0.0,0.0,0.0,False
612,AX,2026-07-01,1,0,0.0,0,0.0,0,0.0,0.0,0.0,0.0,0.0,0.0,False
612,AZ,2026-07-01,2,0,0.0,0,0.0,0,0.0,0.0,0.0,0.0,0.0,0.0,False
612,BE,2026-07-01,33,0,0.0,0,0.0,0,0.0,0.0,0.0,0.0,0.0,0.0,False
612,BR,2026-07-01,2,0,0.0,0,0.0,0,0.0,0.0,0.0,0.0,0.0,0.0,False
612,CA,2026-07-01,196,1,481.0,0,0.0,3,815.0,750.0,65.0,0.0,0.0,0.0,False
612,CH,2026-07-01,11,0,0.0,0,0.0,0,0.0,0.0,0.0,0.0,0.0,0.0,False
612,CO,2026-07-01,4,0,0.0,0,0.0,0,0.0,0.0,0.0,0.0,0.0,0.0,False
612,DE,2026-07-01,340,8,3758.46,0,0.0,9,1030.0,880.0,150.0,0.0,0.0,0.0,False
612,DK,2026-07-01,37,1,629.0,0,0.0,2,250.0,250.0,0.0,0.0,0.0,0.0,False
612,DM,2026-07-01,1,0,0.0,0,0.0,0,0.0,0.0,0.0,0.0,0.0,0.0,False
612,DO,2026-07-01,1,0,0.0,0,0.0,0,0.0,0.0,0.0,0.0,0.0,0.0,False
612,DZ,2026-07-01,1,0,0.0,0,0.0,0,0.0,0.0,0.0,0.0,0.0,0.0,False
612,ES,2026-07-01,186,0,0.0,0,0.0,2,215.0,150.0,65.0,0.0,0.0,0.0,False
612,FI,2026-07-01,8,0,0.0,0,0.0,0,0.0,0.0,0.0,0.0,0.0,0.0,False
612,FR,2026-07-01,147,4,2072.0,0,0.0,2,215.0,215.0,0.0,0.0,0.0,0.0,False
612,GB,2026-07-01,261,16,7292.700000000001,0,0.0,17,1375.0,1115.0,260.0,0.0,0.0,0.0,False
612,GM,2026-07-01,1,0,0.0,0,0.0,0,0.0,0.0,0.0,0.0,0.0,0.0,False
612,GP,2026-07-01,1,0,0.0,0,0.0,0,0.0,0.0,0.0,0.0,0.0,0.0,False
612,HK,2026-07-01,1,0,0.0,0,0.0,0,0.0,0.0,0.0,0.0,0.0,0.0,False
612,HN,2026-07-01,2,0,0.0,0,0.0,0,0.0,0.0,0.0,0.0,0.0,0.0,False
612,IE,2026-07-01,39,1,111.0,0,0.0,2,130.0,130.0,0.0,0.0,0.0,0.0,False
612,IL,2026-07-01,1,0,0.0,0,0.0,0,0.0,0.0,0.0,0.0,0.0,0.0,False
612,IN,2026-07-01,16,0,0.0,0,0.0,0,0.0,0.0,0.0,0.0,0.0,0.0,False
612,IT,2026-07-01,55,1,481.0,0,0.0,1,65.0,65.0,0.0,0.0,0.0,0.0,False
612,JP,2026-07-01,2,0,0.0,0,0.0,0,0.0,0.0,0.0,0.0,0.0,0.0,False
612,KE,2026-07-01,1,0,0.0,0,0.0,0,0.0,0.0,0.0,0.0,0.0,0.0,False
612,MA,2026-07-01,1,0,0.0,0,0.0,0,0.0,0.0,0.0,0.0,0.0,0.0,False
612,MF,2026-07-01,1,0,0.0,0,0.0,0,0.0,0.0,0.0,0.0,0.0,0.0,False
612,MQ,2026-07-01,2,0,0.0,0,0.0,0,0.0,0.0,0.0,0.0,0.0,0.0,False
612,MX,2026-07-01,12,0,0.0,0,0.0,0,0.0,0.0,0.0,0.0,0.0,0.0,False
612,NL,2026-07-01,394,1,421.8,0,0.0,1,65.0,65.0,0.0,0.0,0.0,0.0,False
612,NO,2026-07-01,74,2,777.0,0,0.0,2,165.0,165.0,0.0,0.0,0.0,0.0,False
612,NZ,2026-07-01,95,2,1050.8,0,0.0,3,195.0,130.0,65.0,0.0,0.0,0.0,False
612,PH,2026-07-01,5,0,0.0,0,0.0,0,0.0,0.0,0.0,0.0,0.0,0.0,False
612,PK,2026-07-01,2,0,0.0,0,0.0,0,0.0,0.0,0.0,0.0,0.0,0.0,False
612,PL,2026-07-01,3,0,0.0,0,0.0,0,0.0,0.0,0.0,0.0,0.0,0.0,False
612,PT,2026-07-01,4,0,0.0,0,0.0,0,0.0,0.0,0.0,0.0,0.0,0.0,False
612,RE,2026-07-01,1,0,0.0,0,0.0,0,0.0,0.0,0.0,0.0,0.0,0.0,False
612,RO,2026-07-01,6,0,0.0,0,0.0,0,0.0,0.0,0.0,0.0,0.0,0.0,False
612,RU,2026-07-01,1,0,0.0,0,0.0,0,0.0,0.0,0.0,0.0,0.0,0.0,False
612,SE,2026-07-01,110,1,421.8,0,0.0,3,280.0,280.0,0.0,0.0,0.0,0.0,False
612,SG,2026-07-01,7,0,0.0,0,0.0,0,0.0,0.0,0.0,0.0,0.0,0.0,False
612,TG,2026-07-01,1,0,0.0,0,0.0,0,0.0,0.0,0.0,0.0,0.0,0.0,False
612,TJ,2026-07-01,1,0,0.0,0,0.0,0,0.0,0.0,0.0,0.0,0.0,0.0,False
612,TR,2026-07-01,1,0,0.0,0,0.0,0,0.0,0.0,0.0,0.0,0.0,0.0,False
612,TT,2026-07-01,1,0,0.0,0,0.0,0,0.0,0.0,0.0,0.0,0.0,0.0,False
612,UG,2026-07-01,1,0,0.0,0,0.0,0,0.0,0.0,0.0,0.0,0.0,0.0,False
612,UNKNOWN,2026-07-01,1,0,0.0,0,0.0,0,0.0,0.0,0.0,0.0,0.0,0.0,False
612,US,2026-07-01,2601,66,28948.8,0,0.0,90,21350.0,18960.0,2390.0,0.0,0.0,0.0,True
612,UY,2026-07-01,1,0,0.0,0,0.0,0,0.0,0.0,0.0,0.0,0.0,0.0,False
719,AE,2026-07-01,1,0,0.0,0,0.0,0,0.0,0.0,0.0,0.0,0.0,0.0,False
719,AL,2026-07-01,2,2,52.54,0,0.0,0,0.0,0.0,0.0,0.0,0.0,0.0,False
719,AQ,2026-07-01,1,1,24.4126,0,0.0,0,0.0,0.0,0.0,0.0,0.0,0.0,False
719,AS,2026-07-01,1,0,0.0,0,0.0,0,0.0,0.0,0.0,0.0,0.0,0.0,False
719,AT,2026-07-01,1,1,28.12,0,0.0,0,0.0,0.0,0.0,0.0,0.0,0.0,False
719,AU,2026-07-01,1226,838,16640.883200000015,0,0.0,37,21460.0,21415.0,45.0,0.0,0.0,0.0,True
719,AX,2026-07-01,2,2,52.54,0,0.0,0,0.0,0.0,0.0,0.0,0.0,0.0,False
719,AZ,2026-07-01,8,4,86.5652,0,0.0,0,0.0,0.0,0.0,0.0,0.0,0.0,False
719,BE,2026-07-01,84,55,1277.8246,0,0.0,1,605.0,605.0,0.0,0.0,0.0,0.0,False
719,BG,2026-07-01,1,1,5.92,0,0.0,0,0.0,0.0,0.0,0.0,0.0,0.0,False
719,BO,2026-07-01,2,1,24.4126,0,0.0,0,0.0,0.0,0.0,0.0,0.0,0.0,False
719,BR,2026-07-01,2,2,52.54,0,0.0,0,0.0,0.0,0.0,0.0,0.0,0.0,False
719,CA,2026-07-01,781,536,11710.9884,0,0.0,21,7445.0,7175.0,270.0,0.0,0.0,0.0,True
719,CH,2026-07-01,23,19,444.666,0,0.0,0,0.0,0.0,0.0,0.0,0.0,0.0,False
719,CO,2026-07-01,11,5,103.563,0,0.0,0,0.0,0.0,0.0,0.0,0.0,0.0,False
719,CR,2026-07-01,1,1,24.4126,0,0.0,0,0.0,0.0,0.0,0.0,0.0,0.0,False
719,CZ,2026-07-01,1,1,24.4126,0,0.0,0,0.0,0.0,0.0,0.0,0.0,0.0,False
719,DE,2026-07-01,7,4,101.37259999999999,0,0.0,0,0.0,0.0,0.0,0.0,0.0,0.0,False
719,DK,2026-07-01,1,1,24.419999999999998,0,0.0,0,0.0,0.0,0.0,0.0,0.0,0.0,False
719,DO,2026-07-01,10,6,109.4756,0,0.0,0,0.0,0.0,0.0,0.0,0.0,0.0,False
719,DZ,2026-07-01,1,1,28.12,0,0.0,0,0.0,0.0,0.0,0.0,0.0,0.0,False
719,EC,2026-07-01,4,1,24.4126,0,0.0,0,0.0,0.0,0.0,0.0,0.0,0.0,False
719,ES,2026-07-01,1,1,24.419999999999998,0,0.0,0,0.0,0.0,0.0,0.0,0.0,0.0,False
719,FI,2026-07-01,34,25,562.3038,0,0.0,1,825.0,825.0,0.0,0.0,0.0,0.0,False
719,FR,2026-07-01,4,1,28.12,0,0.0,0,0.0,0.0,0.0,0.0,0.0,0.0,False
719,GB,2026-07-01,2840,1991,39722.652400000065,0,0.0,81,31875.0,31675.0,200.0,0.0,0.0,0.0,True
719,HK,2026-07-01,1,1,24.419999999999998,0,0.0,0,0.0,0.0,0.0,0.0,0.0,0.0,False
719,HU,2026-07-01,18,10,171.6504,0,0.0,0,0.0,0.0,0.0,0.0,0.0,0.0,False
719,ID,2026-07-01,2,1,7.4,0,0.0,0,0.0,0.0,0.0,0.0,0.0,0.0,False
719,IE,2026-07-01,247,186,4042.9752,0,0.0,10,2125.0,2125.0,0.0,0.0,0.0,0.0,False
719,IL,2026-07-01,36,26,562.3482000000001,0,0.0,2,265.0,265.0,0.0,0.0,0.0,0.0,False
719,IN,2026-07-01,8,6,150.1978,0,0.0,0,0.0,0.0,0.0,0.0,0.0,0.0,False
719,IT,2026-07-01,2,1,22.2,0,0.0,0,0.0,0.0,0.0,0.0,0.0,0.0,False
719,JM,2026-07-01,4,2,46.6126,0,0.0,0,0.0,0.0,0.0,0.0,0.0,0.0,False
719,LI,2026-07-01,1,0,0.0,0,0.0,0,0.0,0.0,0.0,0.0,0.0,0.0,False
719,LU,2026-07-01,1,1,28.1126,0,0.0,0,0.0,0.0,0.0,0.0,0.0,0.0,False
719,MA,2026-07-01,1,0,0.0,0,0.0,0,0.0,0.0,0.0,0.0,0.0,0.0,False
719,MK,2026-07-01,2,1,24.4126,0,0.0,0,0.0,0.0,0.0,0.0,0.0,0.0,False
719,MX,2026-07-01,5,4,80.6378,0,0.0,0,0.0,0.0,0.0,0.0,0.0,0.0,False
719,MY,2026-07-01,1,1,7.4,0,0.0,0,0.0,0.0,0.0,0.0,0.0,0.0,False
719,NL,2026-07-01,148,122,2848.0602,0,0.0,10,2205.0,2205.0,0.0,0.0,0.0,0.0,False
719,NO,2026-07-01,48,31,705.1164,0,0.0,3,365.0,365.0,0.0,0.0,0.0,0.0,False
719,NZ,2026-07-01,369,245,4970.291399999999,0,0.0,5,730.0,730.0,0.0,0.0,0.0,0.0,False
719,PE,2026-07-01,4,3,54.73780000000001,0,0.0,0,0.0,0.0,0.0,0.0,0.0,0.0,False
719,PK,2026-07-01,1,0,0.0,0,0.0,0,0.0,0.0,0.0,0.0,0.0,0.0,False
719,PL,2026-07-01,1,0,0.0,0,0.0,0,0.0,0.0,0.0,0.0,0.0,0.0,False
719,PT,2026-07-01,76,53,1112.8712,0,0.0,1,150.0,150.0,0.0,0.0,0.0,0.0,False
719,RO,2026-07-01,3,3,80.66,0,0.0,0,0.0,0.0,0.0,0.0,0.0,0.0,False
719,SB,2026-07-01,1,1,24.4126,0,0.0,0,0.0,0.0,0.0,0.0,0.0,0.0,False
719,SE,2026-07-01,62,46,992.2216,0,0.0,3,2975.0,2975.0,0.0,0.0,0.0,0.0,False
719,SG,2026-07-01,4,2,56.239999999999995,0,0.0,0,0.0,0.0,0.0,0.0,0.0,0.0,False
719,SV,2026-07-01,1,1,24.4126,0,0.0,0,0.0,0.0,0.0,0.0,0.0,0.0,False
719,TH,2026-07-01,2,2,31.812599999999996,0,0.0,1,150.0,150.0,0.0,0.0,0.0,0.0,False
719,TT,2026-07-01,3,1,24.4126,0,0.0,0,0.0,0.0,0.0,0.0,0.0,0.0,False
719,UNKNOWN,2026-07-01,1,1,24.419999999999998,0,0.0,0,0.0,0.0,0.0,0.0,0.0,0.0,False
719,US,2026-07-01,5537,3968,93384.95119999992,0,0.0,197,178120.0,177870.0,250.0,0.0,0.0,0.0,True
719,VI,2026-07-01,1,1,24.4126,0,0.0,0,0.0,0.0,0.0,0.0,0.0,0.0,False
730,AD,2026-07-01,6,5,57.72,0,0.0,1,665.0,665.0,0.0,0.0,0.0,0.0,False
730,AE,2026-07-01,139,92,1081.88,0,0.0,5,2065.0,2065.0,0.0,0.0,0.0,0.0,False
730,AG,2026-07-01,3,2,33.3,0,0.0,0,0.0,0.0,0.0,0.0,0.0,0.0,False
730,AI,2026-07-01,1,1,11.1,0,0.0,0,0.0,0.0,0.0,0.0,0.0,0.0,False
730,AL,2026-07-01,19,11,125.8,0,0.0,0,0.0,0.0,0.0,0.0,0.0,0.0,False
730,AM,2026-07-01,7,4,19.979999999999997,0,0.0,0,0.0,0.0,0.0,0.0,0.0,0.0,False
730,AS,2026-07-01,1,0,0.0,0,0.0,0,0.0,0.0,0.0,0.0,0.0,0.0,False
730,AT,2026-07-01,27,16,160.57999999999998,0,0.0,1,745.0,745.0,0.0,0.0,0.0,0.0,False
730,AU,2026-07-01,134,106,1498.5,0,0.0,7,1785.0,1785.0,0.0,0.0,0.0,0.0,False
730,AW,2026-07-01,20,11,184.26000000000002,0,0.0,1,605.0,605.0,0.0,0.0,0.0,0.0,False
730,AX,2026-07-01,2,2,22.2,0,0.0,0,0.0,0.0,0.0,0.0,0.0,0.0,False
730,AZ,2026-07-01,9,5,89.53999999999999,0,0.0,0,0.0,0.0,0.0,0.0,0.0,0.0,False
730,BB,2026-07-01,20,16,198.32,0,0.0,0,0.0,0.0,0.0,0.0,0.0,0.0,False
730,BE,2026-07-01,167,125,1341.62,0,0.0,9,3440.0,3440.0,0.0,0.0,0.0,0.0,False
730,BG,2026-07-01,49,43,520.2199999999999,0,0.0,1,250.0,250.0,0.0,0.0,0.0,0.0,False
730,BH,2026-07-01,12,10,99.9,0,0.0,2,305.0,305.0,0.0,0.0,0.0,0.0,False
730,BJ,2026-07-01,8,6,43.660000000000004,0,0.0,0,0.0,0.0,0.0,0.0,0.0,0.0,False
730,BM,2026-07-01,10,7,69.56,0,0.0,1,380.0,380.0,0.0,0.0,0.0,0.0,False
730,BN,2026-07-01,3,3,23.68,0,0.0,0,0.0,0.0,0.0,0.0,0.0,0.0,False
730,BO,2026-07-01,27,18,173.90000000000003,0,0.0,0,0.0,0.0,0.0,0.0,0.0,0.0,False
730,BQ,2026-07-01,10,5,19.98,0,0.0,0,0.0,0.0,0.0,0.0,0.0,0.0,False
730,BR,2026-07-01,21,7,19.98,0,0.0,1,110.0,110.0,0.0,0.0,0.0,0.0,False
730,BS,2026-07-01,22,13,166.5,0,0.0,0,0.0,0.0,0.0,0.0,0.0,0.0,False
730,BW,2026-07-01,45,30,241.23999999999998,0,0.0,2,130.0,130.0,0.0,0.0,0.0,0.0,False
730,BZ,2026-07-01,18,10,102.86,0,0.0,1,110.0,110.0,0.0,0.0,0.0,0.0,False
730,CA,2026-07-01,269,220,2712.1000000000004,0,0.0,5,3800.0,3800.0,0.0,0.0,0.0,0.0,False
730,CH,2026-07-01,31,18,188.70000000000002,0,0.0,3,810.0,810.0,0.0,0.0,0.0,0.0,False
730,CK,2026-07-01,4,2,8.14,0,0.0,0,0.0,0.0,0.0,0.0,0.0,0.0,False
730,CL,2026-07-01,117,79,1102.6000000000001,0,0.0,3,815.0,770.0,45.0,0.0,0.0,0.0,False
730,CN,2026-07-01,2,2,16.28,0,0.0,0,0.0,0.0,0.0,0.0,0.0,0.0,False
730,CO,2026-07-01,320,224,2538.94,0,0.0,8,1845.0,1845.0,0.0,0.0,0.0,0.0,False
730,CR,2026-07-01,40,23,250.12000000000003,0,0.0,3,560.0,560.0,0.0,0.0,0.0,0.0,False
730,CV,2026-07-01,4,2,11.100000000000001,0,0.0,0,0.0,0.0,0.0,0.0,0.0,0.0,False
730,CW,2026-07-01,14,10,82.14,0,0.0,2,610.0,610.0,0.0,0.0,0.0,0.0,False
730,CY,2026-07-01,120,83,1097.42,0,0.0,5,3055.0,3055.0,0.0,0.0,0.0,0.0,False
730,CZ,2026-07-01,39,22,247.16,0,0.0,3,470.0,470.0,0.0,0.0,0.0,0.0,False
730,DE,2026-07-01,95,71,685.98,0,0.0,5,1210.0,1210.0,0.0,0.0,0.0,0.0,False
730,DK,2026-07-01,78,62,757.76,0,0.0,0,0.0,0.0,0.0,0.0,0.0,0.0,False
730,DM,2026-07-01,1,0,0.0,0,0.0,0,0.0,0.0,0.0,0.0,0.0,0.0,False
730,DZ,2026-07-01,410,218,2336.9199999999996,0,0.0,0,0.0,0.0,0.0,0.0,0.0,0.0,False
730,EC,2026-07-01,67,35,416.62,0,0.0,0,0.0,0.0,0.0,0.0,0.0,0.0,False
730,EE,2026-07-01,21,15,147.26,0,0.0,2,130.0,130.0,0.0,0.0,0.0,0.0,False
730,ES,2026-07-01,282,206,2157.84,0,0.0,12,1565.0,1565.0,0.0,0.0,0.0,0.0,False
730,FI,2026-07-01,28,21,272.32,0,0.0,2,440.0,440.0,0.0,0.0,0.0,0.0,False
730,FJ,2026-07-01,31,25,217.55999999999997,0,0.0,0,0.0,0.0,0.0,0.0,0.0,0.0,False
730,FK,2026-07-01,3,1,5.18,0,0.0,0,0.0,0.0,0.0,0.0,0.0,0.0,False
730,FM,2026-07-01,3,0,0.0,0,0.0,0,0.0,0.0,0.0,0.0,0.0,0.0,False
730,FO,2026-07-01,7,4,44.400000000000006,0,0.0,1,10040.0,10040.0,0.0,0.0,0.0,0.0,False
730,FR,2026-07-01,267,193,2325.8199999999997,0,0.0,10,1480.0,1330.0,150.0,0.0,0.0,0.0,False
730,GB,2026-07-01,368,280,3230.099999999999,0,0.0,10,2180.0,2180.0,0.0,0.0,0.0,0.0,False
730,GD,2026-07-01,1,0,0.0,0,0.0,0,0.0,0.0,0.0,0.0,0.0,0.0,False
730,GE,2026-07-01,14,10,153.92,0,0.0,1,470.0,470.0,0.0,0.0,0.0,0.0,False
730,GF,2026-07-01,1,1,11.1,0,0.0,0,0.0,0.0,0.0,0.0,0.0,0.0,False
730,GG,2026-07-01,9,5,17.02,0,0.0,0,0.0,0.0,0.0,0.0,0.0,0.0,False
730,GI,2026-07-01,12,8,139.12000000000003,0,0.0,0,0.0,0.0,0.0,0.0,0.0,0.0,False
730,GL,2026-07-01,5,2,44.4,0,0.0,0,0.0,0.0,0.0,0.0,0.0,0.0,False
730,GP,2026-07-01,4,2,27.38,0,0.0,0,0.0,0.0,0.0,0.0,0.0,0.0,False
730,GR,2026-07-01,231,163,1849.2600000000002,0,0.0,5,765.0,765.0,0.0,0.0,0.0,0.0,False
730,GU,2026-07-01,21,11,163.54,0,0.0,3,1375.0,1375.0,0.0,0.0,0.0,0.0,False
730,GY,2026-07-01,20,13,89.54,0,0.0,0,0.0,0.0,0.0,0.0,0.0,0.0,False
730,HK,2026-07-01,25,21,350.02,0,0.0,0,0.0,0.0,0.0,0.0,0.0,0.0,False
730,HN,2026-07-01,15,9,51.06,0,0.0,0,0.0,0.0,0.0,0.0,0.0,0.0,False
730,HR,2026-07-01,87,68,812.5200000000001,0,0.0,3,280.0,280.0,0.0,0.0,0.0,0.0,False
730,HU,2026-07-01,54,41,375.91999999999996,0,0.0,2,175.0,175.0,0.0,0.0,0.0,0.0,False
730,IE,2026-07-01,192,148,2007.62,0,0.0,4,260.0,260.0,0.0,0.0,0.0,0.0,False
730,IL,2026-07-01,106,76,927.2200000000001,0,0.0,8,5435.0,5435.0,0.0,0.0,0.0,0.0,False
730,IM,2026-07-01,17,12,142.07999999999998,0,0.0,1,270.0,270.0,0.0,0.0,0.0,0.0,False
730,IN,2026-07-01,24,10,134.68,0,0.0,0,0.0,0.0,0.0,0.0,0.0,0.0,False
730,IS,2026-07-01,41,32,526.8799999999999,0,0.0,5,3235.0,3235.0,0.0,0.0,0.0,0.0,False
730,IT,2026-07-01,195,140,1502.2000000000003,0,0.0,5,730.0,730.0,0.0,0.0,0.0,0.0,False
730,JE,2026-07-01,12,10,183.52,0,0.0,0,0.0,0.0,0.0,0.0,0.0,0.0,False
730,JM,2026-07-01,78,50,634.1799999999998,0,0.0,2,290.0,290.0,0.0,0.0,0.0,0.0,False
730,JP,2026-07-01,36,26,264.18,0,0.0,1,195.0,195.0,0.0,0.0,0.0,0.0,False
730,KG,2026-07-01,4,4,24.42,0,0.0,0,0.0,0.0,0.0,0.0,0.0,0.0,False
730,KI,2026-07-01,4,3,31.08,0,0.0,0,0.0,0.0,0.0,0.0,0.0,0.0,False
730,KM,2026-07-01,1,1,5.18,0,0.0,0,0.0,0.0,0.0,0.0,0.0,0.0,False
730,KN,2026-07-01,2,1,37.0,0,0.0,0,0.0,0.0,0.0,0.0,0.0,0.0,False
730,KR,2026-07-01,29,21,284.16,0,0.0,1,295.0,295.0,0.0,0.0,0.0,0.0,False
730,KW,2026-07-01,45,31,442.52,0,0.0,3,415.0,415.0,0.0,0.0,0.0,0.0,False
730,KY,2026-07-01,14,9,150.22,0,0.0,0,0.0,0.0,0.0,0.0,0.0,0.0,False
730,LA,2026-07-01,6,3,23.68,0,0.0,0,0.0,0.0,0.0,0.0,0.0,0.0,False
730,LC,2026-07-01,9,8,111.74000000000001,0,0.0,0,0.0,0.0,0.0,0.0,0.0,0.0,False
730,LT,2026-07-01,27,13,184.26,0,0.0,3,240.0,240.0,0.0,0.0,0.0,0.0,False
730,LU,2026-07-01,11,9,103.6,0,0.0,0,0.0,0.0,0.0,0.0,0.0,0.0,False
730,LV,2026-07-01,25,16,168.72,0,0.0,1,165.0,165.0,0.0,0.0,0.0,0.0,False
730,MC,2026-07-01,1,1,0.74,0,0.0,0,0.0,0.0,0.0,0.0,0.0,0.0,False
730,MD,2026-07-01,4,3,11.84,0,0.0,0,0.0,0.0,0.0,0.0,0.0,0.0,False
730,ME,2026-07-01,18,14,224.22,0,0.0,0,0.0,0.0,0.0,0.0,0.0,0.0,False
730,MF,2026-07-01,1,1,0.74,0,0.0,0,0.0,0.0,0.0,0.0,0.0,0.0,False
730,MG,2026-07-01,23,11,71.78,0,0.0,0,0.0,0.0,0.0,0.0,0.0,0.0,False
730,MK,2026-07-01,29,18,217.56,0,0.0,0,0.0,0.0,0.0,0.0,0.0,0.0,False
730,MN,2026-07-01,7,5,71.78,0,0.0,0,0.0,0.0,0.0,0.0,0.0,0.0,False
730,MP,2026-07-01,1,0,0.0,0,0.0,0,0.0,0.0,0.0,0.0,0.0,0.0,False
730,MQ,2026-07-01,13,12,79.18,0,0.0,1,225.0,225.0,0.0,0.0,0.0,0.0,False
730,MR,2026-07-01,5,3,34.04,0,0.0,0,0.0,0.0,0.0,0.0,0.0,0.0,False
730,MS,2026-07-01,1,0,0.0,0,0.0,0,0.0,0.0,0.0,0.0,0.0,0.0,False
730,MT,2026-07-01,63,50,552.04,0,0.0,1,65.0,65.0,0.0,0.0,0.0,0.0,False
730,MU,2026-07-01,65,38,498.02,0,0.0,1,575.0,575.0,0.0,0.0,0.0,0.0,False
730,MV,2026-07-01,64,45,366.3,0,0.0,1,270.0,270.0,0.0,0.0,0.0,0.0,False
730,MX,2026-07-01,421,319,3711.84,0,0.0,9,5890.0,5890.0,0.0,0.0,0.0,0.0,False
730,MY,2026-07-01,224,166,1843.34,0,0.0,5,4855.0,4855.0,0.0,0.0,0.0,0.0,False
730,MZ,2026-07-01,19,10,169.45999999999998,0,0.0,0,0.0,0.0,0.0,0.0,0.0,0.0,False
730,NA,2026-07-01,57,31,395.9,0,0.0,2,11540.0,11540.0,0.0,0.0,0.0,0.0,False
730,NC,2026-07-01,6,2,12.58,0,0.0,1,150.0,150.0,0.0,0.0,0.0,0.0,False
730,NL,2026-07-01,145,104,1319.42,0,0.0,12,4425.0,4175.0,250.0,0.0,0.0,0.0,False
730,NO,2026-07-01,57,42,392.94000000000005,0,0.0,2,1620.0,1620.0,0.0,0.0,0.0,0.0,False
730,NZ,2026-07-01,59,42,612.72,0,0.0,3,475.0,475.0,0.0,0.0,0.0,0.0,False
730,OM,2026-07-01,24,15,170.94,0,0.0,0,0.0,0.0,0.0,0.0,0.0,0.0,False
730,PA,2026-07-01,44,30,291.56,0,0.0,0,0.0,0.0,0.0,0.0,0.0,0.0,False
730,PE,2026-07-01,105,68,710.4000000000001,0,0.0,2,355.0,355.0,0.0,0.0,0.0,0.0,False
730,PF,2026-07-01,12,7,90.28,0,0.0,2,1820.0,1820.0,0.0,0.0,0.0,0.0,False
730,PL,2026-07-01,54,42,566.84,0,0.0,3,2110.0,2110.0,0.0,0.0,0.0,0.0,False
730,PM,2026-07-01,3,2,59.2,0,0.0,0,0.0,0.0,0.0,0.0,0.0,0.0,False
730,PR,2026-07-01,87,64,663.7800000000001,0,0.0,3,1435.0,1435.0,0.0,0.0,0.0,0.0,False
730,PT,2026-07-01,174,143,1736.04,0,0.0,7,3155.0,3155.0,0.0,0.0,0.0,0.0,False
730,PW,2026-07-01,4,2,18.5,0,0.0,0,0.0,0.0,0.0,0.0,0.0,0.0,False
730,PY,2026-07-01,7,4,45.88,0,0.0,0,0.0,0.0,0.0,0.0,0.0,0.0,False
730,QA,2026-07-01,31,19,165.76,0,0.0,0,0.0,0.0,0.0,0.0,0.0,0.0,False
730,RE,2026-07-01,34,17,221.26000000000002,0,0.0,0,0.0,0.0,0.0,0.0,0.0,0.0,False
730,RS,2026-07-01,67,52,691.9,0,0.0,0,0.0,0.0,0.0,0.0,0.0,0.0,False
730,SC,2026-07-01,20,11,150.95999999999998,0,0.0,0,0.0,0.0,0.0,0.0,0.0,0.0,False
730,SE,2026-07-01,86,63,614.2,0,0.0,1,100.0,100.0,0.0,0.0,0.0,0.0,False
730,SG,2026-07-01,112,81,660.08,0,0.0,3,195.0,195.0,0.0,0.0,0.0,0.0,False
730,SI,2026-07-01,35,24,281.94000000000005,0,0.0,1,65.0,65.0,0.0,0.0,0.0,0.0,False
730,SK,2026-07-01,18,14,155.4,0,0.0,0,0.0,0.0,0.0,0.0,0.0,0.0,False
730,SR,2026-07-01,4,2,18.5,0,0.0,0,0.0,0.0,0.0,0.0,0.0,0.0,False
730,ST,2026-07-01,1,1,7.4,0,0.0,0,0.0,0.0,0.0,0.0,0.0,0.0,False
730,SV,2026-07-01,16,9,167.24,0,0.0,0,0.0,0.0,0.0,0.0,0.0,0.0,False
730,SX,2026-07-01,9,7,94.72,0,0.0,0,0.0,0.0,0.0,0.0,0.0,0.0,False
730,TC,2026-07-01,2,2,11.84,0,0.0,0,0.0,0.0,0.0,0.0,0.0,0.0,False
730,TD,2026-07-01,6,4,15.540000000000001,0,0.0,0,0.0,0.0,0.0,0.0,0.0,0.0,False
730,TH,2026-07-01,230,159,1528.8400000000001,0,0.0,14,3655.0,3590.0,65.0,0.0,0.0,0.0,False
730,TJ,2026-07-01,9,3,28.119999999999997,0,0.0,0,0.0,0.0,0.0,0.0,0.0,0.0,False
730,TL,2026-07-01,2,1,5.18,0,0.0,0,0.0,0.0,0.0,0.0,0.0,0.0,False
730,TO,2026-07-01,3,1,7.4,0,0.0,0,0.0,0.0,0.0,0.0,0.0,0.0,False
730,TR,2026-07-01,352,246,2651.42,0,0.0,4,2865.0,2865.0,0.0,0.0,0.0,0.0,False
730,TW,2026-07-01,42,21,290.08,0,0.0,3,1440.0,1440.0,0.0,0.0,0.0,0.0,False
730,US,2026-07-01,874,698,7378.540000000002,0,0.0,43,11295.0,11295.0,0.0,0.0,0.0,0.0,True
730,UY,2026-07-01,47,30,383.32000000000005,0,0.0,0,0.0,0.0,0.0,0.0,0.0,0.0,False
730,UZ,2026-07-01,19,13,209.42000000000002,0,0.0,0,0.0,0.0,0.0,0.0,0.0,0.0,False
730,VC,2026-07-01,4,1,7.4,0,0.0,0,0.0,0.0,0.0,0.0,0.0,0.0,False
730,VG,2026-07-01,4,4,52.54,0,0.0,0,0.0,0.0,0.0,0.0,0.0,0.0,False
730,VI,2026-07-01,3,3,14.8,0,0.0,0,0.0,0.0,0.0,0.0,0.0,0.0,False
730,VN,2026-07-01,46,31,323.38,0,0.0,2,315.0,315.0,0.0,0.0,0.0,0.0,False
730,VU,2026-07-01,1,0,0.0,0,0.0,0,0.0,0.0,0.0,0.0,0.0,0.0,False
730,WS,2026-07-01,1,1,7.4,0,0.0,0,0.0,0.0,0.0,0.0,0.0,0.0,False
730,YT,2026-07-01,1,1,5.18,0,0.0,0,0.0,0.0,0.0,0.0,0.0,0.0,False
730,ZA,2026-07-01,828,590,6742.880000000001,0,0.0,20,9060.0,9060.0,0.0,0.0,0.0,0.0,True
833,AD,2026-07-01,5,1,0.74,0,0.0,0,0.0,0.0,0.0,0.0,0.0,0.0,False
833,AE,2026-07-01,1,0,0.0,0,0.0,0,0.0,0.0,0.0,0.0,0.0,0.0,False
833,AG,2026-07-01,2,0,0.0,0,0.0,0,0.0,0.0,0.0,0.0,0.0,0.0,False
833,AL,2026-07-01,3,1,0.74,0,0.0,0,0.0,0.0,0.0,0.0,0.0,0.0,False
833,AR,2026-07-01,2,0,0.0,0,0.0,0,0.0,0.0,0.0,0.0,0.0,0.0,False
833,AS,2026-07-01,1,0,0.0,0,0.0,0,0.0,0.0,0.0,0.0,0.0,0.0,False
833,AT,2026-07-01,1,0,0.0,0,0.0,0,0.0,0.0,0.0,0.0,0.0,0.0,False
833,AU,2026-07-01,4848,1548,10672.280000000008,0,0.0,83,29350.0,29350.0,0.0,0.0,0.0,0.0,True
833,AX,2026-07-01,2,0,0.0,0,0.0,0,0.0,0.0,0.0,0.0,0.0,0.0,False
833,BD,2026-07-01,1,0,0.0,0,0.0,0,0.0,0.0,0.0,0.0,0.0,0.0,False
833,BE,2026-07-01,38,12,56.239999999999995,0,0.0,0,0.0,0.0,0.0,0.0,0.0,0.0,False
833,BR,2026-07-01,1,0,0.0,0,0.0,0,0.0,0.0,0.0,0.0,0.0,0.0,False
833,CA,2026-07-01,8583,2215,14395.590000000024,0,0.0,85,35800.0,35700.0,100.0,0.0,0.0,0.0,True
833,DE,2026-07-01,4,1,6.66,0,0.0,0,0.0,0.0,0.0,0.0,0.0,0.0,False
833,ES,2026-07-01,9,2,14.06,0,0.0,0,0.0,0.0,0.0,0.0,0.0,0.0,False
833,FR,2026-07-01,5,0,0.0,0,0.0,0,0.0,0.0,0.0,0.0,0.0,0.0,False
833,GB,2026-07-01,11770,3298,21272.26199999995,0,0.0,153,35785.0,35660.0,125.0,0.0,0.0,0.0,True
833,GE,2026-07-01,1,0,0.0,0,0.0,0,0.0,0.0,0.0,0.0,0.0,0.0,False
833,ID,2026-07-01,1,1,0.74,0,0.0,0,0.0,0.0,0.0,0.0,0.0,0.0,False
833,IE,2026-07-01,846,224,875.4199999999996,0,0.0,13,3315.0,3190.0,125.0,0.0,0.0,0.0,True
833,MX,2026-07-01,6,2,12.95,0,0.0,0,0.0,0.0,0.0,0.0,0.0,0.0,False
833,NL,2026-07-01,1,0,0.0,0,0.0,0,0.0,0.0,0.0,0.0,0.0,0.0,False
833,NZ,2026-07-01,1731,470,2402.410000000001,0,0.0,15,2040.0,2040.0,0.0,0.0,0.0,0.0,True
833,PE,2026-07-01,2,1,6.29,0,0.0,0,0.0,0.0,0.0,0.0,0.0,0.0,False
833,PL,2026-07-01,1,1,0.74,0,0.0,0,0.0,0.0,0.0,0.0,0.0,0.0,False
833,PR,2026-07-01,2,1,6.29,0,0.0,0,0.0,0.0,0.0,0.0,0.0,0.0,False
833,PS,2026-07-01,1,0,0.0,0,0.0,0,0.0,0.0,0.0,0.0,0.0,0.0,False
833,PT,2026-07-01,1,1,0.74,0,0.0,0,0.0,0.0,0.0,0.0,0.0,0.0,False
833,SG,2026-07-01,1,0,0.0,0,0.0,0,0.0,0.0,0.0,0.0,0.0,0.0,False
833,UG,2026-07-01,1,0,0.0,0,0.0,0,0.0,0.0,0.0,0.0,0.0,0.0,False
833,US,2026-07-01,76819,23687,173800.1000000037,0,0.0,771,349125.0,347670.0,1455.0,0.0,0.0,0.0,True
833,UZ,2026-07-01,1,0,0.0,0,0.0,0,0.0,0.0,0.0,0.0,0.0,0.0,False
833,VA,2026-07-01,1,0,0.0,0,0.0,0,0.0,0.0,0.0,0.0,0.0,0.0,False
851,AU,2026-07-01,3,3,17.759999999999998,0,0.0,0,0.0,0.0,0.0,0.0,0.0,0.0,False
851,BD,2026-07-01,3,0,0.0,0,0.0,0,0.0,0.0,0.0,0.0,0.0,0.0,False
851,CA,2026-07-01,10,4,23.68,0,0.0,0,0.0,0.0,0.0,0.0,0.0,0.0,False
851,CN,2026-07-01,1,0,0.0,0,0.0,0,0.0,0.0,0.0,0.0,0.0,0.0,False
851,CV,2026-07-01,1,1,7.4,0,0.0,0,0.0,0.0,0.0,0.0,0.0,0.0,False
851,DE,2026-07-01,3,0,0.0,0,0.0,0,0.0,0.0,0.0,0.0,0.0,0.0,False
851,DO,2026-07-01,1,0,0.0,0,0.0,0,0.0,0.0,0.0,0.0,0.0,0.0,False
851,ES,2026-07-01,95,40,88.79999999999997,0,0.0,0,0.0,0.0,0.0,0.0,0.0,0.0,False
851,FR,2026-07-01,1,1,2.2199999999999998,0,0.0,0,0.0,0.0,0.0,0.0,0.0,0.0,False
851,GB,2026-07-01,12,6,31.82,0,0.0,0,0.0,0.0,0.0,0.0,0.0,0.0,False
851,GR,2026-07-01,19,7,15.54,0,0.0,1,100.0,100.0,0.0,0.0,0.0,0.0,False
851,HK,2026-07-01,5,0,0.0,0,0.0,0,0.0,0.0,0.0,0.0,0.0,0.0,False
851,HR,2026-07-01,369,100,221.99999999999991,0,0.0,4,430.0,430.0,0.0,0.0,0.0,0.0,False
851,IE,2026-07-01,3,2,11.84,0,0.0,0,0.0,0.0,0.0,0.0,0.0,0.0,False
851,IN,2026-07-01,1,0,0.0,0,0.0,0,0.0,0.0,0.0,0.0,0.0,0.0,False
851,IS,2026-07-01,23,9,19.979999999999997,0,0.0,2,340.0,340.0,0.0,0.0,0.0,0.0,False
851,IT,2026-07-01,18,2,4.4399999999999995,0,0.0,0,0.0,0.0,0.0,0.0,0.0,0.0,False
851,KE,2026-07-01,3,1,0.74,0,0.0,0,0.0,0.0,0.0,0.0,0.0,0.0,False
851,KR,2026-07-01,1,0,0.0,0,0.0,0,0.0,0.0,0.0,0.0,0.0,0.0,False
851,LT,2026-07-01,10,5,11.099999999999998,0,0.0,0,0.0,0.0,0.0,0.0,0.0,0.0,False
851,LU,2026-07-01,33,7,15.539999999999996,0,0.0,0,0.0,0.0,0.0,0.0,0.0,0.0,False
851,MT,2026-07-01,88,24,53.27999999999999,0,0.0,0,0.0,0.0,0.0,0.0,0.0,0.0,False
851,NL,2026-07-01,1,1,2.2199999999999998,0,0.0,0,0.0,0.0,0.0,0.0,0.0,0.0,False
851,NO,2026-07-01,8,3,11.099999999999998,0,0.0,0,0.0,0.0,0.0,0.0,0.0,0.0,False
851,NP,2026-07-01,1,0,0.0,0,0.0,0,0.0,0.0,0.0,0.0,0.0,0.0,False
851,NZ,2026-07-01,11,1,5.92,0,0.0,0,0.0,0.0,0.0,0.0,0.0,0.0,False
851,PK,2026-07-01,1,0,0.0,0,0.0,0,0.0,0.0,0.0,0.0,0.0,0.0,False
851,PL,2026-07-01,2,1,2.2199999999999998,0,0.0,0,0.0,0.0,0.0,0.0,0.0,0.0,False
851,PT,2026-07-01,1,0,0.0,0,0.0,0,0.0,0.0,0.0,0.0,0.0,0.0,False
851,RO,2026-07-01,1,0,0.0,0,0.0,0,0.0,0.0,0.0,0.0,0.0,0.0,False
851,SA,2026-07-01,1,0,0.0,0,0.0,0,0.0,0.0,0.0,0.0,0.0,0.0,False
851,SE,2026-07-01,1,1,2.2199999999999998,0,0.0,0,0.0,0.0,0.0,0.0,0.0,0.0,False
851,SG,2026-07-01,837,161,357.41999999999985,0,0.0,3,195.0,195.0,0.0,0.0,0.0,0.0,True
851,SI,2026-07-01,1,0,0.0,0,0.0,0,0.0,0.0,0.0,0.0,0.0,0.0,False
851,SK,2026-07-01,2,0,0.0,0,0.0,0,0.0,0.0,0.0,0.0,0.0,0.0,False
851,TZ,2026-07-01,1,0,0.0,0,0.0,0,0.0,0.0,0.0,0.0,0.0,0.0,False
851,US,2026-07-01,212,37,233.1,0,0.0,1,65.0,65.0,0.0,0.0,0.0,0.0,False
851,ZA,2026-07-01,12,2,11.84,0,0.0,0,0.0,0.0,0.0,0.0,0.0,0.0,False
889,AO,2026-07-01,1,0,0.0,0,0.0,0,0.0,0.0,0.0,0.0,0.0,0.0,False
889,AX,2026-07-01,2,1,337.44,0,0.0,1,1280.0,1280.0,0.0,0.0,0.0,0.0,False
889,AZ,2026-07-01,1,0,0.0,0,0.0,0,0.0,0.0,0.0,0.0,0.0,0.0,False
889,BE,2026-07-01,1,0,0.0,0,0.0,0,0.0,0.0,0.0,0.0,0.0,0.0,False
889,BR,2026-07-01,1482,13,1518.48,0,0.0,21,5175.0,5175.0,0.0,0.0,0.0,0.0,True
889,CH,2026-07-01,1,0,0.0,0,0.0,0,0.0,0.0,0.0,0.0,0.0,0.0,False
889,CN,2026-07-01,1,0,0.0,0,0.0,0,0.0,0.0,0.0,0.0,0.0,0.0,False
889,DE,2026-07-01,2528,46,14509.920000000002,0,0.0,60,20930.0,20805.0,125.0,0.0,0.0,0.0,True
889,DZ,2026-07-01,1,1,372.96,0,0.0,1,150.0,150.0,0.0,0.0,0.0,0.0,False
889,ES,2026-07-01,1818,24,7681.2,0,0.0,34,6910.0,6845.0,65.0,0.0,0.0,0.0,True
889,FR,2026-07-01,1875,23,7161.719999999999,0,0.0,28,7270.0,7145.0,125.0,0.0,0.0,0.0,True
889,IT,2026-07-01,3059,36,11304.24,0,0.0,49,16605.0,16605.0,0.0,0.0,0.0,0.0,True
889,LU,2026-07-01,1,0,0.0,0,0.0,0,0.0,0.0,0.0,0.0,0.0,0.0,False
889,NL,2026-07-01,1,0,0.0,0,0.0,0,0.0,0.0,0.0,0.0,0.0,0.0,False
889,SK,2026-07-01,1,0,0.0,0,0.0,0,0.0,0.0,0.0,0.0,0.0,0.0,False
897,AD,2026-07-01,3,3,48.1,0,0.0,2,540.0,540.0,0.0,0.0,0.0,0.0,False
897,AE,2026-07-01,3,3,61.42,0,0.0,0,0.0,0.0,0.0,0.0,0.0,0.0,False
897,AI,2026-07-01,1,1,15.54,0,0.0,0,0.0,0.0,0.0,0.0,0.0,0.0,False
897,AL,2026-07-01,14,7,99.89999999999999,0,0.0,2,360.0,360.0,0.0,0.0,0.0,0.0,False
897,AM,2026-07-01,1,1,17.02,0,0.0,1,65.0,65.0,0.0,0.0,0.0,0.0,False
897,AO,2026-07-01,4,2,26.344,0,0.0,0,0.0,0.0,0.0,0.0,0.0,0.0,False
897,AQ,2026-07-01,1,1,15.54,0,0.0,0,0.0,0.0,0.0,0.0,0.0,0.0,False
897,AS,2026-07-01,3,3,43.66,0,0.0,0,0.0,0.0,0.0,0.0,0.0,0.0,False
897,AT,2026-07-01,87,53,928.515,0,0.0,3,315.0,315.0,0.0,0.0,0.0,0.0,False
897,AU,2026-07-01,863,557,9047.276999999995,0,0.0,32,9490.0,9425.0,65.0,0.0,0.0,0.0,True
897,AW,2026-07-01,8,7,105.82,0,0.0,0,0.0,0.0,0.0,0.0,0.0,0.0,False
897,AX,2026-07-01,3,3,62.9,0,0.0,0,0.0,0.0,0.0,0.0,0.0,0.0,False
897,BB,2026-07-01,11,6,81.39999999999999,0,0.0,1,165.0,165.0,0.0,0.0,0.0,0.0,False
897,BD,2026-07-01,2,1,15.54,0,0.0,0,0.0,0.0,0.0,0.0,0.0,0.0,False
897,BE,2026-07-01,258,159,2836.716,0,0.0,12,4555.0,4555.0,0.0,0.0,0.0,0.0,False
897,BG,2026-07-01,92,53,884.7439999999999,0,0.0,3,360.0,360.0,0.0,0.0,0.0,0.0,False
897,BM,2026-07-01,2,2,28.119999999999997,0,0.0,0,0.0,0.0,0.0,0.0,0.0,0.0,False
897,BN,2026-07-01,12,10,140.6,0,0.0,0,0.0,0.0,0.0,0.0,0.0,0.0,False
897,BQ,2026-07-01,1,1,15.54,0,0.0,1,250.0,250.0,0.0,0.0,0.0,0.0,False
897,BR,2026-07-01,5,5,58.5414,0,0.0,2,450.0,450.0,0.0,0.0,0.0,0.0,False
897,BS,2026-07-01,15,13,178.33999999999997,0,0.0,0,0.0,0.0,0.0,0.0,0.0,0.0,False
897,BT,2026-07-01,19,12,165.76000000000002,0,0.0,0,0.0,0.0,0.0,0.0,0.0,0.0,False
897,BZ,2026-07-01,15,11,156.14,0,0.0,1,250.0,250.0,0.0,0.0,0.0,0.0,False
897,CA,2026-07-01,1924,1120,17686.739999999976,0,0.0,51,16610.0,16460.0,150.0,0.0,0.0,0.0,True
897,CH,2026-07-01,76,40,732.2299999999999,0,0.0,3,340.0,340.0,0.0,0.0,0.0,0.0,False
897,CK,2026-07-01,1,1,18.5,0,0.0,0,0.0,0.0,0.0,0.0,0.0,0.0,False
897,CL,2026-07-01,1,0,0.0,0,0.0,0,0.0,0.0,0.0,0.0,0.0,0.0,False
897,CN,2026-07-01,2,1,12.58,0,0.0,0,0.0,0.0,0.0,0.0,0.0,0.0,False
897,CO,2026-07-01,6,5,100.344,0,0.0,0,0.0,0.0,0.0,0.0,0.0,0.0,False
897,CR,2026-07-01,7,5,74.74,0,0.0,0,0.0,0.0,0.0,0.0,0.0,0.0,False
897,CV,2026-07-01,1,0,0.0,0,0.0,0,0.0,0.0,0.0,0.0,0.0,0.0,False
897,CW,2026-07-01,6,4,56.239999999999995,0,0.0,1,805.0,805.0,0.0,0.0,0.0,0.0,False
897,CY,2026-07-01,4,3,43.66,0,0.0,0,0.0,0.0,0.0,0.0,0.0,0.0,False
897,CZ,2026-07-01,49,29,495.8,0,0.0,3,685.0,685.0,0.0,0.0,0.0,0.0,False
897,DE,2026-07-01,454,296,6129.723399999999,0,0.0,21,2910.0,2910.0,0.0,0.0,0.0,0.0,False
897,DK,2026-07-01,102,56,898.0639999999999,0,0.0,5,2630.0,2630.0,0.0,0.0,0.0,0.0,False
897,DM,2026-07-01,2,1,12.58,0,0.0,0,0.0,0.0,0.0,0.0,0.0,0.0,False
897,DO,2026-07-01,1,1,15.54,0,0.0,0,0.0,0.0,0.0,0.0,0.0,0.0,False
897,EC,2026-07-01,1,1,15.54,0,0.0,0,0.0,0.0,0.0,0.0,0.0,0.0,False
897,EE,2026-07-01,20,12,200.54,0,0.0,3,370.0,370.0,0.0,0.0,0.0,0.0,False
897,ES,2026-07-01,72,50,654.16,0,0.0,3,4015.0,4015.0,0.0,0.0,0.0,0.0,False
897,FI,2026-07-01,71,52,878.8239999999998,0,0.0,3,910.0,910.0,0.0,0.0,0.0,0.0,False
897,FJ,2026-07-01,29,19,244.94,0,0.0,1,150.0,150.0,0.0,0.0,0.0,0.0,False
897,FR,2026-07-01,760,491,10742.143399999997,0,0.0,52,8635.0,8420.0,215.0,0.0,0.0,0.0,True
897,GB,2026-07-01,2409,1487,24504.626399999976,0,0.0,82,57600.0,57600.0,0.0,0.0,0.0,0.0,True
897,GD,2026-07-01,2,2,28.119999999999997,0,0.0,0,0.0,0.0,0.0,0.0,0.0,0.0,False
897,GF,2026-07-01,1,0,0.0,0,0.0,0,0.0,0.0,0.0,0.0,0.0,0.0,False
897,GG,2026-07-01,4,3,54.02,0,0.0,0,0.0,0.0,0.0,0.0,0.0,0.0,False
897,GI,2026-07-01,2,1,15.54,0,0.0,0,0.0,0.0,0.0,0.0,0.0,0.0,False
897,GP,2026-07-01,5,2,45.14,0,0.0,0,0.0,0.0,0.0,0.0,0.0,0.0,False
897,GR,2026-07-01,164,99,1595.1440000000002,0,0.0,9,1855.0,1855.0,0.0,0.0,0.0,0.0,False
897,GU,2026-07-01,15,8,128.01999999999998,0,0.0,0,0.0,0.0,0.0,0.0,0.0,0.0,False
897,HK,2026-07-01,43,28,410.7,0,0.0,0,0.0,0.0,0.0,0.0,0.0,0.0,False
897,HN,2026-07-01,2,2,32.56,0,0.0,0,0.0,0.0,0.0,0.0,0.0,0.0,False
897,HR,2026-07-01,71,36,578.088,0,0.0,4,730.0,730.0,0.0,0.0,0.0,0.0,False
897,HU,2026-07-01,82,53,885.78,0,0.0,4,565.0,565.0,0.0,0.0,0.0,0.0,False
897,ID,2026-07-01,7,3,51.059999999999995,0,0.0,0,0.0,0.0,0.0,0.0,0.0,0.0,False
897,IE,2026-07-01,210,125,1997.5189999999996,0,0.0,4,565.0,565.0,0.0,0.0,0.0,0.0,False
897,IL,2026-07-01,3,3,40.7,0,0.0,0,0.0,0.0,0.0,0.0,0.0,0.0,False
897,IM,2026-07-01,5,2,38.480000000000004,0,0.0,0,0.0,0.0,0.0,0.0,0.0,0.0,False
897,IS,2026-07-01,17,11,180.55999999999997,0,0.0,2,1750.0,1750.0,0.0,0.0,0.0,0.0,False
897,IT,2026-07-01,627,385,8025.403599999996,0,0.0,45,9065.0,9065.0,0.0,0.0,0.0,0.0,True
897,JE,2026-07-01,11,6,99.16,0,0.0,2,2260.0,2260.0,0.0,0.0,0.0,0.0,False
897,JM,2026-07-01,3,3,47.36,0,0.0,0,0.0,0.0,0.0,0.0,0.0,0.0,False
897,JP,2026-07-01,42,34,519.48,0,0.0,0,0.0,0.0,0.0,0.0,0.0,0.0,False
897,KH,2026-07-01,1,1,21.46,0,0.0,0,0.0,0.0,0.0,0.0,0.0,0.0,False
897,KI,2026-07-01,5,3,40.699999999999996,0,0.0,0,0.0,0.0,0.0,0.0,0.0,0.0,False
897,KN,2026-07-01,2,2,31.08,0,0.0,0,0.0,0.0,0.0,0.0,0.0,0.0,False
897,KR,2026-07-01,10,7,99.9,0,0.0,0,0.0,0.0,0.0,0.0,0.0,0.0,False
897,KW,2026-07-01,42,34,486.92,0,0.0,0,0.0,0.0,0.0,0.0,0.0,0.0,False
897,KY,2026-07-01,10,8,112.47999999999999,0,0.0,1,200.0,200.0,0.0,0.0,0.0,0.0,False
897,LT,2026-07-01,22,16,252.155,0,0.0,1,65.0,65.0,0.0,0.0,0.0,0.0,False
897,LU,2026-07-01,9,5,74.74,0,0.0,0,0.0,0.0,0.0,0.0,0.0,0.0,False
897,LV,2026-07-01,27,19,306.36,0,0.0,0,0.0,0.0,0.0,0.0,0.0,0.0,False
897,MA,2026-07-01,2,2,45.14,0,0.0,0,0.0,0.0,0.0,0.0,0.0,0.0,False
897,MC,2026-07-01,1,1,15.54,0,0.0,0,0.0,0.0,0.0,0.0,0.0,0.0,False
897,MD,2026-07-01,2,2,32.56,0,0.0,0,0.0,0.0,0.0,0.0,0.0,0.0,False
897,ME,2026-07-01,1,1,8.879999999999999,0,0.0,1,110.0,110.0,0.0,0.0,0.0,0.0,False
897,MN,2026-07-01,9,6,81.39999999999999,0,0.0,0,0.0,0.0,0.0,0.0,0.0,0.0,False
897,MO,2026-07-01,30,24,334.47999999999996,0,0.0,0,0.0,0.0,0.0,0.0,0.0,0.0,False
897,MP,2026-07-01,2,2,25.16,0,0.0,0,0.0,0.0,0.0,0.0,0.0,0.0,False
897,MQ,2026-07-01,6,3,43.66,0,0.0,0,0.0,0.0,0.0,0.0,0.0,0.0,False
897,MT,2026-07-01,62,29,487.36400000000003,0,0.0,2,260.0,260.0,0.0,0.0,0.0,0.0,False
897,MV,2026-07-01,7,6,90.28,0,0.0,0,0.0,0.0,0.0,0.0,0.0,0.0,False
897,MX,2026-07-01,13,11,200.53999999999996,0,0.0,1,65.0,65.0,0.0,0.0,0.0,0.0,False
897,MY,2026-07-01,3,2,31.08,0,0.0,0,0.0,0.0,0.0,0.0,0.0,0.0,False
897,NL,2026-07-01,182,111,1946.6439999999998,0,0.0,14,1415.0,1415.0,0.0,0.0,0.0,0.0,False
897,NO,2026-07-01,75,54,907.9800000000001,0,0.0,1,65.0,65.0,0.0,0.0,0.0,0.0,False
897,NZ,2026-07-01,337,192,2922.26,0,0.0,13,1585.0,1585.0,0.0,0.0,0.0,0.0,False
897,PA,2026-07-01,1,1,15.54,0,0.0,0,0.0,0.0,0.0,0.0,0.0,0.0,False
897,PE,2026-07-01,1,1,15.54,0,0.0,0,0.0,0.0,0.0,0.0,0.0,0.0,False
897,PF,2026-07-01,1,1,12.58,0,0.0,0,0.0,0.0,0.0,0.0,0.0,0.0,False
897,PH,2026-07-01,44,30,446.738,0,0.0,3,905.0,905.0,0.0,0.0,0.0,0.0,False
897,PL,2026-07-01,165,114,1819.2974,0,0.0,4,1000.0,935.0,65.0,0.0,0.0,0.0,False
897,PR,2026-07-01,62,44,636.3999999999999,0,0.0,1,200.0,200.0,0.0,0.0,0.0,0.0,False
897,PT,2026-07-01,322,210,4154.174999999998,0,0.0,15,3305.0,3305.0,0.0,0.0,0.0,0.0,False
897,PW,2026-07-01,1,1,15.54,0,0.0,0,0.0,0.0,0.0,0.0,0.0,0.0,False
897,QA,2026-07-01,1,0,0.0,0,0.0,0,0.0,0.0,0.0,0.0,0.0,0.0,False
897,RO,2026-07-01,62,46,628.9999999999999,0,0.0,5,1870.0,1870.0,0.0,0.0,0.0,0.0,False
897,RS,2026-07-01,34,18,225.404,0,0.0,1,110.0,110.0,0.0,0.0,0.0,0.0,False
897,SA,2026-07-01,1,1,15.54,0,0.0,0,0.0,0.0,0.0,0.0,0.0,0.0,False
897,SE,2026-07-01,263,176,2798.3100000000004,0,0.0,11,1390.0,1390.0,0.0,0.0,0.0,0.0,False
897,SG,2026-07-01,4,3,44.4,0,0.0,0,0.0,0.0,0.0,0.0,0.0,0.0,False
897,SI,2026-07-01,23,16,259.74,0,0.0,1,65.0,65.0,0.0,0.0,0.0,0.0,False
897,SK,2026-07-01,29,16,271.58000000000004,0,0.0,0,0.0,0.0,0.0,0.0,0.0,0.0,False
897,SL,2026-07-01,1,1,17.02,0,0.0,0,0.0,0.0,0.0,0.0,0.0,0.0,False
897,SR,2026-07-01,17,15,203.5,0,0.0,0,0.0,0.0,0.0,0.0,0.0,0.0,False
897,SX,2026-07-01,8,5,71.78,0,0.0,0,0.0,0.0,0.0,0.0,0.0,0.0,False
897,TH,2026-07-01,5,3,46.62,0,0.0,0,0.0,0.0,0.0,0.0,0.0,0.0,False
897,TO,2026-07-01,1,1,12.58,0,0.0,0,0.0,0.0,0.0,0.0,0.0,0.0,False
897,TR,2026-07-01,6,5,79.91999999999999,0,0.0,0,0.0,0.0,0.0,0.0,0.0,0.0,False
897,TT,2026-07-01,2,1,15.54,0,0.0,0,0.0,0.0,0.0,0.0,0.0,0.0,False
897,TV,2026-07-01,1,0,0.0,0,0.0,0,0.0,0.0,0.0,0.0,0.0,0.0,False
897,TZ,2026-07-01,1,1,17.02,0,0.0,0,0.0,0.0,0.0,0.0,0.0,0.0,False
897,UG,2026-07-01,1,1,15.54,0,0.0,0,0.0,0.0,0.0,0.0,0.0,0.0,False
897,UM,2026-07-01,1,0,0.0,0,0.0,0,0.0,0.0,0.0,0.0,0.0,0.0,False
897,US,2026-07-01,13143,7716,129572.08340000201,0,0.0,420,171055.0,170595.0,460.0,0.0,0.0,0.0,True
897,UY,2026-07-01,1,0,0.0,0,0.0,0,0.0,0.0,0.0,0.0,0.0,0.0,False
897,VC,2026-07-01,1,1,12.58,0,0.0,0,0.0,0.0,0.0,0.0,0.0,0.0,False
897,VI,2026-07-01,1,1,12.58,0,0.0,0,0.0,0.0,0.0,0.0,0.0,0.0,False
897,VN,2026-07-01,4,2,42.92,0,0.0,0,0.0,0.0,0.0,0.0,0.0,0.0,False
897,VU,2026-07-01,1,1,12.58,0,0.0,0,0.0,0.0,0.0,0.0,0.0,0.0,False
897,WS,2026-07-01,7,5,74.74,0,0.0,1,230.0,230.0,0.0,0.0,0.0,0.0,False
897,ZA,2026-07-01,3,3,47.064,0,0.0,0,0.0,0.0,0.0,0.0,0.0,0.0,False
897,ZM,2026-07-01,3,2,31.08,0,0.0,0,0.0,0.0,0.0,0.0,0.0,0.0,False
911,AU,2026-07-01,6,0,0.0,0,0.0,0,0.0,0.0,0.0,0.0,0.0,0.0,False
911,BR,2026-07-01,3058,582,516.5939999999999,0,0.0,4,590.0,590.0,0.0,0.0,0.0,0.0,True
911,CA,2026-07-01,16,3,34.040000000000006,0,0.0,0,0.0,0.0,0.0,0.0,0.0,0.0,False
911,CO,2026-07-01,3,0,0.0,0,0.0,0,0.0,0.0,0.0,0.0,0.0,0.0,False
911,CV,2026-07-01,2,0,0.0,0,0.0,0,0.0,0.0,0.0,0.0,0.0,0.0,False
911,DE,2026-07-01,78,21,93.23999999999998,0,0.0,0,0.0,0.0,0.0,0.0,0.0,0.0,False
911,ES,2026-07-01,2,0,0.0,0,0.0,0,0.0,0.0,0.0,0.0,0.0,0.0,False
911,FR,2026-07-01,66,8,44.4,0,0.0,0,0.0,0.0,0.0,0.0,0.0,0.0,False
911,GB,2026-07-01,16,6,48.84,0,0.0,0,0.0,0.0,0.0,0.0,0.0,0.0,False
911,IE,2026-07-01,3,1,4.4399999999999995,0,0.0,0,0.0,0.0,0.0,0.0,0.0,0.0,False
911,MX,2026-07-01,208,35,103.6,0,0.0,0,0.0,0.0,0.0,0.0,0.0,0.0,False
911,NL,2026-07-01,1,1,16.65,0,0.0,0,0.0,0.0,0.0,0.0,0.0,0.0,False
911,NZ,2026-07-01,20,5,22.199999999999996,0,0.0,0,0.0,0.0,0.0,0.0,0.0,0.0,False
911,PK,2026-07-01,2,0,0.0,0,0.0,0,0.0,0.0,0.0,0.0,0.0,0.0,False
911,US,2026-07-01,182,74,437.34000000000003,0,0.0,0,0.0,0.0,0.0,0.0,0.0,0.0,False
organic,AD,2026-07-01,26,0,0.0,0,0.0,0,0.0,0.0,0.0,0.0,0.0,0.0,False
organic,AE,2026-07-01,679,0,0.0,0,0.0,2,215.0,215.0,0.0,0.0,0.0,0.0,True
organic,AG,2026-07-01,24,0,0.0,0,0.0,0,0.0,0.0,0.0,0.0,0.0,0.0,False
organic,AI,2026-07-01,28,0,0.0,0,0.0,1,250.0,250.0,0.0,0.0,0.0,0.0,False
organic,AL,2026-07-01,219,0,0.0,0,0.0,2,130.0,130.0,0.0,0.0,0.0,0.0,False
organic,AM,2026-07-01,67,0,0.0,0,0.0,0,0.0,0.0,0.0,0.0,0.0,0.0,False
organic,AO,2026-07-01,114,0,0.0,0,0.0,0,0.0,0.0,0.0,0.0,0.0,0.0,False
organic,AQ,2026-07-01,9,0,0.0,0,0.0,0,0.0,0.0,0.0,0.0,0.0,0.0,False
organic,AR,2026-07-01,833,0,0.0,0,0.0,13,14450.0,14325.0,125.0,0.0,0.0,0.0,True
organic,AS,2026-07-01,60,0,0.0,0,0.0,0,0.0,0.0,0.0,0.0,0.0,0.0,False
organic,AT,2026-07-01,393,0,0.0,0,0.0,2,520.0,520.0,0.0,0.0,0.0,0.0,False
organic,AU,2026-07-01,3284,0,0.0,0,0.0,90,47855.0,47790.0,65.0,0.0,0.0,0.0,True
organic,AW,2026-07-01,31,0,0.0,0,0.0,0,0.0,0.0,0.0,0.0,0.0,0.0,False
organic,AX,2026-07-01,22,0,0.0,0,0.0,2,190.0,190.0,0.0,0.0,0.0,0.0,False
organic,AZ,2026-07-01,181,0,0.0,0,0.0,0,0.0,0.0,0.0,0.0,0.0,0.0,False
organic,BA,2026-07-01,1,0,0.0,0,0.0,0,0.0,0.0,0.0,0.0,0.0,0.0,False
organic,BB,2026-07-01,49,0,0.0,0,0.0,3,395.0,395.0,0.0,0.0,0.0,0.0,False
organic,BD,2026-07-01,605,0,0.0,0,0.0,1,200.0,200.0,0.0,0.0,0.0,0.0,True
organic,BE,2026-07-01,505,0,0.0,0,0.0,8,1880.0,1880.0,0.0,0.0,0.0,0.0,True
organic,BF,2026-07-01,29,0,0.0,0,0.0,0,0.0,0.0,0.0,0.0,0.0,0.0,False
organic,BG,2026-07-01,227,0,0.0,0,0.0,4,480.0,480.0,0.0,0.0,0.0,0.0,False
organic,BH,2026-07-01,52,0,0.0,0,0.0,0,0.0,0.0,0.0,0.0,0.0,0.0,False
organic,BJ,2026-07-01,219,0,0.0,0,0.0,1,405.0,405.0,0.0,0.0,0.0,0.0,False
organic,BM,2026-07-01,8,0,0.0,0,0.0,1,190.0,190.0,0.0,0.0,0.0,0.0,False
organic,BN,2026-07-01,46,0,0.0,0,0.0,0,0.0,0.0,0.0,0.0,0.0,0.0,False
organic,BO,2026-07-01,92,0,0.0,0,0.0,3,1520.0,1520.0,0.0,0.0,0.0,0.0,False
organic,BQ,2026-07-01,23,0,0.0,0,0.0,0,0.0,0.0,0.0,0.0,0.0,0.0,False
organic,BR,2026-07-01,5020,0,0.0,0,0.0,92,36680.0,36595.0,85.0,0.0,0.0,0.0,True
organic,BS,2026-07-01,63,0,0.0,0,0.0,2,9465.0,9465.0,0.0,0.0,0.0,0.0,False
organic,BT,2026-07-01,16,0,0.0,0,0.0,0,0.0,0.0,0.0,0.0,0.0,0.0,False
organic,BV,2026-07-01,3,0,0.0,0,0.0,0,0.0,0.0,0.0,0.0,0.0,0.0,False
organic,BW,2026-07-01,279,0,0.0,0,0.0,9,1095.0,1095.0,0.0,0.0,0.0,0.0,False
organic,BZ,2026-07-01,71,0,0.0,0,0.0,0,0.0,0.0,0.0,0.0,0.0,0.0,False
organic,CA,2026-07-01,5173,0,0.0,0,0.0,121,81005.0,80205.0,800.0,0.0,0.0,0.0,True
organic,CH,2026-07-01,497,0,0.0,0,0.0,9,7160.0,7160.0,0.0,0.0,0.0,0.0,False
organic,CI,2026-07-01,201,0,0.0,0,0.0,4,345.0,345.0,0.0,0.0,0.0,0.0,False
organic,CK,2026-07-01,20,0,0.0,0,0.0,0,0.0,0.0,0.0,0.0,0.0,0.0,False
organic,CL,2026-07-01,653,0,0.0,0,0.0,20,6610.0,6490.0,120.0,0.0,0.0,0.0,True
organic,CM,2026-07-01,176,0,0.0,0,0.0,2,175.0,175.0,0.0,0.0,0.0,0.0,False
organic,CN,2026-07-01,1194,0,0.0,0,0.0,1,360.0,360.0,0.0,0.0,0.0,0.0,True
organic,CO,2026-07-01,7457,0,0.0,0,0.0,9,3635.0,3635.0,0.0,0.0,0.0,0.0,True
organic,CR,2026-07-01,223,0,0.0,0,0.0,4,1055.0,1055.0,0.0,0.0,0.0,0.0,False
organic,CV,2026-07-01,43,0,0.0,0,0.0,0,0.0,0.0,0.0,0.0,0.0,0.0,False
organic,CW,2026-07-01,32,0,0.0,0,0.0,0,0.0,0.0,0.0,0.0,0.0,0.0,False
organic,CX,2026-07-01,4,0,0.0,0,0.0,0,0.0,0.0,0.0,0.0,0.0,0.0,False
organic,CY,2026-07-01,195,0,0.0,0,0.0,1,20.0,20.0,0.0,0.0,0.0,0.0,False
organic,CZ,2026-07-01,139,0,0.0,0,0.0,3,195.0,195.0,0.0,0.0,0.0,0.0,False
organic,DE,2026-07-01,2517,0,0.0,0,0.0,32,8505.0,8505.0,0.0,0.0,0.0,0.0,True
organic,DJ,2026-07-01,18,0,0.0,0,0.0,1,150.0,150.0,0.0,0.0,0.0,0.0,False
organic,DK,2026-07-01,379,0,0.0,0,0.0,7,3565.0,3565.0,0.0,0.0,0.0,0.0,False
organic,DM,2026-07-01,6,0,0.0,0,0.0,0,0.0,0.0,0.0,0.0,0.0,0.0,False
organic,DO,2026-07-01,236,0,0.0,0,0.0,2,175.0,175.0,0.0,0.0,0.0,0.0,False
organic,DZ,2026-07-01,380,0,0.0,0,0.0,3,1485.0,1485.0,0.0,0.0,0.0,0.0,False
organic,EC,2026-07-01,345,0,0.0,0,0.0,4,590.0,590.0,0.0,0.0,0.0,0.0,False
organic,EE,2026-07-01,63,0,0.0,0,0.0,1,195.0,195.0,0.0,0.0,0.0,0.0,False
organic,EG,2026-07-01,1,0,0.0,0,0.0,0,0.0,0.0,0.0,0.0,0.0,0.0,False
organic,EH,2026-07-01,1,0,0.0,0,0.0,0,0.0,0.0,0.0,0.0,0.0,0.0,False
organic,ES,2026-07-01,1376,0,0.0,0,0.0,41,142135.0,141820.0,315.0,0.0,0.0,0.0,True
organic,ET,2026-07-01,4,0,0.0,0,0.0,0,0.0,0.0,0.0,0.0,0.0,0.0,False
organic,FI,2026-07-01,369,0,0.0,0,0.0,6,1485.0,1485.0,0.0,0.0,0.0,0.0,False
organic,FJ,2026-07-01,89,0,0.0,0,0.0,3,245.0,245.0,0.0,0.0,0.0,0.0,False
organic,FK,2026-07-01,1,0,0.0,0,0.0,0,0.0,0.0,0.0,0.0,0.0,0.0,False
organic,FM,2026-07-01,5,0,0.0,0,0.0,0,0.0,0.0,0.0,0.0,0.0,0.0,False
organic,FO,2026-07-01,1,0,0.0,0,0.0,0,0.0,0.0,0.0,0.0,0.0,0.0,False
organic,FR,2026-07-01,2731,0,0.0,0,0.0,39,7965.0,7965.0,0.0,0.0,0.0,0.0,True
organic,GA,2026-07-01,17,0,0.0,0,0.0,0,0.0,0.0,0.0,0.0,0.0,0.0,False
organic,GB,2026-07-01,8349,0,0.0,0,0.0,167,98280.0,97965.0,315.0,0.0,0.0,0.0,True
organic,GD,2026-07-01,9,0,0.0,0,0.0,0,0.0,0.0,0.0,0.0,0.0,0.0,False
organic,GE,2026-07-01,58,0,0.0,0,0.0,0,0.0,0.0,0.0,0.0,0.0,0.0,False
organic,GF,2026-07-01,12,0,0.0,0,0.0,0,0.0,0.0,0.0,0.0,0.0,0.0,False
organic,GG,2026-07-01,5,0,0.0,0,0.0,0,0.0,0.0,0.0,0.0,0.0,0.0,False
organic,GH,2026-07-01,1,0,0.0,0,0.0,0,0.0,0.0,0.0,0.0,0.0,0.0,False
organic,GI,2026-07-01,2,0,0.0,0,0.0,0,0.0,0.0,0.0,0.0,0.0,0.0,False
organic,GL,2026-07-01,7,0,0.0,0,0.0,1,145.0,145.0,0.0,0.0,0.0,0.0,False
organic,GM,2026-07-01,67,0,0.0,0,0.0,1,65.0,65.0,0.0,0.0,0.0,0.0,False
organic,GN,2026-07-01,12,0,0.0,0,0.0,0,0.0,0.0,0.0,0.0,0.0,0.0,False
organic,GP,2026-07-01,27,0,0.0,0,0.0,0,0.0,0.0,0.0,0.0,0.0,0.0,False
organic,GQ,2026-07-01,30,0,0.0,0,0.0,0,0.0,0.0,0.0,0.0,0.0,0.0,False
organic,GR,2026-07-01,306,0,0.0,0,0.0,6,3915.0,3915.0,0.0,0.0,0.0,0.0,False
organic,GT,2026-07-01,34,0,0.0,0,0.0,1,65.0,65.0,0.0,0.0,0.0,0.0,False
organic,GU,2026-07-01,15,0,0.0,0,0.0,0,0.0,0.0,0.0,0.0,0.0,0.0,False
organic,GY,2026-07-01,90,0,0.0,0,0.0,0,0.0,0.0,0.0,0.0,0.0,0.0,False
organic,HK,2026-07-01,183,0,0.0,0,0.0,2,620.0,620.0,0.0,0.0,0.0,0.0,False
organic,HN,2026-07-01,119,0,0.0,0,0.0,0,0.0,0.0,0.0,0.0,0.0,0.0,False
organic,HR,2026-07-01,136,0,0.0,0,0.0,0,0.0,0.0,0.0,0.0,0.0,0.0,False
organic,HT,2026-07-01,1,0,0.0,0,0.0,0,0.0,0.0,0.0,0.0,0.0,0.0,False
organic,HU,2026-07-01,157,0,0.0,0,0.0,3,5095.0,5095.0,0.0,0.0,0.0,0.0,False
organic,ID,2026-07-01,192,0,0.0,0,0.0,0,0.0,0.0,0.0,0.0,0.0,0.0,False
organic,IE,2026-07-01,610,0,0.0,0,0.0,18,4655.0,4655.0,0.0,0.0,0.0,0.0,True
organic,IL,2026-07-01,272,0,0.0,0,0.0,9,1690.0,1690.0,0.0,0.0,0.0,0.0,False
organic,IM,2026-07-01,10,0,0.0,0,0.0,1,7995.0,7995.0,0.0,0.0,0.0,0.0,False
organic,IN,2026-07-01,3467,0,0.0,0,0.0,11,2985.0,2985.0,0.0,0.0,0.0,0.0,True
organic,IO,2026-07-01,3,0,0.0,0,0.0,0,0.0,0.0,0.0,0.0,0.0,0.0,False
organic,IQ,2026-07-01,2,0,0.0,0,0.0,0,0.0,0.0,0.0,0.0,0.0,0.0,False
organic,IR,2026-07-01,5,0,0.0,0,0.0,0,0.0,0.0,0.0,0.0,0.0,0.0,False
organic,IS,2026-07-01,59,0,0.0,0,0.0,3,785.0,785.0,0.0,0.0,0.0,0.0,False
organic,IT,2026-07-01,1368,0,0.0,0,0.0,21,9655.0,9655.0,0.0,0.0,0.0,0.0,True
organic,JE,2026-07-01,8,0,0.0,0,0.0,1,65.0,65.0,0.0,0.0,0.0,0.0,False
organic,JM,2026-07-01,274,0,0.0,0,0.0,2,130.0,130.0,0.0,0.0,0.0,0.0,False
organic,JO,2026-07-01,28,0,0.0,0,0.0,1,150.0,150.0,0.0,0.0,0.0,0.0,False
organic,JP,2026-07-01,351,0,0.0,0,0.0,4,8265.0,8265.0,0.0,0.0,0.0,0.0,False
organic,KE,2026-07-01,1487,0,0.0,0,0.0,10,1105.0,1105.0,0.0,0.0,0.0,0.0,True
organic,KG,2026-07-01,44,0,0.0,0,0.0,1,65.0,65.0,0.0,0.0,0.0,0.0,False
organic,KH,2026-07-01,25,0,0.0,0,0.0,0,0.0,0.0,0.0,0.0,0.0,0.0,False
organic,KI,2026-07-01,15,0,0.0,0,0.0,0,0.0,0.0,0.0,0.0,0.0,0.0,False
organic,KM,2026-07-01,7,0,0.0,0,0.0,0,0.0,0.0,0.0,0.0,0.0,0.0,False
organic,KN,2026-07-01,17,0,0.0,0,0.0,0,0.0,0.0,0.0,0.0,0.0,0.0,False
organic,KR,2026-07-01,200,0,0.0,0,0.0,1,1320.0,1320.0,0.0,0.0,0.0,0.0,False
organic,KW,2026-07-01,91,0,0.0,0,0.0,0,0.0,0.0,0.0,0.0,0.0,0.0,False
organic,KY,2026-07-01,12,0,0.0,0,0.0,1,65.0,0.0,65.0,0.0,0.0,0.0,False
organic,KZ,2026-07-01,32,0,0.0,0,0.0,2,130.0,130.0,0.0,0.0,0.0,0.0,False
organic,LA,2026-07-01,31,0,0.0,0,0.0,7,1145.0,1145.0,0.0,0.0,0.0,0.0,False
organic,LB,2026-07-01,1,0,0.0,0,0.0,0,0.0,0.0,0.0,0.0,0.0,0.0,False
organic,LC,2026-07-01,39,0,0.0,0,0.0,0,0.0,0.0,0.0,0.0,0.0,0.0,False
organic,LK,2026-07-01,197,0,0.0,0,0.0,4,385.0,385.0,0.0,0.0,0.0,0.0,False
organic,LS,2026-07-01,23,0,0.0,0,0.0,1,65.0,65.0,0.0,0.0,0.0,0.0,False
organic,LT,2026-07-01,163,0,0.0,0,0.0,5,3845.0,3845.0,0.0,0.0,0.0,0.0,False
organic,LU,2026-07-01,55,0,0.0,0,0.0,0,0.0,0.0,0.0,0.0,0.0,0.0,False
organic,LV,2026-07-01,287,0,0.0,0,0.0,2,1325.0,1325.0,0.0,0.0,0.0,0.0,False
organic,MA,2026-07-01,130,0,0.0,0,0.0,0,0.0,0.0,0.0,0.0,0.0,0.0,False
organic,MC,2026-07-01,1,0,0.0,0,0.0,0,0.0,0.0,0.0,0.0,0.0,0.0,False
organic,MD,2026-07-01,68,0,0.0,0,0.0,1,150.0,150.0,0.0,0.0,0.0,0.0,False
organic,ME,2026-07-01,16,0,0.0,0,0.0,0,0.0,0.0,0.0,0.0,0.0,0.0,False
organic,MG,2026-07-01,460,0,0.0,0,0.0,2,525.0,525.0,0.0,0.0,0.0,0.0,False
organic,MK,2026-07-01,35,0,0.0,0,0.0,0,0.0,0.0,0.0,0.0,0.0,0.0,False
organic,MN,2026-07-01,24,0,0.0,0,0.0,0,0.0,0.0,0.0,0.0,0.0,0.0,False
organic,MO,2026-07-01,6,0,0.0,0,0.0,0,0.0,0.0,0.0,0.0,0.0,0.0,False
organic,MP,2026-07-01,2,0,0.0,0,0.0,0,0.0,0.0,0.0,0.0,0.0,0.0,False
organic,MQ,2026-07-01,26,0,0.0,0,0.0,0,0.0,0.0,0.0,0.0,0.0,0.0,False
organic,MR,2026-07-01,56,0,0.0,0,0.0,2,300.0,300.0,0.0,0.0,0.0,0.0,False
organic,MT,2026-07-01,60,0,0.0,0,0.0,1,200.0,200.0,0.0,0.0,0.0,0.0,False
organic,MU,2026-07-01,143,0,0.0,0,0.0,2,265.0,265.0,0.0,0.0,0.0,0.0,False
organic,MV,2026-07-01,8,0,0.0,0,0.0,1,2390.0,2390.0,0.0,0.0,0.0,0.0,False
organic,MW,2026-07-01,51,0,0.0,0,0.0,0,0.0,0.0,0.0,0.0,0.0,0.0,False
organic,MX,2026-07-01,2090,0,0.0,0,0.0,30,99110.0,99110.0,0.0,0.0,0.0,0.0,True
organic,MY,2026-07-01,380,0,0.0,0,0.0,3,1345.0,1345.0,0.0,0.0,0.0,0.0,False
organic,MZ,2026-07-01,92,0,0.0,0,0.0,0,0.0,0.0,0.0,0.0,0.0,0.0,False
organic,NA,2026-07-01,291,0,0.0,0,0.0,1,65.0,65.0,0.0,0.0,0.0,0.0,False
organic,NC,2026-07-01,26,0,0.0,0,0.0,0,0.0,0.0,0.0,0.0,0.0,0.0,False
organic,NE,2026-07-01,44,0,0.0,0,0.0,0,0.0,0.0,0.0,0.0,0.0,0.0,False
organic,NG,2026-07-01,7,0,0.0,0,0.0,0,0.0,0.0,0.0,0.0,0.0,0.0,False
organic,NI,2026-07-01,1,0,0.0,0,0.0,0,0.0,0.0,0.0,0.0,0.0,0.0,False
organic,NL,2026-07-01,2555,0,0.0,0,0.0,24,5140.0,5140.0,0.0,0.0,0.0,0.0,True
organic,NO,2026-07-01,446,0,0.0,0,0.0,11,2845.0,2845.0,0.0,0.0,0.0,0.0,False
organic,NP,2026-07-01,41,0,0.0,0,0.0,0,0.0,0.0,0.0,0.0,0.0,0.0,False
organic,NR,2026-07-01,1,0,0.0,0,0.0,0,0.0,0.0,0.0,0.0,0.0,0.0,False
organic,NZ,2026-07-01,804,0,0.0,0,0.0,18,3035.0,3035.0,0.0,0.0,0.0,0.0,True
organic,OM,2026-07-01,149,0,0.0,0,0.0,2,130.0,130.0,0.0,0.0,0.0,0.0,False
organic,PA,2026-07-01,152,0,0.0,0,0.0,3,3190.0,3190.0,0.0,0.0,0.0,0.0,False
organic,PE,2026-07-01,362,0,0.0,0,0.0,7,3120.0,3075.0,45.0,0.0,0.0,0.0,False
organic,PF,2026-07-01,51,0,0.0,0,0.0,0,0.0,0.0,0.0,0.0,0.0,0.0,False
organic,PG,2026-07-01,268,0,0.0,0,0.0,0,0.0,0.0,0.0,0.0,0.0,0.0,False
organic,PH,2026-07-01,2743,0,0.0,0,0.0,18,3515.0,3515.0,0.0,0.0,0.0,0.0,True
organic,PK,2026-07-01,193,0,0.0,0,0.0,1,65.0,65.0,0.0,0.0,0.0,0.0,False
organic,PL,2026-07-01,980,0,0.0,0,0.0,3,365.0,365.0,0.0,0.0,0.0,0.0,True
organic,PR,2026-07-01,168,0,0.0,0,0.0,2,315.0,250.0,65.0,0.0,0.0,0.0,False
organic,PS,2026-07-01,1,0,0.0,0,0.0,0,0.0,0.0,0.0,0.0,0.0,0.0,False
organic,PT,2026-07-01,894,0,0.0,0,0.0,14,18570.0,18570.0,0.0,0.0,0.0,0.0,True
organic,PW,2026-07-01,3,0,0.0,0,0.0,0,0.0,0.0,0.0,0.0,0.0,0.0,False
organic,PY,2026-07-01,62,0,0.0,0,0.0,0,0.0,0.0,0.0,0.0,0.0,0.0,False
organic,QA,2026-07-01,142,0,0.0,0,0.0,1,65.0,65.0,0.0,0.0,0.0,0.0,False
organic,RE,2026-07-01,68,0,0.0,0,0.0,0,0.0,0.0,0.0,0.0,0.0,0.0,False
organic,RO,2026-07-01,445,0,0.0,0,0.0,3,270.0,270.0,0.0,0.0,0.0,0.0,False
organic,RS,2026-07-01,343,0,0.0,0,0.0,3,465.0,465.0,0.0,0.0,0.0,0.0,False
organic,RU,2026-07-01,64,0,0.0,0,0.0,0,0.0,0.0,0.0,0.0,0.0,0.0,False
organic,RW,2026-07-01,21,0,0.0,0,0.0,0,0.0,0.0,0.0,0.0,0.0,0.0,False
organic,SA,2026-07-01,149,0,0.0,0,0.0,1,235.0,235.0,0.0,0.0,0.0,0.0,False
organic,SB,2026-07-01,14,0,0.0,0,0.0,0,0.0,0.0,0.0,0.0,0.0,0.0,False
organic,SC,2026-07-01,65,0,0.0,0,0.0,1,190.0,190.0,0.0,0.0,0.0,0.0,False
organic,SE,2026-07-01,820,0,0.0,0,0.0,8,2560.0,2515.0,45.0,0.0,0.0,0.0,True
organic,SG,2026-07-01,624,0,0.0,0,0.0,3,1295.0,1295.0,0.0,0.0,0.0,0.0,True
organic,SI,2026-07-01,44,0,0.0,0,0.0,0,0.0,0.0,0.0,0.0,0.0,0.0,False
organic,SK,2026-07-01,148,0,0.0,0,0.0,0,0.0,0.0,0.0,0.0,0.0,0.0,False
organic,SL,2026-07-01,14,0,0.0,0,0.0,0,0.0,0.0,0.0,0.0,0.0,0.0,False
organic,SN,2026-07-01,236,0,0.0,0,0.0,2,230.0,230.0,0.0,0.0,0.0,0.0,False
organic,SR,2026-07-01,42,0,0.0,0,0.0,1,310.0,310.0,0.0,0.0,0.0,0.0,False
organic,ST,2026-07-01,2,0,0.0,0,0.0,0,0.0,0.0,0.0,0.0,0.0,0.0,False
organic,SV,2026-07-01,111,0,0.0,0,0.0,0,0.0,0.0,0.0,0.0,0.0,0.0,False
organic,SX,2026-07-01,1,0,0.0,0,0.0,0,0.0,0.0,0.0,0.0,0.0,0.0,False
organic,SZ,2026-07-01,51,0,0.0,0,0.0,1,200.0,200.0,0.0,0.0,0.0,0.0,False
organic,TC,2026-07-01,2,0,0.0,0,0.0,0,0.0,0.0,0.0,0.0,0.0,0.0,False
organic,TD,2026-07-01,91,0,0.0,0,0.0,1,65.0,65.0,0.0,0.0,0.0,0.0,False
organic,TF,2026-07-01,1,0,0.0,0,0.0,0,0.0,0.0,0.0,0.0,0.0,0.0,False
organic,TG,2026-07-01,41,0,0.0,0,0.0,0,0.0,0.0,0.0,0.0,0.0,0.0,False
organic,TH,2026-07-01,269,0,0.0,0,0.0,4,485.0,485.0,0.0,0.0,0.0,0.0,False
organic,TJ,2026-07-01,30,0,0.0,0,0.0,1,110.0,110.0,0.0,0.0,0.0,0.0,False
organic,TK,2026-07-01,1,0,0.0,0,0.0,0,0.0,0.0,0.0,0.0,0.0,0.0,False
organic,TL,2026-07-01,96,0,0.0,0,0.0,0,0.0,0.0,0.0,0.0,0.0,0.0,False
organic,TM,2026-07-01,3,0,0.0,0,0.0,0,0.0,0.0,0.0,0.0,0.0,0.0,False
organic,TO,2026-07-01,3,0,0.0,0,0.0,0,0.0,0.0,0.0,0.0,0.0,0.0,False
organic,TR,2026-07-01,895,0,0.0,0,0.0,7,2870.0,2870.0,0.0,0.0,0.0,0.0,True
organic,TT,2026-07-01,94,0,0.0,0,0.0,0,0.0,0.0,0.0,0.0,0.0,0.0,False
organic,TV,2026-07-01,1,0,0.0,0,0.0,0,0.0,0.0,0.0,0.0,0.0,0.0,False
organic,TW,2026-07-01,133,0,0.0,0,0.0,0,0.0,0.0,0.0,0.0,0.0,0.0,False
organic,TZ,2026-07-01,159,0,0.0,0,0.0,0,0.0,0.0,0.0,0.0,0.0,0.0,False
organic,UA,2026-07-01,280,0,0.0,0,0.0,0,0.0,0.0,0.0,0.0,0.0,0.0,False
organic,UG,2026-07-01,310,0,0.0,0,0.0,1,65.0,65.0,0.0,0.0,0.0,0.0,False
organic,UM,2026-07-01,1,0,0.0,0,0.0,0,0.0,0.0,0.0,0.0,0.0,0.0,False
organic,UNKNOWN,2026-07-01,52,0,0.0,0,0.0,0,0.0,0.0,0.0,0.0,0.0,0.0,False
organic,US,2026-07-01,47949,0,0.0,0,0.0,1106,1236220.0,1231450.0,4770.0,0.0,0.0,0.0,True
organic,UY,2026-07-01,127,0,0.0,0,0.0,3,385.0,385.0,0.0,0.0,0.0,0.0,False
organic,UZ,2026-07-01,69,0,0.0,0,0.0,2,485.0,485.0,0.0,0.0,0.0,0.0,False
organic,VA,2026-07-01,2,0,0.0,0,0.0,0,0.0,0.0,0.0,0.0,0.0,0.0,False
organic,VC,2026-07-01,6,0,0.0,0,0.0,0,0.0,0.0,0.0,0.0,0.0,0.0,False
organic,VE,2026-07-01,2,0,0.0,0,0.0,0,0.0,0.0,0.0,0.0,0.0,0.0,False
organic,VG,2026-07-01,9,0,0.0,0,0.0,0,0.0,0.0,0.0,0.0,0.0,0.0,False
organic,VI,2026-07-01,18,0,0.0,0,0.0,0,0.0,0.0,0.0,0.0,0.0,0.0,False
organic,VN,2026-07-01,1164,0,0.0,0,0.0,1,520.0,520.0,0.0,0.0,0.0,0.0,True
organic,VU,2026-07-01,7,0,0.0,0,0.0,0,0.0,0.0,0.0,0.0,0.0,0.0,False
organic,WF,2026-07-01,1,0,0.0,0,0.0,0,0.0,0.0,0.0,0.0,0.0,0.0,False
organic,WS,2026-07-01,15,0,0.0,0,0.0,0,0.0,0.0,0.0,0.0,0.0,0.0,False
organic,XK,2026-07-01,15,0,0.0,0,0.0,0,0.0,0.0,0.0,0.0,0.0,0.0,False
organic,YT,2026-07-01,5,0,0.0,0,0.0,0,0.0,0.0,0.0,0.0,0.0,0.0,False
organic,ZA,2026-07-01,2584,0,0.0,0,0.0,38,9940.0,9850.0,90.0,0.0,0.0,0.0,True
organic,ZM,2026-07-01,184,0,0.0,0,0.0,3,230.0,230.0,0.0,0.0,0.0,0.0,False
ppc,AD,2026-07-01,60,59,221.03059999999996,0,0.0,4,1790.0,1790.0,0.0,0.0,0.0,0.0,False
ppc,AE,2026-07-01,332,321,1561.1853999999998,0,0.0,6,2695.0,2695.0,0.0,0.0,0.0,0.0,False
ppc,AF,2026-07-01,1,1,9.2352,0,0.0,0,0.0,0.0,0.0,0.0,0.0,0.0,False
ppc,AG,2026-07-01,49,48,159.7438,0,0.0,0,0.0,0.0,0.0,0.0,0.0,0.0,False
ppc,AI,2026-07-01,28,27,201.28740000000005,0,0.0,0,0.0,0.0,0.0,0.0,0.0,0.0,False
ppc,AL,2026-07-01,232,229,1321.9064000000003,0,0.0,6,1045.0,1045.0,0.0,0.0,0.0,0.0,False
ppc,AM,2026-07-01,183,177,1116.6008000000002,0,0.0,0,0.0,0.0,0.0,0.0,0.0,0.0,False
ppc,AO,2026-07-01,982,917,1819.0384000000001,0,0.0,3,195.0,195.0,0.0,0.0,0.0,0.0,True
ppc,AQ,2026-07-01,5,5,43.4602,0,0.0,1,150.0,150.0,0.0,0.0,0.0,0.0,False
ppc,AR,2026-07-01,2906,2839,9861.417600000002,0,0.0,36,5470.0,5470.0,0.0,0.0,0.0,0.0,True
ppc,AS,2026-07-01,33,30,242.2686,0,0.0,2,260.0,260.0,0.0,0.0,0.0,0.0,False
ppc,AT,2026-07-01,464,460,4811.4800000000005,0,0.0,7,2915.0,2765.0,150.0,0.0,0.0,0.0,False
ppc,AU,2026-07-01,7759,7611,87012.79639999998,0,0.0,255,177085.0,176695.0,390.0,0.0,0.0,0.0,True
ppc,AW,2026-07-01,83,83,402.97439999999995,0,0.0,1,65.0,65.0,0.0,0.0,0.0,0.0,False
ppc,AX,2026-07-01,22,22,181.189,0,0.0,2,215.0,215.0,0.0,0.0,0.0,0.0,False
ppc,AZ,2026-07-01,410,406,2125.7758,0,0.0,2,300.0,300.0,0.0,0.0,0.0,0.0,False
ppc,BB,2026-07-01,114,113,700.3212000000001,0,0.0,2,310.0,310.0,0.0,0.0,0.0,0.0,False
ppc,BD,2026-07-01,4156,4049,4680.078199999992,0,0.0,5,530.0,530.0,0.0,0.0,0.0,0.0,True
ppc,BE,2026-07-01,1530,1506,11712.771800000004,0,0.0,43,13765.0,13655.0,110.0,0.0,0.0,0.0,True
ppc,BF,2026-07-01,693,675,1588.4914,0,0.0,3,455.0,455.0,0.0,0.0,0.0,0.0,True
ppc,BG,2026-07-01,447,437,2574.9705999999996,0,0.0,13,5870.0,5870.0,0.0,0.0,0.0,0.0,False
ppc,BH,2026-07-01,21,19,67.562,0,0.0,0,0.0,0.0,0.0,0.0,0.0,0.0,False
ppc,BJ,2026-07-01,2992,2947,5172.170799999997,0,0.0,13,1885.0,1885.0,0.0,0.0,0.0,0.0,True
ppc,BL,2026-07-01,3,3,14.466999999999999,0,0.0,1,1850.0,1850.0,0.0,0.0,0.0,0.0,False
ppc,BM,2026-07-01,40,39,325.452,0,0.0,1,875.0,875.0,0.0,0.0,0.0,0.0,False
ppc,BN,2026-07-01,104,101,600.5544,0,0.0,0,0.0,0.0,0.0,0.0,0.0,0.0,False
ppc,BO,2026-07-01,776,766,2113.5658,0,0.0,1,370.0,370.0,0.0,0.0,0.0,0.0,True
ppc,BQ,2026-07-01,31,31,225.0044,0,0.0,0,0.0,0.0,0.0,0.0,0.0,0.0,False
ppc,BR,2026-07-01,28386,27767,83634.43000000011,0,0.0,522,143305.0,142815.0,490.0,0.0,0.0,0.0,True
ppc,BS,2026-07-01,206,198,1030.9828,0,0.0,5,755.0,755.0,0.0,0.0,0.0,0.0,False
ppc,BT,2026-07-01,178,169,538.7644,0,0.0,0,0.0,0.0,0.0,0.0,0.0,0.0,False
ppc,BV,2026-07-01,1,1,1.2506,0,0.0,0,0.0,0.0,0.0,0.0,0.0,0.0,False
ppc,BW,2026-07-01,838,825,3725.0933999999997,0,0.0,8,1500.0,1500.0,0.0,0.0,0.0,0.0,True
ppc,BY,2026-07-01,1,1,1.332,0,0.0,0,0.0,0.0,0.0,0.0,0.0,0.0,False
ppc,BZ,2026-07-01,145,138,565.841,0,0.0,1,150.0,150.0,0.0,0.0,0.0,0.0,False
ppc,CA,2026-07-01,10739,10434,112800.90840000009,0,0.0,325,187425.0,186915.0,510.0,0.0,0.0,0.0,True
ppc,CH,2026-07-01,1091,1066,8698.315200000001,0,0.0,29,17925.0,17800.0,125.0,0.0,0.0,0.0,True
ppc,CI,2026-07-01,5872,5762,10102.198799999996,0,0.0,87,7720.0,7720.0,0.0,0.0,0.0,0.0,True
ppc,CK,2026-07-01,18,18,80.8302,0,0.0,0,0.0,0.0,0.0,0.0,0.0,0.0,False
ppc,CL,2026-07-01,3531,3453,12815.208999999995,0,0.0,69,14520.0,14520.0,0.0,0.0,0.0,0.0,True
ppc,CM,2026-07-01,4789,4686,8165.774199999996,0,0.0,63,12050.0,12050.0,0.0,0.0,0.0,0.0,True
ppc,CN,2026-07-01,285,278,752.025,0,0.0,0,0.0,0.0,0.0,0.0,0.0,0.0,False
ppc,CO,2026-07-01,8501,8342,25180.505399999965,0,0.0,133,30780.0,30510.0,270.0,0.0,0.0,0.0,True
ppc,CR,2026-07-01,1324,1289,3923.5761999999986,0,0.0,13,2700.0,2700.0,0.0,0.0,0.0,0.0,True
ppc,CV,2026-07-01,174,171,694.2531999999999,0,0.0,1,235.0,235.0,0.0,0.0,0.0,0.0,False
ppc,CW,2026-07-01,150,148,999.8510000000001,0,0.0,0,0.0,0.0,0.0,0.0,0.0,0.0,False
ppc,CX,2026-07-01,1,1,0.13319999999999999,0,0.0,0,0.0,0.0,0.0,0.0,0.0,0.0,False
ppc,CY,2026-07-01,279,272,1879.6295999999998,0,0.0,5,3850.0,3725.0,125.0,0.0,0.0,0.0,False
ppc,CZ,2026-07-01,237,234,1726.4644000000003,0,0.0,9,8725.0,8725.0,0.0,0.0,0.0,0.0,False
ppc,DE,2026-07-01,4276,4189,35559.40499999998,0,0.0,73,33390.0,33290.0,100.0,0.0,0.0,0.0,True
ppc,DJ,2026-07-01,274,269,1003.8470000000001,0,0.0,0,0.0,0.0,0.0,0.0,0.0,0.0,False
ppc,DK,2026-07-01,300,294,3258.1681999999996,0,0.0,13,5100.0,5100.0,0.0,0.0,0.0,0.0,False
ppc,DM,2026-07-01,27,27,151.7222,0,0.0,0,0.0,0.0,0.0,0.0,0.0,0.0,False
ppc,DO,2026-07-01,1850,1793,5933.7343999999985,0,0.0,17,3110.0,3110.0,0.0,0.0,0.0,0.0,True
ppc,DZ,2026-07-01,327,312,1060.3534,0,0.0,3,1155.0,1155.0,0.0,0.0,0.0,0.0,False
ppc,EC,2026-07-01,2211,2180,6436.8974,0,0.0,8,900.0,900.0,0.0,0.0,0.0,0.0,True
ppc,EE,2026-07-01,134,133,1320.6336000000001,0,0.0,2,410.0,410.0,0.0,0.0,0.0,0.0,False
ppc,EG,2026-07-01,1,1,6.748799999999999,0,0.0,0,0.0,0.0,0.0,0.0,0.0,0.0,False
ppc,ES,2026-07-01,4659,4565,24208.071400000015,0,0.0,98,31630.0,31630.0,0.0,0.0,0.0,0.0,True
ppc,ET,2026-07-01,2,2,12.602199999999998,0,0.0,0,0.0,0.0,0.0,0.0,0.0,0.0,False
ppc,FI,2026-07-01,374,366,3304.9584,0,0.0,14,3205.0,3205.0,0.0,0.0,0.0,0.0,False
ppc,FJ,2026-07-01,869,815,2168.2000000000003,0,0.0,1,65.0,65.0,0.0,0.0,0.0,0.0,True
ppc,FK,2026-07-01,3,3,13.690000000000001,0,0.0,0,0.0,0.0,0.0,0.0,0.0,0.0,False
ppc,FM,2026-07-01,39,38,88.59280000000001,0,0.0,0,0.0,0.0,0.0,0.0,0.0,0.0,False
ppc,FO,2026-07-01,14,14,92.38900000000001,0,0.0,0,0.0,0.0,0.0,0.0,0.0,0.0,False
ppc,FR,2026-07-01,12058,11826,72594.25159999989,0,0.0,192,48255.0,48000.0,255.0,0.0,0.0,0.0,True
ppc,GA,2026-07-01,335,329,928.4853999999998,0,0.0,2,215.0,215.0,0.0,0.0,0.0,0.0,False
ppc,GB,2026-07-01,13960,13682,172318.86420000013,0,0.0,407,222295.0,221670.0,625.0,0.0,0.0,0.0,True
ppc,GD,2026-07-01,40,40,163.7916,0,0.0,1,200.0,200.0,0.0,0.0,0.0,0.0,False
ppc,GE,2026-07-01,303,300,1447.9432,0,0.0,3,765.0,765.0,0.0,0.0,0.0,0.0,False
ppc,GF,2026-07-01,165,160,731.7120000000001,0,0.0,8,2365.0,2365.0,0.0,0.0,0.0,0.0,False
ppc,GG,2026-07-01,25,25,175.6612,0,0.0,1,645.0,645.0,0.0,0.0,0.0,0.0,False
ppc,GH,2026-07-01,4,4,9.590399999999999,0,0.0,0,0.0,0.0,0.0,0.0,0.0,0.0,False
ppc,GI,2026-07-01,18,18,190.7276,0,0.0,0,0.0,0.0,0.0,0.0,0.0,0.0,False
ppc,GL,2026-07-01,16,15,107.15940000000002,0,0.0,1,65.0,65.0,0.0,0.0,0.0,0.0,False
ppc,GM,2026-07-01,240,233,1216.3824,0,0.0,2,305.0,305.0,0.0,0.0,0.0,0.0,False
ppc,GN,2026-07-01,679,676,1108.5496000000003,0,0.0,8,1745.0,1745.0,0.0,0.0,0.0,0.0,True
ppc,GP,2026-07-01,417,409,1958.2768,0,0.0,9,670.0,670.0,0.0,0.0,0.0,0.0,False
ppc,GQ,2026-07-01,104,102,339.6008,0,0.0,0,0.0,0.0,0.0,0.0,0.0,0.0,False
ppc,GR,2026-07-01,588,576,4865.537,0,0.0,14,3350.0,3350.0,0.0,0.0,0.0,0.0,True
ppc,GT,2026-07-01,569,554,1794.5148,0,0.0,8,4870.0,4870.0,0.0,0.0,0.0,0.0,True
ppc,GU,2026-07-01,99,95,791.5484000000001,0,0.0,1,150.0,150.0,0.0,0.0,0.0,0.0,False
ppc,GY,2026-07-01,499,487,1520.0784000000003,0,0.0,0,0.0,0.0,0.0,0.0,0.0,0.0,False
ppc,HK,2026-07-01,482,471,2577.4718,0,0.0,5,1080.0,1080.0,0.0,0.0,0.0,0.0,False
ppc,HN,2026-07-01,934,918,2573.313,0,0.0,2,545.0,545.0,0.0,0.0,0.0,0.0,True
ppc,HR,2026-07-01,303,298,2260.2855999999997,0,0.0,8,1240.0,1240.0,0.0,0.0,0.0,0.0,False
ppc,HT,2026-07-01,3,3,6.2826,0,0.0,0,0.0,0.0,0.0,0.0,0.0,0.0,False
ppc,HU,2026-07-01,391,383,2649.718,0,0.0,10,29135.0,29090.0,45.0,0.0,0.0,0.0,False
ppc,ID,2026-07-01,1503,1449,1980.6248,0,0.0,1,3340.0,3340.0,0.0,0.0,0.0,0.0,True
ppc,IE,2026-07-01,1342,1312,14978.229,0,0.0,47,46440.0,46315.0,125.0,0.0,0.0,0.0,True
ppc,IL,2026-07-01,837,823,6353.144200000001,0,0.0,21,9830.0,9660.0,170.0,0.0,0.0,0.0,True
ppc,IM,2026-07-01,17,17,130.9504,0,0.0,0,0.0,0.0,0.0,0.0,0.0,0.0,False
ppc,IN,2026-07-01,39503,38473,45805.00840000016,0,0.0,190,73025.0,73025.0,0.0,0.0,0.0,0.0,True
ppc,IO,2026-07-01,3,3,21.7264,0,0.0,0,0.0,0.0,0.0,0.0,0.0,0.0,False
ppc,IQ,2026-07-01,1,1,25.8408,0,0.0,0,0.0,0.0,0.0,0.0,0.0,0.0,False
ppc,IR,2026-07-01,1,1,2.516,0,0.0,0,0.0,0.0,0.0,0.0,0.0,0.0,False
ppc,IS,2026-07-01,40,39,361.3642,0,0.0,2,905.0,905.0,0.0,0.0,0.0,0.0,False
ppc,IT,2026-07-01,4751,4673,28295.668600000008,0,0.0,74,23750.0,23750.0,0.0,0.0,0.0,0.0,True
ppc,JE,2026-07-01,38,38,237.28099999999998,0,0.0,0,0.0,0.0,0.0,0.0,0.0,0.0,False
ppc,JM,2026-07-01,1225,1195,7092.4486,0,0.0,23,10835.0,10835.0,0.0,0.0,0.0,0.0,True
ppc,JO,2026-07-01,12,12,71.61720000000001,0,0.0,1,65.0,65.0,0.0,0.0,0.0,0.0,False
ppc,JP,2026-07-01,1149,1122,9792.501400000001,0,0.0,17,14760.0,14760.0,0.0,0.0,0.0,0.0,True
ppc,KE,2026-07-01,7193,7079,27031.837399999964,0,0.0,45,6865.0,6865.0,0.0,0.0,0.0,0.0,True
ppc,KG,2026-07-01,121,120,542.5606,0,0.0,2,350.0,350.0,0.0,0.0,0.0,0.0,False
ppc,KH,2026-07-01,168,161,203.27800000000002,0,0.0,0,0.0,0.0,0.0,0.0,0.0,0.0,False
ppc,KI,2026-07-01,108,104,204.49159999999998,0,0.0,0,0.0,0.0,0.0,0.0,0.0,0.0,False
ppc,KM,2026-07-01,73,71,170.34799999999998,0,0.0,1,65.0,65.0,0.0,0.0,0.0,0.0,False
ppc,KN,2026-07-01,22,22,99.0046,0,0.0,1,65.0,65.0,0.0,0.0,0.0,0.0,False
ppc,KR,2026-07-01,1476,1449,12022.261999999997,0,0.0,19,11605.0,11515.0,90.0,0.0,0.0,0.0,True
ppc,KW,2026-07-01,36,36,122.21099999999998,0,0.0,1,150.0,150.0,0.0,0.0,0.0,0.0,False
ppc,KY,2026-07-01,64,63,775.52,0,0.0,3,405.0,405.0,0.0,0.0,0.0,0.0,False
ppc,KZ,2026-07-01,75,73,151.7074,0,0.0,5,4430.0,4430.0,0.0,0.0,0.0,0.0,False
ppc,LA,2026-07-01,172,163,612.2241999999999,0,0.0,0,0.0,0.0,0.0,0.0,0.0,0.0,False
ppc,LC,2026-07-01,65,63,308.12120000000004,0,0.0,0,0.0,0.0,0.0,0.0,0.0,0.0,False
ppc,LI,2026-07-01,4,3,9.723600000000001,0,0.0,1,65.0,65.0,0.0,0.0,0.0,0.0,False
ppc,LK,2026-07-01,400,397,2759.4156000000003,0,0.0,13,1450.0,1450.0,0.0,0.0,0.0,0.0,False
ppc,LS,2026-07-01,184,181,1043.9624,0,0.0,1,110.0,110.0,0.0,0.0,0.0,0.0,False
ppc,LT,2026-07-01,183,180,1548.117,0,0.0,2,220.0,220.0,0.0,0.0,0.0,0.0,False
ppc,LU,2026-07-01,163,161,1216.8338,0,0.0,4,765.0,765.0,0.0,0.0,0.0,0.0,False
ppc,LV,2026-07-01,200,196,1580.3366,0,0.0,8,835.0,835.0,0.0,0.0,0.0,0.0,False
ppc,MA,2026-07-01,58,57,302.8302,0,0.0,1,65.0,65.0,0.0,0.0,0.0,0.0,False
ppc,MC,2026-07-01,12,12,72.3128,0,0.0,1,65.0,65.0,0.0,0.0,0.0,0.0,False
ppc,MD,2026-07-01,168,167,1012.6381999999996,0,0.0,0,0.0,0.0,0.0,0.0,0.0,0.0,False
ppc,ME,2026-07-01,93,92,1064.3568,0,0.0,0,0.0,0.0,0.0,0.0,0.0,0.0,False
ppc,MF,2026-07-01,7,7,65.638,0,0.0,1,65.0,65.0,0.0,0.0,0.0,0.0,False
ppc,MG,2026-07-01,1754,1725,3256.059199999999,0,0.0,6,425.0,425.0,0.0,0.0,0.0,0.0,True
ppc,MH,2026-07-01,23,23,41.0182,0,0.0,0,0.0,0.0,0.0,0.0,0.0,0.0,False
ppc,MK,2026-07-01,163,161,918.0366000000001,0,0.0,1,200.0,200.0,0.0,0.0,0.0,0.0,False
ppc,MN,2026-07-01,163,158,662.0262,0,0.0,0,0.0,0.0,0.0,0.0,0.0,0.0,False
ppc,MO,2026-07-01,26,26,198.30520000000004,0,0.0,0,0.0,0.0,0.0,0.0,0.0,0.0,False
ppc,MP,2026-07-01,6,6,20.3722,0,0.0,0,0.0,0.0,0.0,0.0,0.0,0.0,False
ppc,MQ,2026-07-01,401,389,1932.6728000000003,0,0.0,9,2785.0,2785.0,0.0,0.0,0.0,0.0,False
ppc,MR,2026-07-01,212,207,679.5124000000001,0,0.0,4,645.0,645.0,0.0,0.0,0.0,0.0,False
ppc,MS,2026-07-01,2,2,6.6896,0,0.0,0,0.0,0.0,0.0,0.0,0.0,0.0,False
ppc,MT,2026-07-01,179,175,1584.7617999999995,0,0.0,3,450.0,450.0,0.0,0.0,0.0,0.0,False
ppc,MU,2026-07-01,693,686,2861.838999999999,0,0.0,10,2080.0,2080.0,0.0,0.0,0.0,0.0,True
ppc,MV,2026-07-01,79,78,446.1756,0,0.0,1,110.0,110.0,0.0,0.0,0.0,0.0,False
ppc,MW,2026-07-01,109,107,152.86919999999998,0,0.0,0,0.0,0.0,0.0,0.0,0.0,0.0,False
ppc,MX,2026-07-01,11961,11713,33166.53359999991,0,0.0,120,40785.0,40640.0,145.0,0.0,0.0,0.0,True
ppc,MY,2026-07-01,2668,2632,11391.7154,0,0.0,41,15950.0,15950.0,0.0,0.0,0.0,0.0,True
ppc,MZ,2026-07-01,1686,1643,3378.544,0,0.0,1,65.0,65.0,0.0,0.0,0.0,0.0,True
ppc,NA,2026-07-01,1461,1436,6196.560199999998,0,0.0,8,2980.0,2980.0,0.0,0.0,0.0,0.0,True
ppc,NC,2026-07-01,87,85,397.40959999999995,0,0.0,1,150.0,150.0,0.0,0.0,0.0,0.0,False
ppc,NE,2026-07-01,437,429,1340.5025999999998,0,0.0,4,295.0,295.0,0.0,0.0,0.0,0.0,False
ppc,NG,2026-07-01,2,2,19.7802,0,0.0,0,0.0,0.0,0.0,0.0,0.0,0.0,False
ppc,NI,2026-07-01,2,1,0.8066000000000001,0,0.0,0,0.0,0.0,0.0,0.0,0.0,0.0,False
ppc,NL,2026-07-01,2695,2617,18887.619400000007,0,0.0,46,9450.0,9450.0,0.0,0.0,0.0,0.0,True
ppc,NO,2026-07-01,350,343,3233.504,0,0.0,10,10370.0,10370.0,0.0,0.0,0.0,0.0,False
ppc,NP,2026-07-01,8,8,38.665,0,0.0,0,0.0,0.0,0.0,0.0,0.0,0.0,False
ppc,NR,2026-07-01,3,3,6.8228,0,0.0,1,165.0,165.0,0.0,0.0,0.0,0.0,False
ppc,NZ,2026-07-01,1972,1922,22494.54960000001,0,0.0,55,32735.0,32510.0,225.0,0.0,0.0,0.0,True
ppc,OM,2026-07-01,75,71,441.3804,0,0.0,1,65.0,65.0,0.0,0.0,0.0,0.0,False
ppc,PA,2026-07-01,783,766,2939.3095999999996,0,0.0,8,1070.0,1070.0,0.0,0.0,0.0,0.0,True
ppc,PE,2026-07-01,3095,3045,10135.8688,0,0.0,31,5505.0,5505.0,0.0,0.0,0.0,0.0,True
ppc,PF,2026-07-01,133,129,1012.2164,0,0.0,2,260.0,260.0,0.0,0.0,0.0,0.0,False
ppc,PG,2026-07-01,1715,1436,1800.8936000000008,0,0.0,6,1380.0,1380.0,0.0,0.0,0.0,0.0,True
ppc,PH,2026-07-01,7309,7066,22586.302199999984,0,0.0,47,11115.0,11115.0,0.0,0.0,0.0,0.0,True
ppc,PK,2026-07-01,89,86,525.3482,0,0.0,0,0.0,0.0,0.0,0.0,0.0,0.0,False
ppc,PL,2026-07-01,612,599,4104.772599999999,0,0.0,9,2580.0,2580.0,0.0,0.0,0.0,0.0,True
ppc,PM,2026-07-01,2,2,4.913600000000001,0,0.0,0,0.0,0.0,0.0,0.0,0.0,0.0,False
ppc,PR,2026-07-01,999,984,4793.9272,0,0.0,23,7975.0,7975.0,0.0,0.0,0.0,0.0,True
ppc,PT,2026-07-01,1884,1853,9937.630199999998,0,0.0,26,4900.0,4855.0,45.0,0.0,0.0,0.0,True
ppc,PW,2026-07-01,19,19,28.253200000000003,0,0.0,0,0.0,0.0,0.0,0.0,0.0,0.0,False
ppc,PY,2026-07-01,706,690,2137.334599999999,0,0.0,4,675.0,675.0,0.0,0.0,0.0,0.0,True
ppc,QA,2026-07-01,34,33,131.1428,0,0.0,1,65.0,65.0,0.0,0.0,0.0,0.0,False
ppc,RE,2026-07-01,398,397,1734.3971999999997,0,0.0,10,2460.0,2460.0,0.0,0.0,0.0,0.0,False
ppc,RO,2026-07-01,772,763,5406.514,0,0.0,13,1560.0,1560.0,0.0,0.0,0.0,0.0,True
ppc,RS,2026-07-01,647,642,3307.134,0,0.0,8,1635.0,1635.0,0.0,0.0,0.0,0.0,True
ppc,RU,2026-07-01,16,15,138.861,0,0.0,0,0.0,0.0,0.0,0.0,0.0,0.0,False
ppc,RW,2026-07-01,241,211,460.28,0,0.0,1,65.0,65.0,0.0,0.0,0.0,0.0,False
ppc,SA,2026-07-01,37,37,339.3936,0,0.0,1,65.0,65.0,0.0,0.0,0.0,0.0,False
ppc,SB,2026-07-01,103,100,363.9986,0,0.0,0,0.0,0.0,0.0,0.0,0.0,0.0,False
ppc,SC,2026-07-01,82,81,481.4144,0,0.0,3,740.0,740.0,0.0,0.0,0.0,0.0,False
ppc,SE,2026-07-01,597,588,5928.5174,0,0.0,30,8170.0,8170.0,0.0,0.0,0.0,0.0,True
ppc,SG,2026-07-01,1324,1294,10490.5656,0,0.0,36,16770.0,16770.0,0.0,0.0,0.0,0.0,True
ppc,SH,2026-07-01,3,3,37.3256,0,0.0,0,0.0,0.0,0.0,0.0,0.0,0.0,False
ppc,SI,2026-07-01,136,133,1103.007,0,0.0,4,1450.0,1450.0,0.0,0.0,0.0,0.0,False
ppc,SK,2026-07-01,155,151,1060.2572,0,0.0,3,1885.0,1885.0,0.0,0.0,0.0,0.0,False
ppc,SL,2026-07-01,187,187,1107.669,0,0.0,0,0.0,0.0,0.0,0.0,0.0,0.0,False
ppc,SM,2026-07-01,8,8,39.2718,0,0.0,0,0.0,0.0,0.0,0.0,0.0,0.0,False
ppc,SN,2026-07-01,4734,4601,8849.275199999998,0,0.0,104,12525.0,12435.0,90.0,0.0,0.0,0.0,True
ppc,SR,2026-07-01,180,180,676.952,0,0.0,1,65.0,65.0,0.0,0.0,0.0,0.0,False
ppc,ST,2026-07-01,19,19,33.152,0,0.0,0,0.0,0.0,0.0,0.0,0.0,0.0,False
ppc,SV,2026-07-01,1010,998,2609.3362,0,0.0,4,460.0,460.0,0.0,0.0,0.0,0.0,True
ppc,SX,2026-07-01,56,56,366.4406,0,0.0,0,0.0,0.0,0.0,0.0,0.0,0.0,False
ppc,SZ,2026-07-01,194,191,705.2496000000001,0,0.0,0,0.0,0.0,0.0,0.0,0.0,0.0,False
ppc,TC,2026-07-01,43,43,332.1194,0,0.0,2,300.0,300.0,0.0,0.0,0.0,0.0,False
ppc,TD,2026-07-01,336,332,904.3688000000001,0,0.0,1,65.0,65.0,0.0,0.0,0.0,0.0,False
ppc,TF,2026-07-01,1,1,1.5836000000000001,0,0.0,0,0.0,0.0,0.0,0.0,0.0,0.0,False
ppc,TG,2026-07-01,968,955,1766.1062,0,0.0,9,1810.0,1810.0,0.0,0.0,0.0,0.0,True
ppc,TH,2026-07-01,1160,1130,5358.1254,0,0.0,14,7510.0,7510.0,0.0,0.0,0.0,0.0,True
ppc,TJ,2026-07-01,51,49,285.9508,0,0.0,0,0.0,0.0,0.0,0.0,0.0,0.0,False
ppc,TL,2026-07-01,78,78,201.64999999999998,0,0.0,0,0.0,0.0,0.0,0.0,0.0,0.0,False
ppc,TM,2026-07-01,4,3,11.4848,0,0.0,0,0.0,0.0,0.0,0.0,0.0,0.0,False
ppc,TO,2026-07-01,26,26,46.4794,0,0.0,0,0.0,0.0,0.0,0.0,0.0,0.0,False
ppc,TR,2026-07-01,2176,2137,12396.043399999999,0,0.0,32,13640.0,13640.0,0.0,0.0,0.0,0.0,True
ppc,TT,2026-07-01,432,427,3664.8426,0,0.0,5,2585.0,2315.0,270.0,0.0,0.0,0.0,False
ppc,TV,2026-07-01,7,7,36.63740000000001,0,0.0,0,0.0,0.0,0.0,0.0,0.0,0.0,False
ppc,TW,2026-07-01,430,425,2275.87,0,0.0,10,10315.0,10315.0,0.0,0.0,0.0,0.0,False
ppc,TZ,2026-07-01,1349,1318,2079.163200000001,0,0.0,10,1665.0,1665.0,0.0,0.0,0.0,0.0,True
ppc,UA,2026-07-01,3,3,45.954,0,0.0,0,0.0,0.0,0.0,0.0,0.0,0.0,False
ppc,UG,2026-07-01,4383,4255,5808.53379999999,0,0.0,0,0.0,0.0,0.0,0.0,0.0,0.0,True
ppc,UNKNOWN,2026-07-01,43,43,271.73539999999997,0,0.0,1,310.0,310.0,0.0,0.0,0.0,0.0,False
ppc,US,2026-07-01,100589,97982,1048387.8442000024,0,0.0,3031,1931370.0,1924455.0,6915.0,0.0,0.0,0.0,True
ppc,UY,2026-07-01,1056,1035,4400.395199999999,0,0.0,17,2645.0,2645.0,0.0,0.0,0.0,0.0,True
ppc,UZ,2026-07-01,440,432,1413.7552,0,0.0,5,470.0,405.0,65.0,0.0,0.0,0.0,False
ppc,VC,2026-07-01,48,47,219.1362,0,0.0,3,1045.0,1045.0,0.0,0.0,0.0,0.0,False
ppc,VG,2026-07-01,25,25,257.8382,0,0.0,0,0.0,0.0,0.0,0.0,0.0,0.0,False
ppc,VI,2026-07-01,60,59,455.27020000000005,0,0.0,2,350.0,350.0,0.0,0.0,0.0,0.0,False
ppc,VN,2026-07-01,734,712,3667.7655999999997,0,0.0,3,195.0,195.0,0.0,0.0,0.0,0.0,True
ppc,VU,2026-07-01,45,44,187.8194,0,0.0,1,65.0,65.0,0.0,0.0,0.0,0.0,False
ppc,WF,2026-07-01,5,5,20.3204,0,0.0,0,0.0,0.0,0.0,0.0,0.0,0.0,False
ppc,WS,2026-07-01,44,40,105.38340000000001,0,0.0,0,0.0,0.0,0.0,0.0,0.0,0.0,False
ppc,XK,2026-07-01,71,71,539.4304,0,0.0,1,155.0,155.0,0.0,0.0,0.0,0.0,False
ppc,YT,2026-07-01,72,71,256.8318,0,0.0,4,845.0,845.0,0.0,0.0,0.0,0.0,False
ppc,ZA,2026-07-01,10845,10742,75896.13899999988,0,0.0,202,42560.0,42325.0,235.0,0.0,0.0,0.0,True
ppc,ZM,2026-07-01,913,865,996.2990000000003,0,0.0,8,2155.0,2155.0,0.0,0.0,0.0,0.0,True
