network,country,cohort_month,registrations,no_session_rate,d7_rate,med_sessions,ppc_registrations,ppc_no_session_rate,ppc_d7_rate,no_session_ratio,d7_ratio,sample_ok,incentivized_alert
1002,AD,2026-01-01,5,0.0,0.2,18.0,61,0.0492,0.1148,0.0,1.743,False,False
1002,AE,2026-01-01,3,0.0,0.0,5.0,99,0.0202,0.1212,0.0,0.0,False,False
1002,AG,2026-01-01,2,0.5,0.0,3.0,32,0.0625,0.0938,8.0,0.0,False,False
1002,AI,2026-01-01,2,0.0,0.5,18.5,63,0.1111,0.1111,0.0,4.5,False,False
1002,AL,2026-01-01,8,0.0,0.0,2.5,258,0.0698,0.1047,0.0,0.0,False,False
1002,AM,2026-01-01,2,0.5,0.0,1.0,158,0.1013,0.0443,4.938,0.0,False,False
1002,AO,2026-01-01,2,0.0,0.0,7.0,401,0.1297,0.0698,0.0,0.0,False,False
1002,AQ,2026-01-01,2,0.0,0.5,112.0,10,0.0,0.4,,1.25,False,False
1002,AR,2026-01-01,14,0.1429,0.0714,2.0,8269,0.145,0.1057,0.985,0.676,False,False
1002,AS,2026-01-01,1,0.0,0.0,14.0,45,0.0667,0.1111,0.0,0.0,False,False
1002,AT,2026-01-01,90,0.0778,0.0667,3.0,740,0.1486,0.0811,0.523,0.822,False,False
1002,AU,2026-01-01,1241,0.0653,0.0612,3.0,10946,0.1259,0.08,0.518,0.765,True,False
1002,AW,2026-01-01,2,0.0,0.0,24.0,124,0.1129,0.129,0.0,0.0,False,False
1002,AX,2026-01-01,6,0.0,0.5,80.5,54,0.0,0.2407,,2.077,False,False
1002,BA,2026-01-01,1,0.0,0.0,3.0,,,,,,False,False
1002,BD,2026-01-01,10,0.0,0.0,1.0,35,0.1143,0.1429,0.0,0.0,False,False
1002,BE,2026-01-01,157,0.1146,0.0573,4.0,1710,0.1392,0.0865,0.824,0.662,False,False
1002,BG,2026-01-01,9,0.0,0.0,1.0,792,0.1301,0.053,0.0,0.0,False,False
1002,BR,2026-01-01,18,0.0,0.1667,4.5,50852,0.1322,0.0983,0.0,1.695,False,False
1002,BS,2026-01-01,6,0.0,0.1667,5.5,196,0.1122,0.1173,0.0,1.42,False,False
1002,BT,2026-01-01,2,0.0,0.0,1.0,130,0.0846,0.0308,0.0,0.0,False,False
1002,BZ,2026-01-01,2,0.0,0.5,5.5,104,0.1635,0.1058,0.0,4.727,False,False
1002,CA,2026-01-01,1332,0.0713,0.0495,2.0,15781,0.1226,0.0855,0.582,0.579,True,False
1002,CH,2026-01-01,96,0.0833,0.0625,3.0,1594,0.1581,0.0715,0.527,0.874,False,False
1002,CI,2026-01-01,5,0.0,0.0,2.0,40,0.075,0.2,0.0,0.0,False,False
1002,CL,2026-01-01,7,0.1429,0.0,3.0,5808,0.1283,0.1047,1.114,0.0,False,False
1002,CM,2026-01-01,2,0.0,0.0,6.0,16,0.0625,0.125,0.0,0.0,False,False
1002,CN,2026-01-01,9,0.1111,0.0,3.0,225,0.1467,0.0844,0.758,0.0,False,False
1002,CO,2026-01-01,19,0.1053,0.0526,2.0,690,0.1217,0.1493,0.865,0.353,False,False
1002,CR,2026-01-01,4,0.25,0.0,10.0,1681,0.1273,0.0839,1.964,0.0,False,False
1002,CU,2026-01-01,1,0.0,0.0,1.0,,,,,,False,False
1002,CY,2026-01-01,3,0.3333,0.0,8.0,564,0.117,0.0567,2.848,0.0,False,False
1002,CZ,2026-01-01,3,0.0,0.0,17.0,45,0.0889,0.0667,0.0,0.0,False,False
1002,DE,2026-01-01,2087,0.1025,0.0388,2.0,3365,0.1578,0.0636,0.65,0.61,True,False
1002,DK,2026-01-01,83,0.0602,0.0964,4.0,413,0.1114,0.0605,0.541,1.592,False,False
1002,DO,2026-01-01,18,0.1667,0.0,2.0,2973,0.1483,0.0938,1.124,0.0,False,False
1002,DZ,2026-01-01,4,0.0,0.25,23.0,50,0.02,0.22,0.0,1.136,False,False
1002,EC,2026-01-01,10,0.0,0.0,3.5,178,0.1067,0.118,0.0,0.0,False,False
1002,EE,2026-01-01,1,0.0,0.0,1.0,238,0.1345,0.0672,0.0,0.0,False,False
1002,ES,2026-01-01,116,0.069,0.0603,3.0,11817,0.1355,0.083,0.509,0.727,False,False
1002,FI,2026-01-01,63,0.0476,0.0794,3.0,478,0.1067,0.069,0.446,1.15,False,False
1002,FJ,2026-01-01,4,0.0,0.0,1.0,118,0.1186,0.0932,0.0,0.0,False,False
1002,FR,2026-01-01,311,0.074,0.074,2.0,7237,0.126,0.0927,0.587,0.798,False,False
1002,GB,2026-01-01,1557,0.0861,0.061,3.0,21530,0.1218,0.0854,0.707,0.715,True,False
1002,GE,2026-01-01,10,0.0,0.1,4.5,67,0.1194,0.0896,0.0,1.117,False,False
1002,GI,2026-01-01,1,0.0,0.0,3.0,24,0.2083,0.0,0.0,,False,False
1002,GM,2026-01-01,2,0.0,0.5,6.5,41,0.0976,0.1463,0.0,3.417,False,False
1002,GQ,2026-01-01,2,0.0,0.0,4.5,44,0.2273,0.0682,0.0,0.0,False,False
1002,GR,2026-01-01,10,0.0,0.0,2.0,1061,0.1433,0.0679,0.0,0.0,False,False
1002,GT,2026-01-01,1,0.0,1.0,6.0,746,0.1139,0.0938,0.0,10.657,False,False
1002,GU,2026-01-01,1,0.0,0.0,2.0,179,0.1508,0.0894,0.0,0.0,False,False
1002,HK,2026-01-01,11,0.1818,0.0909,2.0,1525,0.1482,0.0643,1.227,1.415,False,False
1002,HN,2026-01-01,3,0.0,0.0,2.0,331,0.139,0.1057,0.0,0.0,False,False
1002,HR,2026-01-01,3,0.0,0.0,10.0,837,0.1195,0.1111,0.0,0.0,False,False
1002,HU,2026-01-01,6,0.0,0.0,3.0,87,0.1034,0.1724,0.0,0.0,False,False
1002,ID,2026-01-01,11,0.0909,0.0,2.5,8,0.375,0.0,0.242,,False,False
1002,IE,2026-01-01,142,0.1056,0.1127,4.0,2056,0.1172,0.0851,0.901,1.324,False,False
1002,IL,2026-01-01,13,0.2308,0.0,4.5,1659,0.1097,0.0729,2.104,0.0,False,False
1002,IN,2026-01-01,80,0.1,0.0375,1.0,155,0.1161,0.071,0.861,0.528,False,False
1002,IS,2026-01-01,4,0.0,0.0,6.0,117,0.0513,0.0855,0.0,0.0,False,False
1002,IT,2026-01-01,650,0.0831,0.0431,2.0,13798,0.1334,0.0742,0.623,0.58,True,False
1002,JM,2026-01-01,2,0.0,0.0,3.5,4777,0.121,0.0959,0.0,0.0,False,False
1002,JP,2026-01-01,34,0.0,0.0,2.0,334,0.1677,0.0659,0.0,0.0,False,False
1002,KE,2026-01-01,7,0.0,0.0,2.0,20774,0.0953,0.0794,0.0,0.0,False,False
1002,KG,2026-01-01,1,0.0,0.0,1.0,224,0.1429,0.1161,0.0,0.0,False,False
1002,KH,2026-01-01,27,0.0,0.037,2.0,14,0.0714,0.0714,0.0,0.519,False,False
1002,KI,2026-01-01,1,0.0,0.0,2.0,23,0.1739,0.0,0.0,,False,False
1002,KR,2026-01-01,16,0.125,0.0,2.0,421,0.1425,0.076,0.877,0.0,False,False
1002,KZ,2026-01-01,1,0.0,0.0,1.0,21,0.0,0.0952,,0.0,False,False
1002,LA,2026-01-01,1,0.0,0.0,9.0,305,0.1377,0.0557,0.0,0.0,False,False
1002,LC,2026-01-01,1,0.0,1.0,27.0,114,0.1579,0.1053,0.0,9.5,False,False
1002,LI,2026-01-01,1,0.0,0.0,6.0,8,0.125,0.0,0.0,,False,False
1002,LK,2026-01-01,5,0.0,0.0,1.0,600,0.13,0.0717,0.0,0.0,False,False
1002,LT,2026-01-01,4,0.0,0.0,2.5,36,0.0833,0.2222,0.0,0.0,False,False
1002,LU,2026-01-01,10,0.0,0.0,2.0,199,0.1206,0.0503,0.0,0.0,False,False
1002,LV,2026-01-01,12,0.0,0.0,2.0,408,0.1225,0.0931,0.0,0.0,False,False
1002,MA,2026-01-01,4,0.0,0.0,2.5,127,0.1024,0.063,0.0,0.0,False,False
1002,MC,2026-01-01,1,0.0,0.0,1.0,6,0.1667,0.1667,0.0,0.0,False,False
1002,MD,2026-01-01,2,0.0,0.0,1.0,499,0.1182,0.0681,0.0,0.0,False,False
1002,ME,2026-01-01,1,0.0,0.0,2.0,244,0.1639,0.0902,0.0,0.0,False,False
1002,MG,2026-01-01,1,0.0,0.0,1.0,401,0.0923,0.0623,0.0,0.0,False,False
1002,MK,2026-01-01,1,0.0,0.0,5.0,354,0.0989,0.0621,0.0,0.0,False,False
1002,MN,2026-01-01,2,0.5,0.0,1.0,89,0.1461,0.0787,3.423,0.0,False,False
1002,MT,2026-01-01,1,0.0,1.0,260.0,407,0.1351,0.0663,0.0,15.074,False,False
1002,MU,2026-01-01,4,0.0,0.0,1.0,581,0.1256,0.0706,0.0,0.0,False,False
1002,MV,2026-01-01,8,0.0,0.0,1.0,148,0.1081,0.0946,0.0,0.0,False,False
1002,MW,2026-01-01,1,0.0,0.0,1.0,3,0.0,0.0,,,False,False
1002,MX,2026-01-01,43,0.0465,0.0465,2.0,8571,0.1356,0.1015,0.343,0.458,False,False
1002,MY,2026-01-01,71,0.0563,0.0704,3.0,924,0.131,0.092,0.43,0.766,False,False
1002,MZ,2026-01-01,1,1.0,0.0,,494,0.1538,0.0425,6.5,0.0,False,False
1002,NA,2026-01-01,1,0.0,0.0,7.0,333,0.1021,0.1381,0.0,0.0,False,False
1002,NE,2026-01-01,1,0.0,0.0,2.0,92,0.1522,0.0761,0.0,0.0,False,False
1002,NL,2026-01-01,285,0.0772,0.0526,3.0,3820,0.1482,0.0686,0.521,0.767,False,False
1002,NO,2026-01-01,124,0.0968,0.0968,3.5,669,0.1031,0.0643,0.938,1.506,False,False
1002,NP,2026-01-01,1,0.0,0.0,1.0,7,0.1429,0.1429,0.0,0.0,False,False
1002,NZ,2026-01-01,241,0.0622,0.083,4.0,3056,0.1276,0.0949,0.488,0.875,False,False
1002,PA,2026-01-01,4,0.0,0.25,26.5,1343,0.1221,0.1013,0.0,2.469,False,False
1002,PE,2026-01-01,12,0.0833,0.0,3.0,291,0.0859,0.1615,0.97,0.0,False,False
1002,PH,2026-01-01,92,0.0435,0.0326,3.0,22304,0.1115,0.0811,0.39,0.402,False,False
1002,PK,2026-01-01,4,0.0,0.0,1.0,115,0.1043,0.0609,0.0,0.0,False,False
1002,PL,2026-01-01,11,0.0,0.0,4.0,208,0.1058,0.1058,0.0,0.0,False,False
1002,PR,2026-01-01,3,0.0,0.3333,3.0,1193,0.1442,0.0939,0.0,3.551,False,False
1002,PT,2026-01-01,36,0.0,0.0556,4.0,2992,0.125,0.0856,0.0,0.649,False,False
1002,PW,2026-01-01,1,0.0,0.0,5.0,18,0.3333,0.0,0.0,,False,False
1002,PY,2026-01-01,2,0.0,0.0,2.0,1045,0.1349,0.0995,0.0,0.0,False,False
1002,QA,2026-01-01,1,0.0,0.0,19.0,10,0.3,0.0,0.0,,False,False
1002,RO,2026-01-01,8,0.0,0.0,2.5,2440,0.1258,0.0762,0.0,0.0,False,False
1002,RS,2026-01-01,12,0.0833,0.0,6.0,1736,0.1071,0.0991,0.778,0.0,False,False
1002,RW,2026-01-01,2,0.0,0.0,1.0,31,0.129,0.0968,0.0,0.0,False,False
1002,SA,2026-01-01,1,0.0,0.0,2.0,48,0.0625,0.0417,0.0,0.0,False,False
1002,SE,2026-01-01,107,0.0654,0.0748,5.0,913,0.1281,0.0942,0.511,0.794,False,False
1002,SG,2026-01-01,41,0.0976,0.0244,1.0,3539,0.1173,0.0616,0.832,0.396,False,False
1002,SI,2026-01-01,10,0.1,0.0,2.0,402,0.0945,0.0945,1.058,0.0,False,False
1002,SK,2026-01-01,3,0.3333,0.0,7.0,422,0.1445,0.0924,2.306,0.0,False,False
1002,SM,2026-01-01,1,0.0,0.0,18.0,16,0.1875,0.0625,0.0,0.0,False,False
1002,SN,2026-01-01,1,0.0,0.0,6.0,21,0.1429,0.1905,0.0,0.0,False,False
1002,SZ,2026-01-01,1,0.0,0.0,7.0,234,0.1453,0.0299,0.0,0.0,False,False
1002,TD,2026-01-01,1,0.0,0.0,4.0,87,0.1379,0.0805,0.0,0.0,False,False
1002,TH,2026-01-01,68,0.0147,0.0441,2.0,3511,0.141,0.0689,0.104,0.64,False,False
1002,TR,2026-01-01,15,0.0667,0.0667,2.0,623,0.0931,0.0851,0.716,0.784,False,False
1002,TT,2026-01-01,2,0.0,0.5,13.0,1037,0.1128,0.1138,0.0,4.394,False,False
1002,TW,2026-01-01,13,0.0,0.1538,4.0,1390,0.1353,0.0791,0.0,1.944,False,False
1002,TZ,2026-01-01,4,0.0,0.0,3.0,44,0.1364,0.0455,0.0,0.0,False,False
1002,UA,2026-01-01,1,0.0,0.0,1.0,5,0.0,0.0,,,False,False
1002,UG,2026-01-01,3,0.0,0.0,2.0,173,0.0462,0.2023,0.0,0.0,False,False
1002,US,2026-01-01,10320,0.0955,0.0634,3.0,120159,0.1359,0.086,0.703,0.737,True,False
1002,UY,2026-01-01,2,0.0,0.0,2.5,2147,0.1253,0.0755,0.0,0.0,False,False
1002,UZ,2026-01-01,4,0.25,0.25,2.0,533,0.1595,0.0638,1.568,3.919,False,False
1002,VG,2026-01-01,1,0.0,0.0,31.0,45,0.1111,0.0889,0.0,0.0,False,False
1002,VI,2026-01-01,1,0.0,0.0,5.0,64,0.2344,0.1094,0.0,0.0,False,False
1002,VN,2026-01-01,13,0.1538,0.0,3.0,242,0.0992,0.0868,1.551,0.0,False,False
1002,ZA,2026-01-01,29,0.1379,0.0345,2.0,329,0.0821,0.1763,1.681,0.196,False,False
1002,ZM,2026-01-01,1,0.0,0.0,50.0,11,0.1818,0.0909,0.0,0.0,False,False
1052,AL,2026-01-01,2,0.0,0.0,51.0,258,0.0698,0.1047,0.0,0.0,False,False
1052,AM,2026-01-01,1,0.0,0.0,3.0,158,0.1013,0.0443,0.0,0.0,False,False
1052,AU,2026-01-01,202,0.1139,0.0842,2.0,10946,0.1259,0.08,0.904,1.052,False,False
1052,BD,2026-01-01,2,0.0,0.0,2.5,35,0.1143,0.1429,0.0,0.0,False,False
1052,CA,2026-01-01,351,0.1254,0.057,2.0,15781,0.1226,0.0855,1.023,0.666,False,False
1052,CY,2026-01-01,1,1.0,0.0,,564,0.117,0.0567,8.545,0.0,False,False
1052,CZ,2026-01-01,1,0.0,0.0,1.0,45,0.0889,0.0667,0.0,0.0,False,False
1052,DE,2026-01-01,2,0.0,0.0,17.0,3365,0.1578,0.0636,0.0,0.0,False,False
1052,DO,2026-01-01,1,0.0,0.0,1.0,2973,0.1483,0.0938,0.0,0.0,False,False
1052,DZ,2026-01-01,1,0.0,0.0,12.0,50,0.02,0.22,0.0,0.0,False,False
1052,FR,2026-01-01,4,0.0,0.0,1.0,7237,0.126,0.0927,0.0,0.0,False,False
1052,GB,2026-01-01,749,0.1148,0.0401,2.0,21530,0.1218,0.0854,0.943,0.469,True,False
1052,GQ,2026-01-01,1,0.0,0.0,20.0,44,0.2273,0.0682,0.0,0.0,False,False
1052,HT,2026-01-01,1,0.0,0.0,1.0,217,0.1659,0.0645,0.0,0.0,False,False
1052,ID,2026-01-01,1,0.0,0.0,5.0,8,0.375,0.0,0.0,,False,False
1052,IL,2026-01-01,1,0.0,0.0,7.0,1659,0.1097,0.0729,0.0,0.0,False,False
1052,IN,2026-01-01,74,0.0946,0.0135,1.0,155,0.1161,0.071,0.815,0.19,False,False
1052,JP,2026-01-01,2,0.0,0.0,47.5,334,0.1677,0.0659,0.0,0.0,False,False
1052,KE,2026-01-01,4,0.0,0.0,1.0,20774,0.0953,0.0794,0.0,0.0,False,False
1052,LI,2026-01-01,1,0.0,0.0,6.0,8,0.125,0.0,0.0,,False,False
1052,MA,2026-01-01,1,0.0,0.0,1.0,127,0.1024,0.063,0.0,0.0,False,False
1052,MU,2026-01-01,1,0.0,0.0,5.0,581,0.1256,0.0706,0.0,0.0,False,False
1052,NL,2026-01-01,4,0.5,0.0,2.5,3820,0.1482,0.0686,3.375,0.0,False,False
1052,NZ,2026-01-01,19,0.1579,0.1053,2.5,3056,0.1276,0.0949,1.237,1.109,False,False
1052,PH,2026-01-01,6,0.0,0.0,3.5,22304,0.1115,0.0811,0.0,0.0,False,False
1052,PR,2026-01-01,1,1.0,0.0,,1193,0.1442,0.0939,6.936,0.0,False,False
1052,RO,2026-01-01,2,0.0,0.0,2.0,2440,0.1258,0.0762,0.0,0.0,False,False
1052,RS,2026-01-01,1,0.0,0.0,2.0,1736,0.1071,0.0991,0.0,0.0,False,False
1052,SG,2026-01-01,3,0.6667,0.0,29.0,3539,0.1173,0.0616,5.685,0.0,False,False
1052,TT,2026-01-01,1,0.0,0.0,1.0,1037,0.1128,0.1138,0.0,0.0,False,False
1052,UA,2026-01-01,1,0.0,1.0,24.0,5,0.0,0.0,,,False,False
1052,US,2026-01-01,3514,0.1338,0.0569,3.0,120159,0.1359,0.086,0.984,0.662,True,False
1052,VN,2026-01-01,1,0.0,0.0,1.0,242,0.0992,0.0868,0.0,0.0,False,False
1052,ZA,2026-01-01,5,0.2,0.0,2.0,329,0.0821,0.1763,2.437,0.0,False,False
303,AD,2026-01-01,5,0.2,0.0,2.0,61,0.0492,0.1148,4.067,0.0,False,False
303,AE,2026-01-01,1,0.0,0.0,8.0,99,0.0202,0.1212,0.0,0.0,False,False
303,AL,2026-01-01,150,0.0933,0.0133,1.0,258,0.0698,0.1047,1.338,0.127,False,False
303,AT,2026-01-01,524,0.1775,0.0611,3.0,740,0.1486,0.0811,1.194,0.753,True,False
303,AU,2026-01-01,2,0.5,0.0,85.0,10946,0.1259,0.08,3.972,0.0,False,False
303,AX,2026-01-01,1,0.0,0.0,8.0,54,0.0,0.2407,,0.0,False,False
303,BE,2026-01-01,636,0.1745,0.0519,2.0,1710,0.1392,0.0865,1.254,0.6,True,False
303,BG,2026-01-01,68,0.0735,0.0294,1.0,792,0.1301,0.053,0.565,0.555,False,False
303,BR,2026-01-01,8,0.375,0.0,1.0,50852,0.1322,0.0983,2.836,0.0,False,False
303,CA,2026-01-01,717,0.1632,0.0628,2.0,15781,0.1226,0.0855,1.332,0.734,True,False
303,CH,2026-01-01,427,0.1686,0.0585,3.0,1594,0.1581,0.0715,1.067,0.819,False,False
303,CI,2026-01-01,3,0.3333,0.0,1.0,40,0.075,0.2,4.444,0.0,False,False
303,CO,2026-01-01,2,0.5,0.0,8.0,690,0.1217,0.1493,4.107,0.0,False,False
303,CY,2026-01-01,1,1.0,0.0,,564,0.117,0.0567,8.545,0.0,False,False
303,CZ,2026-01-01,22,0.1818,0.0,2.0,45,0.0889,0.0667,2.045,0.0,False,False
303,DE,2026-01-01,2727,0.1753,0.0653,3.0,3365,0.1578,0.0636,1.111,1.026,True,False
303,DK,2026-01-01,10,0.0,0.1,5.5,413,0.1114,0.0605,0.0,1.652,False,False
303,DO,2026-01-01,2,0.0,0.0,1.5,2973,0.1483,0.0938,0.0,0.0,False,False
303,DZ,2026-01-01,13,0.1538,0.0,2.0,50,0.02,0.22,7.692,0.0,False,False
303,EE,2026-01-01,7,0.1429,0.0,1.5,238,0.1345,0.0672,1.063,0.0,False,False
303,ES,2026-01-01,234,0.2094,0.0342,2.0,11817,0.1355,0.083,1.546,0.412,False,False
303,FI,2026-01-01,6,0.3333,0.0,6.0,478,0.1067,0.069,3.124,0.0,False,False
303,FR,2026-01-01,6332,0.1342,0.0527,2.0,7237,0.126,0.0927,1.065,0.569,True,False
303,GB,2026-01-01,175,0.2114,0.0457,2.0,21530,0.1218,0.0854,1.736,0.535,False,False
303,GF,2026-01-01,1,1.0,0.0,,73,0.1644,0.0959,6.083,0.0,False,False
303,GG,2026-01-01,2,1.0,0.0,,45,0.0444,0.1111,22.5,0.0,False,False
303,GI,2026-01-01,2,0.5,0.0,7.0,24,0.2083,0.0,2.4,,False,False
303,GP,2026-01-01,7,0.0,0.0,2.0,112,0.1964,0.1071,0.0,0.0,False,False
303,GR,2026-01-01,140,0.2,0.0214,2.0,1061,0.1433,0.0679,1.396,0.316,False,False
303,HR,2026-01-01,81,0.1481,0.0741,2.0,837,0.1195,0.1111,1.24,0.667,False,False
303,HU,2026-01-01,54,0.1481,0.1111,3.0,87,0.1034,0.1724,1.432,0.644,False,False
303,IE,2026-01-01,21,0.2381,0.0952,3.5,2056,0.1172,0.0851,2.031,1.119,False,False
303,IL,2026-01-01,1,0.0,0.0,1.0,1659,0.1097,0.0729,0.0,0.0,False,False
303,IM,2026-01-01,3,0.0,0.0,2.0,56,0.1964,0.0179,0.0,0.0,False,False
303,IN,2026-01-01,1,0.0,0.0,1.0,155,0.1161,0.071,0.0,0.0,False,False
303,IS,2026-01-01,1,0.0,0.0,1.0,117,0.0513,0.0855,0.0,0.0,False,False
303,IT,2026-01-01,355,0.1296,0.0366,2.0,13798,0.1334,0.0742,0.971,0.493,False,False
303,JE,2026-01-01,5,0.0,0.0,1.0,76,0.0789,0.0789,0.0,0.0,False,False
303,LI,2026-01-01,6,0.0,0.1667,5.0,8,0.125,0.0,0.0,,False,False
303,LT,2026-01-01,18,0.1111,0.0556,2.0,36,0.0833,0.2222,1.333,0.25,False,False
303,LU,2026-01-01,108,0.1111,0.0648,3.0,199,0.1206,0.0503,0.921,1.29,False,False
303,LV,2026-01-01,13,0.1538,0.0769,2.0,408,0.1225,0.0931,1.255,0.826,False,False
303,MA,2026-01-01,12,0.1667,0.0833,2.5,127,0.1024,0.063,1.628,1.323,False,False
303,MC,2026-01-01,5,0.2,0.0,1.5,6,0.1667,0.1667,1.2,0.0,False,False
303,MD,2026-01-01,15,0.2667,0.0,2.0,499,0.1182,0.0681,2.255,0.0,False,False
303,ME,2026-01-01,15,0.0667,0.0,1.0,244,0.1639,0.0902,0.407,0.0,False,False
303,MK,2026-01-01,32,0.125,0.0625,2.5,354,0.0989,0.0621,1.264,1.006,False,False
303,MQ,2026-01-01,5,0.2,0.0,5.0,150,0.1533,0.0667,1.304,0.0,False,False
303,MT,2026-01-01,44,0.2045,0.0455,1.0,407,0.1351,0.0663,1.514,0.685,False,False
303,MU,2026-01-01,1,0.0,0.0,7.0,581,0.1256,0.0706,0.0,0.0,False,False
303,MX,2026-01-01,1,0.0,0.0,1.0,8571,0.1356,0.1015,0.0,0.0,False,False
303,MY,2026-01-01,1,0.0,1.0,2.0,924,0.131,0.092,0.0,10.871,False,False
303,NC,2026-01-01,1,0.0,0.0,3.0,147,0.1361,0.0816,0.0,0.0,False,False
303,NL,2026-01-01,47,0.234,0.0638,3.0,3820,0.1482,0.0686,1.58,0.931,False,False
303,NO,2026-01-01,5,0.2,0.0,1.0,669,0.1031,0.0643,1.939,0.0,False,False
303,PH,2026-01-01,3,0.3333,0.0,4.0,22304,0.1115,0.0811,2.989,0.0,False,False
303,PK,2026-01-01,1,0.0,0.0,3.0,115,0.1043,0.0609,0.0,0.0,False,False
303,PL,2026-01-01,69,0.1449,0.0145,1.0,208,0.1058,0.1058,1.37,0.137,False,False
303,PM,2026-01-01,1,0.0,1.0,11.0,2,0.5,0.0,0.0,,False,False
303,PT,2026-01-01,144,0.1667,0.0278,2.0,2992,0.125,0.0856,1.333,0.325,False,False
303,RE,2026-01-01,3,0.3333,0.0,3.0,147,0.1701,0.0816,1.96,0.0,False,False
303,RO,2026-01-01,296,0.2061,0.0169,1.0,2440,0.1258,0.0762,1.638,0.222,False,False
303,RS,2026-01-01,169,0.1893,0.0178,2.0,1736,0.1071,0.0991,1.767,0.179,False,False
303,SE,2026-01-01,9,0.1111,0.1111,4.5,913,0.1281,0.0942,0.867,1.18,False,False
303,SI,2026-01-01,23,0.1304,0.0435,2.5,402,0.0945,0.0945,1.38,0.46,False,False
303,SK,2026-01-01,12,0.1667,0.0833,2.0,422,0.1445,0.0924,1.153,0.902,False,False
303,SN,2026-01-01,5,0.2,0.0,1.5,21,0.1429,0.1905,1.4,0.0,False,False
303,TG,2026-01-01,1,0.0,0.0,9.0,5,0.0,0.4,,0.0,False,False
303,TH,2026-01-01,7,0.1429,0.0,2.0,3511,0.141,0.0689,1.013,0.0,False,False
303,TR,2026-01-01,2,0.0,0.0,1.5,623,0.0931,0.0851,0.0,0.0,False,False
303,US,2026-01-01,13,0.0769,0.0,4.0,120159,0.1359,0.086,0.566,0.0,False,False
303,UY,2026-01-01,1,0.0,0.0,3.0,2147,0.1253,0.0755,0.0,0.0,False,False
303,VN,2026-01-01,2,0.5,0.0,7.0,242,0.0992,0.0868,5.042,0.0,False,False
303,XK,2026-01-01,63,0.1587,0.0317,2.0,91,0.0659,0.0879,2.407,0.361,False,False
427,AD,2026-01-01,1,0.0,1.0,229.0,61,0.0492,0.1148,0.0,8.714,False,False
427,AL,2026-01-01,3,0.0,0.0,7.0,258,0.0698,0.1047,0.0,0.0,False,False
427,AU,2026-01-01,394,0.1396,0.099,4.0,10946,0.1259,0.08,1.109,1.237,False,False
427,BD,2026-01-01,1,0.0,0.0,3.0,35,0.1143,0.1429,0.0,0.0,False,False
427,BE,2026-01-01,47,0.1489,0.1064,3.5,1710,0.1392,0.0865,1.07,1.229,False,False
427,BG,2026-01-01,1,0.0,0.0,2.0,792,0.1301,0.053,0.0,0.0,False,False
427,BS,2026-01-01,1,0.0,0.0,2.0,196,0.1122,0.1173,0.0,0.0,False,False
427,CA,2026-01-01,458,0.0983,0.0873,4.0,15781,0.1226,0.0855,0.802,1.021,False,False
427,CH,2026-01-01,34,0.1176,0.1471,4.0,1594,0.1581,0.0715,0.744,2.056,False,False
427,CO,2026-01-01,3,0.3333,0.0,4.0,690,0.1217,0.1493,2.738,0.0,False,False
427,DE,2026-01-01,1,0.0,0.0,5.0,3365,0.1578,0.0636,0.0,0.0,False,False
427,DK,2026-01-01,1,1.0,0.0,,413,0.1114,0.0605,8.978,0.0,False,False
427,ES,2026-01-01,7,0.0,0.4286,17.0,11817,0.1355,0.083,0.0,5.163,False,False
427,FI,2026-01-01,26,0.1538,0.0769,2.0,478,0.1067,0.069,1.442,1.114,False,False
427,FR,2026-01-01,2,0.0,0.0,9.0,7237,0.126,0.0927,0.0,0.0,False,False
427,GB,2026-01-01,6,0.0,0.0,1.5,21530,0.1218,0.0854,0.0,0.0,False,False
427,ID,2026-01-01,1,1.0,0.0,,8,0.375,0.0,2.667,,False,False
427,IE,2026-01-01,1,1.0,0.0,,2056,0.1172,0.0851,8.531,0.0,False,False
427,IL,2026-01-01,125,0.144,0.056,4.0,1659,0.1097,0.0729,1.313,0.768,False,False
427,IN,2026-01-01,2,1.0,0.0,,155,0.1161,0.071,8.611,0.0,False,False
427,IS,2026-01-01,14,0.2857,0.0714,5.5,117,0.0513,0.0855,5.571,0.836,False,False
427,IT,2026-01-01,3,0.3333,0.0,2.5,13798,0.1334,0.0742,2.498,0.0,False,False
427,JM,2026-01-01,1,0.0,0.0,1.0,4777,0.121,0.0959,0.0,0.0,False,False
427,LU,2026-01-01,16,0.125,0.0625,3.5,199,0.1206,0.0503,1.036,1.244,False,False
427,MA,2026-01-01,1,0.0,0.0,10.0,127,0.1024,0.063,0.0,0.0,False,False
427,MX,2026-01-01,3,0.0,0.0,4.0,8571,0.1356,0.1015,0.0,0.0,False,False
427,MY,2026-01-01,1,0.0,1.0,9.0,924,0.131,0.092,0.0,10.871,False,False
427,NL,2026-01-01,117,0.0855,0.1111,5.0,3820,0.1482,0.0686,0.577,1.62,False,False
427,NO,2026-01-01,51,0.1765,0.098,4.0,669,0.1031,0.0643,1.711,1.525,False,False
427,NZ,2026-01-01,103,0.0971,0.1068,5.0,3056,0.1276,0.0949,0.761,1.125,False,False
427,PE,2026-01-01,1,0.0,0.0,2.0,291,0.0859,0.1615,0.0,0.0,False,False
427,PH,2026-01-01,4,0.0,0.0,1.5,22304,0.1115,0.0811,0.0,0.0,False,False
427,PK,2026-01-01,1,0.0,0.0,30.0,115,0.1043,0.0609,0.0,0.0,False,False
427,PR,2026-01-01,1,0.0,0.0,3.0,1193,0.1442,0.0939,0.0,0.0,False,False
427,PT,2026-01-01,2,0.5,0.0,1.0,2992,0.125,0.0856,4.0,0.0,False,False
427,RS,2026-01-01,1,0.0,0.0,5.0,1736,0.1071,0.0991,0.0,0.0,False,False
427,SE,2026-01-01,88,0.0795,0.0795,3.0,913,0.1281,0.0942,0.621,0.844,False,False
427,SI,2026-01-01,1,0.0,0.0,1.0,402,0.0945,0.0945,0.0,0.0,False,False
427,TH,2026-01-01,1,0.0,0.0,26.0,3511,0.141,0.0689,0.0,0.0,False,False
427,TT,2026-01-01,2,0.0,0.0,1.0,1037,0.1128,0.1138,0.0,0.0,False,False
427,US,2026-01-01,8964,0.158,0.0804,3.0,120159,0.1359,0.086,1.162,0.936,True,False
427,VN,2026-01-01,1,0.0,1.0,74.0,242,0.0992,0.0868,0.0,11.524,False,False
427,ZA,2026-01-01,1,0.0,1.0,57.0,329,0.0821,0.1763,0.0,5.672,False,False
523,AE,2026-01-01,13,0.2308,0.0,2.5,99,0.0202,0.1212,11.423,0.0,False,False
523,AL,2026-01-01,4,0.0,0.0,1.0,258,0.0698,0.1047,0.0,0.0,False,False
523,AR,2026-01-01,17,0.3529,0.0588,1.0,8269,0.145,0.1057,2.434,0.557,False,False
523,AS,2026-01-01,2,0.0,0.0,33.5,45,0.0667,0.1111,0.0,0.0,False,False
523,AT,2026-01-01,1,1.0,0.0,,740,0.1486,0.0811,6.727,0.0,False,False
523,AU,2026-01-01,176,0.2045,0.0227,1.0,10946,0.1259,0.08,1.625,0.284,False,False
523,BD,2026-01-01,1,0.0,0.0,1.0,35,0.1143,0.1429,0.0,0.0,False,False
523,BE,2026-01-01,57,0.193,0.0,1.0,1710,0.1392,0.0865,1.387,0.0,False,False
523,BF,2026-01-01,17,0.4706,0.0,1.0,212,0.1462,0.0472,3.218,0.0,False,False
523,BG,2026-01-01,9,0.4444,0.0,2.0,792,0.1301,0.053,3.417,0.0,False,False
523,BJ,2026-01-01,12,0.1667,0.0833,1.0,156,0.1218,0.0641,1.368,1.3,False,False
523,BQ,2026-01-01,1,1.0,0.0,,33,0.0606,0.0909,16.5,0.0,False,False
523,BR,2026-01-01,47,0.3617,0.0,1.0,50852,0.1322,0.0983,2.736,0.0,False,False
523,BW,2026-01-01,6,0.1667,0.0,3.0,828,0.128,0.0797,1.302,0.0,False,False
523,CA,2026-01-01,1177,0.2362,0.0297,1.0,15781,0.1226,0.0855,1.927,0.348,True,True
523,CH,2026-01-01,70,0.1143,0.0286,1.0,1594,0.1581,0.0715,0.723,0.399,False,False
523,CI,2026-01-01,16,0.1875,0.0,2.0,40,0.075,0.2,2.5,0.0,False,False
523,CL,2026-01-01,2,1.0,0.0,,5808,0.1283,0.1047,7.796,0.0,False,False
523,CM,2026-01-01,11,0.1818,0.0,2.0,16,0.0625,0.125,2.909,0.0,False,False
523,CN,2026-01-01,3,0.6667,0.0,1.0,225,0.1467,0.0844,4.545,0.0,False,False
523,CO,2026-01-01,20,0.45,0.1,1.0,690,0.1217,0.1493,3.696,0.67,False,False
523,CR,2026-01-01,6,0.5,0.0,3.0,1681,0.1273,0.0839,3.928,0.0,False,False
523,CV,2026-01-01,2,0.0,0.0,1.0,61,0.0984,0.0164,0.0,0.0,False,False
523,CY,2026-01-01,4,0.5,0.0,1.5,564,0.117,0.0567,4.273,0.0,False,False
523,CZ,2026-01-01,1,0.0,0.0,1.0,45,0.0889,0.0667,0.0,0.0,False,False
523,DE,2026-01-01,172,0.2151,0.0349,1.0,3365,0.1578,0.0636,1.363,0.549,False,False
523,DJ,2026-01-01,1,1.0,0.0,,166,0.1627,0.0482,6.148,0.0,False,False
523,DO,2026-01-01,23,0.4783,0.0,1.0,2973,0.1483,0.0938,3.224,0.0,False,False
523,EC,2026-01-01,2,1.0,0.0,,178,0.1067,0.118,9.368,0.0,False,False
523,ES,2026-01-01,49,0.2857,0.0,1.0,11817,0.1355,0.083,2.109,0.0,False,False
523,FI,2026-01-01,61,0.1967,0.0,1.0,478,0.1067,0.069,1.844,0.0,False,False
523,FR,2026-01-01,464,0.2284,0.0172,1.0,7237,0.126,0.0927,1.813,0.186,False,False
523,GB,2026-01-01,5076,0.2268,0.023,1.0,21530,0.1218,0.0854,1.862,0.27,True,True
523,GM,2026-01-01,4,0.25,0.0,158.0,41,0.0976,0.1463,2.563,0.0,False,False
523,GR,2026-01-01,23,0.2174,0.0,1.0,1061,0.1433,0.0679,1.517,0.0,False,False
523,GU,2026-01-01,1,0.0,0.0,1.0,179,0.1508,0.0894,0.0,0.0,False,False
523,GY,2026-01-01,19,0.1053,0.0,1.0,475,0.1242,0.0653,0.847,0.0,False,False
523,HK,2026-01-01,8,0.125,0.0,2.0,1525,0.1482,0.0643,0.843,0.0,False,False
523,HR,2026-01-01,1,1.0,0.0,,837,0.1195,0.1111,8.37,0.0,False,False
523,HT,2026-01-01,3,0.6667,0.0,1.0,217,0.1659,0.0645,4.019,0.0,False,False
523,ID,2026-01-01,10,0.4,0.0,1.0,8,0.375,0.0,1.067,,False,False
523,IE,2026-01-01,1,0.0,0.0,3.0,2056,0.1172,0.0851,0.0,0.0,False,False
523,IN,2026-01-01,31,0.129,0.0,1.0,155,0.1161,0.071,1.111,0.0,False,False
523,IT,2026-01-01,6233,0.2214,0.0257,1.0,13798,0.1334,0.0742,1.659,0.346,True,True
523,JM,2026-01-01,13,0.2308,0.0,1.0,4777,0.121,0.0959,1.907,0.0,False,False
523,JO,2026-01-01,3,0.0,0.0,3.0,11,0.1818,0.0909,0.0,0.0,False,False
523,JP,2026-01-01,21,0.1429,0.0,1.0,334,0.1677,0.0659,0.852,0.0,False,False
523,KE,2026-01-01,4,0.0,0.0,1.0,20774,0.0953,0.0794,0.0,0.0,False,False
523,KH,2026-01-01,2,0.5,0.0,1.0,14,0.0714,0.0714,7.0,0.0,False,False
523,KI,2026-01-01,9,0.1111,0.0,1.5,23,0.1739,0.0,0.639,,False,False
523,KW,2026-01-01,1,0.0,0.0,1.0,7,0.0,0.1429,,0.0,False,False
523,KY,2026-01-01,2,0.5,0.0,2.0,225,0.0889,0.1067,5.625,0.0,False,False
523,KZ,2026-01-01,2,0.0,0.0,1.5,21,0.0,0.0952,,0.0,False,False
523,LS,2026-01-01,1,0.0,0.0,1.0,188,0.1436,0.0372,0.0,0.0,False,False
523,LT,2026-01-01,1,0.0,0.0,1.0,36,0.0833,0.2222,0.0,0.0,False,False
523,MA,2026-01-01,3,0.0,0.0,1.0,127,0.1024,0.063,0.0,0.0,False,False
523,MD,2026-01-01,18,0.2222,0.0,1.0,499,0.1182,0.0681,1.879,0.0,False,False
523,MH,2026-01-01,1,0.0,0.0,1.0,7,0.0,0.0,,,False,False
523,MV,2026-01-01,4,0.5,0.0,1.0,148,0.1081,0.0946,4.625,0.0,False,False
523,MW,2026-01-01,2,0.5,0.0,1.0,3,0.0,0.0,,,False,False
523,MX,2026-01-01,51,0.3922,0.0196,1.0,8571,0.1356,0.1015,2.893,0.193,False,False
523,MY,2026-01-01,4,0.0,0.0,1.0,924,0.131,0.092,0.0,0.0,False,False
523,MZ,2026-01-01,7,0.4286,0.0,2.0,494,0.1538,0.0425,2.786,0.0,False,False
523,NE,2026-01-01,23,0.3043,0.0,1.0,92,0.1522,0.0761,2.0,0.0,False,False
523,NL,2026-01-01,131,0.1298,0.0076,1.0,3820,0.1482,0.0686,0.876,0.111,False,False
523,NO,2026-01-01,59,0.1186,0.0,1.0,669,0.1031,0.0643,1.15,0.0,False,False
523,NP,2026-01-01,5,0.6,0.0,1.0,7,0.1429,0.1429,4.2,0.0,False,False
523,NZ,2026-01-01,52,0.2308,0.0192,1.0,3056,0.1276,0.0949,1.808,0.203,False,False
523,PE,2026-01-01,10,0.4,0.0,1.0,291,0.0859,0.1615,4.656,0.0,False,False
523,PH,2026-01-01,46,0.2174,0.0,1.0,22304,0.1115,0.0811,1.95,0.0,False,False
523,PK,2026-01-01,36,0.1389,0.0278,1.0,115,0.1043,0.0609,1.331,0.456,False,False
523,PL,2026-01-01,4,0.25,0.0,5.0,208,0.1058,0.1058,2.364,0.0,False,False
523,PR,2026-01-01,40,0.275,0.05,2.0,1193,0.1442,0.0939,1.907,0.533,False,False
523,PT,2026-01-01,1,0.0,0.0,1.0,2992,0.125,0.0856,0.0,0.0,False,False
523,PY,2026-01-01,4,0.5,0.0,1.0,1045,0.1349,0.0995,3.706,0.0,False,False
523,QA,2026-01-01,8,0.25,0.0,1.5,10,0.3,0.0,0.833,,False,False
523,RO,2026-01-01,10,0.2,0.0,1.5,2440,0.1258,0.0762,1.59,0.0,False,False
523,RS,2026-01-01,3,0.3333,0.0,2.5,1736,0.1071,0.0991,3.111,0.0,False,False
523,RU,2026-01-01,5,0.0,0.0,1.0,19,0.2632,0.1053,0.0,0.0,False,False
523,SA,2026-01-01,8,0.0,0.0,2.0,48,0.0625,0.0417,0.0,0.0,False,False
523,SB,2026-01-01,6,0.5,0.0,1.0,92,0.1413,0.0435,3.538,0.0,False,False
523,SE,2026-01-01,37,0.1892,0.0,1.0,913,0.1281,0.0942,1.476,0.0,False,False
523,SG,2026-01-01,19,0.2105,0.0,1.0,3539,0.1173,0.0616,1.795,0.0,False,False
523,SK,2026-01-01,1,0.0,0.0,4.0,422,0.1445,0.0924,0.0,0.0,False,False
523,SN,2026-01-01,9,0.5556,0.0,1.0,21,0.1429,0.1905,3.889,0.0,False,False
523,SV,2026-01-01,2,0.0,0.0,55.0,1076,0.1348,0.0883,0.0,0.0,False,False
523,SY,2026-01-01,25,0.12,0.0,1.0,10,0.1,0.0,1.2,,False,False
523,SZ,2026-01-01,1,0.0,0.0,1.0,234,0.1453,0.0299,0.0,0.0,False,False
523,TD,2026-01-01,19,0.0526,0.0,1.0,87,0.1379,0.0805,0.382,0.0,False,False
523,TJ,2026-01-01,3,0.0,0.0,1.0,75,0.1867,0.04,0.0,0.0,False,False
523,TO,2026-01-01,1,0.0,0.0,1.0,33,0.1515,0.0,0.0,,False,False
523,TR,2026-01-01,6,0.3333,0.0,1.0,623,0.0931,0.0851,3.58,0.0,False,False
523,TT,2026-01-01,4,0.25,0.0,1.0,1037,0.1128,0.1138,2.216,0.0,False,False
523,TV,2026-01-01,1,0.0,0.0,1.0,1,1.0,0.0,0.0,,False,False
523,TW,2026-01-01,2,0.0,0.0,1.0,1390,0.1353,0.0791,0.0,0.0,False,False
523,UG,2026-01-01,12,0.0833,0.25,2.0,173,0.0462,0.2023,1.802,1.236,False,False
523,US,2026-01-01,54612,0.2602,0.0306,2.0,120159,0.1359,0.086,1.914,0.356,True,True
523,VE,2026-01-01,1,1.0,0.0,,,,,,,False,False
523,VG,2026-01-01,1,0.0,0.0,2.0,45,0.1111,0.0889,0.0,0.0,False,False
523,VN,2026-01-01,7,0.0,0.0,1.0,242,0.0992,0.0868,0.0,0.0,False,False
523,YT,2026-01-01,3,0.0,0.0,1.0,26,0.2692,0.0385,0.0,0.0,False,False
523,ZA,2026-01-01,2,0.5,0.0,1.0,329,0.0821,0.1763,6.093,0.0,False,False
523,ZM,2026-01-01,17,0.1765,0.0,1.0,11,0.1818,0.0909,0.971,0.0,False,False
612,AE,2026-01-01,11,0.0909,0.0909,8.0,99,0.0202,0.1212,4.5,0.75,False,False
612,AI,2026-01-01,1,0.0,0.0,7.0,63,0.1111,0.1111,0.0,0.0,False,False
612,AL,2026-01-01,6,0.0,0.3333,39.5,258,0.0698,0.1047,0.0,3.185,False,False
612,AM,2026-01-01,1,0.0,0.0,2.0,158,0.1013,0.0443,0.0,0.0,False,False
612,AO,2026-01-01,1,0.0,0.0,1.0,401,0.1297,0.0698,0.0,0.0,False,False
612,AR,2026-01-01,1,0.0,0.0,1.0,8269,0.145,0.1057,0.0,0.0,False,False
612,AS,2026-01-01,1,0.0,0.0,72.0,45,0.0667,0.1111,0.0,0.0,False,False
612,AT,2026-01-01,17,0.2353,0.1176,1.0,740,0.1486,0.0811,1.583,1.451,False,False
612,AU,2026-01-01,1823,0.1201,0.0708,3.0,10946,0.1259,0.08,0.954,0.884,True,False
612,AX,2026-01-01,2,0.0,0.0,8.0,54,0.0,0.2407,,0.0,False,False
612,AZ,2026-01-01,2,0.0,0.5,23.5,49,0.1224,0.0612,0.0,8.167,False,False
612,BA,2026-01-01,1,0.0,0.0,21.0,,,,,,False,False
612,BD,2026-01-01,5,0.2,0.2,3.5,35,0.1143,0.1429,1.75,1.4,False,False
612,BE,2026-01-01,167,0.1317,0.0719,3.0,1710,0.1392,0.0865,0.947,0.83,False,False
612,BG,2026-01-01,6,0.3333,0.0,3.5,792,0.1301,0.053,2.563,0.0,False,False
612,BJ,2026-01-01,7,0.1429,0.0,5.5,156,0.1218,0.0641,1.173,0.0,False,False
612,BM,2026-01-01,1,0.0,1.0,42.0,78,0.1282,0.0641,0.0,15.6,False,False
612,BR,2026-01-01,6,0.0,0.5,7.5,50852,0.1322,0.0983,0.0,5.084,False,False
612,BS,2026-01-01,3,0.0,0.3333,3.0,196,0.1122,0.1173,0.0,2.841,False,False
612,CA,2026-01-01,2433,0.1373,0.06,2.0,15781,0.1226,0.0855,1.12,0.701,True,False
612,CH,2026-01-01,70,0.2714,0.0571,2.0,1594,0.1581,0.0715,1.717,0.799,False,False
612,CI,2026-01-01,41,0.1707,0.0244,2.0,40,0.075,0.2,2.276,0.122,False,False
612,CL,2026-01-01,2,0.0,0.0,9.0,5808,0.1283,0.1047,0.0,0.0,False,False
612,CM,2026-01-01,24,0.2083,0.0417,3.0,16,0.0625,0.125,3.333,0.333,False,False
612,CN,2026-01-01,8,0.25,0.125,6.0,225,0.1467,0.0844,1.705,1.48,False,False
612,CO,2026-01-01,3,0.0,0.0,3.0,690,0.1217,0.1493,0.0,0.0,False,False
612,CY,2026-01-01,5,0.0,0.0,6.0,564,0.117,0.0567,0.0,0.0,False,False
612,DE,2026-01-01,335,0.1642,0.0836,3.0,3365,0.1578,0.0636,1.04,1.314,False,False
612,DJ,2026-01-01,1,0.0,0.0,3.0,166,0.1627,0.0482,0.0,0.0,False,False
612,DK,2026-01-01,195,0.1436,0.0513,1.0,413,0.1114,0.0605,1.289,0.847,False,False
612,DO,2026-01-01,2,0.5,0.5,207.0,2973,0.1483,0.0938,3.371,5.328,False,False
612,DZ,2026-01-01,11,0.0,0.0,2.0,50,0.02,0.22,0.0,0.0,False,False
612,EC,2026-01-01,2,0.0,0.5,57.5,178,0.1067,0.118,0.0,4.238,False,False
612,ES,2026-01-01,1948,0.2017,0.0749,3.0,11817,0.1355,0.083,1.489,0.903,True,False
612,ET,2026-01-01,2,0.0,0.0,29.0,8,0.0,0.25,,0.0,False,False
612,FI,2026-01-01,164,0.2195,0.0183,1.0,478,0.1067,0.069,2.057,0.265,False,False
612,FJ,2026-01-01,1,0.0,0.0,1.0,118,0.1186,0.0932,0.0,0.0,False,False
612,FR,2026-01-01,1532,0.1756,0.0614,2.0,7237,0.126,0.0927,1.393,0.662,True,False
612,GA,2026-01-01,4,0.0,0.25,3.0,210,0.1714,0.0905,0.0,2.763,False,False
612,GB,2026-01-01,4141,0.1422,0.0551,2.0,21530,0.1218,0.0854,1.168,0.645,True,False
612,GE,2026-01-01,1,0.0,0.0,2.0,67,0.1194,0.0896,0.0,0.0,False,False
612,GF,2026-01-01,1,0.0,0.0,1.0,73,0.1644,0.0959,0.0,0.0,False,False
612,GN,2026-01-01,5,0.0,0.0,2.0,8,0.125,0.0,0.0,,False,False
612,GP,2026-01-01,1,0.0,0.0,39.0,112,0.1964,0.1071,0.0,0.0,False,False
612,HK,2026-01-01,3,0.0,0.0,2.0,1525,0.1482,0.0643,0.0,0.0,False,False
612,HN,2026-01-01,1,0.0,0.0,13.0,331,0.139,0.1057,0.0,0.0,False,False
612,HT,2026-01-01,5,0.2,0.0,1.0,217,0.1659,0.0645,1.206,0.0,False,False
612,ID,2026-01-01,2,0.0,0.0,8.5,8,0.375,0.0,0.0,,False,False
612,IE,2026-01-01,45,0.0889,0.0889,3.0,2056,0.1172,0.0851,0.758,1.044,False,False
612,IM,2026-01-01,1,0.0,0.0,10.0,56,0.1964,0.0179,0.0,0.0,False,False
612,IN,2026-01-01,80,0.1625,0.0125,1.0,155,0.1161,0.071,1.399,0.176,False,False
612,IO,2026-01-01,1,0.0,1.0,44.0,8,0.125,0.125,0.0,8.0,False,False
612,IS,2026-01-01,2,0.0,0.0,2.5,117,0.0513,0.0855,0.0,0.0,False,False
612,IT,2026-01-01,355,0.1634,0.0423,3.0,13798,0.1334,0.0742,1.225,0.569,False,False
612,JE,2026-01-01,1,0.0,0.0,1.0,76,0.0789,0.0789,0.0,0.0,False,False
612,JM,2026-01-01,1,0.0,0.0,1.0,4777,0.121,0.0959,0.0,0.0,False,False
612,JO,2026-01-01,1,0.0,0.0,120.0,11,0.1818,0.0909,0.0,0.0,False,False
612,JP,2026-01-01,11,0.0,0.0909,4.0,334,0.1677,0.0659,0.0,1.38,False,False
612,KE,2026-01-01,14,0.1429,0.0,3.0,20774,0.0953,0.0794,1.5,0.0,False,False
612,KG,2026-01-01,1,0.0,1.0,23.0,224,0.1429,0.1161,0.0,8.615,False,False
612,KH,2026-01-01,3,0.0,0.0,1.0,14,0.0714,0.0714,0.0,0.0,False,False
612,KR,2026-01-01,4,0.25,0.0,4.0,421,0.1425,0.076,1.754,0.0,False,False
612,KW,2026-01-01,3,0.3333,0.0,42.0,7,0.0,0.1429,,0.0,False,False
612,KZ,2026-01-01,2,0.0,0.0,11.5,21,0.0,0.0952,,0.0,False,False
612,LI,2026-01-01,1,0.0,0.0,8.0,8,0.125,0.0,0.0,,False,False
612,LT,2026-01-01,2,0.5,0.0,56.0,36,0.0833,0.2222,6.0,0.0,False,False
612,LU,2026-01-01,10,0.2,0.1,2.0,199,0.1206,0.0503,1.658,1.99,False,False
612,LV,2026-01-01,2,0.0,0.5,104.0,408,0.1225,0.0931,0.0,5.368,False,False
612,MA,2026-01-01,5,0.2,0.0,7.5,127,0.1024,0.063,1.954,0.0,False,False
612,MC,2026-01-01,2,0.5,0.0,1.0,6,0.1667,0.1667,3.0,0.0,False,False
612,MD,2026-01-01,16,0.3125,0.0625,1.0,499,0.1182,0.0681,2.643,0.917,False,False
612,MG,2026-01-01,6,0.1667,0.1667,2.0,401,0.0923,0.0623,1.806,2.673,False,False
612,MU,2026-01-01,1,1.0,0.0,,581,0.1256,0.0706,7.959,0.0,False,False
612,MW,2026-01-01,3,0.3333,0.0,2.0,3,0.0,0.0,,,False,False
612,MX,2026-01-01,38,0.0526,0.0789,1.0,8571,0.1356,0.1015,0.388,0.778,False,False
612,MY,2026-01-01,4,0.0,0.0,1.5,924,0.131,0.092,0.0,0.0,False,False
612,MZ,2026-01-01,1,0.0,0.0,3.0,494,0.1538,0.0425,0.0,0.0,False,False
612,NE,2026-01-01,2,0.0,0.0,3.0,92,0.1522,0.0761,0.0,0.0,False,False
612,NL,2026-01-01,986,0.1602,0.0375,2.0,3820,0.1482,0.0686,1.082,0.547,True,False
612,NO,2026-01-01,351,0.1425,0.0142,2.0,669,0.1031,0.0643,1.381,0.222,False,False
612,NP,2026-01-01,1,1.0,0.0,,7,0.1429,0.1429,7.0,0.0,False,False
612,NZ,2026-01-01,426,0.115,0.0728,3.0,3056,0.1276,0.0949,0.901,0.767,False,False
612,PE,2026-01-01,2,0.0,0.0,28.5,291,0.0859,0.1615,0.0,0.0,False,False
612,PH,2026-01-01,7,0.4286,0.0,2.5,22304,0.1115,0.0811,3.844,0.0,False,False
612,PK,2026-01-01,21,0.1429,0.0,2.0,115,0.1043,0.0609,1.369,0.0,False,False
612,PL,2026-01-01,8,0.375,0.0,2.0,208,0.1058,0.1058,3.545,0.0,False,False
612,PR,2026-01-01,13,0.2308,0.1538,2.5,1193,0.1442,0.0939,1.601,1.639,False,False
612,PT,2026-01-01,47,0.1064,0.0638,2.0,2992,0.125,0.0856,0.851,0.746,False,False
612,RE,2026-01-01,1,0.0,0.0,1.0,147,0.1701,0.0816,0.0,0.0,False,False
612,RO,2026-01-01,8,0.125,0.0,1.0,2440,0.1258,0.0762,0.993,0.0,False,False
612,RS,2026-01-01,7,0.1429,0.0,4.0,1736,0.1071,0.0991,1.333,0.0,False,False
612,RU,2026-01-01,5,0.2,0.0,1.0,19,0.2632,0.1053,0.76,0.0,False,False
612,RW,2026-01-01,1,0.0,0.0,1.0,31,0.129,0.0968,0.0,0.0,False,False
612,SA,2026-01-01,6,0.0,0.0,2.0,48,0.0625,0.0417,0.0,0.0,False,False
612,SC,2026-01-01,1,1.0,0.0,,113,0.1504,0.0619,6.647,0.0,False,False
612,SE,2026-01-01,413,0.1598,0.0315,2.0,913,0.1281,0.0942,1.247,0.334,False,False
612,SG,2026-01-01,38,0.2895,0.0,1.0,3539,0.1173,0.0616,2.469,0.0,False,False
612,SN,2026-01-01,19,0.1579,0.1053,2.5,21,0.1429,0.1905,1.105,0.553,False,False
612,SX,2026-01-01,1,0.0,0.0,10.0,92,0.1739,0.0326,0.0,0.0,False,False
612,TD,2026-01-01,3,0.3333,0.0,5.0,87,0.1379,0.0805,2.417,0.0,False,False
612,TG,2026-01-01,7,0.1429,0.2857,5.5,5,0.0,0.4,,0.714,False,False
612,TH,2026-01-01,5,0.2,0.0,2.0,3511,0.141,0.0689,1.419,0.0,False,False
612,TJ,2026-01-01,1,0.0,0.0,51.0,75,0.1867,0.04,0.0,0.0,False,False
612,TR,2026-01-01,9,0.1111,0.0,1.0,623,0.0931,0.0851,1.193,0.0,False,False
612,TW,2026-01-01,1,0.0,0.0,3.0,1390,0.1353,0.0791,0.0,0.0,False,False
612,TZ,2026-01-01,5,0.2,0.0,3.0,44,0.1364,0.0455,1.467,0.0,False,False
612,UG,2026-01-01,7,0.1429,0.0,4.0,173,0.0462,0.2023,3.089,0.0,False,False
612,US,2026-01-01,19248,0.1527,0.0695,3.0,120159,0.1359,0.086,1.124,0.809,True,False
612,VI,2026-01-01,2,0.0,0.5,20.0,64,0.2344,0.1094,0.0,4.571,False,False
612,VN,2026-01-01,3,0.0,0.3333,3.0,242,0.0992,0.0868,0.0,3.841,False,False
612,ZA,2026-01-01,8,0.125,0.0,3.0,329,0.0821,0.1763,1.523,0.0,False,False
612,ZM,2026-01-01,2,0.0,0.0,22.0,11,0.1818,0.0909,0.0,0.0,False,False
719,AE,2026-01-01,1,0.0,0.0,1.0,99,0.0202,0.1212,0.0,0.0,False,False
719,AG,2026-01-01,1,1.0,0.0,,32,0.0625,0.0938,16.0,0.0,False,False
719,AL,2026-01-01,2,0.0,0.5,36.0,258,0.0698,0.1047,0.0,4.778,False,False
719,AR,2026-01-01,3,0.0,0.6667,204.0,8269,0.145,0.1057,0.0,6.307,False,False
719,AS,2026-01-01,2,0.0,0.0,21.0,45,0.0667,0.1111,0.0,0.0,False,False
719,AU,2026-01-01,62,0.1613,0.1129,6.0,10946,0.1259,0.08,1.281,1.411,False,False
719,AX,2026-01-01,1,0.0,0.0,14.0,54,0.0,0.2407,,0.0,False,False
719,BD,2026-01-01,1,0.0,0.0,2.0,35,0.1143,0.1429,0.0,0.0,False,False
719,BE,2026-01-01,151,0.1987,0.0596,2.0,1710,0.1392,0.0865,1.427,0.689,False,False
719,BG,2026-01-01,2,0.0,0.0,72.0,792,0.1301,0.053,0.0,0.0,False,False
719,BH,2026-01-01,1,0.0,0.0,92.0,9,0.0,0.1111,,0.0,False,False
719,BR,2026-01-01,1,0.0,0.0,1.0,50852,0.1322,0.0983,0.0,0.0,False,False
719,BS,2026-01-01,1,0.0,0.0,16.0,196,0.1122,0.1173,0.0,0.0,False,False
719,CA,2026-01-01,166,0.1446,0.0904,4.0,15781,0.1226,0.0855,1.18,1.056,False,False
719,CH,2026-01-01,111,0.1261,0.0811,2.0,1594,0.1581,0.0715,0.798,1.134,False,False
719,CN,2026-01-01,6,0.0,0.0,2.0,225,0.1467,0.0844,0.0,0.0,False,False
719,CY,2026-01-01,1,0.0,0.0,4.0,564,0.117,0.0567,0.0,0.0,False,False
719,CZ,2026-01-01,1,0.0,0.0,5.0,45,0.0889,0.0667,0.0,0.0,False,False
719,DE,2026-01-01,7,0.1429,0.0,2.5,3365,0.1578,0.0636,0.905,0.0,False,False
719,DK,2026-01-01,1,0.0,0.0,6.0,413,0.1114,0.0605,0.0,0.0,False,False
719,DO,2026-01-01,1,0.0,0.0,1.0,2973,0.1483,0.0938,0.0,0.0,False,False
719,DZ,2026-01-01,1,0.0,1.0,343.0,50,0.02,0.22,0.0,4.545,False,False
719,ES,2026-01-01,2,0.0,0.5,75.0,11817,0.1355,0.083,0.0,6.023,False,False
719,FI,2026-01-01,75,0.1467,0.0933,4.0,478,0.1067,0.069,1.375,1.352,False,False
719,FR,2026-01-01,6,0.0,0.1667,2.0,7237,0.126,0.0927,0.0,1.798,False,False
719,GB,2026-01-01,236,0.1229,0.1017,4.0,21530,0.1218,0.0854,1.009,1.191,False,False
719,HK,2026-01-01,1,0.0,0.0,11.0,1525,0.1482,0.0643,0.0,0.0,False,False
719,ID,2026-01-01,1,1.0,0.0,,8,0.375,0.0,2.667,,False,False
719,IE,2026-01-01,1,0.0,0.0,4.0,2056,0.1172,0.0851,0.0,0.0,False,False
719,IL,2026-01-01,244,0.1721,0.1066,3.0,1659,0.1097,0.0729,1.569,1.461,False,False
719,IN,2026-01-01,2,0.0,0.5,22.5,155,0.1161,0.071,0.0,7.045,False,False
719,IS,2026-01-01,19,0.1053,0.1053,4.0,117,0.0513,0.0855,2.053,1.232,False,False
719,JM,2026-01-01,4,0.25,0.25,7.0,4777,0.121,0.0959,2.066,2.608,False,False
719,JO,2026-01-01,1,0.0,0.0,1.0,11,0.1818,0.0909,0.0,0.0,False,False
719,JP,2026-01-01,2,0.0,0.0,3.5,334,0.1677,0.0659,0.0,0.0,False,False
719,KE,2026-01-01,3,0.0,0.0,2.0,20774,0.0953,0.0794,0.0,0.0,False,False
719,KR,2026-01-01,1,0.0,0.0,1.0,421,0.1425,0.076,0.0,0.0,False,False
719,LU,2026-01-01,14,0.2143,0.1429,3.0,199,0.1206,0.0503,1.777,2.843,False,False
719,MX,2026-01-01,17,0.2353,0.0,1.0,8571,0.1356,0.1015,1.736,0.0,False,False
719,NL,2026-01-01,41,0.1707,0.0488,2.0,3820,0.1482,0.0686,1.152,0.711,False,False
719,NO,2026-01-01,107,0.1028,0.0654,3.0,669,0.1031,0.0643,0.997,1.018,False,False
719,NZ,2026-01-01,12,0.1667,0.0,9.0,3056,0.1276,0.0949,1.306,0.0,False,False
719,PE,2026-01-01,1,0.0,0.0,150.0,291,0.0859,0.1615,0.0,0.0,False,False
719,PH,2026-01-01,1,0.0,0.0,1.0,22304,0.1115,0.0811,0.0,0.0,False,False
719,PK,2026-01-01,2,0.0,0.0,1.5,115,0.1043,0.0609,0.0,0.0,False,False
719,PR,2026-01-01,2,0.0,0.0,4.5,1193,0.1442,0.0939,0.0,0.0,False,False
719,RO,2026-01-01,2,0.0,0.0,1.5,2440,0.1258,0.0762,0.0,0.0,False,False
719,RS,2026-01-01,1,0.0,0.0,2.0,1736,0.1071,0.0991,0.0,0.0,False,False
719,RU,2026-01-01,1,0.0,0.0,1.0,19,0.2632,0.1053,0.0,0.0,False,False
719,SC,2026-01-01,2,0.0,0.0,14.5,113,0.1504,0.0619,0.0,0.0,False,False
719,SE,2026-01-01,90,0.1,0.0444,3.0,913,0.1281,0.0942,0.78,0.472,False,False
719,SG,2026-01-01,3,0.0,0.0,1.0,3539,0.1173,0.0616,0.0,0.0,False,False
719,SV,2026-01-01,1,1.0,0.0,,1076,0.1348,0.0883,7.421,0.0,False,False
719,SZ,2026-01-01,1,0.0,0.0,3.0,234,0.1453,0.0299,0.0,0.0,False,False
719,TR,2026-01-01,1,0.0,0.0,1.0,623,0.0931,0.0851,0.0,0.0,False,False
719,TT,2026-01-01,1,0.0,0.0,1.0,1037,0.1128,0.1138,0.0,0.0,False,False
719,TW,2026-01-01,2,0.0,0.0,6.5,1390,0.1353,0.0791,0.0,0.0,False,False
719,UG,2026-01-01,1,0.0,0.0,1.0,173,0.0462,0.2023,0.0,0.0,False,False
719,US,2026-01-01,19272,0.179,0.0681,3.0,120159,0.1359,0.086,1.317,0.793,True,False
719,ZA,2026-01-01,1723,0.1358,0.0789,3.0,329,0.0821,0.1763,1.655,0.448,False,False
730,AE,2026-01-01,2,0.0,0.5,17.0,99,0.0202,0.1212,0.0,4.125,False,False
730,AI,2026-01-01,1,0.0,1.0,163.0,63,0.1111,0.1111,0.0,9.0,False,False
730,AL,2026-01-01,5,0.0,0.6,20.0,258,0.0698,0.1047,0.0,5.733,False,False
730,AM,2026-01-01,2,0.0,0.0,5.0,158,0.1013,0.0443,0.0,0.0,False,False
730,AO,2026-01-01,1,0.0,1.0,38.0,401,0.1297,0.0698,0.0,14.321,False,False
730,AR,2026-01-01,1,0.0,0.0,2.0,8269,0.145,0.1057,0.0,0.0,False,False
730,AS,2026-01-01,1,0.0,0.0,43.0,45,0.0667,0.1111,0.0,0.0,False,False
730,AT,2026-01-01,166,0.1084,0.1265,4.0,740,0.1486,0.0811,0.729,1.56,False,False
730,AU,2026-01-01,1290,0.1078,0.1062,5.0,10946,0.1259,0.08,0.856,1.327,True,False
730,AX,2026-01-01,4,0.0,0.25,3.5,54,0.0,0.2407,,1.038,False,False
730,BE,2026-01-01,712,0.1545,0.0857,4.0,1710,0.1392,0.0865,1.11,0.99,True,False
730,BG,2026-01-01,2,0.0,0.0,6.0,792,0.1301,0.053,0.0,0.0,False,False
730,BH,2026-01-01,1,0.0,0.0,3.0,9,0.0,0.1111,,0.0,False,False
730,BN,2026-01-01,1,0.0,0.0,2.0,103,0.1068,0.0971,0.0,0.0,False,False
730,BR,2026-01-01,5,0.0,0.2,5.0,50852,0.1322,0.0983,0.0,2.034,False,False
730,BS,2026-01-01,1,0.0,1.0,39.0,196,0.1122,0.1173,0.0,8.522,False,False
730,BZ,2026-01-01,3,0.0,0.0,4.0,104,0.1635,0.1058,0.0,0.0,False,False
730,CA,2026-01-01,1340,0.1134,0.0881,4.0,15781,0.1226,0.0855,0.926,1.029,True,False
730,CH,2026-01-01,233,0.1545,0.0901,4.0,1594,0.1581,0.0715,0.977,1.26,False,False
730,CO,2026-01-01,2,0.0,0.5,98.0,690,0.1217,0.1493,0.0,3.35,False,False
730,CR,2026-01-01,2,0.0,0.0,8.5,1681,0.1273,0.0839,0.0,0.0,False,False
730,CY,2026-01-01,2,0.5,0.0,66.0,564,0.117,0.0567,4.273,0.0,False,False
730,CZ,2026-01-01,2,0.0,0.0,1.0,45,0.0889,0.0667,0.0,0.0,False,False
730,DE,2026-01-01,1023,0.1544,0.087,4.0,3365,0.1578,0.0636,0.979,1.368,True,False
730,DK,2026-01-01,384,0.1146,0.1146,5.0,413,0.1114,0.0605,1.029,1.893,False,False
730,DO,2026-01-01,1,0.0,0.0,1.0,2973,0.1483,0.0938,0.0,0.0,False,False
730,DZ,2026-01-01,2,0.0,0.5,23.5,50,0.02,0.22,0.0,2.273,False,False
730,EE,2026-01-01,1,1.0,0.0,,238,0.1345,0.0672,7.438,0.0,False,False
730,ES,2026-01-01,31,0.0968,0.0323,4.0,11817,0.1355,0.083,0.714,0.389,False,False
730,FI,2026-01-01,189,0.1005,0.1111,4.0,478,0.1067,0.069,0.942,1.609,False,False
730,FJ,2026-01-01,1,1.0,0.0,,118,0.1186,0.0932,8.429,0.0,False,False
730,FR,2026-01-01,12,0.0833,0.0,2.0,7237,0.126,0.0927,0.661,0.0,False,False
730,GB,2026-01-01,2627,0.123,0.0963,4.0,21530,0.1218,0.0854,1.01,1.128,True,False
730,GR,2026-01-01,1,0.0,0.0,10.0,1061,0.1433,0.0679,0.0,0.0,False,False
730,GY,2026-01-01,1,0.0,0.0,2.0,475,0.1242,0.0653,0.0,0.0,False,False
730,HK,2026-01-01,3,0.3333,0.3333,26.5,1525,0.1482,0.0643,2.249,5.187,False,False
730,HR,2026-01-01,4,0.0,0.25,3.0,837,0.1195,0.1111,0.0,2.25,False,False
730,ID,2026-01-01,4,0.0,0.0,4.0,8,0.375,0.0,0.0,,False,False
730,IE,2026-01-01,7,0.2857,0.2857,5.0,2056,0.1172,0.0851,2.437,3.357,False,False
730,IL,2026-01-01,3,0.3333,0.0,2.0,1659,0.1097,0.0729,3.038,0.0,False,False
730,IN,2026-01-01,10,0.2,0.0,1.0,155,0.1161,0.071,1.722,0.0,False,False
730,IS,2026-01-01,79,0.1266,0.1266,4.0,117,0.0513,0.0855,2.468,1.481,False,False
730,IT,2026-01-01,13,0.0769,0.1538,4.5,13798,0.1334,0.0742,0.577,2.073,False,False
730,JE,2026-01-01,1,0.0,1.0,4.0,76,0.0789,0.0789,0.0,12.667,False,False
730,JM,2026-01-01,1,0.0,1.0,8.0,4777,0.121,0.0959,0.0,10.43,False,False
730,JO,2026-01-01,1,0.0,0.0,2.0,11,0.1818,0.0909,0.0,0.0,False,False
730,JP,2026-01-01,4,0.5,0.0,5.0,334,0.1677,0.0659,2.982,0.0,False,False
730,KE,2026-01-01,1,0.0,0.0,2.0,20774,0.0953,0.0794,0.0,0.0,False,False
730,KH,2026-01-01,2,0.0,0.5,116.0,14,0.0714,0.0714,0.0,7.0,False,False
730,KR,2026-01-01,2,0.0,0.5,10.0,421,0.1425,0.076,0.0,6.578,False,False
730,LA,2026-01-01,1,0.0,0.0,2.0,305,0.1377,0.0557,0.0,0.0,False,False
730,LT,2026-01-01,1,0.0,0.0,9.0,36,0.0833,0.2222,0.0,0.0,False,False
730,LU,2026-01-01,1,0.0,0.0,2.0,199,0.1206,0.0503,0.0,0.0,False,False
730,MD,2026-01-01,1,0.0,0.0,3.0,499,0.1182,0.0681,0.0,0.0,False,False
730,MX,2026-01-01,11,0.2727,0.1818,9.0,8571,0.1356,0.1015,2.012,1.791,False,False
730,NL,2026-01-01,24,0.125,0.0833,4.0,3820,0.1482,0.0686,0.844,1.215,False,False
730,NO,2026-01-01,326,0.092,0.1442,5.0,669,0.1031,0.0643,0.892,2.243,False,False
730,NZ,2026-01-01,312,0.1026,0.1154,4.0,3056,0.1276,0.0949,0.804,1.216,False,False
730,PE,2026-01-01,1,0.0,1.0,42.0,291,0.0859,0.1615,0.0,6.191,False,False
730,PH,2026-01-01,13,0.0769,0.2308,3.0,22304,0.1115,0.0811,0.69,2.847,False,False
730,PL,2026-01-01,4,0.0,0.0,2.0,208,0.1058,0.1058,0.0,0.0,False,False
730,PR,2026-01-01,3,0.0,0.6667,56.0,1193,0.1442,0.0939,0.0,7.101,False,False
730,PT,2026-01-01,5,0.0,0.2,3.0,2992,0.125,0.0856,0.0,2.338,False,False
730,RO,2026-01-01,9,0.1111,0.0,1.5,2440,0.1258,0.0762,0.883,0.0,False,False
730,SA,2026-01-01,1,0.0,0.0,1.0,48,0.0625,0.0417,0.0,0.0,False,False
730,SE,2026-01-01,457,0.1291,0.0985,5.0,913,0.1281,0.0942,1.007,1.045,False,False
730,SK,2026-01-01,3,0.0,0.3333,13.0,422,0.1445,0.0924,0.0,3.607,False,False
730,SV,2026-01-01,1,0.0,0.0,4.0,1076,0.1348,0.0883,0.0,0.0,False,False
730,TG,2026-01-01,1,0.0,0.0,4.0,5,0.0,0.4,,0.0,False,False
730,TH,2026-01-01,26,0.0769,0.0385,3.5,3511,0.141,0.0689,0.546,0.558,False,False
730,TR,2026-01-01,7,0.0,0.2857,9.0,623,0.0931,0.0851,0.0,3.358,False,False
730,TT,2026-01-01,1,0.0,0.0,2.0,1037,0.1128,0.1138,0.0,0.0,False,False
730,US,2026-01-01,13105,0.1327,0.0865,4.0,120159,0.1359,0.086,0.976,1.007,True,False
730,VA,2026-01-01,1,0.0,0.0,31.0,3,0.0,0.3333,,0.0,False,False
730,VI,2026-01-01,1,0.0,1.0,6.0,64,0.2344,0.1094,0.0,9.143,False,False
730,VN,2026-01-01,6,0.5,0.0,2.0,242,0.0992,0.0868,5.042,0.0,False,False
730,ZA,2026-01-01,6,0.1667,0.1667,9.0,329,0.0821,0.1763,2.031,0.945,False,False
833,AD,2026-01-01,1,0.0,0.0,5.0,61,0.0492,0.1148,0.0,0.0,False,False
833,AE,2026-01-01,1,0.0,0.0,1.0,99,0.0202,0.1212,0.0,0.0,False,False
833,AI,2026-01-01,1,0.0,1.0,145.0,63,0.1111,0.1111,0.0,9.0,False,False
833,AL,2026-01-01,2,0.0,0.0,40.0,258,0.0698,0.1047,0.0,0.0,False,False
833,AO,2026-01-01,1,0.0,0.0,4.0,401,0.1297,0.0698,0.0,0.0,False,False
833,AR,2026-01-01,2,0.0,0.0,1.0,8269,0.145,0.1057,0.0,0.0,False,False
833,AS,2026-01-01,2,0.0,0.5,13.0,45,0.0667,0.1111,0.0,4.5,False,False
833,AT,2026-01-01,1,0.0,0.0,3.0,740,0.1486,0.0811,0.0,0.0,False,False
833,AU,2026-01-01,7511,0.1515,0.0379,2.0,10946,0.1259,0.08,1.204,0.474,True,False
833,AX,2026-01-01,1,0.0,0.0,4.0,54,0.0,0.2407,,0.0,False,False
833,BE,2026-01-01,50,0.14,0.02,1.0,1710,0.1392,0.0865,1.006,0.231,False,False
833,BO,2026-01-01,1,0.0,0.0,4.0,1277,0.1652,0.065,0.0,0.0,False,False
833,BQ,2026-01-01,1,0.0,1.0,47.0,33,0.0606,0.0909,0.0,11.0,False,False
833,BS,2026-01-01,1,0.0,0.0,34.0,196,0.1122,0.1173,0.0,0.0,False,False
833,BZ,2026-01-01,1,0.0,1.0,1474.0,104,0.1635,0.1058,0.0,9.455,False,False
833,CA,2026-01-01,15501,0.1799,0.0381,2.0,15781,0.1226,0.0855,1.468,0.445,True,True
833,CN,2026-01-01,2,0.0,0.5,11.0,225,0.1467,0.0844,0.0,5.921,False,False
833,CO,2026-01-01,1,0.0,1.0,135.0,690,0.1217,0.1493,0.0,6.699,False,False
833,CW,2026-01-01,2,0.0,0.5,26.5,260,0.1346,0.0769,0.0,6.5,False,False
833,DE,2026-01-01,5,0.4,0.0,3.0,3365,0.1578,0.0636,2.535,0.0,False,False
833,DZ,2026-01-01,4,0.0,0.0,5.5,50,0.02,0.22,0.0,0.0,False,False
833,ES,2026-01-01,1,0.0,0.0,6.0,11817,0.1355,0.083,0.0,0.0,False,False
833,FI,2026-01-01,1,0.0,0.0,2.0,478,0.1067,0.069,0.0,0.0,False,False
833,FK,2026-01-01,1,0.0,0.0,4.0,4,0.0,0.25,,0.0,False,False
833,FR,2026-01-01,8,0.125,0.125,1.0,7237,0.126,0.0927,0.992,1.348,False,False
833,GB,2026-01-01,19713,0.1574,0.0382,2.0,21530,0.1218,0.0854,1.293,0.448,True,False
833,GG,2026-01-01,1,0.0,0.0,5.0,45,0.0444,0.1111,0.0,0.0,False,False
833,GT,2026-01-01,2,0.0,0.0,2.5,746,0.1139,0.0938,0.0,0.0,False,False
833,HK,2026-01-01,3,0.6667,0.0,11.0,1525,0.1482,0.0643,4.499,0.0,False,False
833,IE,2026-01-01,1421,0.1344,0.0394,2.0,2056,0.1172,0.0851,1.147,0.463,True,False
833,JM,2026-01-01,3,0.6667,0.0,9.0,4777,0.121,0.0959,5.51,0.0,False,False
833,KY,2026-01-01,1,0.0,0.0,1.0,225,0.0889,0.1067,0.0,0.0,False,False
833,MF,2026-01-01,1,0.0,0.0,1.0,8,0.125,0.25,0.0,0.0,False,False
833,MV,2026-01-01,1,0.0,0.0,63.0,148,0.1081,0.0946,0.0,0.0,False,False
833,MX,2026-01-01,3,0.3333,0.0,9.0,8571,0.1356,0.1015,2.459,0.0,False,False
833,NL,2026-01-01,4,0.0,0.0,4.0,3820,0.1482,0.0686,0.0,0.0,False,False
833,NZ,2026-01-01,2995,0.1546,0.0424,2.0,3056,0.1276,0.0949,1.211,0.447,True,False
833,PE,2026-01-01,2,0.0,0.0,1.0,291,0.0859,0.1615,0.0,0.0,False,False
833,PL,2026-01-01,2,0.0,0.0,47.5,208,0.1058,0.1058,0.0,0.0,False,False
833,PR,2026-01-01,53,0.1887,0.0943,2.0,1193,0.1442,0.0939,1.309,1.005,False,False
833,RS,2026-01-01,1,0.0,0.0,3.0,1736,0.1071,0.0991,0.0,0.0,False,False
833,SC,2026-01-01,2,0.0,0.0,1.5,113,0.1504,0.0619,0.0,0.0,False,False
833,SE,2026-01-01,1,0.0,0.0,4.0,913,0.1281,0.0942,0.0,0.0,False,False
833,SK,2026-01-01,1,0.0,0.0,1.0,422,0.1445,0.0924,0.0,0.0,False,False
833,SX,2026-01-01,1,0.0,0.0,1.0,92,0.1739,0.0326,0.0,0.0,False,False
833,SY,2026-01-01,5,0.4,0.0,1.0,10,0.1,0.0,4.0,,False,False
833,TC,2026-01-01,1,1.0,0.0,,78,0.1282,0.1282,7.8,0.0,False,False
833,TL,2026-01-01,2,0.0,0.0,24.5,34,0.1176,0.1765,0.0,0.0,False,False
833,UA,2026-01-01,1,0.0,0.0,1.0,5,0.0,0.0,,,False,False
833,US,2026-01-01,97636,0.1857,0.0391,2.0,120159,0.1359,0.086,1.366,0.455,True,True
833,ZM,2026-01-01,1,0.0,0.0,18.0,11,0.1818,0.0909,0.0,0.0,False,False
851,AD,2026-01-01,13,0.0,0.0,1.0,61,0.0492,0.1148,0.0,0.0,False,False
851,AE,2026-01-01,211,0.2227,0.0095,1.0,99,0.0202,0.1212,11.026,0.078,False,False
851,AL,2026-01-01,234,0.1368,0.0085,1.0,258,0.0698,0.1047,1.96,0.082,False,False
851,AM,2026-01-01,8,0.125,0.0,1.0,158,0.1013,0.0443,1.234,0.0,False,False
851,AR,2026-01-01,309,0.2977,0.0097,1.0,8269,0.145,0.1057,2.053,0.092,False,False
851,AS,2026-01-01,3,0.3333,0.0,1.0,45,0.0667,0.1111,5.0,0.0,False,False
851,AT,2026-01-01,9,0.3333,0.0,1.5,740,0.1486,0.0811,2.242,0.0,False,False
851,AU,2026-01-01,131,0.084,0.0153,1.0,10946,0.1259,0.08,0.667,0.191,False,False
851,AX,2026-01-01,2,0.0,0.0,1.0,54,0.0,0.2407,,0.0,False,False
851,AZ,2026-01-01,192,0.2552,0.0,1.0,49,0.1224,0.0612,2.084,0.0,False,False
851,BB,2026-01-01,10,0.0,0.0,2.5,250,0.152,0.136,0.0,0.0,False,False
851,BD,2026-01-01,3,0.3333,0.0,1.0,35,0.1143,0.1429,2.917,0.0,False,False
851,BE,2026-01-01,37,0.1622,0.0541,1.0,1710,0.1392,0.0865,1.165,0.625,False,False
851,BF,2026-01-01,2,0.5,0.0,2.0,212,0.1462,0.0472,3.419,0.0,False,False
851,BG,2026-01-01,70,0.1857,0.0143,1.0,792,0.1301,0.053,1.428,0.269,False,False
851,BH,2026-01-01,58,0.2931,0.0,1.0,9,0.0,0.1111,,0.0,False,False
851,BJ,2026-01-01,8,0.25,0.0,2.0,156,0.1218,0.0641,2.053,0.0,False,False
851,BM,2026-01-01,2,0.5,0.0,2.0,78,0.1282,0.0641,3.9,0.0,False,False
851,BO,2026-01-01,162,0.2284,0.0062,1.0,1277,0.1652,0.065,1.382,0.095,False,False
851,BR,2026-01-01,50,0.26,0.02,2.0,50852,0.1322,0.0983,1.967,0.203,False,False
851,BS,2026-01-01,22,0.1818,0.0455,2.0,196,0.1122,0.1173,1.62,0.387,False,False
851,BT,2026-01-01,1,0.0,0.0,8.0,130,0.0846,0.0308,0.0,0.0,False,False
851,BW,2026-01-01,4,0.25,0.0,1.0,828,0.128,0.0797,1.953,0.0,False,False
851,BZ,2026-01-01,49,0.1429,0.0,1.0,104,0.1635,0.1058,0.874,0.0,False,False
851,CA,2026-01-01,145,0.1655,0.0138,1.0,15781,0.1226,0.0855,1.351,0.161,False,False
851,CH,2026-01-01,14,0.2857,0.0714,2.5,1594,0.1581,0.0715,1.807,0.999,False,False
851,CL,2026-01-01,270,0.2222,0.0259,1.0,5808,0.1283,0.1047,1.732,0.248,False,False
851,CN,2026-01-01,13,0.3077,0.0,1.0,225,0.1467,0.0844,2.098,0.0,False,False
851,CO,2026-01-01,44,0.2273,0.0,1.0,690,0.1217,0.1493,1.867,0.0,False,False
851,CR,2026-01-01,108,0.213,0.0,1.0,1681,0.1273,0.0839,1.673,0.0,False,False
851,CV,2026-01-01,1,1.0,0.0,,61,0.0984,0.0164,10.167,0.0,False,False
851,CW,2026-01-01,17,0.1765,0.0,1.0,260,0.1346,0.0769,1.311,0.0,False,False
851,CY,2026-01-01,110,0.1545,0.0182,2.0,564,0.117,0.0567,1.321,0.32,False,False
851,CZ,2026-01-01,26,0.1538,0.0769,1.5,45,0.0889,0.0667,1.731,1.154,False,False
851,DE,2026-01-01,294,0.2381,0.0034,1.0,3365,0.1578,0.0636,1.509,0.053,False,False
851,DK,2026-01-01,20,0.1,0.0,1.0,413,0.1114,0.0605,0.898,0.0,False,False
851,DO,2026-01-01,331,0.2991,0.003,1.0,2973,0.1483,0.0938,2.016,0.032,False,False
851,DZ,2026-01-01,1,0.0,0.0,75.0,50,0.02,0.22,0.0,0.0,False,False
851,EC,2026-01-01,185,0.2919,0.0054,1.0,178,0.1067,0.118,2.735,0.046,False,False
851,EE,2026-01-01,2,0.0,0.0,3.0,238,0.1345,0.0672,0.0,0.0,False,False
851,EG,2026-01-01,2,0.5,0.0,2.0,1,0.0,0.0,,,False,False
851,ES,2026-01-01,403,0.2357,0.0223,1.0,11817,0.1355,0.083,1.74,0.269,False,False
851,FI,2026-01-01,33,0.1212,0.0606,2.0,478,0.1067,0.069,1.136,0.878,False,False
851,FJ,2026-01-01,71,0.1268,0.0,1.0,118,0.1186,0.0932,1.068,0.0,False,False
851,FM,2026-01-01,3,0.0,0.0,1.0,17,0.1765,0.1176,0.0,0.0,False,False
851,FO,2026-01-01,7,0.0,0.0,1.0,14,0.0714,0.0,0.0,,False,False
851,FR,2026-01-01,435,0.2391,0.0115,1.0,7237,0.126,0.0927,1.897,0.124,False,False
851,GA,2026-01-01,1,1.0,0.0,,210,0.1714,0.0905,5.833,0.0,False,False
851,GB,2026-01-01,104,0.1731,0.0288,1.0,21530,0.1218,0.0854,1.421,0.338,False,False
851,GD,2026-01-01,10,0.1,0.0,3.0,58,0.1034,0.1552,0.967,0.0,False,False
851,GE,2026-01-01,64,0.2188,0.0,1.0,67,0.1194,0.0896,1.832,0.0,False,False
851,GF,2026-01-01,32,0.25,0.0,1.0,73,0.1644,0.0959,1.521,0.0,False,False
851,GG,2026-01-01,9,0.1111,0.0,1.5,45,0.0444,0.1111,2.5,0.0,False,False
851,GI,2026-01-01,5,0.0,0.0,1.0,24,0.2083,0.0,0.0,,False,False
851,GL,2026-01-01,5,0.0,0.0,2.0,33,0.1212,0.0606,0.0,0.0,False,False
851,GP,2026-01-01,41,0.2195,0.0,1.0,112,0.1964,0.1071,1.118,0.0,False,False
851,GR,2026-01-01,4,0.0,0.0,1.0,1061,0.1433,0.0679,0.0,0.0,False,False
851,GU,2026-01-01,25,0.24,0.0,1.0,179,0.1508,0.0894,1.591,0.0,False,False
851,GY,2026-01-01,88,0.2159,0.0341,2.0,475,0.1242,0.0653,1.738,0.522,False,False
851,HK,2026-01-01,62,0.1774,0.0161,1.0,1525,0.1482,0.0643,1.197,0.251,False,False
851,HN,2026-01-01,1,0.0,0.0,4.0,331,0.139,0.1057,0.0,0.0,False,False
851,HT,2026-01-01,146,0.2671,0.0,1.0,217,0.1659,0.0645,1.61,0.0,False,False
851,HU,2026-01-01,58,0.2414,0.0172,1.0,87,0.1034,0.1724,2.333,0.1,False,False
851,ID,2026-01-01,4,0.25,0.0,2.0,8,0.375,0.0,0.667,,False,False
851,IE,2026-01-01,55,0.1818,0.0545,1.0,2056,0.1172,0.0851,1.551,0.641,False,False
851,IL,2026-01-01,238,0.1807,0.0336,1.0,1659,0.1097,0.0729,1.647,0.461,False,False
851,IM,2026-01-01,16,0.125,0.0625,1.0,56,0.1964,0.0179,0.636,3.5,False,False
851,IN,2026-01-01,9,0.0,0.1111,3.0,155,0.1161,0.071,0.0,1.566,False,False
851,IO,2026-01-01,2,0.0,0.0,1.5,8,0.125,0.125,0.0,0.0,False,False
851,IT,2026-01-01,308,0.1721,0.0227,1.0,13798,0.1334,0.0742,1.29,0.306,False,False
851,JE,2026-01-01,19,0.1579,0.0526,5.0,76,0.0789,0.0789,2.0,0.667,False,False
851,JM,2026-01-01,197,0.1624,0.0152,1.0,4777,0.121,0.0959,1.342,0.159,False,False
851,JO,2026-01-01,1,0.0,0.0,5.0,11,0.1818,0.0909,0.0,0.0,False,False
851,JP,2026-01-01,192,0.1979,0.0052,1.0,334,0.1677,0.0659,1.18,0.079,False,False
851,KE,2026-01-01,249,0.1486,0.0241,1.0,20774,0.0953,0.0794,1.56,0.304,False,False
851,KG,2026-01-01,290,0.3172,0.0034,1.0,224,0.1429,0.1161,2.221,0.03,False,False
851,KI,2026-01-01,25,0.2,0.04,1.0,23,0.1739,0.0,1.15,,False,False
851,KN,2026-01-01,1,0.0,0.0,2.0,17,0.1176,0.1765,0.0,0.0,False,False
851,KR,2026-01-01,14,0.2143,0.0,1.0,421,0.1425,0.076,1.504,0.0,False,False
851,KW,2026-01-01,166,0.1145,0.0181,1.0,7,0.0,0.1429,,0.127,False,False
851,LA,2026-01-01,21,0.2381,0.0,1.0,305,0.1377,0.0557,1.729,0.0,False,False
851,LC,2026-01-01,10,0.3,0.1,2.0,114,0.1579,0.1053,1.9,0.95,False,False
851,LK,2026-01-01,1,0.0,0.0,3.0,600,0.13,0.0717,0.0,0.0,False,False
851,LT,2026-01-01,54,0.2037,0.0,1.0,36,0.0833,0.2222,2.444,0.0,False,False
851,LU,2026-01-01,15,0.1333,0.0667,1.0,199,0.1206,0.0503,1.106,1.327,False,False
851,LV,2026-01-01,65,0.1538,0.0308,2.0,408,0.1225,0.0931,1.255,0.33,False,False
851,LY,2026-01-01,1,1.0,0.0,,,,,,,False,False
851,MA,2026-01-01,1,0.0,0.0,1.0,127,0.1024,0.063,0.0,0.0,False,False
851,MC,2026-01-01,3,0.0,0.0,1.0,6,0.1667,0.1667,0.0,0.0,False,False
851,MD,2026-01-01,56,0.2679,0.0179,1.0,499,0.1182,0.0681,2.265,0.262,False,False
851,ME,2026-01-01,43,0.093,0.0698,1.0,244,0.1639,0.0902,0.567,0.774,False,False
851,MG,2026-01-01,19,0.2632,0.0,1.0,401,0.0923,0.0623,2.852,0.0,False,False
851,MK,2026-01-01,81,0.1358,0.037,1.0,354,0.0989,0.0621,1.374,0.596,False,False
851,MP,2026-01-01,4,0.0,0.5,64.0,39,0.0769,0.0769,0.0,6.5,False,False
851,MQ,2026-01-01,80,0.2375,0.025,1.0,150,0.1533,0.0667,1.549,0.375,False,False
851,MR,2026-01-01,16,0.1875,0.0,2.0,109,0.1468,0.0275,1.277,0.0,False,False
851,MT,2026-01-01,55,0.1091,0.0,1.0,407,0.1351,0.0663,0.807,0.0,False,False
851,MU,2026-01-01,62,0.129,0.0484,1.0,581,0.1256,0.0706,1.027,0.686,False,False
851,MX,2026-01-01,600,0.31,0.0233,1.0,8571,0.1356,0.1015,2.287,0.23,True,True
851,MY,2026-01-01,36,0.1389,0.0,1.0,924,0.131,0.092,1.061,0.0,False,False
851,MZ,2026-01-01,2,0.0,0.0,7.0,494,0.1538,0.0425,0.0,0.0,False,False
851,NA,2026-01-01,3,0.3333,0.0,1.0,333,0.1021,0.1381,3.265,0.0,False,False
851,NC,2026-01-01,33,0.3333,0.0303,1.0,147,0.1361,0.0816,2.45,0.371,False,False
851,NE,2026-01-01,2,0.0,0.0,5.5,92,0.1522,0.0761,0.0,0.0,False,False
851,NL,2026-01-01,176,0.2386,0.0114,1.0,3820,0.1482,0.0686,1.611,0.166,False,False
851,NO,2026-01-01,20,0.1,0.0,1.0,669,0.1031,0.0643,0.97,0.0,False,False
851,NP,2026-01-01,1,0.0,0.0,2.0,7,0.1429,0.1429,0.0,0.0,False,False
851,NR,2026-01-01,1,1.0,0.0,,1,1.0,0.0,1.0,,False,False
851,NZ,2026-01-01,6,0.1667,0.0,2.0,3056,0.1276,0.0949,1.306,0.0,False,False
851,OM,2026-01-01,73,0.137,0.0137,1.0,16,0.0625,0.5,2.192,0.027,False,False
851,PA,2026-01-01,2,0.0,0.0,1.0,1343,0.1221,0.1013,0.0,0.0,False,False
851,PE,2026-01-01,665,0.2586,0.0211,1.0,291,0.0859,0.1615,3.011,0.13,False,False
851,PF,2026-01-01,73,0.1644,0.0274,1.0,233,0.133,0.1202,1.236,0.228,False,False
851,PG,2026-01-01,427,0.1991,0.0328,1.0,5,0.0,0.2,,0.164,False,False
851,PH,2026-01-01,7,0.2857,0.0,1.0,22304,0.1115,0.0811,2.562,0.0,False,False
851,PK,2026-01-01,8,0.375,0.0,1.0,115,0.1043,0.0609,3.594,0.0,False,False
851,PL,2026-01-01,95,0.2947,0.0211,1.0,208,0.1058,0.1058,2.787,0.199,False,False
851,PM,2026-01-01,2,0.0,0.0,1.0,2,0.5,0.0,0.0,,False,False
851,PR,2026-01-01,151,0.1722,0.0331,2.0,1193,0.1442,0.0939,1.194,0.353,False,False
851,PT,2026-01-01,38,0.2895,0.0263,1.0,2992,0.125,0.0856,2.316,0.308,False,False
851,PW,2026-01-01,1,0.0,0.0,2.0,18,0.3333,0.0,0.0,,False,False
851,PY,2026-01-01,364,0.2115,0.0082,1.0,1045,0.1349,0.0995,1.568,0.083,False,False
851,QA,2026-01-01,214,0.1028,0.014,1.0,10,0.3,0.0,0.343,,False,False
851,RE,2026-01-01,28,0.4286,0.0,1.0,147,0.1701,0.0816,2.52,0.0,False,False
851,RO,2026-01-01,14,0.2143,0.0,1.0,2440,0.1258,0.0762,1.703,0.0,False,False
851,RS,2026-01-01,453,0.1589,0.0221,1.0,1736,0.1071,0.0991,1.483,0.223,False,False
851,SA,2026-01-01,3,0.6667,0.0,1.0,48,0.0625,0.0417,10.667,0.0,False,False
851,SC,2026-01-01,3,0.6667,0.0,1.0,113,0.1504,0.0619,4.431,0.0,False,False
851,SE,2026-01-01,32,0.1563,0.0,1.0,913,0.1281,0.0942,1.219,0.0,False,False
851,SG,2026-01-01,281,0.1957,0.0071,1.0,3539,0.1173,0.0616,1.669,0.116,False,False
851,SI,2026-01-01,27,0.2222,0.0741,2.0,402,0.0945,0.0945,2.351,0.784,False,False
851,SK,2026-01-01,34,0.1765,0.0,1.0,422,0.1445,0.0924,1.221,0.0,False,False
851,SM,2026-01-01,4,0.25,0.0,5.0,16,0.1875,0.0625,1.333,0.0,False,False
851,SR,2026-01-01,46,0.1304,0.0,1.0,194,0.1392,0.0361,0.937,0.0,False,False
851,SV,2026-01-01,357,0.2353,0.0056,1.0,1076,0.1348,0.0883,1.746,0.063,False,False
851,SX,2026-01-01,3,0.0,0.0,1.0,92,0.1739,0.0326,0.0,0.0,False,False
851,TC,2026-01-01,1,0.0,0.0,1.0,78,0.1282,0.1282,0.0,0.0,False,False
851,TH,2026-01-01,364,0.2253,0.011,1.0,3511,0.141,0.0689,1.598,0.159,False,False
851,TL,2026-01-01,1,0.0,0.0,3.0,34,0.1176,0.1765,0.0,0.0,False,False
851,TO,2026-01-01,1,0.0,0.0,2.0,33,0.1515,0.0,0.0,,False,False
851,TR,2026-01-01,408,0.1299,0.0172,1.0,623,0.0931,0.0851,1.395,0.202,False,False
851,TT,2026-01-01,199,0.1709,0.0302,1.0,1037,0.1128,0.1138,1.514,0.265,False,False
851,TV,2026-01-01,2,0.5,0.0,2.0,1,1.0,0.0,0.5,,False,False
851,TW,2026-01-01,5,0.4,0.2,3.0,1390,0.1353,0.0791,2.957,2.527,False,False
851,TZ,2026-01-01,1,0.0,0.0,10.0,44,0.1364,0.0455,0.0,0.0,False,False
851,UA,2026-01-01,2,0.0,0.0,3.5,5,0.0,0.0,,,False,False
851,UG,2026-01-01,1,0.0,0.0,1.0,173,0.0462,0.2023,0.0,0.0,False,False
851,US,2026-01-01,2944,0.1766,0.017,1.0,120159,0.1359,0.086,1.299,0.198,True,False
851,UY,2026-01-01,36,0.3889,0.0556,2.5,2147,0.1253,0.0755,3.104,0.736,False,False
851,UZ,2026-01-01,922,0.2636,0.0043,1.0,533,0.1595,0.0638,1.653,0.068,True,True
851,VC,2026-01-01,1,0.0,0.0,1.0,57,0.1579,0.1053,0.0,0.0,False,False
851,VG,2026-01-01,4,0.25,0.0,1.0,45,0.1111,0.0889,2.25,0.0,False,False
851,VI,2026-01-01,3,0.3333,0.0,1.5,64,0.2344,0.1094,1.422,0.0,False,False
851,VN,2026-01-01,765,0.2379,0.0052,1.0,242,0.0992,0.0868,2.399,0.06,False,False
851,VU,2026-01-01,26,0.3077,0.0769,1.0,29,0.1724,0.0,1.785,,False,False
851,WS,2026-01-01,6,0.3333,0.1667,5.0,25,0.28,0.08,1.19,2.083,False,False
851,YT,2026-01-01,3,0.3333,0.0,1.0,26,0.2692,0.0385,1.238,0.0,False,False
851,ZA,2026-01-01,334,0.1587,0.015,1.0,329,0.0821,0.1763,1.934,0.085,False,False
889,DE,2026-01-01,31,0.0323,0.0645,4.5,3365,0.1578,0.0636,0.204,1.014,False,False
889,ES,2026-01-01,161,0.118,0.0994,4.0,11817,0.1355,0.083,0.871,1.197,False,False
889,FR,2026-01-01,610,0.1246,0.0902,3.0,7237,0.126,0.0927,0.989,0.972,True,False
889,IT,2026-01-01,319,0.047,0.0972,4.0,13798,0.1334,0.0742,0.352,1.309,False,False
897,AD,2026-01-01,1,0.0,0.0,4.0,61,0.0492,0.1148,0.0,0.0,False,False
897,AI,2026-01-01,2,0.0,0.0,10.5,63,0.1111,0.1111,0.0,0.0,False,False
897,AL,2026-01-01,3,0.0,0.3333,12.0,258,0.0698,0.1047,0.0,3.185,False,False
897,AO,2026-01-01,3,0.0,0.0,4.0,401,0.1297,0.0698,0.0,0.0,False,False
897,AQ,2026-01-01,1,0.0,1.0,391.0,10,0.0,0.4,,2.5,False,False
897,AS,2026-01-01,3,0.0,0.3333,33.0,45,0.0667,0.1111,0.0,3.0,False,False
897,AT,2026-01-01,103,0.1262,0.068,4.0,740,0.1486,0.0811,0.849,0.838,False,False
897,AU,2026-01-01,1538,0.13,0.0579,2.0,10946,0.1259,0.08,1.033,0.723,True,False
897,AW,2026-01-01,2,0.0,0.0,7.0,124,0.1129,0.129,0.0,0.0,False,False
897,AX,2026-01-01,10,0.0,0.2,27.0,54,0.0,0.2407,,0.831,False,False
897,BB,2026-01-01,3,0.3333,0.0,9.0,250,0.152,0.136,2.193,0.0,False,False
897,BE,2026-01-01,294,0.1395,0.0748,3.0,1710,0.1392,0.0865,1.002,0.865,False,False
897,BG,2026-01-01,9,0.1111,0.0,2.5,792,0.1301,0.053,0.854,0.0,False,False
897,BM,2026-01-01,1,0.0,0.0,27.0,78,0.1282,0.0641,0.0,0.0,False,False
897,BO,2026-01-01,1,0.0,0.0,1.0,1277,0.1652,0.065,0.0,0.0,False,False
897,BR,2026-01-01,3,0.3333,0.0,1.5,50852,0.1322,0.0983,2.521,0.0,False,False
897,BS,2026-01-01,2,0.0,0.0,6.5,196,0.1122,0.1173,0.0,0.0,False,False
897,BZ,2026-01-01,2,0.0,0.0,1.5,104,0.1635,0.1058,0.0,0.0,False,False
897,CA,2026-01-01,2626,0.1455,0.0594,2.0,15781,0.1226,0.0855,1.187,0.694,True,False
897,CH,2026-01-01,92,0.1087,0.0543,2.5,1594,0.1581,0.0715,0.688,0.76,False,False
897,CK,2026-01-01,1,0.0,0.0,1.0,17,0.1765,0.1765,0.0,0.0,False,False
897,CL,2026-01-01,1,1.0,0.0,,5808,0.1283,0.1047,7.796,0.0,False,False
897,CM,2026-01-01,2,0.0,0.5,22.0,16,0.0625,0.125,0.0,4.0,False,False
897,CO,2026-01-01,10,0.0,0.1,2.5,690,0.1217,0.1493,0.0,0.67,False,False
897,CR,2026-01-01,2,0.5,0.0,2.0,1681,0.1273,0.0839,3.928,0.0,False,False
897,CY,2026-01-01,1,0.0,0.0,18.0,564,0.117,0.0567,0.0,0.0,False,False
897,CZ,2026-01-01,2,0.5,0.0,1.0,45,0.0889,0.0667,5.625,0.0,False,False
897,DE,2026-01-01,647,0.1066,0.1036,4.0,3365,0.1578,0.0636,0.676,1.628,True,False
897,DK,2026-01-01,72,0.1389,0.0556,4.0,413,0.1114,0.0605,1.247,0.918,False,False
897,DO,2026-01-01,6,0.0,0.0,1.5,2973,0.1483,0.0938,0.0,0.0,False,False
897,DZ,2026-01-01,4,0.0,0.5,96.0,50,0.02,0.22,0.0,2.273,False,False
897,EC,2026-01-01,2,0.0,0.0,3.0,178,0.1067,0.118,0.0,0.0,False,False
897,EE,2026-01-01,3,0.3333,0.0,1.5,238,0.1345,0.0672,2.479,0.0,False,False
897,ES,2026-01-01,20,0.1,0.1,1.0,11817,0.1355,0.083,0.738,1.205,False,False
897,FI,2026-01-01,67,0.1194,0.1045,4.0,478,0.1067,0.069,1.119,1.513,False,False
897,FJ,2026-01-01,7,0.0,0.0,2.0,118,0.1186,0.0932,0.0,0.0,False,False
897,FR,2026-01-01,28,0.0714,0.1071,4.5,7237,0.126,0.0927,0.567,1.156,False,False
897,GB,2026-01-01,3598,0.1554,0.0545,2.0,21530,0.1218,0.0854,1.276,0.638,True,False
897,GD,2026-01-01,2,0.0,0.5,64.0,58,0.1034,0.1552,0.0,3.222,False,False
897,GE,2026-01-01,2,0.5,0.0,1.0,67,0.1194,0.0896,4.188,0.0,False,False
897,GI,2026-01-01,1,1.0,0.0,,24,0.2083,0.0,4.8,,False,False
897,GM,2026-01-01,1,1.0,0.0,,41,0.0976,0.1463,10.25,0.0,False,False
897,GR,2026-01-01,11,0.1818,0.0,2.0,1061,0.1433,0.0679,1.269,0.0,False,False
897,GU,2026-01-01,1,0.0,0.0,4.0,179,0.1508,0.0894,0.0,0.0,False,False
897,GY,2026-01-01,2,0.5,0.0,1.0,475,0.1242,0.0653,4.025,0.0,False,False
897,HN,2026-01-01,2,0.5,0.0,1.0,331,0.139,0.1057,3.598,0.0,False,False
897,HR,2026-01-01,2,0.0,0.0,1.5,837,0.1195,0.1111,0.0,0.0,False,False
897,HU,2026-01-01,8,0.125,0.125,4.0,87,0.1034,0.1724,1.208,0.725,False,False
897,ID,2026-01-01,8,0.0,0.0,2.0,8,0.375,0.0,0.0,,False,False
897,IE,2026-01-01,251,0.1235,0.0279,2.0,2056,0.1172,0.0851,1.054,0.328,False,False
897,IM,2026-01-01,1,0.0,0.0,1.0,56,0.1964,0.0179,0.0,0.0,False,False
897,IN,2026-01-01,10,0.3,0.0,1.0,155,0.1161,0.071,2.583,0.0,False,False
897,IS,2026-01-01,11,0.2727,0.0,4.5,117,0.0513,0.0855,5.318,0.0,False,False
897,IT,2026-01-01,25,0.12,0.04,2.0,13798,0.1334,0.0742,0.899,0.539,False,False
897,JM,2026-01-01,17,0.1176,0.0,3.0,4777,0.121,0.0959,0.972,0.0,False,False
897,JP,2026-01-01,5,0.4,0.2,2.0,334,0.1677,0.0659,2.386,3.036,False,False
897,KE,2026-01-01,3,0.0,0.0,9.0,20774,0.0953,0.0794,0.0,0.0,False,False
897,KH,2026-01-01,2,0.0,0.0,2.5,14,0.0714,0.0714,0.0,0.0,False,False
897,KR,2026-01-01,4,0.0,0.0,7.5,421,0.1425,0.076,0.0,0.0,False,False
897,KW,2026-01-01,1,0.0,0.0,1.0,7,0.0,0.1429,,0.0,False,False
897,KY,2026-01-01,1,0.0,0.0,4.0,225,0.0889,0.1067,0.0,0.0,False,False
897,LC,2026-01-01,1,1.0,0.0,,114,0.1579,0.1053,6.333,0.0,False,False
897,LU,2026-01-01,15,0.1333,0.0,1.0,199,0.1206,0.0503,1.106,0.0,False,False
897,LV,2026-01-01,1,0.0,0.0,1.0,408,0.1225,0.0931,0.0,0.0,False,False
897,MA,2026-01-01,3,0.3333,0.0,9.5,127,0.1024,0.063,3.256,0.0,False,False
897,MD,2026-01-01,1,0.0,0.0,2.0,499,0.1182,0.0681,0.0,0.0,False,False
897,ME,2026-01-01,1,0.0,0.0,1.0,244,0.1639,0.0902,0.0,0.0,False,False
897,MK,2026-01-01,2,0.0,0.0,3.5,354,0.0989,0.0621,0.0,0.0,False,False
897,MN,2026-01-01,1,0.0,0.0,1.0,89,0.1461,0.0787,0.0,0.0,False,False
897,MO,2026-01-01,1,0.0,0.0,3.0,60,0.1167,0.0167,0.0,0.0,False,False
897,MQ,2026-01-01,1,0.0,0.0,1.0,150,0.1533,0.0667,0.0,0.0,False,False
897,MT,2026-01-01,6,0.0,0.0,9.5,407,0.1351,0.0663,0.0,0.0,False,False
897,MX,2026-01-01,24,0.2083,0.0833,1.0,8571,0.1356,0.1015,1.537,0.821,False,False
897,MY,2026-01-01,3,0.0,0.3333,27.0,924,0.131,0.092,0.0,3.624,False,False
897,NA,2026-01-01,1,0.0,0.0,2.0,333,0.1021,0.1381,0.0,0.0,False,False
897,NL,2026-01-01,363,0.1405,0.0799,4.0,3820,0.1482,0.0686,0.948,1.165,False,False
897,NO,2026-01-01,81,0.1111,0.1358,2.0,669,0.1031,0.0643,1.077,2.113,False,False
897,NZ,2026-01-01,397,0.1914,0.063,3.0,3056,0.1276,0.0949,1.5,0.664,False,False
897,PA,2026-01-01,4,0.0,0.0,18.0,1343,0.1221,0.1013,0.0,0.0,False,False
897,PE,2026-01-01,1,1.0,0.0,,291,0.0859,0.1615,11.64,0.0,False,False
897,PG,2026-01-01,1,0.0,0.0,1.0,5,0.0,0.2,,0.0,False,False
897,PH,2026-01-01,70,0.1143,0.1,3.5,22304,0.1115,0.0811,1.025,1.234,False,False
897,PL,2026-01-01,10,0.1,0.1,5.0,208,0.1058,0.1058,0.945,0.945,False,False
897,PR,2026-01-01,14,0.2857,0.0714,2.0,1193,0.1442,0.0939,1.982,0.761,False,False
897,PT,2026-01-01,15,0.0,0.1333,3.0,2992,0.125,0.0856,0.0,1.558,False,False
897,PY,2026-01-01,1,0.0,0.0,1.0,1045,0.1349,0.0995,0.0,0.0,False,False
897,QA,2026-01-01,1,0.0,0.0,1.0,10,0.3,0.0,0.0,,False,False
897,RO,2026-01-01,17,0.1765,0.0,6.0,2440,0.1258,0.0762,1.403,0.0,False,False
897,RS,2026-01-01,8,0.0,0.0,2.5,1736,0.1071,0.0991,0.0,0.0,False,False
897,SA,2026-01-01,1,0.0,0.0,3.0,48,0.0625,0.0417,0.0,0.0,False,False
897,SB,2026-01-01,1,0.0,1.0,397.0,92,0.1413,0.0435,0.0,23.0,False,False
897,SC,2026-01-01,1,0.0,0.0,1.0,113,0.1504,0.0619,0.0,0.0,False,False
897,SE,2026-01-01,257,0.1089,0.0545,3.0,913,0.1281,0.0942,0.85,0.578,False,False
897,SG,2026-01-01,1,0.0,0.0,4.0,3539,0.1173,0.0616,0.0,0.0,False,False
897,SK,2026-01-01,1,0.0,0.0,2.0,422,0.1445,0.0924,0.0,0.0,False,False
897,SX,2026-01-01,1,0.0,0.0,1.0,92,0.1739,0.0326,0.0,0.0,False,False
897,TH,2026-01-01,10,0.1,0.0,3.0,3511,0.141,0.0689,0.709,0.0,False,False
897,TL,2026-01-01,1,0.0,0.0,1.0,34,0.1176,0.1765,0.0,0.0,False,False
897,TR,2026-01-01,3,0.0,0.0,4.0,623,0.0931,0.0851,0.0,0.0,False,False
897,TT,2026-01-01,3,0.3333,0.0,25.5,1037,0.1128,0.1138,2.954,0.0,False,False
897,TV,2026-01-01,2,0.0,0.0,1.5,1,1.0,0.0,0.0,,False,False
897,TW,2026-01-01,1,0.0,0.0,2.0,1390,0.1353,0.0791,0.0,0.0,False,False
897,TZ,2026-01-01,1,0.0,0.0,4.0,44,0.1364,0.0455,0.0,0.0,False,False
897,US,2026-01-01,28683,0.1734,0.0472,2.0,120159,0.1359,0.086,1.275,0.549,True,False
897,VI,2026-01-01,7,0.4286,0.0,5.5,64,0.2344,0.1094,1.829,0.0,False,False
897,VN,2026-01-01,3,0.0,0.0,10.0,242,0.0992,0.0868,0.0,0.0,False,False
897,XK,2026-01-01,2,0.0,0.0,1.5,91,0.0659,0.0879,0.0,0.0,False,False
897,ZA,2026-01-01,3,0.0,0.3333,20.0,329,0.0821,0.1763,0.0,1.891,False,False
911,AL,2026-01-01,1,0.0,0.0,4.0,258,0.0698,0.1047,0.0,0.0,False,False
911,AU,2026-01-01,14,0.2857,0.0,3.5,10946,0.1259,0.08,2.27,0.0,False,False
911,BE,2026-01-01,1,0.0,0.0,1.0,1710,0.1392,0.0865,0.0,0.0,False,False
911,CA,2026-01-01,14,0.2857,0.0,1.5,15781,0.1226,0.0855,2.331,0.0,False,False
911,CH,2026-01-01,1,0.0,0.0,1.0,1594,0.1581,0.0715,0.0,0.0,False,False
911,CL,2026-01-01,5,0.0,0.0,3.0,5808,0.1283,0.1047,0.0,0.0,False,False
911,CO,2026-01-01,1,0.0,0.0,4.0,690,0.1217,0.1493,0.0,0.0,False,False
911,DE,2026-01-01,26,0.2308,0.0,1.0,3365,0.1578,0.0636,1.462,0.0,False,False
911,ES,2026-01-01,1,0.0,0.0,2.0,11817,0.1355,0.083,0.0,0.0,False,False
911,FI,2026-01-01,1,0.0,0.0,2.0,478,0.1067,0.069,0.0,0.0,False,False
911,GB,2026-01-01,11,0.2727,0.0,1.0,21530,0.1218,0.0854,2.239,0.0,False,False
911,IE,2026-01-01,1,0.0,0.0,1.0,2056,0.1172,0.0851,0.0,0.0,False,False
911,IN,2026-01-01,5,0.4,0.0,1.0,155,0.1161,0.071,3.444,0.0,False,False
911,JM,2026-01-01,1,0.0,0.0,2.0,4777,0.121,0.0959,0.0,0.0,False,False
911,JP,2026-01-01,2,0.5,0.0,1.0,334,0.1677,0.0659,2.982,0.0,False,False
911,KI,2026-01-01,1,1.0,0.0,,23,0.1739,0.0,5.75,,False,False
911,MX,2026-01-01,3,0.0,0.0,1.0,8571,0.1356,0.1015,0.0,0.0,False,False
911,MY,2026-01-01,1,0.0,0.0,1.0,924,0.131,0.092,0.0,0.0,False,False
911,NL,2026-01-01,1,0.0,0.0,1.0,3820,0.1482,0.0686,0.0,0.0,False,False
911,NZ,2026-01-01,4,0.5,0.0,2.0,3056,0.1276,0.0949,3.918,0.0,False,False
911,PG,2026-01-01,1,0.0,0.0,2.0,5,0.0,0.2,,0.0,False,False
911,PH,2026-01-01,1,0.0,0.0,2.0,22304,0.1115,0.0811,0.0,0.0,False,False
911,QA,2026-01-01,2,0.0,0.0,1.0,10,0.3,0.0,0.0,,False,False
911,RO,2026-01-01,1,1.0,0.0,,2440,0.1258,0.0762,7.948,0.0,False,False
911,SA,2026-01-01,2,0.0,0.0,1.5,48,0.0625,0.0417,0.0,0.0,False,False
911,SE,2026-01-01,1,0.0,0.0,6.0,913,0.1281,0.0942,0.0,0.0,False,False
911,US,2026-01-01,10633,0.2109,0.0345,2.0,120159,0.1359,0.086,1.552,0.402,True,True
organic,AD,2026-01-01,44,0.0227,0.1136,3.0,61,0.0492,0.1148,0.462,0.99,False,False
organic,AE,2026-01-01,722,0.0582,0.0665,4.0,99,0.0202,0.1212,2.88,0.548,False,False
organic,AF,2026-01-01,4,0.5,0.0,5.5,,,,,,False,False
organic,AG,2026-01-01,23,0.087,0.087,3.0,32,0.0625,0.0938,1.391,0.928,False,False
organic,AI,2026-01-01,15,0.0,0.0667,9.0,63,0.1111,0.1111,0.0,0.6,False,False
organic,AL,2026-01-01,170,0.0294,0.0882,3.0,258,0.0698,0.1047,0.422,0.843,False,False
organic,AM,2026-01-01,77,0.039,0.0649,5.0,158,0.1013,0.0443,0.385,1.466,False,False
organic,AO,2026-01-01,386,0.0466,0.0622,3.0,401,0.1297,0.0698,0.36,0.89,False,False
organic,AQ,2026-01-01,18,0.0,0.2222,13.0,10,0.0,0.4,,0.556,False,False
organic,AR,2026-01-01,1552,0.0973,0.1044,5.0,8269,0.145,0.1057,0.671,0.988,True,False
organic,AS,2026-01-01,56,0.0357,0.125,3.0,45,0.0667,0.1111,0.536,1.125,False,False
organic,AT,2026-01-01,633,0.0348,0.079,2.0,740,0.1486,0.0811,0.234,0.974,True,False
organic,AU,2026-01-01,4720,0.0411,0.0523,3.0,10946,0.1259,0.08,0.326,0.654,True,False
organic,AW,2026-01-01,23,0.0435,0.1304,3.0,124,0.1129,0.129,0.385,1.011,False,False
organic,AX,2026-01-01,89,0.0112,0.1573,2.5,54,0.0,0.2407,,0.653,False,False
organic,AZ,2026-01-01,135,0.0444,0.0889,4.0,49,0.1224,0.0612,0.363,1.452,False,False
organic,BA,2026-01-01,2,0.0,0.0,3.0,,,,,,False,False
organic,BB,2026-01-01,65,0.0154,0.1538,6.5,250,0.152,0.136,0.101,1.131,False,False
organic,BD,2026-01-01,295,0.0271,0.0271,4.0,35,0.1143,0.1429,0.237,0.19,False,False
organic,BE,2026-01-01,930,0.0774,0.0677,4.0,1710,0.1392,0.0865,0.556,0.783,True,False
organic,BF,2026-01-01,36,0.0833,0.0556,2.0,212,0.1462,0.0472,0.57,1.178,False,False
organic,BG,2026-01-01,190,0.0316,0.0947,3.0,792,0.1301,0.053,0.243,1.786,False,False
organic,BH,2026-01-01,59,0.0678,0.0508,3.0,9,0.0,0.1111,,0.458,False,False
organic,BJ,2026-01-01,96,0.0521,0.0417,5.0,156,0.1218,0.0641,0.428,0.65,False,False
organic,BL,2026-01-01,1,0.0,0.0,55.0,,,,,,False,False
organic,BM,2026-01-01,23,0.0435,0.0,2.0,78,0.1282,0.0641,0.339,0.0,False,False
organic,BN,2026-01-01,38,0.4211,0.0526,4.0,103,0.1068,0.0971,3.943,0.542,False,False
organic,BO,2026-01-01,167,0.1018,0.0659,5.0,1277,0.1652,0.065,0.616,1.013,False,False
organic,BQ,2026-01-01,13,0.0,0.0,7.0,33,0.0606,0.0909,0.0,0.0,False,False
organic,BR,2026-01-01,6466,0.1005,0.0968,4.0,50852,0.1322,0.0983,0.76,0.984,True,False
organic,BS,2026-01-01,103,0.0194,0.0583,4.0,196,0.1122,0.1173,0.173,0.496,False,False
organic,BT,2026-01-01,8,0.0,0.0,1.0,130,0.0846,0.0308,0.0,0.0,False,False
organic,BV,2026-01-01,9,0.0,0.0,1.0,,,,,,False,False
organic,BW,2026-01-01,469,0.0874,0.0938,6.0,828,0.128,0.0797,0.683,1.177,False,False
organic,BY,2026-01-01,8,0.125,0.0,1.0,,,,,,False,False
organic,BZ,2026-01-01,47,0.0851,0.0213,2.0,104,0.1635,0.1058,0.521,0.201,False,False
organic,CA,2026-01-01,6833,0.0446,0.0615,3.0,15781,0.1226,0.0855,0.364,0.719,True,False
organic,CC,2026-01-01,2,0.0,0.0,1.0,1,0.0,0.0,,,False,False
organic,CH,2026-01-01,557,0.0341,0.0646,2.5,1594,0.1581,0.0715,0.216,0.904,True,False
organic,CI,2026-01-01,78,0.0513,0.141,4.0,40,0.075,0.2,0.684,0.705,False,False
organic,CK,2026-01-01,11,0.0,0.1818,3.0,17,0.1765,0.1765,0.0,1.03,False,False
organic,CL,2026-01-01,803,0.0822,0.0747,3.0,5808,0.1283,0.1047,0.641,0.714,True,False
organic,CM,2026-01-01,123,0.0894,0.0976,7.0,16,0.0625,0.125,1.431,0.78,False,False
organic,CN,2026-01-01,3816,0.0288,0.0029,2.0,225,0.1467,0.0844,0.197,0.034,False,False
organic,CO,2026-01-01,4809,0.0697,0.0364,1.0,690,0.1217,0.1493,0.572,0.244,True,False
organic,CR,2026-01-01,328,0.0915,0.1098,3.0,1681,0.1273,0.0839,0.718,1.309,False,False
organic,CV,2026-01-01,49,0.1224,0.102,5.0,61,0.0984,0.0164,1.245,6.224,False,False
organic,CW,2026-01-01,32,0.0,0.0313,2.0,260,0.1346,0.0769,0.0,0.406,False,False
organic,CX,2026-01-01,4,0.0,0.0,4.0,1,0.0,1.0,,0.0,False,False
organic,CY,2026-01-01,233,0.0215,0.0472,3.0,564,0.117,0.0567,0.183,0.832,False,False
organic,CZ,2026-01-01,195,0.1385,0.0308,2.5,45,0.0889,0.0667,1.558,0.462,False,False
organic,DE,2026-01-01,3046,0.0463,0.0463,2.0,3365,0.1578,0.0636,0.293,0.728,True,False
organic,DJ,2026-01-01,119,0.0252,0.0336,6.0,166,0.1627,0.0482,0.155,0.697,False,False
organic,DK,2026-01-01,425,0.04,0.0541,3.0,413,0.1114,0.0605,0.359,0.894,False,False
organic,DM,2026-01-01,4,0.25,0.0,1.0,54,0.1852,0.1111,1.35,0.0,False,False
organic,DO,2026-01-01,397,0.0907,0.0655,4.0,2973,0.1483,0.0938,0.611,0.698,False,False
organic,DZ,2026-01-01,555,0.0559,0.0613,3.0,50,0.02,0.22,2.793,0.278,False,False
organic,EC,2026-01-01,497,0.1147,0.0684,3.0,178,0.1067,0.118,1.074,0.58,False,False
organic,EE,2026-01-01,73,0.0411,0.1096,4.0,238,0.1345,0.0672,0.306,1.63,False,False
organic,EG,2026-01-01,6,0.6667,0.0,2.5,1,0.0,0.0,,,False,False
organic,ER,2026-01-01,1,0.0,0.0,15.0,,,,,,False,False
organic,ES,2026-01-01,2393,0.0547,0.0765,3.0,11817,0.1355,0.083,0.404,0.921,True,False
organic,ET,2026-01-01,10,0.1,0.0,12.0,8,0.0,0.25,,0.0,False,False
organic,FI,2026-01-01,479,0.1378,0.048,3.0,478,0.1067,0.069,1.291,0.696,False,False
organic,FJ,2026-01-01,73,0.0685,0.1644,2.0,118,0.1186,0.0932,0.577,1.763,False,False
organic,FK,2026-01-01,5,0.0,0.0,1.0,4,0.0,0.25,,0.0,False,False
organic,FM,2026-01-01,3,0.0,0.3333,11.0,17,0.1765,0.1176,0.0,2.833,False,False
organic,FO,2026-01-01,6,0.1667,0.0,1.0,14,0.0714,0.0,2.333,,False,False
organic,FR,2026-01-01,3280,0.0628,0.0601,3.0,7237,0.126,0.0927,0.498,0.648,True,False
organic,GA,2026-01-01,22,0.0,0.0455,2.0,210,0.1714,0.0905,0.0,0.502,False,False
organic,GB,2026-01-01,12003,0.0726,0.0531,3.0,21530,0.1218,0.0854,0.597,0.622,True,False
organic,GD,2026-01-01,7,0.1429,0.1429,2.0,58,0.1034,0.1552,1.381,0.921,False,False
organic,GE,2026-01-01,111,0.3153,0.027,4.0,67,0.1194,0.0896,2.641,0.302,False,False
organic,GF,2026-01-01,18,0.1111,0.0,2.5,73,0.1644,0.0959,0.676,0.0,False,False
organic,GG,2026-01-01,9,0.0,0.1111,1.0,45,0.0444,0.1111,0.0,1.0,False,False
organic,GH,2026-01-01,3,0.6667,0.0,5.0,,,,,,False,False
organic,GI,2026-01-01,6,0.0,0.0,5.5,24,0.2083,0.0,0.0,,False,False
organic,GL,2026-01-01,20,0.25,0.1,6.0,33,0.1212,0.0606,2.063,1.65,False,False
organic,GM,2026-01-01,68,0.0441,0.0588,6.0,41,0.0976,0.1463,0.452,0.402,False,False
organic,GN,2026-01-01,13,0.0,0.1538,4.0,8,0.125,0.0,0.0,,False,False
organic,GP,2026-01-01,47,0.0213,0.0638,2.0,112,0.1964,0.1071,0.108,0.596,False,False
organic,GQ,2026-01-01,7,0.0,0.0,3.0,44,0.2273,0.0682,0.0,0.0,False,False
organic,GR,2026-01-01,864,0.0394,0.0359,5.0,1061,0.1433,0.0679,0.275,0.529,True,False
organic,GT,2026-01-01,95,0.0421,0.0737,6.0,746,0.1139,0.0938,0.37,0.785,False,False
organic,GU,2026-01-01,25,0.04,0.12,3.0,179,0.1508,0.0894,0.265,1.342,False,False
organic,GY,2026-01-01,123,0.0488,0.0488,2.0,475,0.1242,0.0653,0.393,0.747,False,False
organic,HK,2026-01-01,361,0.0582,0.0499,3.0,1525,0.1482,0.0643,0.393,0.776,False,False
organic,HM,2026-01-01,2,0.0,0.0,4.0,,,,,,False,False
organic,HN,2026-01-01,181,0.105,0.0884,4.0,331,0.139,0.1057,0.755,0.836,False,False
organic,HR,2026-01-01,126,0.0556,0.0714,4.0,837,0.1195,0.1111,0.465,0.643,False,False
organic,HT,2026-01-01,72,0.0972,0.0556,3.0,217,0.1659,0.0645,0.586,0.861,False,False
organic,HU,2026-01-01,223,0.0673,0.1256,3.0,87,0.1034,0.1724,0.65,0.728,False,False
organic,ID,2026-01-01,165,0.0485,0.0909,4.0,8,0.375,0.0,0.129,,False,False
organic,IE,2026-01-01,972,0.142,0.0514,2.0,2056,0.1172,0.0851,1.211,0.604,True,False
organic,IL,2026-01-01,546,0.0311,0.0696,2.0,1659,0.1097,0.0729,0.284,0.954,True,False
organic,IM,2026-01-01,25,0.04,0.12,2.0,56,0.1964,0.0179,0.204,6.72,False,False
organic,IN,2026-01-01,2341,0.0342,0.0269,2.0,155,0.1161,0.071,0.294,0.379,False,False
organic,IO,2026-01-01,2,0.0,0.0,2.5,8,0.125,0.125,0.0,0.0,False,False
organic,IQ,2026-01-01,69,1.0,0.0,,,,,,,False,False
organic,IR,2026-01-01,12,0.25,0.0833,3.0,4,0.5,0.0,0.5,,False,False
organic,IS,2026-01-01,73,0.0137,0.1233,2.0,117,0.0513,0.0855,0.267,1.442,False,False
organic,IT,2026-01-01,2019,0.0698,0.0817,3.0,13798,0.1334,0.0742,0.523,1.101,True,False
organic,JE,2026-01-01,33,0.0303,0.0606,3.0,76,0.0789,0.0789,0.384,0.768,False,False
organic,JM,2026-01-01,336,0.0685,0.0625,4.0,4777,0.121,0.0959,0.566,0.652,False,False
organic,JO,2026-01-01,71,0.0,0.0563,2.0,11,0.1818,0.0909,0.0,0.62,False,False
organic,JP,2026-01-01,498,0.0522,0.0301,3.0,334,0.1677,0.0659,0.311,0.457,False,False
organic,KE,2026-01-01,1893,0.0903,0.0803,3.0,20774,0.0953,0.0794,0.948,1.012,True,False
organic,KG,2026-01-01,190,0.0211,0.0316,9.5,224,0.1429,0.1161,0.147,0.272,False,False
organic,KH,2026-01-01,96,0.0104,0.0208,5.0,14,0.0714,0.0714,0.146,0.292,False,False
organic,KI,2026-01-01,5,0.2,0.2,2.5,23,0.1739,0.0,1.15,,False,False
organic,KM,2026-01-01,12,0.0833,0.0,4.0,18,0.2222,0.1111,0.375,0.0,False,False
organic,KN,2026-01-01,11,0.0,0.1818,4.0,17,0.1176,0.1765,0.0,1.03,False,False
organic,KR,2026-01-01,152,0.0395,0.0724,3.0,421,0.1425,0.076,0.277,0.952,False,False
organic,KW,2026-01-01,180,0.0444,0.0833,3.0,7,0.0,0.1429,,0.583,False,False
organic,KY,2026-01-01,14,0.0,0.1429,9.0,225,0.0889,0.1067,0.0,1.339,False,False
organic,KZ,2026-01-01,42,0.0238,0.0476,3.0,21,0.0,0.0952,,0.5,False,False
organic,LA,2026-01-01,22,0.0455,0.0909,3.0,305,0.1377,0.0557,0.33,1.631,False,False
organic,LC,2026-01-01,19,0.1579,0.1579,1.0,114,0.1579,0.1053,1.0,1.5,False,False
organic,LI,2026-01-01,3,0.0,0.0,1.0,8,0.125,0.0,0.0,,False,False
organic,LK,2026-01-01,161,0.0435,0.0621,3.0,600,0.13,0.0717,0.334,0.867,False,False
organic,LS,2026-01-01,17,0.0,0.0588,4.0,188,0.1436,0.0372,0.0,1.58,False,False
organic,LT,2026-01-01,116,0.0776,0.1121,6.0,36,0.0833,0.2222,0.931,0.504,False,False
organic,LU,2026-01-01,140,0.0429,0.0286,1.0,199,0.1206,0.0503,0.355,0.569,False,False
organic,LV,2026-01-01,907,0.0088,0.0143,3.0,408,0.1225,0.0931,0.072,0.154,False,False
organic,MA,2026-01-01,407,0.0393,0.0344,6.0,127,0.1024,0.063,0.384,0.546,False,False
organic,MC,2026-01-01,4,0.0,0.0,3.5,6,0.1667,0.1667,0.0,0.0,False,False
organic,MD,2026-01-01,214,0.014,0.028,2.0,499,0.1182,0.0681,0.119,0.411,False,False
organic,ME,2026-01-01,28,0.0,0.0714,3.0,244,0.1639,0.0902,0.0,0.792,False,False
organic,MF,2026-01-01,1,0.0,0.0,8.0,8,0.125,0.25,0.0,0.0,False,False
organic,MG,2026-01-01,430,0.1233,0.0512,3.0,401,0.0923,0.0623,1.336,0.821,False,False
organic,MH,2026-01-01,1,0.0,0.0,1.0,7,0.0,0.0,,,False,False
organic,MK,2026-01-01,88,0.0227,0.0568,2.0,354,0.0989,0.0621,0.23,0.914,False,False
organic,MN,2026-01-01,21,0.0476,0.0952,2.0,89,0.1461,0.0787,0.326,1.211,False,False
organic,MO,2026-01-01,7,0.1429,0.0,1.0,60,0.1167,0.0167,1.224,0.0,False,False
organic,MP,2026-01-01,3,0.0,0.3333,5.0,39,0.0769,0.0769,0.0,4.333,False,False
organic,MQ,2026-01-01,29,0.069,0.1034,3.0,150,0.1533,0.0667,0.45,1.552,False,False
organic,MR,2026-01-01,45,0.0222,0.1556,5.5,109,0.1468,0.0275,0.151,5.652,False,False
organic,MT,2026-01-01,85,0.0118,0.0471,2.0,407,0.1351,0.0663,0.087,0.709,False,False
organic,MU,2026-01-01,195,0.0821,0.0923,2.0,581,0.1256,0.0706,0.653,1.308,False,False
organic,MV,2026-01-01,17,0.0588,0.0,2.0,148,0.1081,0.0946,0.544,0.0,False,False
organic,MW,2026-01-01,38,0.0,0.1053,3.0,3,0.0,0.0,,,False,False
organic,MX,2026-01-01,2708,0.0879,0.0713,3.0,8571,0.1356,0.1015,0.648,0.702,True,False
organic,MY,2026-01-01,322,0.1056,0.0932,3.0,924,0.131,0.092,0.806,1.013,False,False
organic,MZ,2026-01-01,671,0.1475,0.0686,3.0,494,0.1538,0.0425,0.959,1.613,False,False
organic,NA,2026-01-01,327,0.1131,0.0917,7.0,333,0.1021,0.1381,1.108,0.664,False,False
organic,NC,2026-01-01,34,0.2353,0.0588,4.5,147,0.1361,0.0816,1.729,0.721,False,False
organic,NE,2026-01-01,50,0.48,0.02,5.5,92,0.1522,0.0761,3.154,0.263,False,False
organic,NF,2026-01-01,1,1.0,0.0,,1,0.0,0.0,,,False,False
organic,NG,2026-01-01,26,0.9615,0.0,4.0,1,0.0,0.0,,,False,False
organic,NL,2026-01-01,2609,0.0475,0.0422,2.0,3820,0.1482,0.0686,0.321,0.615,True,False
organic,NO,2026-01-01,439,0.0364,0.0797,2.0,669,0.1031,0.0643,0.353,1.24,False,False
organic,NP,2026-01-01,86,0.0,0.0465,6.0,7,0.1429,0.1429,0.0,0.326,False,False
organic,NR,2026-01-01,2,0.5,0.0,1.0,1,1.0,0.0,0.5,,False,False
organic,NZ,2026-01-01,1159,0.0336,0.0785,3.0,3056,0.1276,0.0949,0.264,0.827,True,False
organic,OM,2026-01-01,119,0.1008,0.0672,2.0,16,0.0625,0.5,1.613,0.134,False,False
organic,PA,2026-01-01,232,0.0905,0.1164,5.0,1343,0.1221,0.1013,0.741,1.149,False,False
organic,PE,2026-01-01,635,0.1228,0.1008,3.0,291,0.0859,0.1615,1.43,0.624,False,False
organic,PF,2026-01-01,84,0.0238,0.0952,3.0,233,0.133,0.1202,0.179,0.793,False,False
organic,PG,2026-01-01,122,0.1066,0.0656,3.0,5,0.0,0.2,,0.328,False,False
organic,PH,2026-01-01,3100,0.1042,0.0761,3.0,22304,0.1115,0.0811,0.934,0.939,True,False
organic,PK,2026-01-01,518,0.0907,0.0405,6.0,115,0.1043,0.0609,0.87,0.666,False,False
organic,PL,2026-01-01,879,0.0523,0.0364,2.0,208,0.1058,0.1058,0.495,0.344,False,False
organic,PM,2026-01-01,1,0.0,0.0,3.0,2,0.5,0.0,0.0,,False,False
organic,PR,2026-01-01,188,0.117,0.0691,2.0,1193,0.1442,0.0939,0.812,0.737,False,False
organic,PS,2026-01-01,21,0.0,0.0,6.0,,,,,,False,False
organic,PT,2026-01-01,894,0.0749,0.0649,3.0,2992,0.125,0.0856,0.6,0.758,True,False
organic,PW,2026-01-01,7,0.0,0.1429,8.0,18,0.3333,0.0,0.0,,False,False
organic,PY,2026-01-01,181,0.1381,0.0608,2.0,1045,0.1349,0.0995,1.024,0.611,False,False
organic,QA,2026-01-01,166,0.0602,0.0663,3.0,10,0.3,0.0,0.201,,False,False
organic,RE,2026-01-01,75,0.1067,0.0667,2.0,147,0.1701,0.0816,0.627,0.817,False,False
organic,RO,2026-01-01,559,0.0304,0.0716,2.0,2440,0.1258,0.0762,0.242,0.939,True,False
organic,RS,2026-01-01,897,0.019,0.0803,6.0,1736,0.1071,0.0991,0.177,0.81,True,False
organic,RU,2026-01-01,82,0.061,0.0,4.0,19,0.2632,0.1053,0.232,0.0,False,False
organic,RW,2026-01-01,33,0.0606,0.0606,4.0,31,0.129,0.0968,0.47,0.626,False,False
organic,SA,2026-01-01,222,0.0811,0.0541,2.0,48,0.0625,0.0417,1.297,1.297,False,False
organic,SB,2026-01-01,11,0.0909,0.0,1.5,92,0.1413,0.0435,0.643,0.0,False,False
organic,SC,2026-01-01,55,0.0727,0.0545,3.0,113,0.1504,0.0619,0.483,0.881,False,False
organic,SE,2026-01-01,1037,0.0405,0.0386,2.0,913,0.1281,0.0942,0.316,0.409,True,False
organic,SG,2026-01-01,1379,0.029,0.0268,1.0,3539,0.1173,0.0616,0.247,0.436,True,False
organic,SH,2026-01-01,1,0.0,1.0,175.0,,,,,,False,False
organic,SI,2026-01-01,89,0.0562,0.1236,3.0,402,0.0945,0.0945,0.594,1.308,False,False
organic,SK,2026-01-01,152,0.0132,0.0658,6.0,422,0.1445,0.0924,0.091,0.712,False,False
organic,SL,2026-01-01,30,0.0333,0.0667,3.0,908,0.1949,0.0452,0.171,1.476,False,False
organic,SM,2026-01-01,1,0.0,0.0,1.0,16,0.1875,0.0625,0.0,0.0,False,False
organic,SN,2026-01-01,141,0.0142,0.1348,8.0,21,0.1429,0.1905,0.099,0.707,False,False
organic,SR,2026-01-01,251,0.012,0.0359,2.0,194,0.1392,0.0361,0.086,0.994,False,False
organic,ST,2026-01-01,2,0.0,0.0,1.5,1,0.0,0.0,,,False,False
organic,SV,2026-01-01,194,0.0773,0.0464,2.0,1076,0.1348,0.0883,0.574,0.525,False,False
organic,SX,2026-01-01,9,0.1111,0.0,2.5,92,0.1739,0.0326,0.639,0.0,False,False
organic,SY,2026-01-01,8,0.0,0.0,2.5,10,0.1,0.0,0.0,,False,False
organic,SZ,2026-01-01,51,0.0784,0.0196,4.0,234,0.1453,0.0299,0.54,0.655,False,False
organic,TC,2026-01-01,3,0.0,0.3333,4.0,78,0.1282,0.1282,0.0,2.6,False,False
organic,TD,2026-01-01,45,0.0667,0.0889,4.0,87,0.1379,0.0805,0.483,1.105,False,False
organic,TG,2026-01-01,23,0.0,0.1304,8.0,5,0.0,0.4,,0.326,False,False
organic,TH,2026-01-01,471,0.0403,0.0658,3.0,3511,0.141,0.0689,0.286,0.955,False,False
organic,TJ,2026-01-01,48,0.0417,0.0208,11.0,75,0.1867,0.04,0.223,0.521,False,False
organic,TK,2026-01-01,13,0.0,0.0,1.0,,,,,,False,False
organic,TL,2026-01-01,7,0.0,0.0,3.0,34,0.1176,0.1765,0.0,0.0,False,False
organic,TM,2026-01-01,18,0.0,0.0556,13.5,12,0.0,0.0,,,False,False
organic,TN,2026-01-01,2,0.5,0.0,2.0,,,,,,False,False
organic,TO,2026-01-01,7,0.0,0.0,16.0,33,0.1515,0.0,0.0,,False,False
organic,TR,2026-01-01,3001,0.0187,0.0383,6.0,623,0.0931,0.0851,0.2,0.45,True,False
organic,TT,2026-01-01,161,0.0186,0.1118,3.0,1037,0.1128,0.1138,0.165,0.983,False,False
organic,TV,2026-01-01,1,1.0,0.0,,1,1.0,0.0,1.0,,False,False
organic,TW,2026-01-01,101,0.0396,0.0594,2.0,1390,0.1353,0.0791,0.293,0.751,False,False
organic,TZ,2026-01-01,130,0.0385,0.1,7.0,44,0.1364,0.0455,0.282,2.2,False,False
organic,UA,2026-01-01,191,0.1099,0.0576,2.0,5,0.0,0.0,,,False,False
organic,UG,2026-01-01,363,0.0193,0.0606,11.5,173,0.0462,0.2023,0.417,0.3,False,False
organic,US,2026-01-01,73227,0.0653,0.0515,3.0,120159,0.1359,0.086,0.48,0.599,True,False
organic,UY,2026-01-01,316,0.1013,0.0981,3.0,2147,0.1253,0.0755,0.808,1.3,False,False
organic,UZ,2026-01-01,186,0.0591,0.043,2.0,533,0.1595,0.0638,0.371,0.674,False,False
organic,VA,2026-01-01,7,0.0,0.0,1.0,3,0.0,0.3333,,0.0,False,False
organic,VC,2026-01-01,6,0.1667,0.0,1.0,57,0.1579,0.1053,1.056,0.0,False,False
organic,VE,2026-01-01,2,0.0,0.0,1.0,,,,,,False,False
organic,VG,2026-01-01,10,0.1,0.0,2.0,45,0.1111,0.0889,0.9,0.0,False,False
organic,VI,2026-01-01,8,0.0,0.25,2.5,64,0.2344,0.1094,0.0,2.286,False,False
organic,VN,2026-01-01,1066,0.0094,0.3143,10.0,242,0.0992,0.0868,0.095,3.621,False,False
organic,VU,2026-01-01,6,0.1667,0.0,8.0,29,0.1724,0.0,0.967,,False,False
organic,WF,2026-01-01,11,0.0,0.0,1.0,2,0.0,0.0,,,False,False
organic,WS,2026-01-01,10,0.0,0.1,1.0,25,0.28,0.08,0.0,1.25,False,False
organic,XK,2026-01-01,18,0.1111,0.1111,2.5,91,0.0659,0.0879,1.685,1.264,False,False
organic,YE,2026-01-01,1,0.0,0.0,1.0,,,,,,False,False
organic,YT,2026-01-01,3,0.0,0.0,1.0,26,0.2692,0.0385,0.0,0.0,False,False
organic,ZA,2026-01-01,3382,0.092,0.0781,3.0,329,0.0821,0.1763,1.121,0.443,False,False
organic,ZM,2026-01-01,85,0.0824,0.0588,7.0,11,0.1818,0.0909,0.453,0.647,False,False
organic,ZW,2026-01-01,1,0.0,0.0,18.0,,,,,,False,False
ppc,AD,2026-01-01,61,0.0492,0.1148,6.0,61,0.0492,0.1148,1.0,1.0,False,False
ppc,AE,2026-01-01,99,0.0202,0.1212,5.0,99,0.0202,0.1212,1.0,1.0,False,False
ppc,AG,2026-01-01,32,0.0625,0.0938,5.0,32,0.0625,0.0938,1.0,1.0,False,False
ppc,AI,2026-01-01,63,0.1111,0.1111,4.5,63,0.1111,0.1111,1.0,1.0,False,False
ppc,AL,2026-01-01,258,0.0698,0.1047,4.0,258,0.0698,0.1047,1.0,1.0,False,False
ppc,AM,2026-01-01,158,0.1013,0.0443,2.0,158,0.1013,0.0443,1.0,1.0,False,False
ppc,AO,2026-01-01,401,0.1297,0.0698,4.0,401,0.1297,0.0698,1.0,1.0,False,False
ppc,AQ,2026-01-01,10,0.0,0.4,121.0,10,0.0,0.4,,1.0,False,False
ppc,AR,2026-01-01,8269,0.145,0.1057,4.0,8269,0.145,0.1057,1.0,1.0,True,False
ppc,AS,2026-01-01,45,0.0667,0.1111,5.5,45,0.0667,0.1111,1.0,1.0,False,False
ppc,AT,2026-01-01,740,0.1486,0.0811,3.0,740,0.1486,0.0811,1.0,1.0,True,False
ppc,AU,2026-01-01,10946,0.1259,0.08,3.0,10946,0.1259,0.08,1.0,1.0,True,False
ppc,AW,2026-01-01,124,0.1129,0.129,3.0,124,0.1129,0.129,1.0,1.0,False,False
ppc,AX,2026-01-01,54,0.0,0.2407,11.5,54,0.0,0.2407,,1.0,False,False
ppc,AZ,2026-01-01,49,0.1224,0.0612,3.0,49,0.1224,0.0612,1.0,1.0,False,False
ppc,BB,2026-01-01,250,0.152,0.136,5.0,250,0.152,0.136,1.0,1.0,False,False
ppc,BD,2026-01-01,35,0.1143,0.1429,6.0,35,0.1143,0.1429,1.0,1.0,False,False
ppc,BE,2026-01-01,1710,0.1392,0.0865,3.0,1710,0.1392,0.0865,1.0,1.0,True,False
ppc,BF,2026-01-01,212,0.1462,0.0472,2.0,212,0.1462,0.0472,1.0,1.0,False,False
ppc,BG,2026-01-01,792,0.1301,0.053,2.0,792,0.1301,0.053,1.0,1.0,True,False
ppc,BH,2026-01-01,9,0.0,0.1111,24.0,9,0.0,0.1111,,1.0,False,False
ppc,BJ,2026-01-01,156,0.1218,0.0641,3.0,156,0.1218,0.0641,1.0,1.0,False,False
ppc,BM,2026-01-01,78,0.1282,0.0641,4.0,78,0.1282,0.0641,1.0,1.0,False,False
ppc,BN,2026-01-01,103,0.1068,0.0971,4.0,103,0.1068,0.0971,1.0,1.0,False,False
ppc,BO,2026-01-01,1277,0.1652,0.065,2.0,1277,0.1652,0.065,1.0,1.0,True,False
ppc,BQ,2026-01-01,33,0.0606,0.0909,4.0,33,0.0606,0.0909,1.0,1.0,False,False
ppc,BR,2026-01-01,50852,0.1322,0.0983,4.0,50852,0.1322,0.0983,1.0,1.0,True,False
ppc,BS,2026-01-01,196,0.1122,0.1173,5.0,196,0.1122,0.1173,1.0,1.0,False,False
ppc,BT,2026-01-01,130,0.0846,0.0308,1.0,130,0.0846,0.0308,1.0,1.0,False,False
ppc,BW,2026-01-01,828,0.128,0.0797,5.0,828,0.128,0.0797,1.0,1.0,True,False
ppc,BZ,2026-01-01,104,0.1635,0.1058,3.0,104,0.1635,0.1058,1.0,1.0,False,False
ppc,CA,2026-01-01,15781,0.1226,0.0855,3.0,15781,0.1226,0.0855,1.0,1.0,True,False
ppc,CC,2026-01-01,1,0.0,0.0,18.0,1,0.0,0.0,,,False,False
ppc,CH,2026-01-01,1594,0.1581,0.0715,3.0,1594,0.1581,0.0715,1.0,1.0,True,False
ppc,CI,2026-01-01,40,0.075,0.2,3.0,40,0.075,0.2,1.0,1.0,False,False
ppc,CK,2026-01-01,17,0.1765,0.1765,4.5,17,0.1765,0.1765,1.0,1.0,False,False
ppc,CL,2026-01-01,5808,0.1283,0.1047,4.0,5808,0.1283,0.1047,1.0,1.0,True,False
ppc,CM,2026-01-01,16,0.0625,0.125,9.0,16,0.0625,0.125,1.0,1.0,False,False
ppc,CN,2026-01-01,225,0.1467,0.0844,4.0,225,0.1467,0.0844,1.0,1.0,False,False
ppc,CO,2026-01-01,690,0.1217,0.1493,7.0,690,0.1217,0.1493,1.0,1.0,True,False
ppc,CR,2026-01-01,1681,0.1273,0.0839,4.0,1681,0.1273,0.0839,1.0,1.0,True,False
ppc,CV,2026-01-01,61,0.0984,0.0164,3.0,61,0.0984,0.0164,1.0,1.0,False,False
ppc,CW,2026-01-01,260,0.1346,0.0769,3.0,260,0.1346,0.0769,1.0,1.0,False,False
ppc,CX,2026-01-01,1,0.0,1.0,232.0,1,0.0,1.0,,1.0,False,False
ppc,CY,2026-01-01,564,0.117,0.0567,2.0,564,0.117,0.0567,1.0,1.0,True,False
ppc,CZ,2026-01-01,45,0.0889,0.0667,2.0,45,0.0889,0.0667,1.0,1.0,False,False
ppc,DE,2026-01-01,3365,0.1578,0.0636,3.0,3365,0.1578,0.0636,1.0,1.0,True,False
ppc,DJ,2026-01-01,166,0.1627,0.0482,5.0,166,0.1627,0.0482,1.0,1.0,False,False
ppc,DK,2026-01-01,413,0.1114,0.0605,3.0,413,0.1114,0.0605,1.0,1.0,False,False
ppc,DM,2026-01-01,54,0.1852,0.1111,3.0,54,0.1852,0.1111,1.0,1.0,False,False
ppc,DO,2026-01-01,2973,0.1483,0.0938,4.0,2973,0.1483,0.0938,1.0,1.0,True,False
ppc,DZ,2026-01-01,50,0.02,0.22,8.0,50,0.02,0.22,1.0,1.0,False,False
ppc,EC,2026-01-01,178,0.1067,0.118,7.0,178,0.1067,0.118,1.0,1.0,False,False
ppc,EE,2026-01-01,238,0.1345,0.0672,3.0,238,0.1345,0.0672,1.0,1.0,False,False
ppc,EG,2026-01-01,1,0.0,0.0,1.0,1,0.0,0.0,,,False,False
ppc,EH,2026-01-01,3,0.0,0.3333,32.0,3,0.0,0.3333,,1.0,False,False
ppc,ES,2026-01-01,11817,0.1355,0.083,3.0,11817,0.1355,0.083,1.0,1.0,True,False
ppc,ET,2026-01-01,8,0.0,0.25,11.0,8,0.0,0.25,,1.0,False,False
ppc,FI,2026-01-01,478,0.1067,0.069,3.0,478,0.1067,0.069,1.0,1.0,False,False
ppc,FJ,2026-01-01,118,0.1186,0.0932,3.0,118,0.1186,0.0932,1.0,1.0,False,False
ppc,FK,2026-01-01,4,0.0,0.25,4.0,4,0.0,0.25,,1.0,False,False
ppc,FM,2026-01-01,17,0.1765,0.1176,1.5,17,0.1765,0.1176,1.0,1.0,False,False
ppc,FO,2026-01-01,14,0.0714,0.0,1.0,14,0.0714,0.0,1.0,,False,False
ppc,FR,2026-01-01,7237,0.126,0.0927,4.0,7237,0.126,0.0927,1.0,1.0,True,False
ppc,GA,2026-01-01,210,0.1714,0.0905,3.0,210,0.1714,0.0905,1.0,1.0,False,False
ppc,GB,2026-01-01,21530,0.1218,0.0854,3.0,21530,0.1218,0.0854,1.0,1.0,True,False
ppc,GD,2026-01-01,58,0.1034,0.1552,2.5,58,0.1034,0.1552,1.0,1.0,False,False
ppc,GE,2026-01-01,67,0.1194,0.0896,3.0,67,0.1194,0.0896,1.0,1.0,False,False
ppc,GF,2026-01-01,73,0.1644,0.0959,4.0,73,0.1644,0.0959,1.0,1.0,False,False
ppc,GG,2026-01-01,45,0.0444,0.1111,4.0,45,0.0444,0.1111,1.0,1.0,False,False
ppc,GI,2026-01-01,24,0.2083,0.0,4.0,24,0.2083,0.0,1.0,,False,False
ppc,GL,2026-01-01,33,0.1212,0.0606,4.0,33,0.1212,0.0606,1.0,1.0,False,False
ppc,GM,2026-01-01,41,0.0976,0.1463,5.0,41,0.0976,0.1463,1.0,1.0,False,False
ppc,GN,2026-01-01,8,0.125,0.0,6.0,8,0.125,0.0,1.0,,False,False
ppc,GP,2026-01-01,112,0.1964,0.1071,5.0,112,0.1964,0.1071,1.0,1.0,False,False
ppc,GQ,2026-01-01,44,0.2273,0.0682,4.0,44,0.2273,0.0682,1.0,1.0,False,False
ppc,GR,2026-01-01,1061,0.1433,0.0679,3.0,1061,0.1433,0.0679,1.0,1.0,True,False
ppc,GT,2026-01-01,746,0.1139,0.0938,3.0,746,0.1139,0.0938,1.0,1.0,True,False
ppc,GU,2026-01-01,179,0.1508,0.0894,3.0,179,0.1508,0.0894,1.0,1.0,False,False
ppc,GY,2026-01-01,475,0.1242,0.0653,2.0,475,0.1242,0.0653,1.0,1.0,False,False
ppc,HK,2026-01-01,1525,0.1482,0.0643,2.0,1525,0.1482,0.0643,1.0,1.0,True,False
ppc,HN,2026-01-01,331,0.139,0.1057,4.0,331,0.139,0.1057,1.0,1.0,False,False
ppc,HR,2026-01-01,837,0.1195,0.1111,4.0,837,0.1195,0.1111,1.0,1.0,True,False
ppc,HT,2026-01-01,217,0.1659,0.0645,2.0,217,0.1659,0.0645,1.0,1.0,False,False
ppc,HU,2026-01-01,87,0.1034,0.1724,7.0,87,0.1034,0.1724,1.0,1.0,False,False
ppc,ID,2026-01-01,8,0.375,0.0,1.0,8,0.375,0.0,1.0,,False,False
ppc,IE,2026-01-01,2056,0.1172,0.0851,3.0,2056,0.1172,0.0851,1.0,1.0,True,False
ppc,IL,2026-01-01,1659,0.1097,0.0729,3.0,1659,0.1097,0.0729,1.0,1.0,True,False
ppc,IM,2026-01-01,56,0.1964,0.0179,3.0,56,0.1964,0.0179,1.0,1.0,False,False
ppc,IN,2026-01-01,155,0.1161,0.071,4.0,155,0.1161,0.071,1.0,1.0,False,False
ppc,IO,2026-01-01,8,0.125,0.125,6.0,8,0.125,0.125,1.0,1.0,False,False
ppc,IR,2026-01-01,4,0.5,0.0,2.5,4,0.5,0.0,1.0,,False,False
ppc,IS,2026-01-01,117,0.0513,0.0855,3.0,117,0.0513,0.0855,1.0,1.0,False,False
ppc,IT,2026-01-01,13798,0.1334,0.0742,3.0,13798,0.1334,0.0742,1.0,1.0,True,False
ppc,JE,2026-01-01,76,0.0789,0.0789,4.0,76,0.0789,0.0789,1.0,1.0,False,False
ppc,JM,2026-01-01,4777,0.121,0.0959,5.0,4777,0.121,0.0959,1.0,1.0,True,False
ppc,JO,2026-01-01,11,0.1818,0.0909,22.0,11,0.1818,0.0909,1.0,1.0,False,False
ppc,JP,2026-01-01,334,0.1677,0.0659,3.0,334,0.1677,0.0659,1.0,1.0,False,False
ppc,KE,2026-01-01,20774,0.0953,0.0794,3.0,20774,0.0953,0.0794,1.0,1.0,True,False
ppc,KG,2026-01-01,224,0.1429,0.1161,4.0,224,0.1429,0.1161,1.0,1.0,False,False
ppc,KH,2026-01-01,14,0.0714,0.0714,4.0,14,0.0714,0.0714,1.0,1.0,False,False
ppc,KI,2026-01-01,23,0.1739,0.0,4.0,23,0.1739,0.0,1.0,,False,False
ppc,KM,2026-01-01,18,0.2222,0.1111,5.5,18,0.2222,0.1111,1.0,1.0,False,False
ppc,KN,2026-01-01,17,0.1176,0.1765,5.0,17,0.1176,0.1765,1.0,1.0,False,False
ppc,KR,2026-01-01,421,0.1425,0.076,3.0,421,0.1425,0.076,1.0,1.0,False,False
ppc,KW,2026-01-01,7,0.0,0.1429,2.0,7,0.0,0.1429,,1.0,False,False
ppc,KY,2026-01-01,225,0.0889,0.1067,5.0,225,0.0889,0.1067,1.0,1.0,False,False
ppc,KZ,2026-01-01,21,0.0,0.0952,8.0,21,0.0,0.0952,,1.0,False,False
ppc,LA,2026-01-01,305,0.1377,0.0557,2.0,305,0.1377,0.0557,1.0,1.0,False,False
ppc,LC,2026-01-01,114,0.1579,0.1053,2.0,114,0.1579,0.1053,1.0,1.0,False,False
ppc,LI,2026-01-01,8,0.125,0.0,3.0,8,0.125,0.0,1.0,,False,False
ppc,LK,2026-01-01,600,0.13,0.0717,4.0,600,0.13,0.0717,1.0,1.0,True,False
ppc,LS,2026-01-01,188,0.1436,0.0372,2.0,188,0.1436,0.0372,1.0,1.0,False,False
ppc,LT,2026-01-01,36,0.0833,0.2222,10.0,36,0.0833,0.2222,1.0,1.0,False,False
ppc,LU,2026-01-01,199,0.1206,0.0503,3.0,199,0.1206,0.0503,1.0,1.0,False,False
ppc,LV,2026-01-01,408,0.1225,0.0931,3.0,408,0.1225,0.0931,1.0,1.0,False,False
ppc,MA,2026-01-01,127,0.1024,0.063,2.0,127,0.1024,0.063,1.0,1.0,False,False
ppc,MC,2026-01-01,6,0.1667,0.1667,3.0,6,0.1667,0.1667,1.0,1.0,False,False
ppc,MD,2026-01-01,499,0.1182,0.0681,3.0,499,0.1182,0.0681,1.0,1.0,False,False
ppc,ME,2026-01-01,244,0.1639,0.0902,3.0,244,0.1639,0.0902,1.0,1.0,False,False
ppc,MF,2026-01-01,8,0.125,0.25,3.0,8,0.125,0.25,1.0,1.0,False,False
ppc,MG,2026-01-01,401,0.0923,0.0623,4.0,401,0.0923,0.0623,1.0,1.0,False,False
ppc,MH,2026-01-01,7,0.0,0.0,1.0,7,0.0,0.0,,,False,False
ppc,MK,2026-01-01,354,0.0989,0.0621,2.0,354,0.0989,0.0621,1.0,1.0,False,False
ppc,MN,2026-01-01,89,0.1461,0.0787,3.0,89,0.1461,0.0787,1.0,1.0,False,False
ppc,MO,2026-01-01,60,0.1167,0.0167,3.0,60,0.1167,0.0167,1.0,1.0,False,False
ppc,MP,2026-01-01,39,0.0769,0.0769,4.0,39,0.0769,0.0769,1.0,1.0,False,False
ppc,MQ,2026-01-01,150,0.1533,0.0667,4.0,150,0.1533,0.0667,1.0,1.0,False,False
ppc,MR,2026-01-01,109,0.1468,0.0275,2.0,109,0.1468,0.0275,1.0,1.0,False,False
ppc,MS,2026-01-01,9,0.2222,0.1111,7.0,9,0.2222,0.1111,1.0,1.0,False,False
ppc,MT,2026-01-01,407,0.1351,0.0663,3.0,407,0.1351,0.0663,1.0,1.0,False,False
ppc,MU,2026-01-01,581,0.1256,0.0706,4.0,581,0.1256,0.0706,1.0,1.0,True,False
ppc,MV,2026-01-01,148,0.1081,0.0946,2.0,148,0.1081,0.0946,1.0,1.0,False,False
ppc,MW,2026-01-01,3,0.0,0.0,4.0,3,0.0,0.0,,,False,False
ppc,MX,2026-01-01,8571,0.1356,0.1015,4.0,8571,0.1356,0.1015,1.0,1.0,True,False
ppc,MY,2026-01-01,924,0.131,0.092,4.0,924,0.131,0.092,1.0,1.0,True,False
ppc,MZ,2026-01-01,494,0.1538,0.0425,2.0,494,0.1538,0.0425,1.0,1.0,False,False
ppc,NA,2026-01-01,333,0.1021,0.1381,6.0,333,0.1021,0.1381,1.0,1.0,False,False
ppc,NC,2026-01-01,147,0.1361,0.0816,4.0,147,0.1361,0.0816,1.0,1.0,False,False
ppc,NE,2026-01-01,92,0.1522,0.0761,3.0,92,0.1522,0.0761,1.0,1.0,False,False
ppc,NF,2026-01-01,1,0.0,0.0,5.0,1,0.0,0.0,,,False,False
ppc,NG,2026-01-01,1,0.0,0.0,5.0,1,0.0,0.0,,,False,False
ppc,NL,2026-01-01,3820,0.1482,0.0686,3.0,3820,0.1482,0.0686,1.0,1.0,True,False
ppc,NO,2026-01-01,669,0.1031,0.0643,3.0,669,0.1031,0.0643,1.0,1.0,True,False
ppc,NP,2026-01-01,7,0.1429,0.1429,9.0,7,0.1429,0.1429,1.0,1.0,False,False
ppc,NR,2026-01-01,1,1.0,0.0,,1,1.0,0.0,1.0,,False,False
ppc,NZ,2026-01-01,3056,0.1276,0.0949,4.0,3056,0.1276,0.0949,1.0,1.0,True,False
ppc,OM,2026-01-01,16,0.0625,0.5,9.0,16,0.0625,0.5,1.0,1.0,False,False
ppc,PA,2026-01-01,1343,0.1221,0.1013,4.0,1343,0.1221,0.1013,1.0,1.0,True,False
ppc,PE,2026-01-01,291,0.0859,0.1615,5.5,291,0.0859,0.1615,1.0,1.0,False,False
ppc,PF,2026-01-01,233,0.133,0.1202,5.0,233,0.133,0.1202,1.0,1.0,False,False
ppc,PG,2026-01-01,5,0.0,0.2,8.0,5,0.0,0.2,,1.0,False,False
ppc,PH,2026-01-01,22304,0.1115,0.0811,3.0,22304,0.1115,0.0811,1.0,1.0,True,False
ppc,PK,2026-01-01,115,0.1043,0.0609,2.0,115,0.1043,0.0609,1.0,1.0,False,False
ppc,PL,2026-01-01,208,0.1058,0.1058,5.0,208,0.1058,0.1058,1.0,1.0,False,False
ppc,PM,2026-01-01,2,0.5,0.0,6.0,2,0.5,0.0,1.0,,False,False
ppc,PR,2026-01-01,1193,0.1442,0.0939,3.0,1193,0.1442,0.0939,1.0,1.0,True,False
ppc,PT,2026-01-01,2992,0.125,0.0856,3.0,2992,0.125,0.0856,1.0,1.0,True,False
ppc,PW,2026-01-01,18,0.3333,0.0,4.0,18,0.3333,0.0,1.0,,False,False
ppc,PY,2026-01-01,1045,0.1349,0.0995,4.0,1045,0.1349,0.0995,1.0,1.0,True,False
ppc,QA,2026-01-01,10,0.3,0.0,3.0,10,0.3,0.0,1.0,,False,False
ppc,RE,2026-01-01,147,0.1701,0.0816,4.0,147,0.1701,0.0816,1.0,1.0,False,False
ppc,RO,2026-01-01,2440,0.1258,0.0762,3.0,2440,0.1258,0.0762,1.0,1.0,True,False
ppc,RS,2026-01-01,1736,0.1071,0.0991,3.0,1736,0.1071,0.0991,1.0,1.0,True,False
ppc,RU,2026-01-01,19,0.2632,0.1053,4.0,19,0.2632,0.1053,1.0,1.0,False,False
ppc,RW,2026-01-01,31,0.129,0.0968,6.0,31,0.129,0.0968,1.0,1.0,False,False
ppc,SA,2026-01-01,48,0.0625,0.0417,3.0,48,0.0625,0.0417,1.0,1.0,False,False
ppc,SB,2026-01-01,92,0.1413,0.0435,2.0,92,0.1413,0.0435,1.0,1.0,False,False
ppc,SC,2026-01-01,113,0.1504,0.0619,3.0,113,0.1504,0.0619,1.0,1.0,False,False
ppc,SE,2026-01-01,913,0.1281,0.0942,3.0,913,0.1281,0.0942,1.0,1.0,True,False
ppc,SG,2026-01-01,3539,0.1173,0.0616,3.0,3539,0.1173,0.0616,1.0,1.0,True,False
ppc,SI,2026-01-01,402,0.0945,0.0945,3.0,402,0.0945,0.0945,1.0,1.0,False,False
ppc,SK,2026-01-01,422,0.1445,0.0924,3.0,422,0.1445,0.0924,1.0,1.0,False,False
ppc,SL,2026-01-01,908,0.1949,0.0452,3.0,908,0.1949,0.0452,1.0,1.0,True,False
ppc,SM,2026-01-01,16,0.1875,0.0625,2.0,16,0.1875,0.0625,1.0,1.0,False,False
ppc,SN,2026-01-01,21,0.1429,0.1905,10.0,21,0.1429,0.1905,1.0,1.0,False,False
ppc,SR,2026-01-01,194,0.1392,0.0361,2.0,194,0.1392,0.0361,1.0,1.0,False,False
ppc,ST,2026-01-01,1,0.0,0.0,1.0,1,0.0,0.0,,,False,False
ppc,SV,2026-01-01,1076,0.1348,0.0883,4.0,1076,0.1348,0.0883,1.0,1.0,True,False
ppc,SX,2026-01-01,92,0.1739,0.0326,5.0,92,0.1739,0.0326,1.0,1.0,False,False
ppc,SY,2026-01-01,10,0.1,0.0,1.0,10,0.1,0.0,1.0,,False,False
ppc,SZ,2026-01-01,234,0.1453,0.0299,2.0,234,0.1453,0.0299,1.0,1.0,False,False
ppc,TC,2026-01-01,78,0.1282,0.1282,5.0,78,0.1282,0.1282,1.0,1.0,False,False
ppc,TD,2026-01-01,87,0.1379,0.0805,3.0,87,0.1379,0.0805,1.0,1.0,False,False
ppc,TG,2026-01-01,5,0.0,0.4,7.0,5,0.0,0.4,,1.0,False,False
ppc,TH,2026-01-01,3511,0.141,0.0689,3.0,3511,0.141,0.0689,1.0,1.0,True,False
ppc,TJ,2026-01-01,75,0.1867,0.04,2.0,75,0.1867,0.04,1.0,1.0,False,False
ppc,TL,2026-01-01,34,0.1176,0.1765,2.0,34,0.1176,0.1765,1.0,1.0,False,False
ppc,TM,2026-01-01,12,0.0,0.0,10.5,12,0.0,0.0,,,False,False
ppc,TO,2026-01-01,33,0.1515,0.0,3.0,33,0.1515,0.0,1.0,,False,False
ppc,TR,2026-01-01,623,0.0931,0.0851,4.0,623,0.0931,0.0851,1.0,1.0,True,False
ppc,TT,2026-01-01,1037,0.1128,0.1138,5.0,1037,0.1128,0.1138,1.0,1.0,True,False
ppc,TV,2026-01-01,1,1.0,0.0,,1,1.0,0.0,1.0,,False,False
ppc,TW,2026-01-01,1390,0.1353,0.0791,2.0,1390,0.1353,0.0791,1.0,1.0,True,False
ppc,TZ,2026-01-01,44,0.1364,0.0455,3.0,44,0.1364,0.0455,1.0,1.0,False,False
ppc,UA,2026-01-01,5,0.0,0.0,3.0,5,0.0,0.0,,,False,False
ppc,UG,2026-01-01,173,0.0462,0.2023,12.0,173,0.0462,0.2023,1.0,1.0,False,False
ppc,US,2026-01-01,120159,0.1359,0.086,3.0,120159,0.1359,0.086,1.0,1.0,True,False
ppc,UY,2026-01-01,2147,0.1253,0.0755,4.0,2147,0.1253,0.0755,1.0,1.0,True,False
ppc,UZ,2026-01-01,533,0.1595,0.0638,2.0,533,0.1595,0.0638,1.0,1.0,True,False
ppc,VA,2026-01-01,3,0.0,0.3333,28.0,3,0.0,0.3333,,1.0,False,False
ppc,VC,2026-01-01,57,0.1579,0.1053,3.5,57,0.1579,0.1053,1.0,1.0,False,False
ppc,VG,2026-01-01,45,0.1111,0.0889,3.0,45,0.1111,0.0889,1.0,1.0,False,False
ppc,VI,2026-01-01,64,0.2344,0.1094,5.0,64,0.2344,0.1094,1.0,1.0,False,False
ppc,VN,2026-01-01,242,0.0992,0.0868,4.5,242,0.0992,0.0868,1.0,1.0,False,False
ppc,VU,2026-01-01,29,0.1724,0.0,1.5,29,0.1724,0.0,1.0,,False,False
ppc,WF,2026-01-01,2,0.0,0.0,80.5,2,0.0,0.0,,,False,False
ppc,WS,2026-01-01,25,0.28,0.08,2.0,25,0.28,0.08,1.0,1.0,False,False
ppc,XK,2026-01-01,91,0.0659,0.0879,3.0,91,0.0659,0.0879,1.0,1.0,False,False
ppc,YT,2026-01-01,26,0.2692,0.0385,2.0,26,0.2692,0.0385,1.0,1.0,False,False
ppc,ZA,2026-01-01,329,0.0821,0.1763,7.0,329,0.0821,0.1763,1.0,1.0,False,False
ppc,ZM,2026-01-01,11,0.1818,0.0909,2.0,11,0.1818,0.0909,1.0,1.0,False,False
1002,AD,2026-02-01,5,0.0,0.0,2.0,40,0.05,0.15,0.0,0.0,False,False
1002,AE,2026-02-01,4,0.0,0.0,7.0,382,0.089,0.0812,0.0,0.0,False,False
1002,AL,2026-02-01,3,0.0,0.3333,36.0,247,0.085,0.0891,0.0,3.742,False,False
1002,AM,2026-02-01,1,0.0,0.0,3.0,638,0.1317,0.0408,0.0,0.0,False,False
1002,AO,2026-02-01,2,0.0,0.0,2.0,244,0.0984,0.0861,0.0,0.0,False,False
1002,AQ,2026-02-01,1,0.0,0.0,52.0,7,0.0,0.2857,,0.0,False,False
1002,AR,2026-02-01,6,0.0,0.1667,3.5,4280,0.1346,0.1056,0.0,1.578,False,False
1002,AS,2026-02-01,3,0.0,0.0,20.0,58,0.1379,0.069,0.0,0.0,False,False
1002,AT,2026-02-01,97,0.1031,0.0515,3.0,539,0.1892,0.0612,0.545,0.842,False,False
1002,AU,2026-02-01,1056,0.0625,0.0653,3.0,8338,0.1192,0.0866,0.524,0.755,True,False
1002,AW,2026-02-01,4,0.0,0.25,11.5,111,0.1622,0.0811,0.0,3.083,False,False
1002,AX,2026-02-01,7,0.0,0.4286,35.0,95,0.0105,0.2,0.0,2.143,False,False
1002,AZ,2026-02-01,2,0.0,0.0,6.0,452,0.1327,0.0398,0.0,0.0,False,False
1002,BA,2026-02-01,2,0.0,0.0,10.0,,,,,,False,False
1002,BD,2026-02-01,7,0.0,0.0,1.0,26,0.0,0.0385,,0.0,False,False
1002,BE,2026-02-01,132,0.1212,0.053,3.0,1310,0.1183,0.0809,1.024,0.655,False,False
1002,BG,2026-02-01,7,0.0,0.1429,7.0,573,0.1431,0.0698,0.0,2.046,False,False
1002,BO,2026-02-01,2,0.0,0.0,3.5,1073,0.1855,0.0727,0.0,0.0,False,False
1002,BR,2026-02-01,12,0.25,0.1667,2.0,42291,0.1224,0.0995,2.042,1.675,False,False
1002,BS,2026-02-01,2,0.0,0.0,12.5,183,0.1311,0.1202,0.0,0.0,False,False
1002,BV,2026-02-01,1,0.0,1.0,1325.0,,,,,,False,False
1002,CA,2026-02-01,1260,0.0881,0.0683,3.0,10069,0.1226,0.0893,0.719,0.764,True,False
1002,CH,2026-02-01,89,0.0899,0.0787,4.0,1204,0.1537,0.0739,0.585,1.064,False,False
1002,CI,2026-02-01,1,0.0,0.0,5.0,244,0.1066,0.0943,0.0,0.0,False,False
1002,CL,2026-02-01,1,0.0,0.0,2.0,4355,0.1437,0.0932,0.0,0.0,False,False
1002,CN,2026-02-01,7,0.0,0.1429,7.0,221,0.1855,0.0905,0.0,1.579,False,False
1002,CO,2026-02-01,10,0.2,0.0,2.0,2465,0.1465,0.1026,1.366,0.0,False,False
1002,CR,2026-02-01,2,0.0,0.0,3.5,1353,0.136,0.0776,0.0,0.0,False,False
1002,CY,2026-02-01,4,0.0,0.0,5.0,558,0.1237,0.0466,0.0,0.0,False,False
1002,CZ,2026-02-01,6,0.1667,0.0,4.0,164,0.1463,0.0732,1.139,0.0,False,False
1002,DE,2026-02-01,1834,0.0971,0.0371,2.0,2804,0.1723,0.0603,0.563,0.615,True,False
1002,DK,2026-02-01,98,0.0306,0.0816,3.0,347,0.1614,0.0865,0.19,0.944,False,False
1002,DO,2026-02-01,6,0.0,0.0,3.0,2185,0.1588,0.0856,0.0,0.0,False,False
1002,DZ,2026-02-01,31,0.0323,0.0968,3.0,93,0.043,0.1183,0.75,0.818,False,False
1002,EC,2026-02-01,7,0.0,0.1429,7.0,782,0.1611,0.0985,0.0,1.451,False,False
1002,EE,2026-02-01,2,0.0,0.0,9.5,151,0.1391,0.053,0.0,0.0,False,False
1002,ES,2026-02-01,120,0.0917,0.0667,3.0,7416,0.1308,0.0868,0.701,0.768,False,False
1002,ET,2026-02-01,1,0.0,1.0,160.0,4,0.0,0.0,,,False,False
1002,FI,2026-02-01,51,0.0588,0.0588,5.0,426,0.1197,0.0986,0.491,0.597,False,False
1002,FJ,2026-02-01,4,0.25,0.5,190.0,151,0.1325,0.0993,1.888,5.033,False,False
1002,FR,2026-02-01,149,0.0604,0.094,2.0,6241,0.1338,0.0817,0.451,1.15,False,False
1002,GB,2026-02-01,1497,0.0668,0.0628,3.0,16041,0.1201,0.0843,0.556,0.745,True,False
1002,GE,2026-02-01,6,0.0,0.0,1.5,354,0.1271,0.048,0.0,0.0,False,False
1002,GI,2026-02-01,1,0.0,0.0,1.0,28,0.1071,0.0357,0.0,0.0,False,False
1002,GM,2026-02-01,1,0.0,0.0,15.0,35,0.0286,0.1429,0.0,0.0,False,False
1002,GR,2026-02-01,11,0.0909,0.0909,2.5,671,0.1118,0.0611,0.813,1.488,False,False
1002,GY,2026-02-01,1,0.0,1.0,242.0,211,0.1659,0.0569,0.0,17.583,False,False
1002,HK,2026-02-01,7,0.0,0.0,1.0,1454,0.1527,0.0605,0.0,0.0,False,False
1002,HN,2026-02-01,1,0.0,0.0,75.0,290,0.1241,0.0828,0.0,0.0,False,False
1002,HR,2026-02-01,17,0.1176,0.0,5.0,560,0.1054,0.0875,1.117,0.0,False,False
1002,HT,2026-02-01,1,0.0,0.0,6.0,96,0.125,0.0521,0.0,0.0,False,False
1002,HU,2026-02-01,7,0.1429,0.2857,2.0,235,0.0979,0.1191,1.46,2.398,False,False
1002,ID,2026-02-01,15,0.0667,0.1333,1.5,19,0.1579,0.0526,0.422,2.533,False,False
1002,IE,2026-02-01,130,0.1154,0.0538,3.0,1672,0.1382,0.0766,0.835,0.703,False,False
1002,IL,2026-02-01,8,0.0,0.0,3.0,1767,0.1064,0.0611,0.0,0.0,False,False
1002,IM,2026-02-01,1,0.0,0.0,1.0,48,0.1875,0.0625,0.0,0.0,False,False
1002,IN,2026-02-01,60,0.0833,0.0167,1.0,162,0.1049,0.0926,0.794,0.18,False,False
1002,IS,2026-02-01,17,0.0588,0.1765,3.0,87,0.1839,0.092,0.32,1.919,False,False
1002,IT,2026-02-01,400,0.065,0.075,3.0,6903,0.1353,0.0666,0.48,1.125,False,False
1002,JM,2026-02-01,2,0.0,0.0,7.0,3877,0.1153,0.0944,0.0,0.0,False,False
1002,JP,2026-02-01,33,0.0,0.0,2.0,1398,0.1273,0.0508,0.0,0.0,False,False
1002,KE,2026-02-01,12,0.1667,0.0,2.0,9083,0.1022,0.0689,1.631,0.0,False,False
1002,KG,2026-02-01,1,0.0,0.0,3.0,196,0.0765,0.102,0.0,0.0,False,False
1002,KH,2026-02-01,19,0.0526,0.0,2.0,3,0.0,0.3333,,0.0,False,False
1002,KR,2026-02-01,18,0.0,0.1667,6.0,3404,0.1463,0.0661,0.0,2.521,False,False
1002,LK,2026-02-01,9,0.2222,0.0,2.0,135,0.1407,0.1111,1.579,0.0,False,False
1002,LT,2026-02-01,5,0.0,0.0,1.0,149,0.1007,0.0671,0.0,0.0,False,False
1002,LU,2026-02-01,8,0.25,0.0,3.0,137,0.1241,0.0511,2.015,0.0,False,False
1002,LV,2026-02-01,4,0.25,0.0,1.0,289,0.1592,0.0761,1.571,0.0,False,False
1002,MC,2026-02-01,2,0.0,0.0,90.5,8,0.0,0.125,,0.0,False,False
1002,MK,2026-02-01,5,0.2,0.2,48.0,237,0.135,0.038,1.481,5.267,False,False
1002,MT,2026-02-01,2,0.5,0.0,1.0,284,0.1373,0.0387,3.641,0.0,False,False
1002,MU,2026-02-01,1,0.0,0.0,5.0,430,0.1302,0.1163,0.0,0.0,False,False
1002,MV,2026-02-01,4,0.25,0.25,2.0,107,0.0561,0.0935,4.458,2.675,False,False
1002,MW,2026-02-01,1,0.0,0.0,56.0,9,0.0,0.2222,,0.0,False,False
1002,MX,2026-02-01,24,0.125,0.0417,3.0,11562,0.1581,0.0899,0.791,0.464,False,False
1002,MY,2026-02-01,43,0.0465,0.0698,2.0,6397,0.1143,0.0666,0.407,1.048,False,False
1002,NL,2026-02-01,202,0.0792,0.0693,4.0,3526,0.1429,0.0579,0.554,1.198,False,False
1002,NO,2026-02-01,101,0.0792,0.1188,5.0,467,0.1649,0.0728,0.48,1.632,False,False
1002,NP,2026-02-01,3,0.0,0.0,1.0,6,0.0,0.1667,,0.0,False,False
1002,NZ,2026-02-01,214,0.0654,0.0794,3.5,2216,0.1264,0.0857,0.518,0.927,False,False
1002,PA,2026-02-01,2,0.0,0.0,5.5,992,0.1431,0.1058,0.0,0.0,False,False
1002,PE,2026-02-01,4,0.0,0.0,1.0,1409,0.137,0.0972,0.0,0.0,False,False
1002,PG,2026-02-01,2,0.0,0.0,1.0,16,0.0625,0.125,0.0,0.0,False,False
1002,PH,2026-02-01,72,0.0972,0.0417,2.0,12427,0.1234,0.0871,0.788,0.479,False,False
1002,PK,2026-02-01,4,0.0,0.0,1.5,117,0.1026,0.0598,0.0,0.0,False,False
1002,PL,2026-02-01,8,0.0,0.0,3.0,505,0.1347,0.1149,0.0,0.0,False,False
1002,PR,2026-02-01,4,0.0,0.0,18.5,1153,0.1405,0.0919,0.0,0.0,False,False
1002,PT,2026-02-01,39,0.1026,0.0513,7.0,2226,0.1249,0.0934,0.821,0.549,False,False
1002,PY,2026-02-01,1,0.0,0.0,1.0,739,0.1326,0.092,0.0,0.0,False,False
1002,RO,2026-02-01,16,0.0625,0.0625,1.0,1584,0.1162,0.0758,0.538,0.825,False,False
1002,RS,2026-02-01,8,0.0,0.125,2.5,1288,0.0908,0.0986,0.0,1.268,False,False
1002,RW,2026-02-01,1,0.0,0.0,2.0,112,0.0714,0.0804,0.0,0.0,False,False
1002,SA,2026-02-01,1,0.0,0.0,1.0,45,0.0667,0.0667,0.0,0.0,False,False
1002,SE,2026-02-01,88,0.0682,0.0795,3.0,790,0.1063,0.0899,0.641,0.885,False,False
1002,SG,2026-02-01,27,0.037,0.037,2.0,2946,0.1191,0.0621,0.311,0.596,False,False
1002,SI,2026-02-01,5,0.0,0.0,2.0,241,0.0954,0.1037,0.0,0.0,False,False
1002,SK,2026-02-01,8,0.25,0.0,7.0,273,0.1355,0.0769,1.845,0.0,False,False
1002,SV,2026-02-01,1,1.0,0.0,,683,0.1523,0.0761,6.567,0.0,False,False
1002,TH,2026-02-01,53,0.0377,0.0189,3.0,3526,0.1415,0.0729,0.267,0.259,False,False
1002,TJ,2026-02-01,1,0.0,0.0,9.0,85,0.1882,0.0941,0.0,0.0,False,False
1002,TR,2026-02-01,20,0.1,0.0,3.0,2711,0.1099,0.0642,0.91,0.0,False,False
1002,TT,2026-02-01,5,0.0,0.0,2.0,702,0.1125,0.1011,0.0,0.0,False,False
1002,TW,2026-02-01,6,0.1667,0.0,2.0,1259,0.1469,0.0667,1.134,0.0,False,False
1002,TZ,2026-02-01,1,0.0,0.0,4.0,858,0.1305,0.0571,0.0,0.0,False,False
1002,UG,2026-02-01,1,0.0,0.0,1.0,70,0.0571,0.1143,0.0,0.0,False,False
1002,US,2026-02-01,9542,0.0883,0.0697,3.0,90521,0.1373,0.0839,0.644,0.831,True,False
1002,UZ,2026-02-01,3,0.3333,0.0,2.0,275,0.1709,0.0909,1.95,0.0,False,False
1002,VN,2026-02-01,8,0.125,0.0,2.0,1934,0.1525,0.0533,0.819,0.0,False,False
1002,ZA,2026-02-01,16,0.0,0.0,2.0,4278,0.1223,0.101,0.0,0.0,False,False
1052,AE,2026-02-01,1,0.0,0.0,1.0,382,0.089,0.0812,0.0,0.0,False,False
1052,AL,2026-02-01,1,0.0,0.0,37.0,247,0.085,0.0891,0.0,0.0,False,False
1052,AO,2026-02-01,2,0.0,0.5,324.5,244,0.0984,0.0861,0.0,5.81,False,False
1052,AT,2026-02-01,3,1.0,0.0,,539,0.1892,0.0612,5.284,0.0,False,False
1052,AU,2026-02-01,356,0.1096,0.0534,3.0,8338,0.1192,0.0866,0.919,0.616,False,False
1052,BD,2026-02-01,8,0.125,0.0,2.0,26,0.0,0.0385,,0.0,False,False
1052,BE,2026-02-01,6,0.1667,0.1667,2.0,1310,0.1183,0.0809,1.409,2.06,False,False
1052,BG,2026-02-01,2,0.0,0.0,3.5,573,0.1431,0.0698,0.0,0.0,False,False
1052,BR,2026-02-01,2,0.5,0.0,2.0,42291,0.1224,0.0995,4.084,0.0,False,False
1052,BS,2026-02-01,1,0.0,1.0,66.0,183,0.1311,0.1202,0.0,8.318,False,False
1052,CA,2026-02-01,576,0.1111,0.0642,2.0,10069,0.1226,0.0893,0.907,0.719,True,False
1052,CI,2026-02-01,1,0.0,0.0,3.0,244,0.1066,0.0943,0.0,0.0,False,False
1052,CO,2026-02-01,1,0.0,0.0,1.0,2465,0.1465,0.1026,0.0,0.0,False,False
1052,CY,2026-02-01,1,0.0,0.0,1.0,558,0.1237,0.0466,0.0,0.0,False,False
1052,DE,2026-02-01,14,0.2857,0.0,3.5,2804,0.1723,0.0603,1.659,0.0,False,False
1052,DK,2026-02-01,1,1.0,0.0,,347,0.1614,0.0865,6.196,0.0,False,False
1052,ES,2026-02-01,3,0.0,0.0,1.0,7416,0.1308,0.0868,0.0,0.0,False,False
1052,FR,2026-02-01,3,0.0,0.0,1.0,6241,0.1338,0.0817,0.0,0.0,False,False
1052,GB,2026-02-01,1157,0.1124,0.0493,3.0,16041,0.1201,0.0843,0.936,0.585,True,False
1052,GR,2026-02-01,1,0.0,0.0,2.0,671,0.1118,0.0611,0.0,0.0,False,False
1052,GU,2026-02-01,1,0.0,0.0,2.0,142,0.1408,0.0986,0.0,0.0,False,False
1052,GY,2026-02-01,2,0.0,0.5,372.0,211,0.1659,0.0569,0.0,8.792,False,False
1052,HK,2026-02-01,1,1.0,0.0,,1454,0.1527,0.0605,6.55,0.0,False,False
1052,HR,2026-02-01,1,0.0,0.0,20.0,560,0.1054,0.0875,0.0,0.0,False,False
1052,ID,2026-02-01,1,0.0,0.0,1.0,19,0.1579,0.0526,0.0,0.0,False,False
1052,IE,2026-02-01,11,0.1818,0.0,2.0,1672,0.1382,0.0766,1.316,0.0,False,False
1052,IM,2026-02-01,1,0.0,0.0,1215.0,48,0.1875,0.0625,0.0,0.0,False,False
1052,IN,2026-02-01,52,0.1154,0.0,1.0,162,0.1049,0.0926,1.1,0.0,False,False
1052,JE,2026-02-01,1,0.0,0.0,4.0,69,0.0725,0.1304,0.0,0.0,False,False
1052,KE,2026-02-01,14,0.0714,0.0714,1.0,9083,0.1022,0.0689,0.699,1.036,False,False
1052,KH,2026-02-01,1,0.0,0.0,12.0,3,0.0,0.3333,,0.0,False,False
1052,KR,2026-02-01,2,0.0,0.0,4.0,3404,0.1463,0.0661,0.0,0.0,False,False
1052,LV,2026-02-01,1,0.0,0.0,1.0,289,0.1592,0.0761,0.0,0.0,False,False
1052,MW,2026-02-01,2,0.0,0.0,7.0,9,0.0,0.2222,,0.0,False,False
1052,MX,2026-02-01,2,0.0,0.0,2.5,11562,0.1581,0.0899,0.0,0.0,False,False
1052,NL,2026-02-01,6,0.0,0.1667,3.0,3526,0.1429,0.0579,0.0,2.881,False,False
1052,NO,2026-02-01,1,0.0,0.0,1.0,467,0.1649,0.0728,0.0,0.0,False,False
1052,NP,2026-02-01,1,0.0,0.0,1.0,6,0.0,0.1667,,0.0,False,False
1052,NZ,2026-02-01,39,0.1282,0.1026,4.0,2216,0.1264,0.0857,1.015,1.196,False,False
1052,PF,2026-02-01,1,0.0,0.0,1.0,149,0.1544,0.1007,0.0,0.0,False,False
1052,PH,2026-02-01,39,0.0769,0.0513,2.5,12427,0.1234,0.0871,0.623,0.589,False,False
1052,PK,2026-02-01,5,0.2,0.0,1.0,117,0.1026,0.0598,1.95,0.0,False,False
1052,PR,2026-02-01,1,0.0,0.0,1.0,1153,0.1405,0.0919,0.0,0.0,False,False
1052,PT,2026-02-01,3,0.0,0.0,3.0,2226,0.1249,0.0934,0.0,0.0,False,False
1052,RO,2026-02-01,5,0.0,0.2,10.0,1584,0.1162,0.0758,0.0,2.64,False,False
1052,SG,2026-02-01,1,0.0,0.0,4.0,2946,0.1191,0.0621,0.0,0.0,False,False
1052,TT,2026-02-01,2,0.0,0.0,22.5,702,0.1125,0.1011,0.0,0.0,False,False
1052,US,2026-02-01,5114,0.1314,0.0575,3.0,90521,0.1373,0.0839,0.957,0.685,True,False
1052,VN,2026-02-01,1,0.0,0.0,1.0,1934,0.1525,0.0533,0.0,0.0,False,False
1052,ZA,2026-02-01,8,0.125,0.0,4.0,4278,0.1223,0.101,1.022,0.0,False,False
303,AD,2026-02-01,20,0.2,0.05,3.5,40,0.05,0.15,4.0,0.333,False,False
303,AG,2026-02-01,1,0.0,0.0,3.0,55,0.0909,0.0727,0.0,0.0,False,False
303,AL,2026-02-01,168,0.0655,0.0417,2.0,247,0.085,0.0891,0.77,0.468,False,False
303,AO,2026-02-01,1,0.0,0.0,1.0,244,0.0984,0.0861,0.0,0.0,False,False
303,AR,2026-02-01,2,0.0,0.5,21.0,4280,0.1346,0.1056,0.0,4.735,False,False
303,AT,2026-02-01,222,0.1712,0.0946,2.5,539,0.1892,0.0612,0.905,1.545,False,False
303,AU,2026-02-01,2,0.0,0.0,3.0,8338,0.1192,0.0866,0.0,0.0,False,False
303,AX,2026-02-01,4,0.0,0.0,17.0,95,0.0105,0.2,0.0,0.0,False,False
303,BD,2026-02-01,1,0.0,1.0,70.0,26,0.0,0.0385,,26.0,False,False
303,BE,2026-02-01,188,0.0904,0.0691,4.0,1310,0.1183,0.0809,0.764,0.855,False,False
303,BG,2026-02-01,636,0.1053,0.0629,2.0,573,0.1431,0.0698,0.736,0.901,True,False
303,BO,2026-02-01,1,0.0,0.0,3.0,1073,0.1855,0.0727,0.0,0.0,False,False
303,BQ,2026-02-01,3,0.0,0.3333,23.0,31,0.0968,0.129,0.0,2.583,False,False
303,BR,2026-02-01,7,0.4286,0.1429,11.0,42291,0.1224,0.0995,3.5,1.436,False,False
303,CA,2026-02-01,3,0.0,0.0,2.0,10069,0.1226,0.0893,0.0,0.0,False,False
303,CH,2026-02-01,95,0.1789,0.0211,2.5,1204,0.1537,0.0739,1.165,0.285,False,False
303,CI,2026-02-01,2,0.5,0.0,1.0,244,0.1066,0.0943,4.692,0.0,False,False
303,CL,2026-02-01,1,0.0,1.0,1121.0,4355,0.1437,0.0932,0.0,10.727,False,False
303,CN,2026-02-01,1,0.0,0.0,8.0,221,0.1855,0.0905,0.0,0.0,False,False
303,CO,2026-02-01,4,0.0,0.0,4.0,2465,0.1465,0.1026,0.0,0.0,False,False
303,CV,2026-02-01,2,0.0,0.0,7.5,34,0.1471,0.1176,0.0,0.0,False,False
303,CY,2026-02-01,3,0.0,0.0,1.0,558,0.1237,0.0466,0.0,0.0,False,False
303,CZ,2026-02-01,595,0.1109,0.0756,3.0,164,0.1463,0.0732,0.758,1.034,False,False
303,DE,2026-02-01,999,0.1461,0.0731,3.0,2804,0.1723,0.0603,0.848,1.212,True,False
303,DK,2026-02-01,53,0.0755,0.0755,3.0,347,0.1614,0.0865,0.468,0.873,False,False
303,DO,2026-02-01,1,0.0,0.0,2.0,2185,0.1588,0.0856,0.0,0.0,False,False
303,DZ,2026-02-01,3,0.0,0.0,2.0,93,0.043,0.1183,0.0,0.0,False,False
303,EE,2026-02-01,114,0.0526,0.1053,4.0,151,0.1391,0.053,0.378,1.987,False,False
303,EG,2026-02-01,1,0.0,0.0,3.0,,,,,,False,False
303,ES,2026-02-01,2114,0.1216,0.0724,3.0,7416,0.1308,0.0868,0.929,0.833,True,False
303,FI,2026-02-01,17,0.0588,0.0588,2.5,426,0.1197,0.0986,0.491,0.597,False,False
303,FO,2026-02-01,12,0.0833,0.0833,8.0,25,0.16,0.24,0.521,0.347,False,False
303,FR,2026-02-01,1646,0.1033,0.0765,3.0,6241,0.1338,0.0817,0.772,0.937,True,False
303,GB,2026-02-01,223,0.157,0.0673,3.0,16041,0.1201,0.0843,1.307,0.798,False,False
303,GE,2026-02-01,1,1.0,0.0,,354,0.1271,0.048,7.867,0.0,False,False
303,GF,2026-02-01,1,0.0,0.0,10.0,42,0.0952,0.2143,0.0,0.0,False,False
303,GG,2026-02-01,11,0.0909,0.3636,18.5,26,0.0385,0.1923,2.364,1.891,False,False
303,GI,2026-02-01,22,0.1364,0.1818,4.0,28,0.1071,0.0357,1.273,5.091,False,False
303,GP,2026-02-01,2,0.5,0.0,30.0,103,0.1456,0.068,3.433,0.0,False,False
303,GR,2026-02-01,1273,0.1037,0.0621,3.0,671,0.1118,0.0611,0.928,1.016,True,False
303,GY,2026-02-01,1,0.0,0.0,2.0,211,0.1659,0.0569,0.0,0.0,False,False
303,HK,2026-02-01,2,0.5,0.0,1.0,1454,0.1527,0.0605,3.275,0.0,False,False
303,HR,2026-02-01,514,0.1265,0.0759,3.0,560,0.1054,0.0875,1.2,0.867,True,False
303,HU,2026-02-01,918,0.0763,0.0969,4.0,235,0.0979,0.1191,0.779,0.814,False,False
303,ID,2026-02-01,5,0.0,0.0,3.0,19,0.1579,0.0526,0.0,0.0,False,False
303,IE,2026-02-01,79,0.038,0.0633,2.0,1672,0.1382,0.0766,0.275,0.827,False,False
303,IL,2026-02-01,5,0.0,0.0,2.0,1767,0.1064,0.0611,0.0,0.0,False,False
303,IM,2026-02-01,24,0.125,0.0417,2.0,48,0.1875,0.0625,0.667,0.667,False,False
303,IN,2026-02-01,2,0.0,0.0,5.0,162,0.1049,0.0926,0.0,0.0,False,False
303,IS,2026-02-01,11,0.0909,0.0,3.0,87,0.1839,0.092,0.494,0.0,False,False
303,IT,2026-02-01,1142,0.1007,0.0622,2.0,6903,0.1353,0.0666,0.744,0.933,True,False
303,JE,2026-02-01,34,0.1471,0.0,3.0,69,0.0725,0.1304,2.029,0.0,False,False
303,JO,2026-02-01,2,0.0,0.0,13.0,9,0.0,0.1111,,0.0,False,False
303,JP,2026-02-01,10,0.0,0.1,1.5,1398,0.1273,0.0508,0.0,1.969,False,False
303,KH,2026-02-01,3,0.3333,0.0,1.5,3,0.0,0.3333,,0.0,False,False
303,KR,2026-02-01,1,0.0,0.0,7.0,3404,0.1463,0.0661,0.0,0.0,False,False
303,KY,2026-02-01,1,0.0,0.0,4.0,148,0.1284,0.0878,0.0,0.0,False,False
303,LB,2026-02-01,1,0.0,0.0,2.0,,,,,,False,False
303,LI,2026-02-01,4,0.25,0.25,1.0,4,0.5,0.0,0.5,,False,False
303,LK,2026-02-01,2,0.0,0.5,10.5,135,0.1407,0.1111,0.0,4.5,False,False
303,LT,2026-02-01,219,0.0731,0.0868,3.0,149,0.1007,0.0671,0.726,1.293,False,False
303,LU,2026-02-01,19,0.1053,0.0526,4.0,137,0.1241,0.0511,0.848,1.03,False,False
303,LV,2026-02-01,109,0.0459,0.1009,2.0,289,0.1592,0.0761,0.288,1.326,False,False
303,MA,2026-02-01,3,0.0,0.0,3.0,88,0.1023,0.0455,0.0,0.0,False,False
303,MC,2026-02-01,1,0.0,0.0,3.0,8,0.0,0.125,,0.0,False,False
303,MD,2026-02-01,38,0.0789,0.0526,4.0,412,0.1141,0.0583,0.692,0.904,False,False
303,ME,2026-02-01,72,0.1389,0.0139,2.0,179,0.1006,0.0894,1.381,0.155,False,False
303,MK,2026-02-01,191,0.0942,0.0524,2.0,237,0.135,0.038,0.698,1.379,False,False
303,MQ,2026-02-01,2,0.0,0.5,17.5,100,0.15,0.1,0.0,5.0,False,False
303,MT,2026-02-01,250,0.088,0.08,2.0,284,0.1373,0.0387,0.641,2.065,False,False
303,MZ,2026-02-01,2,0.0,0.0,6.5,308,0.1169,0.0584,0.0,0.0,False,False
303,NL,2026-02-01,164,0.1037,0.0976,4.0,3526,0.1429,0.0579,0.725,1.686,False,False
303,NO,2026-02-01,37,0.1622,0.1081,5.0,467,0.1649,0.0728,0.984,1.485,False,False
303,NP,2026-02-01,2,0.5,0.0,30.0,6,0.0,0.1667,,0.0,False,False
303,PE,2026-02-01,1,0.0,0.0,3.0,1409,0.137,0.0972,0.0,0.0,False,False
303,PF,2026-02-01,1,0.0,0.0,10.0,149,0.1544,0.1007,0.0,0.0,False,False
303,PG,2026-02-01,1,0.0,0.0,1.0,16,0.0625,0.125,0.0,0.0,False,False
303,PH,2026-02-01,9,0.1111,0.2222,9.0,12427,0.1234,0.0871,0.9,2.552,False,False
303,PK,2026-02-01,1,1.0,0.0,,117,0.1026,0.0598,9.75,0.0,False,False
303,PL,2026-02-01,737,0.0855,0.0814,3.0,505,0.1347,0.1149,0.635,0.709,True,False
303,PT,2026-02-01,1002,0.1018,0.0719,3.0,2226,0.1249,0.0934,0.815,0.769,True,False
303,RO,2026-02-01,1178,0.0781,0.0722,3.0,1584,0.1162,0.0758,0.672,0.952,True,False
303,RS,2026-02-01,743,0.0969,0.0915,4.0,1288,0.0908,0.0986,1.067,0.928,True,False
303,SA,2026-02-01,1,0.0,0.0,1.0,45,0.0667,0.0667,0.0,0.0,False,False
303,SE,2026-02-01,74,0.0946,0.0541,4.0,790,0.1063,0.0899,0.89,0.601,False,False
303,SG,2026-02-01,7,0.1429,0.0,5.0,2946,0.1191,0.0621,1.199,0.0,False,False
303,SI,2026-02-01,271,0.0627,0.0849,3.0,241,0.0954,0.1037,0.657,0.818,False,False
303,SK,2026-02-01,377,0.0875,0.0902,5.0,273,0.1355,0.0769,0.646,1.172,False,False
303,SM,2026-02-01,3,0.0,0.0,4.0,10,0.0,0.0,,,False,False
303,TH,2026-02-01,27,0.0,0.0741,2.0,3526,0.1415,0.0729,0.0,1.016,False,False
303,TR,2026-02-01,5,0.0,0.0,7.0,2711,0.1099,0.0642,0.0,0.0,False,False
303,UG,2026-02-01,1,1.0,0.0,,70,0.0571,0.1143,17.5,0.0,False,False
303,US,2026-02-01,24,0.0417,0.1667,5.0,90521,0.1373,0.0839,0.304,1.987,False,False
303,UY,2026-02-01,2,0.5,0.0,3.0,1522,0.1544,0.0821,3.238,0.0,False,False
303,VN,2026-02-01,10,0.2,0.2,4.0,1934,0.1525,0.0533,1.311,3.755,False,False
303,XK,2026-02-01,87,0.1034,0.092,3.0,70,0.0286,0.1571,3.621,0.585,False,False
303,ZA,2026-02-01,2,0.0,0.0,2.5,4278,0.1223,0.101,0.0,0.0,False,False
413,AL,2026-02-01,2,0.0,0.5,36.0,247,0.085,0.0891,0.0,5.614,False,False
413,AO,2026-02-01,1,0.0,1.0,467.0,244,0.0984,0.0861,0.0,11.619,False,False
413,AT,2026-02-01,2,0.5,0.0,4.0,539,0.1892,0.0612,2.642,0.0,False,False
413,AU,2026-02-01,362,0.1492,0.058,2.0,8338,0.1192,0.0866,1.251,0.67,False,False
413,AX,2026-02-01,2,0.0,0.5,145.5,95,0.0105,0.2,0.0,2.5,False,False
413,BE,2026-02-01,118,0.1525,0.0763,4.0,1310,0.1183,0.0809,1.289,0.943,False,False
413,CA,2026-02-01,441,0.1338,0.0726,3.0,10069,0.1226,0.0893,1.092,0.813,False,False
413,CH,2026-02-01,29,0.0345,0.069,2.0,1204,0.1537,0.0739,0.224,0.933,False,False
413,CR,2026-02-01,1,0.0,0.0,1.0,1353,0.136,0.0776,0.0,0.0,False,False
413,CY,2026-02-01,2,0.0,0.0,1.0,558,0.1237,0.0466,0.0,0.0,False,False
413,CZ,2026-02-01,2,0.5,0.0,1.0,164,0.1463,0.0732,3.417,0.0,False,False
413,DE,2026-02-01,3,0.0,0.6667,13.0,2804,0.1723,0.0603,0.0,11.061,False,False
413,ES,2026-02-01,10,0.0,0.2,2.0,7416,0.1308,0.0868,0.0,2.303,False,False
413,FI,2026-02-01,32,0.1875,0.125,7.0,426,0.1197,0.0986,1.566,1.268,False,False
413,FR,2026-02-01,3,0.3333,0.0,6.0,6241,0.1338,0.0817,2.491,0.0,False,False
413,GB,2026-02-01,3,0.3333,0.0,55.5,16041,0.1201,0.0843,2.776,0.0,False,False
413,GR,2026-02-01,1,0.0,0.0,3.0,671,0.1118,0.0611,0.0,0.0,False,False
413,HK,2026-02-01,7,0.1429,0.0,1.0,1454,0.1527,0.0605,0.936,0.0,False,False
413,ID,2026-02-01,2,0.0,0.0,1.5,19,0.1579,0.0526,0.0,0.0,False,False
413,IL,2026-02-01,156,0.1603,0.0769,2.0,1767,0.1064,0.0611,1.506,1.259,False,False
413,IS,2026-02-01,12,0.25,0.0,7.0,87,0.1839,0.092,1.359,0.0,False,False
413,IT,2026-02-01,3,0.0,0.3333,1.0,6903,0.1353,0.0666,0.0,5.002,False,False
413,KH,2026-02-01,1,0.0,0.0,2.0,3,0.0,0.3333,,0.0,False,False
413,LU,2026-02-01,9,0.3333,0.0,5.0,137,0.1241,0.0511,2.686,0.0,False,False
413,MX,2026-02-01,2,0.0,0.0,4.0,11562,0.1581,0.0899,0.0,0.0,False,False
413,NL,2026-02-01,305,0.1344,0.1115,4.0,3526,0.1429,0.0579,0.94,1.927,False,False
413,NO,2026-02-01,76,0.1579,0.1447,3.0,467,0.1649,0.0728,0.958,1.988,False,False
413,NZ,2026-02-01,114,0.1404,0.0965,3.0,2216,0.1264,0.0857,1.111,1.125,False,False
413,PR,2026-02-01,1,0.0,0.0,1.0,1153,0.1405,0.0919,0.0,0.0,False,False
413,SE,2026-02-01,87,0.1609,0.1379,3.0,790,0.1063,0.0899,1.513,1.535,False,False
413,TH,2026-02-01,3,0.0,0.0,1.0,3526,0.1415,0.0729,0.0,0.0,False,False
413,US,2026-02-01,2397,0.1882,0.0609,3.0,90521,0.1373,0.0839,1.371,0.726,True,False
413,VU,2026-02-01,1,0.0,0.0,174.0,24,0.2083,0.0,0.0,,False,False
413,WS,2026-02-01,1,0.0,0.0,4.0,14,0.2143,0.0,0.0,,False,False
427,AI,2026-02-01,2,0.0,0.5,416.5,41,0.0732,0.0976,0.0,5.125,False,False
427,AL,2026-02-01,2,0.0,0.5,66.5,247,0.085,0.0891,0.0,5.614,False,False
427,AM,2026-02-01,1,0.0,0.0,73.0,638,0.1317,0.0408,0.0,0.0,False,False
427,AO,2026-02-01,1,0.0,0.0,16.0,244,0.0984,0.0861,0.0,0.0,False,False
427,AS,2026-02-01,2,0.0,0.5,352.5,58,0.1379,0.069,0.0,7.25,False,False
427,AT,2026-02-01,1,0.0,0.0,3.0,539,0.1892,0.0612,0.0,0.0,False,False
427,AU,2026-02-01,1295,0.1158,0.088,4.0,8338,0.1192,0.0866,0.972,1.017,True,False
427,AX,2026-02-01,2,0.0,0.5,128.0,95,0.0105,0.2,0.0,2.5,False,False
427,AZ,2026-02-01,1,1.0,0.0,,452,0.1327,0.0398,7.533,0.0,False,False
427,BD,2026-02-01,1,1.0,0.0,,26,0.0,0.0385,,0.0,False,False
427,BE,2026-02-01,63,0.1905,0.0635,3.0,1310,0.1183,0.0809,1.61,0.785,False,False
427,BG,2026-02-01,1,0.0,0.0,2.0,573,0.1431,0.0698,0.0,0.0,False,False
427,BZ,2026-02-01,1,0.0,0.0,1.0,79,0.1139,0.0886,0.0,0.0,False,False
427,CA,2026-02-01,1249,0.1065,0.0857,3.0,10069,0.1226,0.0893,0.869,0.96,True,False
427,CH,2026-02-01,70,0.2,0.0714,5.0,1204,0.1537,0.0739,1.302,0.966,False,False
427,CO,2026-02-01,3,0.0,0.3333,83.0,2465,0.1465,0.1026,0.0,3.248,False,False
427,CR,2026-02-01,2,0.5,0.0,22.0,1353,0.136,0.0776,3.677,0.0,False,False
427,DE,2026-02-01,1,0.0,0.0,3.0,2804,0.1723,0.0603,0.0,0.0,False,False
427,DK,2026-02-01,3,0.3333,0.0,8.0,347,0.1614,0.0865,2.065,0.0,False,False
427,DO,2026-02-01,1,0.0,0.0,8.0,2185,0.1588,0.0856,0.0,0.0,False,False
427,DZ,2026-02-01,2,0.0,0.0,22.5,93,0.043,0.1183,0.0,0.0,False,False
427,ES,2026-02-01,5,0.2,0.4,37.0,7416,0.1308,0.0868,1.529,4.606,False,False
427,FI,2026-02-01,91,0.1429,0.1648,5.0,426,0.1197,0.0986,1.193,1.672,False,False
427,FJ,2026-02-01,1,0.0,0.0,3.0,151,0.1325,0.0993,0.0,0.0,False,False
427,FR,2026-02-01,5,0.2,0.0,7.0,6241,0.1338,0.0817,1.495,0.0,False,False
427,GB,2026-02-01,6,0.0,0.0,4.0,16041,0.1201,0.0843,0.0,0.0,False,False
427,GY,2026-02-01,2,0.5,0.0,3.0,211,0.1659,0.0569,3.014,0.0,False,False
427,HK,2026-02-01,1,0.0,0.0,1.0,1454,0.1527,0.0605,0.0,0.0,False,False
427,HR,2026-02-01,2,0.5,0.0,22.0,560,0.1054,0.0875,4.746,0.0,False,False
427,ID,2026-02-01,3,0.0,0.0,3.0,19,0.1579,0.0526,0.0,0.0,False,False
427,IE,2026-02-01,2,0.0,0.0,15.5,1672,0.1382,0.0766,0.0,0.0,False,False
427,IL,2026-02-01,255,0.1255,0.051,3.0,1767,0.1064,0.0611,1.179,0.834,False,False
427,IN,2026-02-01,1,0.0,0.0,1.0,162,0.1049,0.0926,0.0,0.0,False,False
427,IS,2026-02-01,40,0.125,0.05,4.0,87,0.1839,0.092,0.68,0.544,False,False
427,IT,2026-02-01,3,0.3333,0.6667,160.0,6903,0.1353,0.0666,2.464,10.004,False,False
427,JP,2026-02-01,2,0.0,0.0,2.0,1398,0.1273,0.0508,0.0,0.0,False,False
427,KH,2026-02-01,1,0.0,0.0,6.0,3,0.0,0.3333,,0.0,False,False
427,KW,2026-02-01,1,0.0,0.0,3.0,13,0.0,0.0,,,False,False
427,KY,2026-02-01,1,0.0,0.0,2.0,148,0.1284,0.0878,0.0,0.0,False,False
427,LA,2026-02-01,1,0.0,1.0,39.0,268,0.1082,0.0112,0.0,89.333,False,False
427,LC,2026-02-01,2,0.0,0.0,1.0,88,0.1364,0.0909,0.0,0.0,False,False
427,LT,2026-02-01,1,0.0,0.0,1.0,149,0.1007,0.0671,0.0,0.0,False,False
427,LU,2026-02-01,17,0.0588,0.0588,3.5,137,0.1241,0.0511,0.474,1.151,False,False
427,MA,2026-02-01,1,0.0,0.0,3.0,88,0.1023,0.0455,0.0,0.0,False,False
427,MD,2026-02-01,1,0.0,0.0,8.0,412,0.1141,0.0583,0.0,0.0,False,False
427,MX,2026-02-01,9,0.1111,0.0,1.0,11562,0.1581,0.0899,0.703,0.0,False,False
427,MY,2026-02-01,1,0.0,0.0,1.0,6397,0.1143,0.0666,0.0,0.0,False,False
427,NL,2026-02-01,213,0.108,0.108,4.0,3526,0.1429,0.0579,0.755,1.866,False,False
427,NO,2026-02-01,146,0.1233,0.1027,3.0,467,0.1649,0.0728,0.748,1.411,False,False
427,NZ,2026-02-01,295,0.1085,0.0881,3.0,2216,0.1264,0.0857,0.858,1.028,False,False
427,PE,2026-02-01,1,0.0,0.0,8.0,1409,0.137,0.0972,0.0,0.0,False,False
427,PH,2026-02-01,6,0.5,0.0,6.0,12427,0.1234,0.0871,4.051,0.0,False,False
427,PL,2026-02-01,1,0.0,0.0,4.0,505,0.1347,0.1149,0.0,0.0,False,False
427,PT,2026-02-01,2,0.0,0.0,1.0,2226,0.1249,0.0934,0.0,0.0,False,False
427,RO,2026-02-01,3,0.0,0.0,1.0,1584,0.1162,0.0758,0.0,0.0,False,False
427,SE,2026-02-01,250,0.096,0.104,3.0,790,0.1063,0.0899,0.903,1.157,False,False
427,SG,2026-02-01,1,0.0,0.0,39.0,2946,0.1191,0.0621,0.0,0.0,False,False
427,TH,2026-02-01,13,0.2308,0.0769,6.0,3526,0.1415,0.0729,1.631,1.055,False,False
427,TR,2026-02-01,4,0.0,0.0,4.5,2711,0.1099,0.0642,0.0,0.0,False,False
427,TT,2026-02-01,1,0.0,0.0,1.0,702,0.1125,0.1011,0.0,0.0,False,False
427,US,2026-02-01,15011,0.1478,0.0767,3.0,90521,0.1373,0.0839,1.077,0.915,True,False
427,VI,2026-02-01,1,1.0,0.0,,36,0.1667,0.0833,6.0,0.0,False,False
427,VN,2026-02-01,4,0.0,0.0,1.5,1934,0.1525,0.0533,0.0,0.0,False,False
427,ZA,2026-02-01,1,1.0,0.0,,4278,0.1223,0.101,8.18,0.0,False,False
523,AE,2026-02-01,31,0.2581,0.0,1.0,382,0.089,0.0812,2.899,0.0,False,False
523,AG,2026-02-01,1,0.0,0.0,1.0,55,0.0909,0.0727,0.0,0.0,False,False
523,AI,2026-02-01,1,0.0,0.0,3.0,41,0.0732,0.0976,0.0,0.0,False,False
523,AL,2026-02-01,5,0.4,0.0,1.0,247,0.085,0.0891,4.705,0.0,False,False
523,AO,2026-02-01,252,0.2302,0.0079,1.0,244,0.0984,0.0861,2.34,0.092,False,False
523,AR,2026-02-01,94,0.2447,0.0106,1.0,4280,0.1346,0.1056,1.818,0.101,False,False
523,AS,2026-02-01,2,0.0,0.0,1.0,58,0.1379,0.069,0.0,0.0,False,False
523,AT,2026-02-01,4,0.25,0.0,1.0,539,0.1892,0.0612,1.321,0.0,False,False
523,AU,2026-02-01,823,0.1908,0.0267,2.0,8338,0.1192,0.0866,1.6,0.309,True,True
523,AW,2026-02-01,1,0.0,0.0,1.0,111,0.1622,0.0811,0.0,0.0,False,False
523,AX,2026-02-01,2,0.0,0.0,2.5,95,0.0105,0.2,0.0,0.0,False,False
523,AZ,2026-02-01,3,0.3333,0.3333,164.0,452,0.1327,0.0398,2.511,8.37,False,False
523,BB,2026-02-01,3,0.3333,0.0,1.0,157,0.1019,0.121,3.271,0.0,False,False
523,BD,2026-02-01,14,0.1429,0.0,1.0,26,0.0,0.0385,,0.0,False,False
523,BE,2026-02-01,89,0.3034,0.0,1.0,1310,0.1183,0.0809,2.564,0.0,False,False
523,BF,2026-02-01,47,0.3404,0.0213,1.0,122,0.0984,0.0164,3.461,1.298,False,False
523,BG,2026-02-01,14,0.2857,0.0,1.0,573,0.1431,0.0698,1.997,0.0,False,False
523,BJ,2026-02-01,19,0.5263,0.0526,1.0,296,0.1115,0.0642,4.721,0.82,False,False
523,BO,2026-02-01,1,0.0,0.0,1.0,1073,0.1855,0.0727,0.0,0.0,False,False
523,BR,2026-02-01,10381,0.2353,0.0177,1.0,42291,0.1224,0.0995,1.922,0.178,True,True
523,BS,2026-02-01,1,0.0,0.0,1.0,183,0.1311,0.1202,0.0,0.0,False,False
523,BT,2026-02-01,3,0.3333,0.0,1.0,76,0.1053,0.0263,3.167,0.0,False,False
523,BW,2026-02-01,13,0.4615,0.0,1.0,885,0.1062,0.0836,4.345,0.0,False,False
523,CA,2026-02-01,1917,0.2107,0.0219,2.0,10069,0.1226,0.0893,1.72,0.245,True,True
523,CH,2026-02-01,117,0.2479,0.0085,1.0,1204,0.1537,0.0739,1.613,0.116,False,False
523,CI,2026-02-01,53,0.1887,0.0,1.0,244,0.1066,0.0943,1.771,0.0,False,False
523,CL,2026-02-01,577,0.227,0.0104,1.0,4355,0.1437,0.0932,1.579,0.112,True,True
523,CM,2026-02-01,58,0.2414,0.0,1.0,15,0.1333,0.1333,1.81,0.0,False,False
523,CN,2026-02-01,15,0.4,0.0,1.0,221,0.1855,0.0905,2.156,0.0,False,False
523,CO,2026-02-01,53,0.4151,0.0189,1.0,2465,0.1465,0.1026,2.834,0.184,False,False
523,CR,2026-02-01,5,0.6,0.0,1.0,1353,0.136,0.0776,4.412,0.0,False,False
523,CV,2026-02-01,3,0.6667,0.0,1.0,34,0.1471,0.1176,4.533,0.0,False,False
523,CZ,2026-02-01,6,0.1667,0.0,1.0,164,0.1463,0.0732,1.139,0.0,False,False
523,DE,2026-02-01,228,0.307,0.0175,1.0,2804,0.1723,0.0603,1.782,0.291,False,False
523,DJ,2026-02-01,1,0.0,0.0,1.0,131,0.1298,0.0534,0.0,0.0,False,False
523,DM,2026-02-01,1,1.0,0.0,,28,0.25,0.0,4.0,,False,False
523,DO,2026-02-01,63,0.381,0.0,1.0,2185,0.1588,0.0856,2.399,0.0,False,False
523,DZ,2026-02-01,2,0.0,0.0,6.0,93,0.043,0.1183,0.0,0.0,False,False
523,EC,2026-02-01,4,0.0,0.0,1.5,782,0.1611,0.0985,0.0,0.0,False,False
523,EE,2026-02-01,3,0.3333,0.0,1.0,151,0.1391,0.053,2.397,0.0,False,False
523,ES,2026-02-01,46,0.2391,0.0,1.0,7416,0.1308,0.0868,1.828,0.0,False,False
523,ET,2026-02-01,1,0.0,0.0,2.0,4,0.0,0.0,,,False,False
523,FI,2026-02-01,63,0.2063,0.0317,2.0,426,0.1197,0.0986,1.724,0.322,False,False
523,FR,2026-02-01,553,0.2242,0.0072,1.0,6241,0.1338,0.0817,1.676,0.089,True,True
523,GA,2026-02-01,1,0.0,0.0,8.0,173,0.1156,0.1098,0.0,0.0,False,False
523,GB,2026-02-01,6672,0.2188,0.024,1.0,16041,0.1201,0.0843,1.823,0.285,True,True
523,GM,2026-02-01,38,0.2368,0.0263,1.0,35,0.0286,0.1429,8.289,0.184,False,False
523,GN,2026-02-01,9,0.3333,0.0,1.0,34,0.1176,0.0294,2.833,0.0,False,False
523,GR,2026-02-01,19,0.2632,0.0,1.5,671,0.1118,0.0611,2.354,0.0,False,False
523,GT,2026-02-01,3,0.3333,0.0,2.5,527,0.1499,0.0778,2.224,0.0,False,False
523,GY,2026-02-01,42,0.3095,0.0,1.0,211,0.1659,0.0569,1.866,0.0,False,False
523,HK,2026-02-01,23,0.1739,0.0,1.0,1454,0.1527,0.0605,1.139,0.0,False,False
523,HN,2026-02-01,9,0.4444,0.0,1.0,290,0.1241,0.0828,3.58,0.0,False,False
523,HT,2026-02-01,3,0.3333,0.0,2.0,96,0.125,0.0521,2.667,0.0,False,False
523,ID,2026-02-01,47,0.3404,0.0,1.0,19,0.1579,0.0526,2.156,0.0,False,False
523,IE,2026-02-01,1,0.0,0.0,1.0,1672,0.1382,0.0766,0.0,0.0,False,False
523,IN,2026-02-01,43,0.2093,0.0,1.0,162,0.1049,0.0926,1.995,0.0,False,False
523,IT,2026-02-01,1642,0.2326,0.0158,1.0,6903,0.1353,0.0666,1.719,0.238,True,True
523,JM,2026-02-01,10,0.3,0.0,1.0,3877,0.1153,0.0944,2.602,0.0,False,False
523,JO,2026-02-01,1,0.0,0.0,1.0,9,0.0,0.1111,,0.0,False,False
523,JP,2026-02-01,83,0.2169,0.0,1.0,1398,0.1273,0.0508,1.703,0.0,False,False
523,KE,2026-02-01,24,0.375,0.0,1.0,9083,0.1022,0.0689,3.67,0.0,False,False
523,KH,2026-02-01,1,0.0,0.0,2.0,3,0.0,0.3333,,0.0,False,False
523,KI,2026-02-01,13,0.2308,0.0,1.0,22,0.2727,0.0909,0.846,0.0,False,False
523,KR,2026-02-01,3,0.0,0.3333,1.0,3404,0.1463,0.0661,0.0,5.043,False,False
523,KW,2026-02-01,2,0.0,0.0,1.0,13,0.0,0.0,,,False,False
523,KY,2026-02-01,3,0.0,0.0,1.0,148,0.1284,0.0878,0.0,0.0,False,False
523,KZ,2026-02-01,9,0.2222,0.0,1.0,18,0.0,0.2778,,0.0,False,False
523,LI,2026-02-01,1,1.0,0.0,,4,0.5,0.0,2.0,,False,False
523,LK,2026-02-01,1,0.0,0.0,6.0,135,0.1407,0.1111,0.0,0.0,False,False
523,LT,2026-02-01,1,1.0,0.0,,149,0.1007,0.0671,9.933,0.0,False,False
523,LU,2026-02-01,3,0.3333,0.0,2.0,137,0.1241,0.0511,2.686,0.0,False,False
523,LV,2026-02-01,4,0.25,0.0,1.0,289,0.1592,0.0761,1.571,0.0,False,False
523,MD,2026-02-01,29,0.2414,0.0,1.0,412,0.1141,0.0583,2.116,0.0,False,False
523,MH,2026-02-01,2,0.0,0.0,1.0,6,0.0,0.0,,,False,False
523,MN,2026-02-01,1,1.0,0.0,,54,0.0926,0.0185,10.8,0.0,False,False
523,MQ,2026-02-01,1,0.0,0.0,1.0,100,0.15,0.1,0.0,0.0,False,False
523,MV,2026-02-01,4,0.0,0.0,1.5,107,0.0561,0.0935,0.0,0.0,False,False
523,MW,2026-02-01,4,0.25,0.0,1.0,9,0.0,0.2222,,0.0,False,False
523,MX,2026-02-01,850,0.2188,0.0341,1.0,11562,0.1581,0.0899,1.384,0.38,True,True
523,MY,2026-02-01,45,0.1778,0.0,1.0,6397,0.1143,0.0666,1.556,0.0,False,False
523,MZ,2026-02-01,13,0.4615,0.0,5.0,308,0.1169,0.0584,3.949,0.0,False,False
523,NE,2026-02-01,66,0.2121,0.0,1.0,57,0.0526,0.0526,4.03,0.0,False,False
523,NL,2026-02-01,227,0.2159,0.0088,1.0,3526,0.1429,0.0579,1.51,0.152,False,False
523,NO,2026-02-01,79,0.2025,0.0127,1.0,467,0.1649,0.0728,1.228,0.174,False,False
523,NP,2026-02-01,1,0.0,0.0,2.0,6,0.0,0.1667,,0.0,False,False
523,NZ,2026-02-01,33,0.1818,0.0606,2.0,2216,0.1264,0.0857,1.439,0.707,False,False
523,PA,2026-02-01,6,0.3333,0.0,1.0,992,0.1431,0.1058,2.329,0.0,False,False
523,PE,2026-02-01,42,0.2619,0.0,1.0,1409,0.137,0.0972,1.912,0.0,False,False
523,PH,2026-02-01,99,0.3838,0.0202,1.0,12427,0.1234,0.0871,3.109,0.232,False,False
523,PK,2026-02-01,120,0.175,0.0167,1.0,117,0.1026,0.0598,1.706,0.279,False,False
523,PL,2026-02-01,21,0.3333,0.0,1.0,505,0.1347,0.1149,2.475,0.0,False,False
523,PR,2026-02-01,85,0.3529,0.0353,1.0,1153,0.1405,0.0919,2.512,0.384,False,False
523,PT,2026-02-01,712,0.1966,0.0379,2.0,2226,0.1249,0.0934,1.574,0.406,True,True
523,PW,2026-02-01,4,0.0,0.0,5.5,15,0.2667,0.0,0.0,,False,False
523,PY,2026-02-01,13,0.4615,0.0,1.0,739,0.1326,0.092,3.48,0.0,False,False
523,QA,2026-02-01,12,0.0833,0.0,1.0,33,0.0909,0.0909,0.917,0.0,False,False
523,RO,2026-02-01,54,0.2963,0.0,1.0,1584,0.1162,0.0758,2.551,0.0,False,False
523,RS,2026-02-01,35,0.2571,0.0,1.0,1288,0.0908,0.0986,2.831,0.0,False,False
523,RU,2026-02-01,14,0.3571,0.0,1.0,20,0.05,0.05,7.143,0.0,False,False
523,SA,2026-02-01,17,0.0588,0.0588,1.0,45,0.0667,0.0667,0.882,0.882,False,False
523,SB,2026-02-01,5,0.2,0.0,1.0,59,0.1356,0.0678,1.475,0.0,False,False
523,SC,2026-02-01,1,0.0,0.0,1.0,68,0.1029,0.0588,0.0,0.0,False,False
523,SE,2026-02-01,70,0.1571,0.0,1.0,790,0.1063,0.0899,1.478,0.0,False,False
523,SG,2026-02-01,127,0.2441,0.0157,1.0,2946,0.1191,0.0621,2.049,0.254,False,False
523,SK,2026-02-01,2,0.0,0.0,1.0,273,0.1355,0.0769,0.0,0.0,False,False
523,SN,2026-02-01,15,0.2,0.0,1.0,3,0.0,0.0,,,False,False
523,SV,2026-02-01,6,0.6667,0.0,2.5,683,0.1523,0.0761,4.378,0.0,False,False
523,SY,2026-02-01,1,0.0,0.0,10.0,,,,,,False,False
523,SZ,2026-02-01,2,0.0,0.0,1.0,118,0.1271,0.1102,0.0,0.0,False,False
523,TD,2026-02-01,41,0.122,0.0244,1.0,74,0.1622,0.0541,0.752,0.451,False,False
523,TG,2026-02-01,1,0.0,0.0,1.0,5,0.0,0.0,,,False,False
523,TH,2026-02-01,4,0.25,0.0,1.0,3526,0.1415,0.0729,1.767,0.0,False,False
523,TJ,2026-02-01,1,0.0,0.0,4.0,85,0.1882,0.0941,0.0,0.0,False,False
523,TL,2026-02-01,1,0.0,0.0,1.0,26,0.2308,0.0769,0.0,0.0,False,False
523,TO,2026-02-01,2,0.0,0.0,1.5,13,0.2308,0.0769,0.0,0.0,False,False
523,TR,2026-02-01,29,0.2069,0.0345,1.0,2711,0.1099,0.0642,1.882,0.537,False,False
523,TT,2026-02-01,8,0.125,0.0,1.0,702,0.1125,0.1011,1.111,0.0,False,False
523,TV,2026-02-01,1,0.0,0.0,1.0,4,0.25,0.0,0.0,,False,False
523,TW,2026-02-01,12,0.25,0.0,1.0,1259,0.1469,0.0667,1.701,0.0,False,False
523,TZ,2026-02-01,1,0.0,0.0,2.0,858,0.1305,0.0571,0.0,0.0,False,False
523,UG,2026-02-01,39,0.1282,0.0256,1.0,70,0.0571,0.1143,2.244,0.224,False,False
523,US,2026-02-01,51552,0.2567,0.0265,1.0,90521,0.1373,0.0839,1.87,0.316,True,True
523,UZ,2026-02-01,16,0.1875,0.0625,2.0,275,0.1709,0.0909,1.097,0.688,False,False
523,VI,2026-02-01,2,0.5,0.0,2.0,36,0.1667,0.0833,3.0,0.0,False,False
523,VN,2026-02-01,60,0.5167,0.0,1.0,1934,0.1525,0.0533,3.387,0.0,False,False
523,VU,2026-02-01,2,1.0,0.0,,24,0.2083,0.0,4.8,,False,False
523,YT,2026-02-01,1,0.0,0.0,1.0,16,0.125,0.125,0.0,0.0,False,False
523,ZA,2026-02-01,10,0.4,0.0,2.5,4278,0.1223,0.101,3.272,0.0,False,False
523,ZM,2026-02-01,26,0.1923,0.0,1.0,12,0.0,0.0833,,0.0,False,False
612,AD,2026-02-01,3,0.0,0.0,5.0,40,0.05,0.15,0.0,0.0,False,False
612,AE,2026-02-01,11,0.0909,0.0,2.5,382,0.089,0.0812,1.021,0.0,False,False
612,AG,2026-02-01,2,0.0,0.0,1.0,55,0.0909,0.0727,0.0,0.0,False,False
612,AI,2026-02-01,1,0.0,0.0,2.0,41,0.0732,0.0976,0.0,0.0,False,False
612,AL,2026-02-01,3,0.3333,0.3333,73.5,247,0.085,0.0891,3.921,3.742,False,False
612,AO,2026-02-01,1,0.0,0.0,5.0,244,0.0984,0.0861,0.0,0.0,False,False
612,AQ,2026-02-01,1,0.0,0.0,8.0,7,0.0,0.2857,,0.0,False,False
612,AR,2026-02-01,3,0.0,0.0,1.0,4280,0.1346,0.1056,0.0,0.0,False,False
612,AS,2026-02-01,1,0.0,0.0,12.0,58,0.1379,0.069,0.0,0.0,False,False
612,AT,2026-02-01,19,0.4211,0.0526,2.0,539,0.1892,0.0612,2.225,0.86,False,False
612,AU,2026-02-01,1735,0.1395,0.0692,3.0,8338,0.1192,0.0866,1.17,0.799,True,False
612,AW,2026-02-01,1,0.0,0.0,7.0,111,0.1622,0.0811,0.0,0.0,False,False
612,AX,2026-02-01,4,0.0,0.75,86.5,95,0.0105,0.2,0.0,3.75,False,False
612,AZ,2026-02-01,2,0.0,0.5,42.5,452,0.1327,0.0398,0.0,12.556,False,False
612,BA,2026-02-01,1,1.0,0.0,,,,,,,False,False
612,BD,2026-02-01,27,0.037,0.0741,1.0,26,0.0,0.0385,,1.926,False,False
612,BE,2026-02-01,75,0.16,0.0,2.0,1310,0.1183,0.0809,1.352,0.0,False,False
612,BF,2026-02-01,2,0.5,0.0,1.0,122,0.0984,0.0164,5.083,0.0,False,False
612,BG,2026-02-01,5,0.0,0.0,2.0,573,0.1431,0.0698,0.0,0.0,False,False
612,BJ,2026-02-01,5,0.2,0.0,2.5,296,0.1115,0.0642,1.794,0.0,False,False
612,BR,2026-02-01,4,0.0,0.0,1.0,42291,0.1224,0.0995,0.0,0.0,False,False
612,BT,2026-02-01,1,0.0,0.0,3.0,76,0.1053,0.0263,0.0,0.0,False,False
612,CA,2026-02-01,1846,0.1522,0.0645,2.0,10069,0.1226,0.0893,1.242,0.722,True,False
612,CH,2026-02-01,27,0.2593,0.0741,2.5,1204,0.1537,0.0739,1.687,1.002,False,False
612,CI,2026-02-01,21,0.1905,0.0,2.0,244,0.1066,0.0943,1.788,0.0,False,False
612,CM,2026-02-01,24,0.0417,0.0,2.0,15,0.1333,0.1333,0.313,0.0,False,False
612,CN,2026-02-01,9,0.0,0.1111,3.0,221,0.1855,0.0905,0.0,1.228,False,False
612,CO,2026-02-01,1,0.0,0.0,5.0,2465,0.1465,0.1026,0.0,0.0,False,False
612,CR,2026-02-01,1,1.0,0.0,,1353,0.136,0.0776,7.353,0.0,False,False
612,CV,2026-02-01,1,0.0,0.0,19.0,34,0.1471,0.1176,0.0,0.0,False,False
612,CY,2026-02-01,12,0.1667,0.0833,2.0,558,0.1237,0.0466,1.348,1.788,False,False
612,CZ,2026-02-01,3,0.3333,0.0,3.0,164,0.1463,0.0732,2.278,0.0,False,False
612,DE,2026-02-01,85,0.1765,0.0471,2.0,2804,0.1723,0.0603,1.024,0.781,False,False
612,DJ,2026-02-01,2,0.5,0.0,1.0,131,0.1298,0.0534,3.853,0.0,False,False
612,DK,2026-02-01,153,0.1242,0.0719,3.0,347,0.1614,0.0865,0.769,0.832,False,False
612,DZ,2026-02-01,5,0.2,0.2,2.0,93,0.043,0.1183,4.65,1.691,False,False
612,EE,2026-02-01,1,0.0,0.0,2.0,151,0.1391,0.053,0.0,0.0,False,False
612,EG,2026-02-01,1,0.0,0.0,1.0,,,,,,False,False
612,ES,2026-02-01,660,0.1697,0.0621,3.0,7416,0.1308,0.0868,1.297,0.715,True,False
612,FI,2026-02-01,96,0.1667,0.0313,2.0,426,0.1197,0.0986,1.392,0.317,False,False
612,FR,2026-02-01,398,0.1709,0.0528,2.0,6241,0.1338,0.0817,1.277,0.646,False,False
612,GA,2026-02-01,1,0.0,0.0,47.0,173,0.1156,0.1098,0.0,0.0,False,False
612,GB,2026-02-01,3488,0.1342,0.0528,2.0,16041,0.1201,0.0843,1.117,0.626,True,False
612,GE,2026-02-01,2,0.0,0.0,1.5,354,0.1271,0.048,0.0,0.0,False,False
612,GN,2026-02-01,2,0.0,0.0,1.0,34,0.1176,0.0294,0.0,0.0,False,False
612,GP,2026-02-01,1,0.0,0.0,1.0,103,0.1456,0.068,0.0,0.0,False,False
612,GU,2026-02-01,1,0.0,0.0,1.0,142,0.1408,0.0986,0.0,0.0,False,False
612,HK,2026-02-01,3,0.3333,0.0,1.0,1454,0.1527,0.0605,2.183,0.0,False,False
612,HT,2026-02-01,1,0.0,0.0,1.0,96,0.125,0.0521,0.0,0.0,False,False
612,ID,2026-02-01,4,0.0,0.0,6.5,19,0.1579,0.0526,0.0,0.0,False,False
612,IE,2026-02-01,92,0.087,0.1196,2.0,1672,0.1382,0.0766,0.629,1.562,False,False
612,IL,2026-02-01,5,0.0,0.0,1.0,1767,0.1064,0.0611,0.0,0.0,False,False
612,IM,2026-02-01,1,0.0,0.0,5.0,48,0.1875,0.0625,0.0,0.0,False,False
612,IN,2026-02-01,215,0.1023,0.0186,1.0,162,0.1049,0.0926,0.975,0.201,False,False
612,IR,2026-02-01,3,0.3333,0.0,4.5,5,0.2,0.0,1.667,,False,False
612,IS,2026-02-01,1,1.0,0.0,,87,0.1839,0.092,5.438,0.0,False,False
612,IT,2026-02-01,21,0.3333,0.0,1.0,6903,0.1353,0.0666,2.464,0.0,False,False
612,JM,2026-02-01,2,0.0,0.0,1.0,3877,0.1153,0.0944,0.0,0.0,False,False
612,JO,2026-02-01,1,0.0,0.0,3.0,9,0.0,0.1111,,0.0,False,False
612,JP,2026-02-01,8,0.375,0.0,2.0,1398,0.1273,0.0508,2.945,0.0,False,False
612,KE,2026-02-01,11,0.0909,0.0909,1.0,9083,0.1022,0.0689,0.89,1.319,False,False
612,KH,2026-02-01,4,0.0,0.0,1.0,3,0.0,0.3333,,0.0,False,False
612,KR,2026-02-01,3,0.3333,0.0,10.0,3404,0.1463,0.0661,2.278,0.0,False,False
612,LS,2026-02-01,2,0.0,0.0,1.5,141,0.1277,0.0709,0.0,0.0,False,False
612,LT,2026-02-01,2,0.5,0.0,1.0,149,0.1007,0.0671,4.967,0.0,False,False
612,LU,2026-02-01,3,0.3333,0.0,1.0,137,0.1241,0.0511,2.686,0.0,False,False
612,LV,2026-02-01,2,0.0,0.0,4.5,289,0.1592,0.0761,0.0,0.0,False,False
612,MA,2026-02-01,3,0.0,0.0,69.0,88,0.1023,0.0455,0.0,0.0,False,False
612,MC,2026-02-01,1,0.0,0.0,9.0,8,0.0,0.125,,0.0,False,False
612,MD,2026-02-01,20,0.3,0.0,1.0,412,0.1141,0.0583,2.63,0.0,False,False
612,ME,2026-02-01,1,1.0,0.0,,179,0.1006,0.0894,9.944,0.0,False,False
612,MG,2026-02-01,2,0.0,0.5,4.0,339,0.1091,0.0767,0.0,6.519,False,False
612,MK,2026-02-01,1,0.0,0.0,1.0,237,0.135,0.038,0.0,0.0,False,False
612,MT,2026-02-01,1,0.0,1.0,38.0,284,0.1373,0.0387,0.0,25.818,False,False
612,MX,2026-02-01,36,0.1389,0.0833,2.0,11562,0.1581,0.0899,0.878,0.927,False,False
612,MY,2026-02-01,3,0.3333,0.0,1.0,6397,0.1143,0.0666,2.917,0.0,False,False
612,NL,2026-02-01,885,0.1774,0.0384,2.0,3526,0.1429,0.0579,1.241,0.664,True,False
612,NO,2026-02-01,264,0.1553,0.0303,2.0,467,0.1649,0.0728,0.942,0.416,False,False
612,NZ,2026-02-01,367,0.139,0.0654,2.5,2216,0.1264,0.0857,1.1,0.763,False,False
612,PE,2026-02-01,3,0.0,0.3333,4.0,1409,0.137,0.0972,0.0,3.428,False,False
612,PG,2026-02-01,2,0.5,0.0,167.0,16,0.0625,0.125,8.0,0.0,False,False
612,PH,2026-02-01,16,0.125,0.0,1.0,12427,0.1234,0.0871,1.013,0.0,False,False
612,PK,2026-02-01,9,0.2222,0.0,3.0,117,0.1026,0.0598,2.167,0.0,False,False
612,PL,2026-02-01,6,0.0,0.0,1.5,505,0.1347,0.1149,0.0,0.0,False,False
612,PR,2026-02-01,3,0.0,0.0,3.0,1153,0.1405,0.0919,0.0,0.0,False,False
612,PT,2026-02-01,31,0.1613,0.0968,4.0,2226,0.1249,0.0934,1.291,1.036,False,False
612,PY,2026-02-01,1,0.0,0.0,1.0,739,0.1326,0.092,0.0,0.0,False,False
612,QA,2026-02-01,1,0.0,0.0,4.0,33,0.0909,0.0909,0.0,0.0,False,False
612,RO,2026-02-01,23,0.1304,0.0,1.5,1584,0.1162,0.0758,1.123,0.0,False,False
612,RS,2026-02-01,5,0.0,0.0,1.0,1288,0.0908,0.0986,0.0,0.0,False,False
612,RU,2026-02-01,3,0.3333,0.0,5.5,20,0.05,0.05,6.667,0.0,False,False
612,RW,2026-02-01,1,0.0,0.0,1.0,112,0.0714,0.0804,0.0,0.0,False,False
612,SA,2026-02-01,6,0.0,0.0,7.5,45,0.0667,0.0667,0.0,0.0,False,False
612,SC,2026-02-01,1,0.0,0.0,1.0,68,0.1029,0.0588,0.0,0.0,False,False
612,SE,2026-02-01,585,0.1675,0.0308,2.0,790,0.1063,0.0899,1.575,0.342,True,True
612,SG,2026-02-01,28,0.1071,0.0357,1.0,2946,0.1191,0.0621,0.899,0.575,False,False
612,SI,2026-02-01,1,0.0,0.0,1.0,241,0.0954,0.1037,0.0,0.0,False,False
612,SN,2026-02-01,3,0.0,0.0,3.0,3,0.0,0.0,,,False,False
612,ST,2026-02-01,1,0.0,0.0,6.0,2,0.5,0.0,0.0,,False,False
612,TD,2026-02-01,1,1.0,0.0,,74,0.1622,0.0541,6.167,0.0,False,False
612,TG,2026-02-01,2,0.5,0.0,5.0,5,0.0,0.0,,,False,False
612,TH,2026-02-01,4,0.0,0.25,12.5,3526,0.1415,0.0729,0.0,3.43,False,False
612,TJ,2026-02-01,3,0.0,0.6667,72.0,85,0.1882,0.0941,0.0,7.083,False,False
612,TR,2026-02-01,17,0.1176,0.0,1.0,2711,0.1099,0.0642,1.07,0.0,False,False
612,TT,2026-02-01,1,0.0,0.0,1.0,702,0.1125,0.1011,0.0,0.0,False,False
612,TW,2026-02-01,2,0.5,0.0,2.0,1259,0.1469,0.0667,3.403,0.0,False,False
612,TZ,2026-02-01,1,0.0,0.0,2.0,858,0.1305,0.0571,0.0,0.0,False,False
612,UA,2026-02-01,6,0.0,0.0,1.0,15,0.2,0.0667,0.0,0.0,False,False
612,UG,2026-02-01,8,0.125,0.0,2.0,70,0.0571,0.1143,2.188,0.0,False,False
612,US,2026-02-01,15096,0.1589,0.0673,3.0,90521,0.1373,0.0839,1.158,0.802,True,False
612,UZ,2026-02-01,2,0.0,0.5,103.5,275,0.1709,0.0909,0.0,5.5,False,False
612,VI,2026-02-01,2,0.0,0.0,37.5,36,0.1667,0.0833,0.0,0.0,False,False
612,VN,2026-02-01,1,0.0,0.0,1.0,1934,0.1525,0.0533,0.0,0.0,False,False
612,XK,2026-02-01,1,0.0,1.0,33.0,70,0.0286,0.1571,0.0,6.364,False,False
612,ZA,2026-02-01,4,0.0,0.0,1.0,4278,0.1223,0.101,0.0,0.0,False,False
612,ZM,2026-02-01,1,0.0,0.0,7.0,12,0.0,0.0833,,0.0,False,False
719,AD,2026-02-01,1,0.0,1.0,69.0,40,0.05,0.15,0.0,6.667,False,False
719,AE,2026-02-01,2,0.0,0.0,6.5,382,0.089,0.0812,0.0,0.0,False,False
719,AL,2026-02-01,1,1.0,0.0,,247,0.085,0.0891,11.762,0.0,False,False
719,AR,2026-02-01,2,0.0,0.0,3.5,4280,0.1346,0.1056,0.0,0.0,False,False
719,AS,2026-02-01,1,0.0,0.0,19.0,58,0.1379,0.069,0.0,0.0,False,False
719,AT,2026-02-01,1,0.0,0.0,19.0,539,0.1892,0.0612,0.0,0.0,False,False
719,AU,2026-02-01,1784,0.1216,0.0863,3.0,8338,0.1192,0.0866,1.02,0.997,True,False
719,AX,2026-02-01,3,0.0,0.0,8.0,95,0.0105,0.2,0.0,0.0,False,False
719,AZ,2026-02-01,1,0.0,1.0,157.0,452,0.1327,0.0398,0.0,25.111,False,False
719,BD,2026-02-01,3,0.3333,0.0,5.5,26,0.0,0.0385,,0.0,False,False
719,BE,2026-02-01,1,0.0,0.0,1.0,1310,0.1183,0.0809,0.0,0.0,False,False
719,BF,2026-02-01,1,0.0,0.0,20.0,122,0.0984,0.0164,0.0,0.0,False,False
719,BH,2026-02-01,2,0.0,0.5,71.5,17,0.0,0.5882,,0.85,False,False
719,BJ,2026-02-01,1,1.0,0.0,,296,0.1115,0.0642,8.97,0.0,False,False
719,BR,2026-02-01,4,0.0,0.0,9.5,42291,0.1224,0.0995,0.0,0.0,False,False
719,CA,2026-02-01,2731,0.1322,0.0871,4.0,10069,0.1226,0.0893,1.079,0.976,True,False
719,CH,2026-02-01,2,0.0,0.0,2.5,1204,0.1537,0.0739,0.0,0.0,False,False
719,CL,2026-02-01,2,0.0,0.0,1.0,4355,0.1437,0.0932,0.0,0.0,False,False
719,CM,2026-02-01,1,0.0,0.0,1.0,15,0.1333,0.1333,0.0,0.0,False,False
719,CN,2026-02-01,1,0.0,0.0,34.0,221,0.1855,0.0905,0.0,0.0,False,False
719,CO,2026-02-01,1,0.0,0.0,2.0,2465,0.1465,0.1026,0.0,0.0,False,False
719,CY,2026-02-01,1,0.0,0.0,1.0,558,0.1237,0.0466,0.0,0.0,False,False
719,CZ,2026-02-01,1,0.0,0.0,1.0,164,0.1463,0.0732,0.0,0.0,False,False
719,DE,2026-02-01,6,0.1667,0.0,2.0,2804,0.1723,0.0603,0.968,0.0,False,False
719,DJ,2026-02-01,1,0.0,0.0,6.0,131,0.1298,0.0534,0.0,0.0,False,False
719,DK,2026-02-01,1,0.0,0.0,10.0,347,0.1614,0.0865,0.0,0.0,False,False
719,DZ,2026-02-01,3,0.0,0.3333,67.0,93,0.043,0.1183,0.0,2.818,False,False
719,FI,2026-02-01,5,0.0,0.4,7.0,426,0.1197,0.0986,0.0,4.057,False,False
719,FR,2026-02-01,17,0.1765,0.0,1.5,6241,0.1338,0.0817,1.319,0.0,False,False
719,GA,2026-02-01,1,0.0,1.0,6.0,173,0.1156,0.1098,0.0,9.105,False,False
719,GB,2026-02-01,4409,0.1427,0.0871,3.0,16041,0.1201,0.0843,1.188,1.033,True,False
719,GR,2026-02-01,1,0.0,0.0,1.0,671,0.1118,0.0611,0.0,0.0,False,False
719,GU,2026-02-01,1,0.0,0.0,10.0,142,0.1408,0.0986,0.0,0.0,False,False
719,HK,2026-02-01,1,1.0,0.0,,1454,0.1527,0.0605,6.55,0.0,False,False
719,HN,2026-02-01,1,0.0,0.0,16.0,290,0.1241,0.0828,0.0,0.0,False,False
719,ID,2026-02-01,2,0.0,0.0,5.0,19,0.1579,0.0526,0.0,0.0,False,False
719,IE,2026-02-01,9,0.1111,0.0,2.0,1672,0.1382,0.0766,0.804,0.0,False,False
719,IL,2026-02-01,3,0.0,0.3333,3.0,1767,0.1064,0.0611,0.0,5.454,False,False
719,IM,2026-02-01,1,0.0,0.0,5.0,48,0.1875,0.0625,0.0,0.0,False,False
719,IN,2026-02-01,12,0.0833,0.0833,2.0,162,0.1049,0.0926,0.794,0.9,False,False
719,IS,2026-02-01,1,0.0,0.0,13.0,87,0.1839,0.092,0.0,0.0,False,False
719,IT,2026-02-01,2,0.5,0.5,13.0,6903,0.1353,0.0666,3.695,7.503,False,False
719,JE,2026-02-01,1,0.0,0.0,1.0,69,0.0725,0.1304,0.0,0.0,False,False
719,JM,2026-02-01,2,0.5,0.0,10.0,3877,0.1153,0.0944,4.337,0.0,False,False
719,JP,2026-02-01,6,0.0,0.0,1.0,1398,0.1273,0.0508,0.0,0.0,False,False
719,KE,2026-02-01,20,0.05,0.2,4.0,9083,0.1022,0.0689,0.489,2.902,False,False
719,KR,2026-02-01,1,0.0,0.0,20.0,3404,0.1463,0.0661,0.0,0.0,False,False
719,ME,2026-02-01,1,0.0,0.0,7.0,179,0.1006,0.0894,0.0,0.0,False,False
719,MT,2026-02-01,1,0.0,0.0,1.0,284,0.1373,0.0387,0.0,0.0,False,False
719,MW,2026-02-01,1,0.0,0.0,7.0,9,0.0,0.2222,,0.0,False,False
719,MX,2026-02-01,10,0.0,0.1,4.5,11562,0.1581,0.0899,0.0,1.113,False,False
719,MY,2026-02-01,2,0.0,0.0,6.0,6397,0.1143,0.0666,0.0,0.0,False,False
719,NL,2026-02-01,20,0.05,0.0,3.0,3526,0.1429,0.0579,0.35,0.0,False,False
719,NZ,2026-02-01,640,0.1531,0.0719,4.0,2216,0.1264,0.0857,1.212,0.838,True,False
719,PH,2026-02-01,8,0.125,0.0,3.0,12427,0.1234,0.0871,1.013,0.0,False,False
719,PK,2026-02-01,1,0.0,1.0,36.0,117,0.1026,0.0598,0.0,16.714,False,False
719,PL,2026-02-01,5,0.0,0.0,1.0,505,0.1347,0.1149,0.0,0.0,False,False
719,PR,2026-02-01,6,0.0,0.1667,3.0,1153,0.1405,0.0919,0.0,1.813,False,False
719,RO,2026-02-01,3,0.0,0.0,1.0,1584,0.1162,0.0758,0.0,0.0,False,False
719,SE,2026-02-01,1,0.0,0.0,3.0,790,0.1063,0.0899,0.0,0.0,False,False
719,SG,2026-02-01,4,0.25,0.0,3.0,2946,0.1191,0.0621,2.098,0.0,False,False
719,SL,2026-02-01,1,0.0,0.0,14.0,762,0.1509,0.0407,0.0,0.0,False,False
719,TJ,2026-02-01,2,0.0,0.5,66.0,85,0.1882,0.0941,0.0,5.313,False,False
719,TM,2026-02-01,1,0.0,0.0,22.0,3,0.0,0.0,,,False,False
719,TR,2026-02-01,1,0.0,0.0,5.0,2711,0.1099,0.0642,0.0,0.0,False,False
719,TT,2026-02-01,2,0.5,0.0,1.0,702,0.1125,0.1011,4.443,0.0,False,False
719,UG,2026-02-01,11,0.0909,0.0909,3.5,70,0.0571,0.1143,1.591,0.795,False,False
719,US,2026-02-01,10422,0.1627,0.0679,3.0,90521,0.1373,0.0839,1.185,0.81,True,False
719,UY,2026-02-01,2,0.0,0.0,3.0,1522,0.1544,0.0821,0.0,0.0,False,False
719,VC,2026-02-01,1,0.0,0.0,3.0,32,0.1875,0.0938,0.0,0.0,False,False
719,VI,2026-02-01,1,0.0,0.0,10.0,36,0.1667,0.0833,0.0,0.0,False,False
719,VN,2026-02-01,1,0.0,0.0,9.0,1934,0.1525,0.0533,0.0,0.0,False,False
719,ZA,2026-02-01,10,0.0,0.0,1.5,4278,0.1223,0.101,0.0,0.0,False,False
730,AD,2026-02-01,1,0.0,0.0,13.0,40,0.05,0.15,0.0,0.0,False,False
730,AE,2026-02-01,4,0.0,0.0,4.5,382,0.089,0.0812,0.0,0.0,False,False
730,AI,2026-02-01,3,0.0,0.3333,8.0,41,0.0732,0.0976,0.0,3.417,False,False
730,AL,2026-02-01,4,0.0,0.25,6.0,247,0.085,0.0891,0.0,2.807,False,False
730,AM,2026-02-01,1,0.0,0.0,4.0,638,0.1317,0.0408,0.0,0.0,False,False
730,AO,2026-02-01,5,0.0,0.2,5.0,244,0.0984,0.0861,0.0,2.324,False,False
730,AQ,2026-02-01,2,0.0,0.5,46.5,7,0.0,0.2857,,1.75,False,False
730,AT,2026-02-01,300,0.15,0.0833,3.0,539,0.1892,0.0612,0.793,1.361,False,False
730,AU,2026-02-01,1284,0.1137,0.0911,4.0,8338,0.1192,0.0866,0.954,1.052,True,False
730,AW,2026-02-01,2,0.0,0.0,3.0,111,0.1622,0.0811,0.0,0.0,False,False
730,AX,2026-02-01,2,0.0,0.0,23.0,95,0.0105,0.2,0.0,0.0,False,False
730,AZ,2026-02-01,1,1.0,0.0,,452,0.1327,0.0398,7.533,0.0,False,False
730,BE,2026-02-01,1175,0.114,0.0647,4.0,1310,0.1183,0.0809,0.964,0.799,True,False
730,BF,2026-02-01,1,1.0,0.0,,122,0.0984,0.0164,10.167,0.0,False,False
730,BG,2026-02-01,14,0.1429,0.0714,2.5,573,0.1431,0.0698,0.998,1.023,False,False
730,BR,2026-02-01,5,0.2,0.0,3.0,42291,0.1224,0.0995,1.633,0.0,False,False
730,BS,2026-02-01,1,0.0,0.0,1.0,183,0.1311,0.1202,0.0,0.0,False,False
730,BZ,2026-02-01,2,0.0,0.0,4.0,79,0.1139,0.0886,0.0,0.0,False,False
730,CA,2026-02-01,1575,0.113,0.0971,4.0,10069,0.1226,0.0893,0.922,1.088,True,False
730,CH,2026-02-01,462,0.1429,0.0758,3.0,1204,0.1537,0.0739,0.93,1.025,False,False
730,CI,2026-02-01,2,0.0,0.0,13.5,244,0.1066,0.0943,0.0,0.0,False,False
730,CL,2026-02-01,2,0.0,0.0,6.5,4355,0.1437,0.0932,0.0,0.0,False,False
730,CO,2026-02-01,5,0.2,0.0,9.0,2465,0.1465,0.1026,1.366,0.0,False,False
730,CR,2026-02-01,1,0.0,0.0,3.0,1353,0.136,0.0776,0.0,0.0,False,False
730,CY,2026-02-01,2,0.0,0.0,6.5,558,0.1237,0.0466,0.0,0.0,False,False
730,CZ,2026-02-01,5,0.2,0.4,113.0,164,0.1463,0.0732,1.367,5.467,False,False
730,DE,2026-02-01,1984,0.1442,0.0837,4.0,2804,0.1723,0.0603,0.837,1.388,True,False
730,DK,2026-02-01,559,0.0984,0.0805,4.0,347,0.1614,0.0865,0.61,0.931,False,False
730,DO,2026-02-01,4,0.0,0.25,5.0,2185,0.1588,0.0856,0.0,2.921,False,False
730,DZ,2026-02-01,5,0.0,0.4,84.0,93,0.043,0.1183,0.0,3.382,False,False
730,EC,2026-02-01,2,0.0,0.5,160.5,782,0.1611,0.0985,0.0,5.078,False,False
730,EE,2026-02-01,1,0.0,0.0,2.0,151,0.1391,0.053,0.0,0.0,False,False
730,ES,2026-02-01,19,0.0526,0.0526,2.5,7416,0.1308,0.0868,0.402,0.606,False,False
730,FI,2026-02-01,253,0.1028,0.083,5.0,426,0.1197,0.0986,0.858,0.842,False,False
730,FR,2026-02-01,26,0.1154,0.0769,2.0,6241,0.1338,0.0817,0.862,0.941,False,False
730,GB,2026-02-01,3530,0.1314,0.0779,4.0,16041,0.1201,0.0843,1.095,0.924,True,False
730,GL,2026-02-01,1,0.0,0.0,2.0,27,0.0741,0.1111,0.0,0.0,False,False
730,GM,2026-02-01,1,0.0,0.0,2.0,35,0.0286,0.1429,0.0,0.0,False,False
730,GR,2026-02-01,2,0.0,0.0,3.0,671,0.1118,0.0611,0.0,0.0,False,False
730,GY,2026-02-01,2,0.5,0.0,3.0,211,0.1659,0.0569,3.014,0.0,False,False
730,HK,2026-02-01,3,0.3333,0.0,5.5,1454,0.1527,0.0605,2.183,0.0,False,False
730,HR,2026-02-01,5,0.0,0.0,2.0,560,0.1054,0.0875,0.0,0.0,False,False
730,HT,2026-02-01,1,0.0,1.0,60.0,96,0.125,0.0521,0.0,19.2,False,False
730,HU,2026-02-01,4,0.0,0.25,10.0,235,0.0979,0.1191,0.0,2.098,False,False
730,ID,2026-02-01,3,0.3333,0.3333,7.0,19,0.1579,0.0526,2.111,6.333,False,False
730,IE,2026-02-01,4,0.25,0.0,2.0,1672,0.1382,0.0766,1.81,0.0,False,False
730,IL,2026-02-01,1,0.0,0.0,1.0,1767,0.1064,0.0611,0.0,0.0,False,False
730,IN,2026-02-01,9,0.2222,0.0,4.0,162,0.1049,0.0926,2.118,0.0,False,False
730,IS,2026-02-01,72,0.1389,0.0833,3.0,87,0.1839,0.092,0.755,0.906,False,False
730,IT,2026-02-01,8,0.25,0.25,4.0,6903,0.1353,0.0666,1.848,3.752,False,False
730,JE,2026-02-01,2,0.0,0.0,3.0,69,0.0725,0.1304,0.0,0.0,False,False
730,JM,2026-02-01,2,0.5,0.0,4.0,3877,0.1153,0.0944,4.337,0.0,False,False
730,JP,2026-02-01,3,0.3333,0.3333,7.5,1398,0.1273,0.0508,2.618,6.563,False,False
730,KE,2026-02-01,1,0.0,0.0,3.0,9083,0.1022,0.0689,0.0,0.0,False,False
730,KH,2026-02-01,1,0.0,0.0,7.0,3,0.0,0.3333,,0.0,False,False
730,KR,2026-02-01,3,0.3333,0.0,10.0,3404,0.1463,0.0661,2.278,0.0,False,False
730,KW,2026-02-01,1,0.0,0.0,7.0,13,0.0,0.0,,,False,False
730,KY,2026-02-01,1,1.0,0.0,,148,0.1284,0.0878,7.789,0.0,False,False
730,KZ,2026-02-01,1,0.0,0.0,4.0,18,0.0,0.2778,,0.0,False,False
730,LC,2026-02-01,2,0.0,0.0,1.0,88,0.1364,0.0909,0.0,0.0,False,False
730,LT,2026-02-01,7,0.0,0.0,3.0,149,0.1007,0.0671,0.0,0.0,False,False
730,LU,2026-02-01,1,0.0,0.0,5.0,137,0.1241,0.0511,0.0,0.0,False,False
730,LV,2026-02-01,3,0.3333,0.0,2.0,289,0.1592,0.0761,2.094,0.0,False,False
730,MA,2026-02-01,5,0.2,0.0,1.5,88,0.1023,0.0455,1.956,0.0,False,False
730,MD,2026-02-01,1,0.0,0.0,29.0,412,0.1141,0.0583,0.0,0.0,False,False
730,MK,2026-02-01,1,0.0,0.0,1.0,237,0.135,0.038,0.0,0.0,False,False
730,MT,2026-02-01,2,0.0,0.0,4.5,284,0.1373,0.0387,0.0,0.0,False,False
730,MX,2026-02-01,15,0.0667,0.1333,5.5,11562,0.1581,0.0899,0.422,1.484,False,False
730,MY,2026-02-01,2,0.0,0.0,1.5,6397,0.1143,0.0666,0.0,0.0,False,False
730,NA,2026-02-01,2,0.0,0.0,1.0,560,0.1179,0.0714,0.0,0.0,False,False
730,NL,2026-02-01,28,0.1429,0.0714,3.5,3526,0.1429,0.0579,0.999,1.235,False,False
730,NO,2026-02-01,342,0.1784,0.0848,5.0,467,0.1649,0.0728,1.082,1.165,False,False
730,NZ,2026-02-01,318,0.1321,0.0849,4.0,2216,0.1264,0.0857,1.045,0.99,False,False
730,PA,2026-02-01,3,0.0,0.0,18.0,992,0.1431,0.1058,0.0,0.0,False,False
730,PE,2026-02-01,1,0.0,0.0,5.0,1409,0.137,0.0972,0.0,0.0,False,False
730,PG,2026-02-01,1,0.0,0.0,22.0,16,0.0625,0.125,0.0,0.0,False,False
730,PH,2026-02-01,21,0.0952,0.0952,7.0,12427,0.1234,0.0871,0.772,1.094,False,False
730,PK,2026-02-01,1,0.0,0.0,1.0,117,0.1026,0.0598,0.0,0.0,False,False
730,PL,2026-02-01,9,0.0,0.1111,2.0,505,0.1347,0.1149,0.0,0.967,False,False
730,PR,2026-02-01,5,0.0,0.0,3.0,1153,0.1405,0.0919,0.0,0.0,False,False
730,PT,2026-02-01,7,0.1429,0.1429,8.0,2226,0.1249,0.0934,1.144,1.529,False,False
730,PY,2026-02-01,1,1.0,0.0,,739,0.1326,0.092,7.541,0.0,False,False
730,RO,2026-02-01,12,0.0833,0.0,3.0,1584,0.1162,0.0758,0.717,0.0,False,False
730,RS,2026-02-01,2,0.0,0.0,2.0,1288,0.0908,0.0986,0.0,0.0,False,False
730,SA,2026-02-01,3,0.3333,0.0,3.0,45,0.0667,0.0667,5.0,0.0,False,False
730,SE,2026-02-01,579,0.1261,0.0794,4.0,790,0.1063,0.0899,1.186,0.884,True,False
730,SG,2026-02-01,3,0.3333,0.0,6.0,2946,0.1191,0.0621,2.798,0.0,False,False
730,SI,2026-02-01,1,1.0,0.0,,241,0.0954,0.1037,10.478,0.0,False,False
730,TH,2026-02-01,34,0.0882,0.0588,6.0,3526,0.1415,0.0729,0.623,0.807,False,False
730,TJ,2026-02-01,1,0.0,0.0,1.0,85,0.1882,0.0941,0.0,0.0,False,False
730,TR,2026-02-01,2,0.0,0.5,128.5,2711,0.1099,0.0642,0.0,7.79,False,False
730,TW,2026-02-01,1,0.0,1.0,16.0,1259,0.1469,0.0667,0.0,14.988,False,False
730,TZ,2026-02-01,2,0.5,0.0,10.0,858,0.1305,0.0571,3.83,0.0,False,False
730,US,2026-02-01,19845,0.14,0.0873,4.0,90521,0.1373,0.0839,1.02,1.041,True,False
730,VI,2026-02-01,2,0.0,0.0,10.5,36,0.1667,0.0833,0.0,0.0,False,False
730,VN,2026-02-01,7,0.1429,0.0,2.5,1934,0.1525,0.0533,0.937,0.0,False,False
730,ZA,2026-02-01,2,0.0,0.0,3.0,4278,0.1223,0.101,0.0,0.0,False,False
730,ZM,2026-02-01,1,1.0,0.0,,12,0.0,0.0833,,0.0,False,False
833,AD,2026-02-01,3,0.0,0.0,3.0,40,0.05,0.15,0.0,0.0,False,False
833,AG,2026-02-01,4,0.75,0.0,32.0,55,0.0909,0.0727,8.25,0.0,False,False
833,AL,2026-02-01,6,0.0,0.1667,5.0,247,0.085,0.0891,0.0,1.871,False,False
833,AQ,2026-02-01,1,0.0,0.0,10.0,7,0.0,0.2857,,0.0,False,False
833,AS,2026-02-01,7,0.0,0.0,11.0,58,0.1379,0.069,0.0,0.0,False,False
833,AT,2026-02-01,5,0.4,0.0,4.0,539,0.1892,0.0612,2.114,0.0,False,False
833,AU,2026-02-01,7052,0.1428,0.0408,2.0,8338,0.1192,0.0866,1.198,0.472,True,False
833,AX,2026-02-01,6,0.0,0.0,7.5,95,0.0105,0.2,0.0,0.0,False,False
833,BD,2026-02-01,2,0.0,0.0,1.0,26,0.0,0.0385,,0.0,False,False
833,BE,2026-02-01,70,0.1857,0.0143,2.0,1310,0.1183,0.0809,1.57,0.177,False,False
833,BH,2026-02-01,1,0.0,0.0,4.0,17,0.0,0.5882,,0.0,False,False
833,BQ,2026-02-01,1,0.0,0.0,1.0,31,0.0968,0.129,0.0,0.0,False,False
833,BR,2026-02-01,9,0.5556,0.0,1.0,42291,0.1224,0.0995,4.537,0.0,False,False
833,BT,2026-02-01,1,0.0,0.0,19.0,76,0.1053,0.0263,0.0,0.0,False,False
833,CA,2026-02-01,16069,0.1688,0.0367,2.0,10069,0.1226,0.0893,1.378,0.411,True,True
833,CL,2026-02-01,3,0.3333,0.0,21.5,4355,0.1437,0.0932,2.319,0.0,False,False
833,CM,2026-02-01,2,0.0,0.5,14.0,15,0.1333,0.1333,0.0,3.75,False,False
833,CO,2026-02-01,1,0.0,0.0,2.0,2465,0.1465,0.1026,0.0,0.0,False,False
833,CR,2026-02-01,2,0.0,0.0,1.0,1353,0.136,0.0776,0.0,0.0,False,False
833,CY,2026-02-01,9,0.1111,0.1111,4.5,558,0.1237,0.0466,0.899,2.385,False,False
833,DE,2026-02-01,15,0.0667,0.0,1.5,2804,0.1723,0.0603,0.387,0.0,False,False
833,DO,2026-02-01,4,0.25,0.0,2.0,2185,0.1588,0.0856,1.574,0.0,False,False
833,DZ,2026-02-01,4,0.0,0.5,10.5,93,0.043,0.1183,0.0,4.227,False,False
833,EE,2026-02-01,4,0.25,0.0,2.0,151,0.1391,0.053,1.798,0.0,False,False
833,EH,2026-02-01,1,0.0,0.0,7.0,,,,,,False,False
833,FI,2026-02-01,2,0.0,0.0,12.0,426,0.1197,0.0986,0.0,0.0,False,False
833,FR,2026-02-01,1,1.0,0.0,,6241,0.1338,0.0817,7.474,0.0,False,False
833,GB,2026-02-01,18809,0.1557,0.0402,2.0,16041,0.1201,0.0843,1.297,0.478,True,False
833,GE,2026-02-01,1,0.0,0.0,6.0,354,0.1271,0.048,0.0,0.0,False,False
833,GL,2026-02-01,1,0.0,0.0,3.0,27,0.0741,0.1111,0.0,0.0,False,False
833,GM,2026-02-01,2,0.0,0.0,3.0,35,0.0286,0.1429,0.0,0.0,False,False
833,GR,2026-02-01,2,0.0,0.0,2.5,671,0.1118,0.0611,0.0,0.0,False,False
833,GT,2026-02-01,1,0.0,0.0,25.0,527,0.1499,0.0778,0.0,0.0,False,False
833,HK,2026-02-01,1,0.0,0.0,2.0,1454,0.1527,0.0605,0.0,0.0,False,False
833,HN,2026-02-01,1,0.0,0.0,21.0,290,0.1241,0.0828,0.0,0.0,False,False
833,HT,2026-02-01,1,0.0,0.0,2.0,96,0.125,0.0521,0.0,0.0,False,False
833,ID,2026-02-01,1,0.0,0.0,3.0,19,0.1579,0.0526,0.0,0.0,False,False
833,IE,2026-02-01,1765,0.1422,0.0408,2.0,1672,0.1382,0.0766,1.029,0.533,True,False
833,IL,2026-02-01,1,1.0,0.0,,1767,0.1064,0.0611,9.399,0.0,False,False
833,IN,2026-02-01,1,0.0,0.0,2.0,162,0.1049,0.0926,0.0,0.0,False,False
833,JP,2026-02-01,1,0.0,0.0,5.0,1398,0.1273,0.0508,0.0,0.0,False,False
833,KY,2026-02-01,3,0.0,0.0,1.0,148,0.1284,0.0878,0.0,0.0,False,False
833,LT,2026-02-01,1,1.0,0.0,,149,0.1007,0.0671,9.933,0.0,False,False
833,MD,2026-02-01,13,0.2308,0.0769,2.5,412,0.1141,0.0583,2.023,1.321,False,False
833,MX,2026-02-01,7,0.0,0.0,6.0,11562,0.1581,0.0899,0.0,0.0,False,False
833,NE,2026-02-01,1,0.0,0.0,5.0,57,0.0526,0.0526,0.0,0.0,False,False
833,NL,2026-02-01,3,0.3333,0.0,3.5,3526,0.1429,0.0579,2.332,0.0,False,False
833,NO,2026-02-01,3,0.6667,0.0,2.0,467,0.1649,0.0728,4.043,0.0,False,False
833,NZ,2026-02-01,3279,0.1433,0.0442,2.0,2216,0.1264,0.0857,1.134,0.516,True,False
833,PA,2026-02-01,1,1.0,0.0,,992,0.1431,0.1058,6.986,0.0,False,False
833,PL,2026-02-01,1,0.0,0.0,1.0,505,0.1347,0.1149,0.0,0.0,False,False
833,PR,2026-02-01,30,0.1667,0.0333,1.0,1153,0.1405,0.0919,1.186,0.363,False,False
833,RO,2026-02-01,2,0.0,0.0,1.0,1584,0.1162,0.0758,0.0,0.0,False,False
833,RS,2026-02-01,2,0.5,0.0,4.0,1288,0.0908,0.0986,5.504,0.0,False,False
833,SA,2026-02-01,3,0.0,0.3333,9.0,45,0.0667,0.0667,0.0,5.0,False,False
833,SG,2026-02-01,1,0.0,0.0,1.0,2946,0.1191,0.0621,0.0,0.0,False,False
833,TR,2026-02-01,1,1.0,0.0,,2711,0.1099,0.0642,9.097,0.0,False,False
833,UA,2026-02-01,1,0.0,0.0,1.0,15,0.2,0.0667,0.0,0.0,False,False
833,US,2026-02-01,101846,0.1892,0.0418,2.0,90521,0.1373,0.0839,1.378,0.499,True,True
833,ZA,2026-02-01,2,0.0,0.0,1.5,4278,0.1223,0.101,0.0,0.0,False,False
851,AD,2026-02-01,24,0.1667,0.0833,2.5,40,0.05,0.15,3.333,0.556,False,False
851,AE,2026-02-01,578,0.1142,0.026,2.0,382,0.089,0.0812,1.283,0.32,False,False
851,AF,2026-02-01,1,1.0,0.0,,1,0.0,0.0,,,False,False
851,AL,2026-02-01,305,0.1508,0.0262,1.0,247,0.085,0.0891,1.774,0.294,False,False
851,AR,2026-02-01,286,0.2483,0.0035,1.0,4280,0.1346,0.1056,1.845,0.033,False,False
851,AS,2026-02-01,1,0.0,0.0,3.0,58,0.1379,0.069,0.0,0.0,False,False
851,AT,2026-02-01,13,0.1538,0.0,1.0,539,0.1892,0.0612,0.813,0.0,False,False
851,AU,2026-02-01,232,0.194,0.0129,1.0,8338,0.1192,0.0866,1.627,0.149,False,False
851,AX,2026-02-01,5,0.0,0.2,3.0,95,0.0105,0.2,0.0,1.0,False,False
851,AZ,2026-02-01,243,0.1276,0.0041,1.0,452,0.1327,0.0398,0.961,0.103,False,False
851,BB,2026-02-01,16,0.125,0.0625,3.5,157,0.1019,0.121,1.227,0.516,False,False
851,BD,2026-02-01,4,0.0,0.0,4.0,26,0.0,0.0385,,0.0,False,False
851,BE,2026-02-01,287,0.1394,0.0383,2.0,1310,0.1183,0.0809,1.178,0.474,False,False
851,BF,2026-02-01,2,0.0,0.5,1.0,122,0.0984,0.0164,0.0,30.5,False,False
851,BG,2026-02-01,50,0.16,0.04,1.0,573,0.1431,0.0698,1.118,0.573,False,False
851,BH,2026-02-01,84,0.1071,0.0,1.0,17,0.0,0.5882,,0.0,False,False
851,BJ,2026-02-01,1,1.0,0.0,,296,0.1115,0.0642,8.97,0.0,False,False
851,BO,2026-02-01,246,0.2642,0.0081,1.0,1073,0.1855,0.0727,1.425,0.112,False,False
851,BR,2026-02-01,401,0.2195,0.0274,1.0,42291,0.1224,0.0995,1.792,0.276,False,False
851,BS,2026-02-01,24,0.125,0.0417,1.0,183,0.1311,0.1202,0.953,0.347,False,False
851,BT,2026-02-01,2,0.5,0.0,1.0,76,0.1053,0.0263,4.75,0.0,False,False
851,BW,2026-02-01,2,0.0,0.0,2.0,885,0.1062,0.0836,0.0,0.0,False,False
851,BZ,2026-02-01,78,0.141,0.0256,1.0,79,0.1139,0.0886,1.238,0.289,False,False
851,CA,2026-02-01,1095,0.1233,0.021,1.0,10069,0.1226,0.0893,1.006,0.235,True,False
851,CH,2026-02-01,50,0.1,0.0,1.0,1204,0.1537,0.0739,0.651,0.0,False,False
851,CI,2026-02-01,2,0.0,0.0,4.0,244,0.1066,0.0943,0.0,0.0,False,False
851,CL,2026-02-01,3577,0.1792,0.0212,1.0,4355,0.1437,0.0932,1.247,0.228,True,False
851,CM,2026-02-01,2,0.0,0.5,6.5,15,0.1333,0.1333,0.0,3.75,False,False
851,CN,2026-02-01,28,0.1429,0.0,3.0,221,0.1855,0.0905,0.77,0.0,False,False
851,CO,2026-02-01,229,0.3712,0.0044,1.0,2465,0.1465,0.1026,2.535,0.043,False,False
851,CR,2026-02-01,76,0.3026,0.0,1.0,1353,0.136,0.0776,2.225,0.0,False,False
851,CW,2026-02-01,28,0.1429,0.0357,1.0,240,0.1333,0.0875,1.071,0.408,False,False
851,CY,2026-02-01,164,0.1768,0.0244,2.0,558,0.1237,0.0466,1.43,0.523,False,False
851,CZ,2026-02-01,18,0.2778,0.0556,2.0,164,0.1463,0.0732,1.898,0.759,False,False
851,DE,2026-02-01,1003,0.2104,0.015,1.0,2804,0.1723,0.0603,1.221,0.248,True,False
851,DK,2026-02-01,38,0.1579,0.0263,1.0,347,0.1614,0.0865,0.978,0.304,False,False
851,DO,2026-02-01,121,0.2645,0.0,1.0,2185,0.1588,0.0856,1.665,0.0,False,False
851,DZ,2026-02-01,1,0.0,0.0,20.0,93,0.043,0.1183,0.0,0.0,False,False
851,EC,2026-02-01,363,0.2369,0.011,1.0,782,0.1611,0.0985,1.47,0.112,False,False
851,EE,2026-02-01,3,0.3333,0.3333,1.0,151,0.1391,0.053,2.397,6.292,False,False
851,EG,2026-02-01,2,0.5,0.0,1.0,,,,,,False,False
851,ES,2026-02-01,856,0.1612,0.0292,2.0,7416,0.1308,0.0868,1.233,0.336,True,False
851,ET,2026-02-01,1,0.0,0.0,8.0,4,0.0,0.0,,,False,False
851,FI,2026-02-01,50,0.2,0.02,1.0,426,0.1197,0.0986,1.671,0.203,False,False
851,FJ,2026-02-01,87,0.1609,0.0345,1.0,151,0.1325,0.0993,1.215,0.347,False,False
851,FM,2026-02-01,7,0.0,0.0,1.0,12,0.3333,0.0,0.0,,False,False
851,FO,2026-02-01,3,0.3333,0.0,2.0,25,0.16,0.24,2.083,0.0,False,False
851,FR,2026-02-01,1306,0.1907,0.0184,1.0,6241,0.1338,0.0817,1.425,0.225,True,True
851,GB,2026-02-01,201,0.194,0.0149,1.0,16041,0.1201,0.0843,1.616,0.177,False,False
851,GD,2026-02-01,9,0.2222,0.0,1.0,35,0.0857,0.0857,2.593,0.0,False,False
851,GE,2026-02-01,253,0.1818,0.0,1.0,354,0.1271,0.048,1.43,0.0,False,False
851,GF,2026-02-01,30,0.2333,0.0,1.0,42,0.0952,0.2143,2.45,0.0,False,False
851,GG,2026-02-01,5,0.4,0.0,1.0,26,0.0385,0.1923,10.4,0.0,False,False
851,GL,2026-02-01,13,0.2308,0.0,1.0,27,0.0741,0.1111,3.115,0.0,False,False
851,GM,2026-02-01,10,0.5,0.0,2.0,35,0.0286,0.1429,17.5,0.0,False,False
851,GN,2026-02-01,4,0.5,0.0,1.0,34,0.1176,0.0294,4.25,0.0,False,False
851,GP,2026-02-01,66,0.1818,0.0,1.0,103,0.1456,0.068,1.248,0.0,False,False
851,GR,2026-02-01,7,0.7143,0.0,1.0,671,0.1118,0.0611,6.39,0.0,False,False
851,GU,2026-02-01,56,0.125,0.0536,1.0,142,0.1408,0.0986,0.888,0.543,False,False
851,GY,2026-02-01,208,0.1587,0.0096,1.0,211,0.1659,0.0569,0.956,0.169,False,False
851,HK,2026-02-01,487,0.2218,0.0103,1.0,1454,0.1527,0.0605,1.452,0.17,False,False
851,HR,2026-02-01,32,0.1563,0.0,1.0,560,0.1054,0.0875,1.483,0.0,False,False
851,HT,2026-02-01,83,0.3614,0.0,1.0,96,0.125,0.0521,2.892,0.0,False,False
851,HU,2026-02-01,134,0.1418,0.0075,1.0,235,0.0979,0.1191,1.449,0.063,False,False
851,ID,2026-02-01,10,0.4,0.0,1.0,19,0.1579,0.0526,2.533,0.0,False,False
851,IE,2026-02-01,148,0.1689,0.0473,2.0,1672,0.1382,0.0766,1.223,0.618,False,False
851,IL,2026-02-01,434,0.2143,0.0253,1.0,1767,0.1064,0.0611,2.014,0.415,False,False
851,IM,2026-02-01,4,0.25,0.0,1.0,48,0.1875,0.0625,1.333,0.0,False,False
851,IN,2026-02-01,15,0.0,0.0,1.0,162,0.1049,0.0926,0.0,0.0,False,False
851,IS,2026-02-01,21,0.1905,0.0952,1.0,87,0.1839,0.092,1.036,1.036,False,False
851,IT,2026-02-01,1090,0.1697,0.0193,1.0,6903,0.1353,0.0666,1.254,0.289,True,False
851,JE,2026-02-01,16,0.1875,0.0625,1.0,69,0.0725,0.1304,2.588,0.479,False,False
851,JM,2026-02-01,366,0.153,0.0301,1.0,3877,0.1153,0.0944,1.327,0.318,False,False
851,JP,2026-02-01,1676,0.1695,0.0149,1.0,1398,0.1273,0.0508,1.331,0.294,True,True
851,KE,2026-02-01,333,0.1862,0.024,1.0,9083,0.1022,0.0689,1.822,0.349,False,False
851,KG,2026-02-01,138,0.2029,0.0145,1.0,196,0.0765,0.102,2.651,0.142,False,False
851,KH,2026-02-01,2,0.5,0.0,1.0,3,0.0,0.3333,,0.0,False,False
851,KI,2026-02-01,39,0.2564,0.0,1.0,22,0.2727,0.0909,0.94,0.0,False,False
851,KN,2026-02-01,1,0.0,0.0,1.0,24,0.2083,0.125,0.0,0.0,False,False
851,KR,2026-02-01,467,0.167,0.03,1.0,3404,0.1463,0.0661,1.142,0.454,False,False
851,KW,2026-02-01,179,0.1788,0.0279,1.0,13,0.0,0.0,,,False,False
851,KY,2026-02-01,1,0.0,0.0,3.0,148,0.1284,0.0878,0.0,0.0,False,False
851,KZ,2026-02-01,2,0.0,0.0,2.0,18,0.0,0.2778,,0.0,False,False
851,LA,2026-02-01,17,0.0588,0.0,1.0,268,0.1082,0.0112,0.544,0.0,False,False
851,LC,2026-02-01,13,0.3077,0.0,1.0,88,0.1364,0.0909,2.256,0.0,False,False
851,LT,2026-02-01,37,0.2432,0.0,1.0,149,0.1007,0.0671,2.416,0.0,False,False
851,LU,2026-02-01,59,0.2373,0.0169,1.0,137,0.1241,0.0511,1.912,0.332,False,False
851,LV,2026-02-01,19,0.1579,0.0,1.0,289,0.1592,0.0761,0.992,0.0,False,False
851,MA,2026-02-01,1,0.0,0.0,1.0,88,0.1023,0.0455,0.0,0.0,False,False
851,MC,2026-02-01,6,0.1667,0.0,3.0,8,0.0,0.125,,0.0,False,False
851,MD,2026-02-01,46,0.2174,0.0,1.0,412,0.1141,0.0583,1.906,0.0,False,False
851,ME,2026-02-01,47,0.0638,0.0638,1.5,179,0.1006,0.0894,0.635,0.714,False,False
851,MG,2026-02-01,16,0.125,0.0,1.5,339,0.1091,0.0767,1.145,0.0,False,False
851,MK,2026-02-01,83,0.1928,0.0241,1.0,237,0.135,0.038,1.428,0.635,False,False
851,MP,2026-02-01,3,0.0,0.0,1.0,30,0.1333,0.0667,0.0,0.0,False,False
851,MQ,2026-02-01,69,0.2029,0.0145,1.0,100,0.15,0.1,1.353,0.145,False,False
851,MR,2026-02-01,9,0.1111,0.1111,1.0,86,0.1279,0.0465,0.869,2.389,False,False
851,MT,2026-02-01,116,0.2241,0.0172,2.0,284,0.1373,0.0387,1.632,0.445,False,False
851,MU,2026-02-01,41,0.1951,0.0,2.0,430,0.1302,0.1163,1.498,0.0,False,False
851,MW,2026-02-01,1,0.0,0.0,3.0,9,0.0,0.2222,,0.0,False,False
851,MX,2026-02-01,2907,0.1916,0.0237,1.0,11562,0.1581,0.0899,1.212,0.264,True,False
851,MY,2026-02-01,2121,0.1617,0.0123,1.0,6397,0.1143,0.0666,1.415,0.184,True,True
851,NC,2026-02-01,51,0.1569,0.0,1.0,101,0.1683,0.099,0.932,0.0,False,False
851,NE,2026-02-01,3,0.3333,0.0,2.0,57,0.0526,0.0526,6.333,0.0,False,False
851,NL,2026-02-01,793,0.2005,0.0214,1.0,3526,0.1429,0.0579,1.403,0.371,True,True
851,NO,2026-02-01,28,0.0714,0.0357,2.0,467,0.1649,0.0728,0.433,0.491,False,False
851,NP,2026-02-01,1,1.0,0.0,,6,0.0,0.1667,,0.0,False,False
851,NZ,2026-02-01,109,0.1651,0.0367,2.0,2216,0.1264,0.0857,1.307,0.428,False,False
851,OM,2026-02-01,163,0.1595,0.0061,1.0,29,0.069,0.2069,2.313,0.03,False,False
851,PE,2026-02-01,756,0.2394,0.0079,1.0,1409,0.137,0.0972,1.748,0.082,True,True
851,PF,2026-02-01,76,0.1842,0.0526,2.0,149,0.1544,0.1007,1.193,0.523,False,False
851,PG,2026-02-01,1032,0.2064,0.0194,1.0,16,0.0625,0.125,3.302,0.155,False,False
851,PH,2026-02-01,13,0.0769,0.0,1.0,12427,0.1234,0.0871,0.623,0.0,False,False
851,PK,2026-02-01,6,0.3333,0.0,2.0,117,0.1026,0.0598,3.25,0.0,False,False
851,PL,2026-02-01,248,0.1452,0.0081,1.0,505,0.1347,0.1149,1.078,0.07,False,False
851,PR,2026-02-01,116,0.2414,0.0,1.0,1153,0.1405,0.0919,1.718,0.0,False,False
851,PT,2026-02-01,538,0.1859,0.0353,1.0,2226,0.1249,0.0934,1.488,0.378,True,True
851,PW,2026-02-01,1,0.0,0.0,1.0,15,0.2667,0.0,0.0,,False,False
851,PY,2026-02-01,457,0.2495,0.0044,1.0,739,0.1326,0.092,1.881,0.048,False,False
851,QA,2026-02-01,289,0.1176,0.0104,1.0,33,0.0909,0.0909,1.294,0.114,False,False
851,RO,2026-02-01,48,0.1042,0.0,1.0,1584,0.1162,0.0758,0.897,0.0,False,False
851,RS,2026-02-01,566,0.1855,0.0247,2.0,1288,0.0908,0.0986,2.042,0.251,True,True
851,RU,2026-02-01,3,0.0,0.0,1.0,20,0.05,0.05,0.0,0.0,False,False
851,SA,2026-02-01,821,0.067,0.0012,1.0,45,0.0667,0.0667,1.005,0.018,False,False
851,SC,2026-02-01,11,0.3636,0.0,1.0,68,0.1029,0.0588,3.532,0.0,False,False
851,SE,2026-02-01,92,0.1522,0.0109,2.0,790,0.1063,0.0899,1.431,0.121,False,False
851,SG,2026-02-01,630,0.1397,0.0159,1.0,2946,0.1191,0.0621,1.172,0.256,True,False
851,SI,2026-02-01,27,0.2222,0.037,2.0,241,0.0954,0.1037,2.329,0.357,False,False
851,SK,2026-02-01,57,0.3158,0.0351,2.0,273,0.1355,0.0769,2.33,0.456,False,False
851,SM,2026-02-01,4,0.25,0.0,1.0,10,0.0,0.0,,,False,False
851,SR,2026-02-01,120,0.2667,0.0167,1.0,95,0.2211,0.0421,1.206,0.396,False,False
851,SV,2026-02-01,570,0.2,0.0088,1.0,683,0.1523,0.0761,1.313,0.115,True,True
851,TD,2026-02-01,1,0.0,0.0,1.0,74,0.1622,0.0541,0.0,0.0,False,False
851,TG,2026-02-01,1,0.0,0.0,5.0,5,0.0,0.0,,,False,False
851,TH,2026-02-01,688,0.1846,0.0189,1.0,3526,0.1415,0.0729,1.304,0.259,True,True
851,TL,2026-02-01,1,1.0,0.0,,26,0.2308,0.0769,4.333,0.0,False,False
851,TM,2026-02-01,1,0.0,0.0,10.0,3,0.0,0.0,,,False,False
851,TO,2026-02-01,1,0.0,0.0,1.0,13,0.2308,0.0769,0.0,0.0,False,False
851,TR,2026-02-01,921,0.2172,0.0065,1.0,2711,0.1099,0.0642,1.976,0.102,True,True
851,TT,2026-02-01,422,0.173,0.0142,1.0,702,0.1125,0.1011,1.537,0.141,False,False
851,TW,2026-02-01,1101,0.1762,0.0218,1.0,1259,0.1469,0.0667,1.199,0.327,True,False
851,TZ,2026-02-01,2,0.0,0.0,5.5,858,0.1305,0.0571,0.0,0.0,False,False
851,UA,2026-02-01,3,0.0,0.0,1.0,15,0.2,0.0667,0.0,0.0,False,False
851,UG,2026-02-01,1,0.0,0.0,1.0,70,0.0571,0.1143,0.0,0.0,False,False
851,US,2026-02-01,4393,0.1967,0.0269,2.0,90521,0.1373,0.0839,1.433,0.32,True,True
851,UY,2026-02-01,46,0.1957,0.0435,1.0,1522,0.1544,0.0821,1.267,0.529,False,False
851,UZ,2026-02-01,1007,0.2075,0.001,1.0,275,0.1709,0.0909,1.214,0.011,False,False
851,VC,2026-02-01,3,0.0,0.0,3.0,32,0.1875,0.0938,0.0,0.0,False,False
851,VG,2026-02-01,1,1.0,0.0,,51,0.0196,0.1176,51.0,0.0,False,False
851,VN,2026-02-01,1434,0.219,0.0049,1.0,1934,0.1525,0.0533,1.436,0.092,True,True
851,VU,2026-02-01,70,0.1857,0.0,1.0,24,0.2083,0.0,0.891,,False,False
851,XK,2026-02-01,8,0.125,0.0,1.0,70,0.0286,0.1571,4.375,0.0,False,False
851,YT,2026-02-01,1,0.0,0.0,2.0,16,0.125,0.125,0.0,0.0,False,False
851,ZA,2026-02-01,304,0.1711,0.0099,1.0,4278,0.1223,0.101,1.399,0.098,False,False
851,ZW,2026-02-01,1,0.0,0.0,1.0,,,,,,False,False
889,CH,2026-02-01,1,0.0,0.0,12.0,1204,0.1537,0.0739,0.0,0.0,False,False
889,DE,2026-02-01,123,0.1138,0.1138,4.0,2804,0.1723,0.0603,0.661,1.888,False,False
889,ES,2026-02-01,1066,0.1304,0.1004,4.0,7416,0.1308,0.0868,0.997,1.156,True,False
889,FR,2026-02-01,2043,0.1111,0.0822,3.0,6241,0.1338,0.0817,0.83,1.006,True,False
889,GB,2026-02-01,2,0.0,0.0,2.5,16041,0.1201,0.0843,0.0,0.0,False,False
889,IT,2026-02-01,4218,0.0825,0.0806,3.0,6903,0.1353,0.0666,0.61,1.21,True,False
889,JP,2026-02-01,1,0.0,0.0,1.0,1398,0.1273,0.0508,0.0,0.0,False,False
889,SN,2026-02-01,1,0.0,0.0,13.0,3,0.0,0.0,,,False,False
897,AG,2026-02-01,1,0.0,0.0,14.0,55,0.0909,0.0727,0.0,0.0,False,False
897,AL,2026-02-01,8,0.0,0.0,5.5,247,0.085,0.0891,0.0,0.0,False,False
897,AM,2026-02-01,2,0.0,0.0,16.5,638,0.1317,0.0408,0.0,0.0,False,False
897,AO,2026-02-01,5,0.0,0.0,5.0,244,0.0984,0.0861,0.0,0.0,False,False
897,AQ,2026-02-01,1,0.0,0.0,36.0,7,0.0,0.2857,,0.0,False,False
897,AR,2026-02-01,2,0.0,0.0,21.0,4280,0.1346,0.1056,0.0,0.0,False,False
897,AS,2026-02-01,2,0.0,0.0,42.5,58,0.1379,0.069,0.0,0.0,False,False
897,AT,2026-02-01,95,0.1158,0.1053,3.0,539,0.1892,0.0612,0.612,1.719,False,False
897,AU,2026-02-01,871,0.132,0.0758,3.0,8338,0.1192,0.0866,1.108,0.875,True,False
897,AX,2026-02-01,5,0.0,0.2,23.0,95,0.0105,0.2,0.0,1.0,False,False
897,BB,2026-02-01,2,0.5,0.0,8.0,157,0.1019,0.121,4.906,0.0,False,False
897,BD,2026-02-01,1,0.0,0.0,1.0,26,0.0,0.0385,,0.0,False,False
897,BE,2026-02-01,230,0.1478,0.0652,3.0,1310,0.1183,0.0809,1.249,0.806,False,False
897,BG,2026-02-01,3,0.0,0.0,7.0,573,0.1431,0.0698,0.0,0.0,False,False
897,BR,2026-02-01,12,0.25,0.0833,4.0,42291,0.1224,0.0995,2.042,0.838,False,False
897,BZ,2026-02-01,3,0.3333,0.3333,15.5,79,0.1139,0.0886,2.926,3.762,False,False
897,CA,2026-02-01,1837,0.1459,0.0506,3.0,10069,0.1226,0.0893,1.19,0.567,True,False
897,CH,2026-02-01,79,0.1646,0.1266,5.0,1204,0.1537,0.0739,1.071,1.712,False,False
897,CL,2026-02-01,1,1.0,0.0,,4355,0.1437,0.0932,6.957,0.0,False,False
897,CN,2026-02-01,2,0.0,1.0,525.0,221,0.1855,0.0905,0.0,11.05,False,False
897,CO,2026-02-01,5,0.2,0.0,2.0,2465,0.1465,0.1026,1.366,0.0,False,False
897,CZ,2026-02-01,3,0.0,0.3333,1.0,164,0.1463,0.0732,0.0,4.556,False,False
897,DE,2026-02-01,612,0.1324,0.067,4.0,2804,0.1723,0.0603,0.768,1.112,True,False
897,DK,2026-02-01,68,0.1176,0.0735,4.0,347,0.1614,0.0865,0.729,0.85,False,False
897,DO,2026-02-01,1,0.0,0.0,3.0,2185,0.1588,0.0856,0.0,0.0,False,False
897,DZ,2026-02-01,4,0.0,0.0,7.0,93,0.043,0.1183,0.0,0.0,False,False
897,EH,2026-02-01,1,0.0,0.0,6.0,,,,,,False,False
897,ES,2026-02-01,32,0.1875,0.1563,4.5,7416,0.1308,0.0868,1.434,1.799,False,False
897,FI,2026-02-01,85,0.1059,0.1294,8.0,426,0.1197,0.0986,0.884,1.313,False,False
897,FJ,2026-02-01,3,0.0,0.0,1.0,151,0.1325,0.0993,0.0,0.0,False,False
897,FM,2026-02-01,1,0.0,0.0,1.0,12,0.3333,0.0,0.0,,False,False
897,FR,2026-02-01,32,0.125,0.1563,4.0,6241,0.1338,0.0817,0.934,1.912,False,False
897,GB,2026-02-01,2667,0.1369,0.0589,2.0,16041,0.1201,0.0843,1.14,0.698,True,False
897,GD,2026-02-01,1,0.0,0.0,1.0,35,0.0857,0.0857,0.0,0.0,False,False
897,GG,2026-02-01,1,0.0,0.0,4.0,26,0.0385,0.1923,0.0,0.0,False,False
897,GI,2026-02-01,1,0.0,0.0,1.0,28,0.1071,0.0357,0.0,0.0,False,False
897,GR,2026-02-01,9,0.1111,0.0,5.5,671,0.1118,0.0611,0.994,0.0,False,False
897,HK,2026-02-01,2,0.0,0.0,6.5,1454,0.1527,0.0605,0.0,0.0,False,False
897,HN,2026-02-01,1,0.0,0.0,1.0,290,0.1241,0.0828,0.0,0.0,False,False
897,HR,2026-02-01,4,0.25,0.0,5.0,560,0.1054,0.0875,2.373,0.0,False,False
897,HU,2026-02-01,14,0.0,0.0714,5.0,235,0.0979,0.1191,0.0,0.599,False,False
897,ID,2026-02-01,4,0.25,0.0,4.0,19,0.1579,0.0526,1.583,0.0,False,False
897,IE,2026-02-01,231,0.1515,0.0346,3.0,1672,0.1382,0.0766,1.097,0.452,False,False
897,IL,2026-02-01,4,0.0,0.25,4.5,1767,0.1064,0.0611,0.0,4.09,False,False
897,IN,2026-02-01,6,0.0,0.0,2.5,162,0.1049,0.0926,0.0,0.0,False,False
897,IS,2026-02-01,23,0.087,0.0435,4.0,87,0.1839,0.092,0.473,0.473,False,False
897,IT,2026-02-01,32,0.125,0.25,4.0,6903,0.1353,0.0666,0.924,3.752,False,False
897,JM,2026-02-01,4,0.0,0.0,3.0,3877,0.1153,0.0944,0.0,0.0,False,False
897,JO,2026-02-01,1,0.0,0.0,6.0,9,0.0,0.1111,,0.0,False,False
897,JP,2026-02-01,4,0.0,0.0,4.0,1398,0.1273,0.0508,0.0,0.0,False,False
897,KE,2026-02-01,5,0.0,0.2,4.0,9083,0.1022,0.0689,0.0,2.902,False,False
897,KH,2026-02-01,2,0.5,0.0,34.0,3,0.0,0.3333,,0.0,False,False
897,KR,2026-02-01,2,0.0,0.0,12.5,3404,0.1463,0.0661,0.0,0.0,False,False
897,LT,2026-02-01,2,0.0,0.5,93.0,149,0.1007,0.0671,0.0,7.45,False,False
897,LU,2026-02-01,18,0.0556,0.1111,1.0,137,0.1241,0.0511,0.448,2.175,False,False
897,LV,2026-02-01,2,0.5,0.0,14.0,289,0.1592,0.0761,3.141,0.0,False,False
897,ME,2026-02-01,2,0.0,0.0,7.5,179,0.1006,0.0894,0.0,0.0,False,False
897,MK,2026-02-01,3,0.3333,0.0,1.0,237,0.135,0.038,2.469,0.0,False,False
897,MT,2026-02-01,3,0.3333,0.3333,71.5,284,0.1373,0.0387,2.427,8.606,False,False
897,MX,2026-02-01,12,0.0,0.0,2.0,11562,0.1581,0.0899,0.0,0.0,False,False
897,MY,2026-02-01,1,0.0,0.0,2.0,6397,0.1143,0.0666,0.0,0.0,False,False
897,NL,2026-02-01,285,0.1263,0.0807,4.0,3526,0.1429,0.0579,0.884,1.395,False,False
897,NO,2026-02-01,84,0.1071,0.0714,3.0,467,0.1649,0.0728,0.65,0.981,False,False
897,NP,2026-02-01,1,0.0,0.0,1.0,6,0.0,0.1667,,0.0,False,False
897,NZ,2026-02-01,253,0.1423,0.0711,4.0,2216,0.1264,0.0857,1.126,0.83,False,False
897,PA,2026-02-01,1,0.0,0.0,1.0,992,0.1431,0.1058,0.0,0.0,False,False
897,PE,2026-02-01,3,0.6667,0.0,11.0,1409,0.137,0.0972,4.867,0.0,False,False
897,PH,2026-02-01,40,0.075,0.125,3.0,12427,0.1234,0.0871,0.608,1.436,False,False
897,PL,2026-02-01,13,0.0,0.3077,14.0,505,0.1347,0.1149,0.0,2.679,False,False
897,PR,2026-02-01,3,0.0,0.0,1.0,1153,0.1405,0.0919,0.0,0.0,False,False
897,PT,2026-02-01,22,0.0909,0.1364,7.0,2226,0.1249,0.0934,0.728,1.459,False,False
897,PY,2026-02-01,1,0.0,0.0,4.0,739,0.1326,0.092,0.0,0.0,False,False
897,QA,2026-02-01,1,1.0,0.0,,33,0.0909,0.0909,11.0,0.0,False,False
897,RO,2026-02-01,29,0.1379,0.0,6.0,1584,0.1162,0.0758,1.187,0.0,False,False
897,RS,2026-02-01,8,0.25,0.0,6.5,1288,0.0908,0.0986,2.752,0.0,False,False
897,SA,2026-02-01,1,0.0,0.0,3.0,45,0.0667,0.0667,0.0,0.0,False,False
897,SB,2026-02-01,1,0.0,0.0,4.0,59,0.1356,0.0678,0.0,0.0,False,False
897,SE,2026-02-01,212,0.1698,0.0849,3.0,790,0.1063,0.0899,1.597,0.945,False,False
897,SG,2026-02-01,2,0.0,0.0,81.5,2946,0.1191,0.0621,0.0,0.0,False,False
897,SI,2026-02-01,1,0.0,0.0,7.0,241,0.0954,0.1037,0.0,0.0,False,False
897,SK,2026-02-01,3,0.0,0.6667,85.0,273,0.1355,0.0769,0.0,8.667,False,False
897,TH,2026-02-01,9,0.3333,0.0,3.0,3526,0.1415,0.0729,2.355,0.0,False,False
897,TR,2026-02-01,2,0.0,0.0,43.5,2711,0.1099,0.0642,0.0,0.0,False,False
897,UG,2026-02-01,1,0.0,0.0,4.0,70,0.0571,0.1143,0.0,0.0,False,False
897,US,2026-02-01,14347,0.1595,0.058,2.0,90521,0.1373,0.0839,1.162,0.691,True,False
897,UZ,2026-02-01,1,0.0,0.0,343.0,275,0.1709,0.0909,0.0,0.0,False,False
897,VN,2026-02-01,12,0.3333,0.1667,9.5,1934,0.1525,0.0533,2.185,3.129,False,False
897,VU,2026-02-01,1,0.0,1.0,152.0,24,0.2083,0.0,0.0,,False,False
897,WS,2026-02-01,1,0.0,1.0,25.0,14,0.2143,0.0,0.0,,False,False
897,ZA,2026-02-01,3,0.0,0.3333,4.0,4278,0.1223,0.101,0.0,3.301,False,False
897,ZM,2026-02-01,3,0.0,0.3333,5.0,12,0.0,0.0833,,4.0,False,False
911,AG,2026-02-01,1,0.0,0.0,1.0,55,0.0909,0.0727,0.0,0.0,False,False
911,AL,2026-02-01,2,0.0,0.0,1.0,247,0.085,0.0891,0.0,0.0,False,False
911,AS,2026-02-01,2,0.5,0.0,1.0,58,0.1379,0.069,3.625,0.0,False,False
911,AU,2026-02-01,48,0.2083,0.0,2.0,8338,0.1192,0.0866,1.748,0.0,False,False
911,BE,2026-02-01,2,0.0,0.0,1.0,1310,0.1183,0.0809,0.0,0.0,False,False
911,CA,2026-02-01,20,0.35,0.0,1.0,10069,0.1226,0.0893,2.856,0.0,False,False
911,CH,2026-02-01,1,1.0,0.0,,1204,0.1537,0.0739,6.508,0.0,False,False
911,CW,2026-02-01,1,1.0,0.0,,240,0.1333,0.0875,7.5,0.0,False,False
911,DE,2026-02-01,26,0.0769,0.0385,1.0,2804,0.1723,0.0603,0.447,0.638,False,False
911,DZ,2026-02-01,2,0.0,0.0,133.5,93,0.043,0.1183,0.0,0.0,False,False
911,ES,2026-02-01,3,0.0,0.0,1.0,7416,0.1308,0.0868,0.0,0.0,False,False
911,FI,2026-02-01,1,0.0,0.0,1.0,426,0.1197,0.0986,0.0,0.0,False,False
911,FR,2026-02-01,25,0.4,0.04,1.0,6241,0.1338,0.0817,2.99,0.489,False,False
911,GB,2026-02-01,89,0.2584,0.0225,1.0,16041,0.1201,0.0843,2.152,0.267,False,False
911,GM,2026-02-01,1,0.0,0.0,1.0,35,0.0286,0.1429,0.0,0.0,False,False
911,GY,2026-02-01,1,0.0,1.0,61.0,211,0.1659,0.0569,0.0,17.583,False,False
911,ID,2026-02-01,2,0.0,0.0,1.5,19,0.1579,0.0526,0.0,0.0,False,False
911,IE,2026-02-01,49,0.1633,0.0,1.0,1672,0.1382,0.0766,1.182,0.0,False,False
911,IN,2026-02-01,2,0.0,0.0,1.0,162,0.1049,0.0926,0.0,0.0,False,False
911,IT,2026-02-01,2,0.0,0.0,1.0,6903,0.1353,0.0666,0.0,0.0,False,False
911,JM,2026-02-01,2,0.0,0.0,19.0,3877,0.1153,0.0944,0.0,0.0,False,False
911,KN,2026-02-01,1,0.0,0.0,1.0,24,0.2083,0.125,0.0,0.0,False,False
911,MD,2026-02-01,1,0.0,0.0,1.0,412,0.1141,0.0583,0.0,0.0,False,False
911,MX,2026-02-01,12,0.0833,0.0,1.0,11562,0.1581,0.0899,0.527,0.0,False,False
911,MY,2026-02-01,1,0.0,0.0,8.0,6397,0.1143,0.0666,0.0,0.0,False,False
911,NL,2026-02-01,1,1.0,0.0,,3526,0.1429,0.0579,6.996,0.0,False,False
911,NO,2026-02-01,1,0.0,0.0,1.0,467,0.1649,0.0728,0.0,0.0,False,False
911,NZ,2026-02-01,37,0.1081,0.0541,4.0,2216,0.1264,0.0857,0.856,0.63,False,False
911,PG,2026-02-01,1,1.0,0.0,,16,0.0625,0.125,16.0,0.0,False,False
911,PK,2026-02-01,4,0.25,0.0,1.0,117,0.1026,0.0598,2.438,0.0,False,False
911,PR,2026-02-01,1,0.0,0.0,5.0,1153,0.1405,0.0919,0.0,0.0,False,False
911,RW,2026-02-01,1,0.0,0.0,5.0,112,0.0714,0.0804,0.0,0.0,False,False
911,SA,2026-02-01,8,0.25,0.0,1.5,45,0.0667,0.0667,3.75,0.0,False,False
911,SB,2026-02-01,1,1.0,0.0,,59,0.1356,0.0678,7.375,0.0,False,False
911,SC,2026-02-01,1,0.0,0.0,1.0,68,0.1029,0.0588,0.0,0.0,False,False
911,SL,2026-02-01,1,1.0,0.0,,762,0.1509,0.0407,6.626,0.0,False,False
911,SV,2026-02-01,1,1.0,0.0,,683,0.1523,0.0761,6.567,0.0,False,False
911,TD,2026-02-01,1,1.0,0.0,,74,0.1622,0.0541,6.167,0.0,False,False
911,TZ,2026-02-01,1,1.0,0.0,,858,0.1305,0.0571,7.661,0.0,False,False
911,UA,2026-02-01,1,0.0,0.0,1.0,15,0.2,0.0667,0.0,0.0,False,False
911,US,2026-02-01,9322,0.2064,0.0331,2.0,90521,0.1373,0.0839,1.503,0.395,True,True
911,VI,2026-02-01,1,1.0,0.0,,36,0.1667,0.0833,6.0,0.0,False,False
organic,AD,2026-02-01,36,0.0556,0.0833,3.0,40,0.05,0.15,1.111,0.556,False,False
organic,AE,2026-02-01,713,0.0589,0.0701,3.0,382,0.089,0.0812,0.662,0.864,False,False
organic,AF,2026-02-01,10,1.0,0.0,,1,0.0,0.0,,,False,False
organic,AG,2026-02-01,16,0.0625,0.0,1.0,55,0.0909,0.0727,0.688,0.0,False,False
organic,AI,2026-02-01,31,0.0,0.1935,12.0,41,0.0732,0.0976,0.0,1.984,False,False
organic,AL,2026-02-01,187,0.0321,0.0909,2.0,247,0.085,0.0891,0.377,1.021,False,False
organic,AM,2026-02-01,78,0.0128,0.0256,5.0,638,0.1317,0.0408,0.097,0.629,False,False
organic,AO,2026-02-01,192,0.026,0.0521,3.0,244,0.0984,0.0861,0.265,0.605,False,False
organic,AQ,2026-02-01,6,0.0,0.3333,3.5,7,0.0,0.2857,,1.167,False,False
organic,AR,2026-02-01,1458,0.1001,0.1056,4.0,4280,0.1346,0.1056,0.744,1.0,True,False
organic,AS,2026-02-01,27,0.0741,0.0741,9.0,58,0.1379,0.069,0.537,1.074,False,False
organic,AT,2026-02-01,677,0.0502,0.0532,2.0,539,0.1892,0.0612,0.265,0.869,True,False
organic,AU,2026-02-01,3682,0.0459,0.0589,3.0,8338,0.1192,0.0866,0.385,0.681,True,False
organic,AW,2026-02-01,18,0.1667,0.0,4.0,111,0.1622,0.0811,1.028,0.0,False,False
organic,AX,2026-02-01,51,0.1373,0.2745,13.5,95,0.0105,0.2,13.039,1.373,False,False
organic,AZ,2026-02-01,113,0.0177,0.0177,2.0,452,0.1327,0.0398,0.133,0.444,False,False
organic,BB,2026-02-01,54,0.0,0.3333,9.0,157,0.1019,0.121,0.0,2.754,False,False
organic,BD,2026-02-01,176,0.0739,0.0284,2.0,26,0.0,0.0385,,0.739,False,False
organic,BE,2026-02-01,871,0.0838,0.0517,3.0,1310,0.1183,0.0809,0.708,0.638,True,False
organic,BF,2026-02-01,45,0.0889,0.0667,5.0,122,0.0984,0.0164,0.904,4.067,False,False
organic,BG,2026-02-01,157,0.0701,0.0764,3.0,573,0.1431,0.0698,0.49,1.095,False,False
organic,BH,2026-02-01,72,0.125,0.0833,7.0,17,0.0,0.5882,,0.142,False,False
organic,BJ,2026-02-01,107,0.0654,0.0467,5.0,296,0.1115,0.0642,0.587,0.728,False,False
organic,BM,2026-02-01,8,0.0,0.375,12.0,63,0.0952,0.0476,0.0,7.875,False,False
organic,BN,2026-02-01,31,0.5161,0.0645,1.0,76,0.1316,0.1316,3.923,0.49,False,False
organic,BO,2026-02-01,135,0.1111,0.1111,4.0,1073,0.1855,0.0727,0.599,1.528,False,False
organic,BQ,2026-02-01,25,0.0,0.72,28.0,31,0.0968,0.129,0.0,5.58,False,False
organic,BR,2026-02-01,7650,0.0766,0.0903,3.0,42291,0.1224,0.0995,0.626,0.908,True,False
organic,BS,2026-02-01,38,0.0263,0.1053,4.0,183,0.1311,0.1202,0.201,0.876,False,False
organic,BT,2026-02-01,8,0.125,0.125,1.0,76,0.1053,0.0263,1.188,4.75,False,False
organic,BW,2026-02-01,242,0.0661,0.1074,5.0,885,0.1062,0.0836,0.622,1.285,False,False
organic,BY,2026-02-01,4,0.0,0.0,3.5,,,,,,False,False
organic,BZ,2026-02-01,43,0.0233,0.1163,3.0,79,0.1139,0.0886,0.204,1.312,False,False
organic,CA,2026-02-01,5538,0.0488,0.0609,3.0,10069,0.1226,0.0893,0.398,0.682,True,False
organic,CH,2026-02-01,509,0.0491,0.0825,3.0,1204,0.1537,0.0739,0.32,1.116,True,False
organic,CI,2026-02-01,197,0.0457,0.0863,5.0,244,0.1066,0.0943,0.429,0.915,False,False
organic,CK,2026-02-01,5,0.2,0.0,9.5,26,0.0769,0.1923,2.6,0.0,False,False
organic,CL,2026-02-01,1043,0.0681,0.0499,2.0,4355,0.1437,0.0932,0.474,0.535,True,False
organic,CM,2026-02-01,304,0.0757,0.0822,4.0,15,0.1333,0.1333,0.567,0.617,False,False
organic,CN,2026-02-01,1574,0.0432,0.0127,2.0,221,0.1855,0.0905,0.233,0.14,False,False
organic,CO,2026-02-01,4405,0.0509,0.0254,1.0,2465,0.1465,0.1026,0.347,0.248,True,False
organic,CR,2026-02-01,322,0.1087,0.0745,3.0,1353,0.136,0.0776,0.799,0.96,False,False
organic,CV,2026-02-01,55,0.1455,0.0545,5.0,34,0.1471,0.1176,0.989,0.464,False,False
organic,CW,2026-02-01,25,0.0,0.0,2.0,240,0.1333,0.0875,0.0,0.0,False,False
organic,CY,2026-02-01,242,0.1074,0.0331,3.0,558,0.1237,0.0466,0.869,0.709,False,False
organic,CZ,2026-02-01,186,0.0699,0.0699,3.0,164,0.1463,0.0732,0.478,0.955,False,False
organic,DE,2026-02-01,3749,0.0435,0.0443,2.0,2804,0.1723,0.0603,0.252,0.735,True,False
organic,DJ,2026-02-01,80,0.025,0.05,4.0,131,0.1298,0.0534,0.193,0.936,False,False
organic,DK,2026-02-01,390,0.0538,0.0564,4.0,347,0.1614,0.0865,0.334,0.652,False,False
organic,DM,2026-02-01,2,0.0,0.5,38.0,28,0.25,0.0,0.0,,False,False
organic,DO,2026-02-01,502,0.1195,0.0916,4.0,2185,0.1588,0.0856,0.753,1.071,True,False
organic,DZ,2026-02-01,347,0.0519,0.1066,3.0,93,0.043,0.1183,1.206,0.901,False,False
organic,EC,2026-02-01,488,0.1066,0.0738,4.0,782,0.1611,0.0985,0.661,0.749,False,False
organic,EE,2026-02-01,76,0.1316,0.0395,4.0,151,0.1391,0.053,0.946,0.745,False,False
organic,EH,2026-02-01,1,0.0,0.0,100.0,,,,,,False,False
organic,ER,2026-02-01,1,0.0,0.0,1.0,2,0.5,0.0,0.0,,False,False
organic,ES,2026-02-01,1906,0.0535,0.0745,3.0,7416,0.1308,0.0868,0.409,0.858,True,False
organic,ET,2026-02-01,8,0.25,0.25,16.5,4,0.0,0.0,,,False,False
organic,FI,2026-02-01,502,0.241,0.0458,5.0,426,0.1197,0.0986,2.013,0.465,False,False
organic,FJ,2026-02-01,55,0.1455,0.0909,3.0,151,0.1325,0.0993,1.098,0.915,False,False
organic,FM,2026-02-01,6,0.0,0.0,5.0,12,0.3333,0.0,0.0,,False,False
organic,FO,2026-02-01,3,0.0,0.0,8.0,25,0.16,0.24,0.0,0.0,False,False
organic,FR,2026-02-01,3150,0.0657,0.0632,3.0,6241,0.1338,0.0817,0.491,0.773,True,False
organic,GA,2026-02-01,50,0.16,0.04,3.0,173,0.1156,0.1098,1.384,0.364,False,False
organic,GB,2026-02-01,10364,0.0798,0.0496,3.0,16041,0.1201,0.0843,0.665,0.588,True,False
organic,GD,2026-02-01,10,0.0,0.1,1.0,35,0.0857,0.0857,0.0,1.167,False,False
organic,GE,2026-02-01,79,0.0633,0.0506,3.0,354,0.1271,0.048,0.498,1.054,False,False
organic,GF,2026-02-01,11,0.0,0.0909,7.0,42,0.0952,0.2143,0.0,0.424,False,False
organic,GG,2026-02-01,11,0.0,0.0,3.0,26,0.0385,0.1923,0.0,0.0,False,False
organic,GH,2026-02-01,11,0.9091,0.0909,11.0,,,,,,False,False
organic,GI,2026-02-01,6,0.1667,0.0,2.0,28,0.1071,0.0357,1.556,0.0,False,False
organic,GL,2026-02-01,18,0.2222,0.1111,7.5,27,0.0741,0.1111,3.0,1.0,False,False
organic,GM,2026-02-01,138,0.0362,0.1014,6.0,35,0.0286,0.1429,1.268,0.71,False,False
organic,GN,2026-02-01,14,0.0,0.0,5.5,34,0.1176,0.0294,0.0,0.0,False,False
organic,GP,2026-02-01,23,0.087,0.087,6.0,103,0.1456,0.068,0.597,1.28,False,False
organic,GQ,2026-02-01,23,0.1304,0.1304,5.5,31,0.2903,0.0968,0.449,1.348,False,False
organic,GR,2026-02-01,582,0.055,0.0412,4.0,671,0.1118,0.0611,0.492,0.675,True,False
organic,GT,2026-02-01,57,0.0351,0.1053,2.0,527,0.1499,0.0778,0.234,1.353,False,False
organic,GU,2026-02-01,31,0.0323,0.129,3.5,142,0.1408,0.0986,0.229,1.309,False,False
organic,GY,2026-02-01,77,0.1039,0.0779,2.0,211,0.1659,0.0569,0.626,1.37,False,False
organic,HK,2026-02-01,304,0.0757,0.0362,2.0,1454,0.1527,0.0605,0.496,0.598,False,False
organic,HN,2026-02-01,134,0.0746,0.1045,3.5,290,0.1241,0.0828,0.601,1.262,False,False
organic,HR,2026-02-01,163,0.0675,0.0613,3.0,560,0.1054,0.0875,0.641,0.701,False,False
organic,HT,2026-02-01,43,0.0698,0.093,3.0,96,0.125,0.0521,0.558,1.786,False,False
organic,HU,2026-02-01,259,0.0386,0.1351,3.0,235,0.0979,0.1191,0.394,1.134,False,False
organic,ID,2026-02-01,145,0.0966,0.0897,2.0,19,0.1579,0.0526,0.611,1.703,False,False
organic,IE,2026-02-01,1024,0.1201,0.042,3.0,1672,0.1382,0.0766,0.869,0.549,True,False
organic,IL,2026-02-01,550,0.0291,0.0655,2.0,1767,0.1064,0.0611,0.273,1.071,True,False
organic,IM,2026-02-01,20,0.1,0.05,1.0,48,0.1875,0.0625,0.533,0.8,False,False
organic,IN,2026-02-01,2069,0.0604,0.0271,1.0,162,0.1049,0.0926,0.576,0.292,False,False
organic,IO,2026-02-01,2,0.0,0.0,1.5,7,0.1429,0.0,0.0,,False,False
organic,IR,2026-02-01,11,0.5455,0.0,1.0,5,0.2,0.0,2.727,,False,False
organic,IS,2026-02-01,65,0.0769,0.0769,2.0,87,0.1839,0.092,0.418,0.837,False,False
organic,IT,2026-02-01,1562,0.0531,0.0781,4.0,6903,0.1353,0.0666,0.393,1.172,True,False
organic,JE,2026-02-01,23,0.0,0.0435,3.0,69,0.0725,0.1304,0.0,0.333,False,False
organic,JM,2026-02-01,219,0.0913,0.0822,4.0,3877,0.1153,0.0944,0.792,0.871,False,False
organic,JO,2026-02-01,34,0.0294,0.2647,2.0,9,0.0,0.1111,,2.382,False,False
organic,JP,2026-02-01,490,0.0551,0.051,2.0,1398,0.1273,0.0508,0.433,1.005,False,False
organic,KE,2026-02-01,960,0.0677,0.0854,5.0,9083,0.1022,0.0689,0.663,1.239,True,False
organic,KG,2026-02-01,142,0.0141,0.1056,3.0,196,0.0765,0.102,0.184,1.035,False,False
organic,KH,2026-02-01,61,0.0328,0.0492,3.0,3,0.0,0.3333,,0.148,False,False
organic,KI,2026-02-01,11,0.1818,0.1818,9.0,22,0.2727,0.0909,0.667,2.0,False,False
organic,KM,2026-02-01,6,0.1667,0.1667,2.0,7,0.1429,0.2857,1.167,0.583,False,False
organic,KN,2026-02-01,10,0.0,0.1,4.5,24,0.2083,0.125,0.0,0.8,False,False
organic,KR,2026-02-01,447,0.0358,0.0559,4.0,3404,0.1463,0.0661,0.245,0.846,False,False
organic,KW,2026-02-01,159,0.0943,0.0252,3.0,13,0.0,0.0,,,False,False
organic,KY,2026-02-01,11,0.0,0.0,2.0,148,0.1284,0.0878,0.0,0.0,False,False
organic,KZ,2026-02-01,22,0.0,0.0455,5.5,18,0.0,0.2778,,0.164,False,False
organic,LA,2026-02-01,26,0.0,0.1154,4.0,268,0.1082,0.0112,0.0,10.308,False,False
organic,LC,2026-02-01,8,0.0,0.0,1.0,88,0.1364,0.0909,0.0,0.0,False,False
organic,LI,2026-02-01,4,0.0,0.25,8.0,4,0.5,0.0,0.0,,False,False
organic,LK,2026-02-01,180,0.0611,0.0444,2.0,135,0.1407,0.1111,0.434,0.4,False,False
organic,LS,2026-02-01,23,0.0,0.1739,5.0,141,0.1277,0.0709,0.0,2.452,False,False
organic,LT,2026-02-01,143,0.049,0.0839,3.0,149,0.1007,0.0671,0.486,1.25,False,False
organic,LU,2026-02-01,126,0.0635,0.0317,1.0,137,0.1241,0.0511,0.512,0.621,False,False
organic,LV,2026-02-01,280,0.0179,0.0321,4.0,289,0.1592,0.0761,0.112,0.422,False,False
organic,MA,2026-02-01,570,0.0368,0.0175,2.0,88,0.1023,0.0455,0.36,0.386,False,False
organic,MC,2026-02-01,3,0.0,0.0,1.0,8,0.0,0.125,,0.0,False,False
organic,MD,2026-02-01,213,0.0047,0.0188,2.0,412,0.1141,0.0583,0.041,0.322,False,False
organic,ME,2026-02-01,36,0.1111,0.1389,5.5,179,0.1006,0.0894,1.105,1.554,False,False
organic,MF,2026-02-01,1,0.0,0.0,1.0,15,0.2667,0.0667,0.0,0.0,False,False
organic,MG,2026-02-01,273,0.0952,0.0696,4.0,339,0.1091,0.0767,0.873,0.907,False,False
organic,MH,2026-02-01,2,0.0,0.0,1.5,6,0.0,0.0,,,False,False
organic,MK,2026-02-01,71,0.1268,0.0141,2.0,237,0.135,0.038,0.939,0.371,False,False
organic,MN,2026-02-01,20,0.2,0.0,8.5,54,0.0926,0.0185,2.16,0.0,False,False
organic,MO,2026-02-01,3,0.0,0.3333,1.0,25,0.12,0.04,0.0,8.333,False,False
organic,MP,2026-02-01,2,0.0,0.0,1.0,30,0.1333,0.0667,0.0,0.0,False,False
organic,MQ,2026-02-01,18,0.2222,0.0,1.0,100,0.15,0.1,1.481,0.0,False,False
organic,MR,2026-02-01,37,0.0541,0.0811,5.0,86,0.1279,0.0465,0.423,1.743,False,False
organic,MT,2026-02-01,71,0.0563,0.0563,3.0,284,0.1373,0.0387,0.41,1.455,False,False
organic,MU,2026-02-01,118,0.0508,0.0847,4.0,430,0.1302,0.1163,0.39,0.729,False,False
organic,MV,2026-02-01,17,0.1176,0.0588,10.0,107,0.0561,0.0935,2.098,0.629,False,False
organic,MW,2026-02-01,42,0.0476,0.0238,3.0,9,0.0,0.2222,,0.107,False,False
organic,MX,2026-02-01,3163,0.0911,0.0658,3.0,11562,0.1581,0.0899,0.576,0.732,True,False
organic,MY,2026-02-01,803,0.0573,0.056,2.0,6397,0.1143,0.0666,0.501,0.842,True,False
organic,MZ,2026-02-01,302,0.1291,0.0629,3.0,308,0.1169,0.0584,1.105,1.077,False,False
organic,NA,2026-02-01,144,0.0625,0.0764,6.0,560,0.1179,0.0714,0.53,1.069,False,False
organic,NC,2026-02-01,23,0.087,0.0435,2.0,101,0.1683,0.099,0.517,0.439,False,False
organic,NE,2026-02-01,57,0.3509,0.0877,5.0,57,0.0526,0.0526,6.667,1.667,False,False
organic,NF,2026-02-01,1,0.0,0.0,5.0,,,,,,False,False
organic,NG,2026-02-01,9,0.8889,0.0,1.0,1,0.0,0.0,,,False,False
organic,NL,2026-02-01,3151,0.0479,0.0317,2.0,3526,0.1429,0.0579,0.335,0.549,True,False
organic,NO,2026-02-01,396,0.0556,0.048,2.0,467,0.1649,0.0728,0.337,0.659,False,False
organic,NP,2026-02-01,26,0.0,0.0769,3.0,6,0.0,0.1667,,0.462,False,False
organic,NZ,2026-02-01,997,0.0481,0.0742,3.0,2216,0.1264,0.0857,0.381,0.866,True,False
organic,OM,2026-02-01,162,0.0617,0.0679,3.0,29,0.069,0.2069,0.895,0.328,False,False
organic,PA,2026-02-01,216,0.1065,0.1111,7.0,992,0.1431,0.1058,0.744,1.05,False,False
organic,PE,2026-02-01,692,0.0867,0.0838,3.0,1409,0.137,0.0972,0.633,0.862,True,False
organic,PF,2026-02-01,62,0.0645,0.1613,4.0,149,0.1544,0.1007,0.418,1.602,False,False
organic,PG,2026-02-01,224,0.1027,0.0446,2.0,16,0.0625,0.125,1.643,0.357,False,False
organic,PH,2026-02-01,641,0.0624,0.1154,4.0,12427,0.1234,0.0871,0.506,1.326,True,False
organic,PK,2026-02-01,332,0.1054,0.0482,4.0,117,0.1026,0.0598,1.028,0.806,False,False
organic,PL,2026-02-01,868,0.0461,0.0334,2.0,505,0.1347,0.1149,0.342,0.291,True,False
organic,PM,2026-02-01,1,0.0,0.0,4.0,2,0.0,0.0,,,False,False
organic,PR,2026-02-01,172,0.0407,0.0756,3.0,1153,0.1405,0.0919,0.29,0.822,False,False
organic,PS,2026-02-01,9,0.0,0.0,7.0,2,0.0,0.5,,0.0,False,False
organic,PT,2026-02-01,838,0.0644,0.0931,3.0,2226,0.1249,0.0934,0.516,0.996,True,False
organic,PY,2026-02-01,186,0.0753,0.0699,2.0,739,0.1326,0.092,0.568,0.76,False,False
organic,QA,2026-02-01,154,0.0909,0.0779,3.0,33,0.0909,0.0909,1.0,0.857,False,False
organic,RE,2026-02-01,38,0.1053,0.0526,2.0,88,0.1477,0.0568,0.713,0.926,False,False
organic,RO,2026-02-01,753,0.0239,0.0412,2.0,1584,0.1162,0.0758,0.206,0.543,True,False
organic,RS,2026-02-01,840,0.0179,0.0524,8.0,1288,0.0908,0.0986,0.197,0.531,True,False
organic,RU,2026-02-01,61,0.1803,0.0164,3.0,20,0.05,0.05,3.607,0.328,False,False
organic,RW,2026-02-01,28,0.0714,0.1071,3.0,112,0.0714,0.0804,1.0,1.333,False,False
organic,SA,2026-02-01,237,0.0886,0.0506,2.0,45,0.0667,0.0667,1.329,0.759,False,False
organic,SB,2026-02-01,8,0.0,0.0,4.5,59,0.1356,0.0678,0.0,0.0,False,False
organic,SC,2026-02-01,56,0.0893,0.0179,2.0,68,0.1029,0.0588,0.867,0.304,False,False
organic,SE,2026-02-01,951,0.0505,0.0557,1.0,790,0.1063,0.0899,0.475,0.62,True,False
organic,SG,2026-02-01,807,0.0335,0.0446,2.0,2946,0.1191,0.0621,0.281,0.718,True,False
organic,SI,2026-02-01,64,0.0469,0.0625,2.0,241,0.0954,0.1037,0.491,0.602,False,False
organic,SK,2026-02-01,197,0.0254,0.0914,3.0,273,0.1355,0.0769,0.187,1.188,False,False
organic,SL,2026-02-01,103,0.068,0.0583,5.0,762,0.1509,0.0407,0.45,1.432,False,False
organic,SM,2026-02-01,3,0.0,0.0,1.0,10,0.0,0.0,,,False,False
organic,SN,2026-02-01,283,0.0247,0.1307,6.0,3,0.0,0.0,,,False,False
organic,SO,2026-02-01,2,0.0,0.0,7.5,,,,,,False,False
organic,SR,2026-02-01,158,0.0253,0.0316,1.0,95,0.2211,0.0421,0.115,0.752,False,False
organic,ST,2026-02-01,4,0.0,0.0,4.0,2,0.5,0.0,0.0,,False,False
organic,SV,2026-02-01,250,0.064,0.056,2.0,683,0.1523,0.0761,0.42,0.736,False,False
organic,SX,2026-02-01,6,0.0,0.1667,7.0,66,0.1515,0.0758,0.0,2.2,False,False
organic,SZ,2026-02-01,34,0.0882,0.0294,2.0,118,0.1271,0.1102,0.694,0.267,False,False
organic,TC,2026-02-01,9,0.0,0.1111,11.0,71,0.1549,0.0704,0.0,1.578,False,False
organic,TD,2026-02-01,53,0.0377,0.0189,8.0,74,0.1622,0.0541,0.233,0.349,False,False
organic,TG,2026-02-01,107,0.0654,0.1121,3.0,5,0.0,0.0,,,False,False
organic,TH,2026-02-01,445,0.0427,0.0674,3.0,3526,0.1415,0.0729,0.302,0.925,False,False
organic,TJ,2026-02-01,63,0.0159,0.0159,10.0,85,0.1882,0.0941,0.084,0.169,False,False
organic,TL,2026-02-01,6,0.0,0.3333,5.0,26,0.2308,0.0769,0.0,4.333,False,False
organic,TM,2026-02-01,16,0.0,0.0,26.5,3,0.0,0.0,,,False,False
organic,TN,2026-02-01,2,1.0,0.0,,,,,,,False,False
organic,TO,2026-02-01,4,0.0,0.25,1.0,13,0.2308,0.0769,0.0,3.25,False,False
organic,TR,2026-02-01,1986,0.0307,0.0408,3.0,2711,0.1099,0.0642,0.279,0.635,True,False
organic,TT,2026-02-01,197,0.0406,0.0711,2.0,702,0.1125,0.1011,0.361,0.703,False,False
organic,TW,2026-02-01,260,0.0577,0.0615,2.0,1259,0.1469,0.0667,0.393,0.922,False,False
organic,TZ,2026-02-01,118,0.0254,0.1017,5.0,858,0.1305,0.0571,0.195,1.781,False,False
organic,UA,2026-02-01,317,0.1451,0.0347,2.0,15,0.2,0.0667,0.726,0.521,False,False
organic,UG,2026-02-01,311,0.0322,0.119,13.0,70,0.0571,0.1143,0.563,1.041,False,False
organic,UM,2026-02-01,1,0.0,0.0,3.0,1,0.0,0.0,,,False,False
organic,US,2026-02-01,56174,0.0795,0.0552,3.0,90521,0.1373,0.0839,0.579,0.658,True,False
organic,UY,2026-02-01,232,0.069,0.0733,4.0,1522,0.1544,0.0821,0.447,0.892,False,False
organic,UZ,2026-02-01,264,0.0682,0.0947,1.5,275,0.1709,0.0909,0.399,1.042,False,False
organic,VC,2026-02-01,6,0.0,0.1667,3.0,32,0.1875,0.0938,0.0,1.778,False,False
organic,VE,2026-02-01,3,0.0,0.0,1.0,,,,,,False,False
organic,VG,2026-02-01,10,0.1,0.3,4.0,51,0.0196,0.1176,5.1,2.55,False,False
organic,VI,2026-02-01,13,0.0769,0.0,3.5,36,0.1667,0.0833,0.462,0.0,False,False
organic,VN,2026-02-01,772,0.0492,0.1166,2.0,1934,0.1525,0.0533,0.323,2.189,True,False
organic,VU,2026-02-01,14,0.0,0.0714,3.0,24,0.2083,0.0,0.0,,False,False
organic,WS,2026-02-01,3,1.0,0.0,,14,0.2143,0.0,4.667,,False,False
organic,XK,2026-02-01,39,0.0256,0.1026,2.5,70,0.0286,0.1571,0.897,0.653,False,False
organic,YT,2026-02-01,33,0.0,0.0,10.0,16,0.125,0.125,0.0,0.0,False,False
organic,ZA,2026-02-01,2392,0.0707,0.0794,4.0,4278,0.1223,0.101,0.578,0.787,True,False
organic,ZM,2026-02-01,67,0.0299,0.1194,5.0,12,0.0,0.0833,,1.433,False,False
organic,ZW,2026-02-01,1,0.0,0.0,22.0,,,,,,False,False
ppc,AD,2026-02-01,40,0.05,0.15,4.5,40,0.05,0.15,1.0,1.0,False,False
ppc,AE,2026-02-01,382,0.089,0.0812,3.0,382,0.089,0.0812,1.0,1.0,False,False
ppc,AF,2026-02-01,1,0.0,0.0,1.0,1,0.0,0.0,,,False,False
ppc,AG,2026-02-01,55,0.0909,0.0727,2.0,55,0.0909,0.0727,1.0,1.0,False,False
ppc,AI,2026-02-01,41,0.0732,0.0976,5.0,41,0.0732,0.0976,1.0,1.0,False,False
ppc,AL,2026-02-01,247,0.085,0.0891,5.0,247,0.085,0.0891,1.0,1.0,False,False
ppc,AM,2026-02-01,638,0.1317,0.0408,1.0,638,0.1317,0.0408,1.0,1.0,True,False
ppc,AO,2026-02-01,244,0.0984,0.0861,5.0,244,0.0984,0.0861,1.0,1.0,False,False
ppc,AQ,2026-02-01,7,0.0,0.2857,25.0,7,0.0,0.2857,,1.0,False,False
ppc,AR,2026-02-01,4280,0.1346,0.1056,5.0,4280,0.1346,0.1056,1.0,1.0,True,False
ppc,AS,2026-02-01,58,0.1379,0.069,5.5,58,0.1379,0.069,1.0,1.0,False,False
ppc,AT,2026-02-01,539,0.1892,0.0612,3.0,539,0.1892,0.0612,1.0,1.0,True,False
ppc,AU,2026-02-01,8338,0.1192,0.0866,3.0,8338,0.1192,0.0866,1.0,1.0,True,False
ppc,AW,2026-02-01,111,0.1622,0.0811,4.0,111,0.1622,0.0811,1.0,1.0,False,False
ppc,AX,2026-02-01,95,0.0105,0.2,12.0,95,0.0105,0.2,1.0,1.0,False,False
ppc,AZ,2026-02-01,452,0.1327,0.0398,1.0,452,0.1327,0.0398,1.0,1.0,False,False
ppc,BB,2026-02-01,157,0.1019,0.121,4.0,157,0.1019,0.121,1.0,1.0,False,False
ppc,BD,2026-02-01,26,0.0,0.0385,5.0,26,0.0,0.0385,,1.0,False,False
ppc,BE,2026-02-01,1310,0.1183,0.0809,3.0,1310,0.1183,0.0809,1.0,1.0,True,False
ppc,BF,2026-02-01,122,0.0984,0.0164,2.0,122,0.0984,0.0164,1.0,1.0,False,False
ppc,BG,2026-02-01,573,0.1431,0.0698,3.0,573,0.1431,0.0698,1.0,1.0,True,False
ppc,BH,2026-02-01,17,0.0,0.5882,31.0,17,0.0,0.5882,,1.0,False,False
ppc,BJ,2026-02-01,296,0.1115,0.0642,2.0,296,0.1115,0.0642,1.0,1.0,False,False
ppc,BM,2026-02-01,63,0.0952,0.0476,4.0,63,0.0952,0.0476,1.0,1.0,False,False
ppc,BN,2026-02-01,76,0.1316,0.1316,3.0,76,0.1316,0.1316,1.0,1.0,False,False
ppc,BO,2026-02-01,1073,0.1855,0.0727,2.0,1073,0.1855,0.0727,1.0,1.0,True,False
ppc,BQ,2026-02-01,31,0.0968,0.129,4.0,31,0.0968,0.129,1.0,1.0,False,False
ppc,BR,2026-02-01,42291,0.1224,0.0995,4.0,42291,0.1224,0.0995,1.0,1.0,True,False
ppc,BS,2026-02-01,183,0.1311,0.1202,6.0,183,0.1311,0.1202,1.0,1.0,False,False
ppc,BT,2026-02-01,76,0.1053,0.0263,2.0,76,0.1053,0.0263,1.0,1.0,False,False
ppc,BW,2026-02-01,885,0.1062,0.0836,5.0,885,0.1062,0.0836,1.0,1.0,True,False
ppc,BZ,2026-02-01,79,0.1139,0.0886,2.0,79,0.1139,0.0886,1.0,1.0,False,False
ppc,CA,2026-02-01,10069,0.1226,0.0893,3.0,10069,0.1226,0.0893,1.0,1.0,True,False
ppc,CH,2026-02-01,1204,0.1537,0.0739,3.0,1204,0.1537,0.0739,1.0,1.0,True,False
ppc,CI,2026-02-01,244,0.1066,0.0943,3.0,244,0.1066,0.0943,1.0,1.0,False,False
ppc,CK,2026-02-01,26,0.0769,0.1923,23.5,26,0.0769,0.1923,1.0,1.0,False,False
ppc,CL,2026-02-01,4355,0.1437,0.0932,4.0,4355,0.1437,0.0932,1.0,1.0,True,False
ppc,CM,2026-02-01,15,0.1333,0.1333,10.0,15,0.1333,0.1333,1.0,1.0,False,False
ppc,CN,2026-02-01,221,0.1855,0.0905,3.0,221,0.1855,0.0905,1.0,1.0,False,False
ppc,CO,2026-02-01,2465,0.1465,0.1026,4.0,2465,0.1465,0.1026,1.0,1.0,True,False
ppc,CR,2026-02-01,1353,0.136,0.0776,4.0,1353,0.136,0.0776,1.0,1.0,True,False
ppc,CV,2026-02-01,34,0.1471,0.1176,4.0,34,0.1471,0.1176,1.0,1.0,False,False
ppc,CW,2026-02-01,240,0.1333,0.0875,4.5,240,0.1333,0.0875,1.0,1.0,False,False
ppc,CX,2026-02-01,1,0.0,0.0,10.0,1,0.0,0.0,,,False,False
ppc,CY,2026-02-01,558,0.1237,0.0466,3.0,558,0.1237,0.0466,1.0,1.0,True,False
ppc,CZ,2026-02-01,164,0.1463,0.0732,2.0,164,0.1463,0.0732,1.0,1.0,False,False
ppc,DE,2026-02-01,2804,0.1723,0.0603,2.0,2804,0.1723,0.0603,1.0,1.0,True,False
ppc,DJ,2026-02-01,131,0.1298,0.0534,5.0,131,0.1298,0.0534,1.0,1.0,False,False
ppc,DK,2026-02-01,347,0.1614,0.0865,3.0,347,0.1614,0.0865,1.0,1.0,False,False
ppc,DM,2026-02-01,28,0.25,0.0,2.0,28,0.25,0.0,1.0,,False,False
ppc,DO,2026-02-01,2185,0.1588,0.0856,4.0,2185,0.1588,0.0856,1.0,1.0,True,False
ppc,DZ,2026-02-01,93,0.043,0.1183,6.0,93,0.043,0.1183,1.0,1.0,False,False
ppc,EC,2026-02-01,782,0.1611,0.0985,4.0,782,0.1611,0.0985,1.0,1.0,True,False
ppc,EE,2026-02-01,151,0.1391,0.053,3.0,151,0.1391,0.053,1.0,1.0,False,False
ppc,ER,2026-02-01,2,0.5,0.0,14.0,2,0.5,0.0,1.0,,False,False
ppc,ES,2026-02-01,7416,0.1308,0.0868,4.0,7416,0.1308,0.0868,1.0,1.0,True,False
ppc,ET,2026-02-01,4,0.0,0.0,13.0,4,0.0,0.0,,,False,False
ppc,FI,2026-02-01,426,0.1197,0.0986,3.0,426,0.1197,0.0986,1.0,1.0,False,False
ppc,FJ,2026-02-01,151,0.1325,0.0993,3.0,151,0.1325,0.0993,1.0,1.0,False,False
ppc,FK,2026-02-01,4,0.0,0.0,5.5,4,0.0,0.0,,,False,False
ppc,FM,2026-02-01,12,0.3333,0.0,3.5,12,0.3333,0.0,1.0,,False,False
ppc,FO,2026-02-01,25,0.16,0.24,3.0,25,0.16,0.24,1.0,1.0,False,False
ppc,FR,2026-02-01,6241,0.1338,0.0817,3.0,6241,0.1338,0.0817,1.0,1.0,True,False
ppc,GA,2026-02-01,173,0.1156,0.1098,3.0,173,0.1156,0.1098,1.0,1.0,False,False
ppc,GB,2026-02-01,16041,0.1201,0.0843,3.0,16041,0.1201,0.0843,1.0,1.0,True,False
ppc,GD,2026-02-01,35,0.0857,0.0857,5.5,35,0.0857,0.0857,1.0,1.0,False,False
ppc,GE,2026-02-01,354,0.1271,0.048,2.0,354,0.1271,0.048,1.0,1.0,False,False
ppc,GF,2026-02-01,42,0.0952,0.2143,5.5,42,0.0952,0.2143,1.0,1.0,False,False
ppc,GG,2026-02-01,26,0.0385,0.1923,4.0,26,0.0385,0.1923,1.0,1.0,False,False
ppc,GI,2026-02-01,28,0.1071,0.0357,2.0,28,0.1071,0.0357,1.0,1.0,False,False
ppc,GL,2026-02-01,27,0.0741,0.1111,3.0,27,0.0741,0.1111,1.0,1.0,False,False
ppc,GM,2026-02-01,35,0.0286,0.1429,7.5,35,0.0286,0.1429,1.0,1.0,False,False
ppc,GN,2026-02-01,34,0.1176,0.0294,3.0,34,0.1176,0.0294,1.0,1.0,False,False
ppc,GP,2026-02-01,103,0.1456,0.068,2.5,103,0.1456,0.068,1.0,1.0,False,False
ppc,GQ,2026-02-01,31,0.2903,0.0968,3.5,31,0.2903,0.0968,1.0,1.0,False,False
ppc,GR,2026-02-01,671,0.1118,0.0611,3.0,671,0.1118,0.0611,1.0,1.0,True,False
ppc,GT,2026-02-01,527,0.1499,0.0778,3.0,527,0.1499,0.0778,1.0,1.0,True,False
ppc,GU,2026-02-01,142,0.1408,0.0986,3.0,142,0.1408,0.0986,1.0,1.0,False,False
ppc,GY,2026-02-01,211,0.1659,0.0569,3.0,211,0.1659,0.0569,1.0,1.0,False,False
ppc,HK,2026-02-01,1454,0.1527,0.0605,2.0,1454,0.1527,0.0605,1.0,1.0,True,False
ppc,HN,2026-02-01,290,0.1241,0.0828,4.0,290,0.1241,0.0828,1.0,1.0,False,False
ppc,HR,2026-02-01,560,0.1054,0.0875,3.0,560,0.1054,0.0875,1.0,1.0,True,False
ppc,HT,2026-02-01,96,0.125,0.0521,3.0,96,0.125,0.0521,1.0,1.0,False,False
ppc,HU,2026-02-01,235,0.0979,0.1191,3.0,235,0.0979,0.1191,1.0,1.0,False,False
ppc,ID,2026-02-01,19,0.1579,0.0526,1.5,19,0.1579,0.0526,1.0,1.0,False,False
ppc,IE,2026-02-01,1672,0.1382,0.0766,3.0,1672,0.1382,0.0766,1.0,1.0,True,False
ppc,IL,2026-02-01,1767,0.1064,0.0611,2.0,1767,0.1064,0.0611,1.0,1.0,True,False
ppc,IM,2026-02-01,48,0.1875,0.0625,3.0,48,0.1875,0.0625,1.0,1.0,False,False
ppc,IN,2026-02-01,162,0.1049,0.0926,3.0,162,0.1049,0.0926,1.0,1.0,False,False
ppc,IO,2026-02-01,7,0.1429,0.0,3.0,7,0.1429,0.0,1.0,,False,False
ppc,IR,2026-02-01,5,0.2,0.0,1.0,5,0.2,0.0,1.0,,False,False
ppc,IS,2026-02-01,87,0.1839,0.092,3.0,87,0.1839,0.092,1.0,1.0,False,False
ppc,IT,2026-02-01,6903,0.1353,0.0666,3.0,6903,0.1353,0.0666,1.0,1.0,True,False
ppc,JE,2026-02-01,69,0.0725,0.1304,3.0,69,0.0725,0.1304,1.0,1.0,False,False
ppc,JM,2026-02-01,3877,0.1153,0.0944,5.0,3877,0.1153,0.0944,1.0,1.0,True,False
ppc,JO,2026-02-01,9,0.0,0.1111,6.0,9,0.0,0.1111,,1.0,False,False
ppc,JP,2026-02-01,1398,0.1273,0.0508,3.0,1398,0.1273,0.0508,1.0,1.0,True,False
ppc,KE,2026-02-01,9083,0.1022,0.0689,3.0,9083,0.1022,0.0689,1.0,1.0,True,False
ppc,KG,2026-02-01,196,0.0765,0.102,6.0,196,0.0765,0.102,1.0,1.0,False,False
ppc,KH,2026-02-01,3,0.0,0.3333,24.0,3,0.0,0.3333,,1.0,False,False
ppc,KI,2026-02-01,22,0.2727,0.0909,4.5,22,0.2727,0.0909,1.0,1.0,False,False
ppc,KM,2026-02-01,7,0.1429,0.2857,5.0,7,0.1429,0.2857,1.0,1.0,False,False
ppc,KN,2026-02-01,24,0.2083,0.125,7.0,24,0.2083,0.125,1.0,1.0,False,False
ppc,KR,2026-02-01,3404,0.1463,0.0661,2.0,3404,0.1463,0.0661,1.0,1.0,True,False
ppc,KW,2026-02-01,13,0.0,0.0,7.0,13,0.0,0.0,,,False,False
ppc,KY,2026-02-01,148,0.1284,0.0878,4.0,148,0.1284,0.0878,1.0,1.0,False,False
ppc,KZ,2026-02-01,18,0.0,0.2778,6.0,18,0.0,0.2778,,1.0,False,False
ppc,LA,2026-02-01,268,0.1082,0.0112,2.0,268,0.1082,0.0112,1.0,1.0,False,False
ppc,LC,2026-02-01,88,0.1364,0.0909,2.0,88,0.1364,0.0909,1.0,1.0,False,False
ppc,LI,2026-02-01,4,0.5,0.0,1.5,4,0.5,0.0,1.0,,False,False
ppc,LK,2026-02-01,135,0.1407,0.1111,4.0,135,0.1407,0.1111,1.0,1.0,False,False
ppc,LS,2026-02-01,141,0.1277,0.0709,2.0,141,0.1277,0.0709,1.0,1.0,False,False
ppc,LT,2026-02-01,149,0.1007,0.0671,3.0,149,0.1007,0.0671,1.0,1.0,False,False
ppc,LU,2026-02-01,137,0.1241,0.0511,3.0,137,0.1241,0.0511,1.0,1.0,False,False
ppc,LV,2026-02-01,289,0.1592,0.0761,3.0,289,0.1592,0.0761,1.0,1.0,False,False
ppc,MA,2026-02-01,88,0.1023,0.0455,2.0,88,0.1023,0.0455,1.0,1.0,False,False
ppc,MC,2026-02-01,8,0.0,0.125,13.5,8,0.0,0.125,,1.0,False,False
ppc,MD,2026-02-01,412,0.1141,0.0583,3.0,412,0.1141,0.0583,1.0,1.0,False,False
ppc,ME,2026-02-01,179,0.1006,0.0894,3.0,179,0.1006,0.0894,1.0,1.0,False,False
ppc,MF,2026-02-01,15,0.2667,0.0667,4.0,15,0.2667,0.0667,1.0,1.0,False,False
ppc,MG,2026-02-01,339,0.1091,0.0767,4.0,339,0.1091,0.0767,1.0,1.0,False,False
ppc,MH,2026-02-01,6,0.0,0.0,2.0,6,0.0,0.0,,,False,False
ppc,MK,2026-02-01,237,0.135,0.038,2.0,237,0.135,0.038,1.0,1.0,False,False
ppc,MN,2026-02-01,54,0.0926,0.0185,3.0,54,0.0926,0.0185,1.0,1.0,False,False
ppc,MO,2026-02-01,25,0.12,0.04,2.0,25,0.12,0.04,1.0,1.0,False,False
ppc,MP,2026-02-01,30,0.1333,0.0667,3.0,30,0.1333,0.0667,1.0,1.0,False,False
ppc,MQ,2026-02-01,100,0.15,0.1,4.0,100,0.15,0.1,1.0,1.0,False,False
ppc,MR,2026-02-01,86,0.1279,0.0465,3.0,86,0.1279,0.0465,1.0,1.0,False,False
ppc,MS,2026-02-01,10,0.1,0.1,2.0,10,0.1,0.1,1.0,1.0,False,False
ppc,MT,2026-02-01,284,0.1373,0.0387,2.0,284,0.1373,0.0387,1.0,1.0,False,False
ppc,MU,2026-02-01,430,0.1302,0.1163,4.0,430,0.1302,0.1163,1.0,1.0,False,False
ppc,MV,2026-02-01,107,0.0561,0.0935,3.0,107,0.0561,0.0935,1.0,1.0,False,False
ppc,MW,2026-02-01,9,0.0,0.2222,2.0,9,0.0,0.2222,,1.0,False,False
ppc,MX,2026-02-01,11562,0.1581,0.0899,4.0,11562,0.1581,0.0899,1.0,1.0,True,False
ppc,MY,2026-02-01,6397,0.1143,0.0666,3.0,6397,0.1143,0.0666,1.0,1.0,True,False
ppc,MZ,2026-02-01,308,0.1169,0.0584,2.0,308,0.1169,0.0584,1.0,1.0,False,False
ppc,NA,2026-02-01,560,0.1179,0.0714,5.0,560,0.1179,0.0714,1.0,1.0,True,False
ppc,NC,2026-02-01,101,0.1683,0.099,4.0,101,0.1683,0.099,1.0,1.0,False,False
ppc,NE,2026-02-01,57,0.0526,0.0526,2.0,57,0.0526,0.0526,1.0,1.0,False,False
ppc,NG,2026-02-01,1,0.0,0.0,2.0,1,0.0,0.0,,,False,False
ppc,NL,2026-02-01,3526,0.1429,0.0579,3.0,3526,0.1429,0.0579,1.0,1.0,True,False
ppc,NO,2026-02-01,467,0.1649,0.0728,2.0,467,0.1649,0.0728,1.0,1.0,False,False
ppc,NP,2026-02-01,6,0.0,0.1667,4.0,6,0.0,0.1667,,1.0,False,False
ppc,NR,2026-02-01,2,0.0,0.0,3.5,2,0.0,0.0,,,False,False
ppc,NZ,2026-02-01,2216,0.1264,0.0857,4.0,2216,0.1264,0.0857,1.0,1.0,True,False
ppc,OM,2026-02-01,29,0.069,0.2069,2.0,29,0.069,0.2069,1.0,1.0,False,False
ppc,PA,2026-02-01,992,0.1431,0.1058,4.0,992,0.1431,0.1058,1.0,1.0,True,False
ppc,PE,2026-02-01,1409,0.137,0.0972,4.0,1409,0.137,0.0972,1.0,1.0,True,False
ppc,PF,2026-02-01,149,0.1544,0.1007,5.0,149,0.1544,0.1007,1.0,1.0,False,False
ppc,PG,2026-02-01,16,0.0625,0.125,3.0,16,0.0625,0.125,1.0,1.0,False,False
ppc,PH,2026-02-01,12427,0.1234,0.0871,3.0,12427,0.1234,0.0871,1.0,1.0,True,False
ppc,PK,2026-02-01,117,0.1026,0.0598,3.0,117,0.1026,0.0598,1.0,1.0,False,False
ppc,PL,2026-02-01,505,0.1347,0.1149,4.0,505,0.1347,0.1149,1.0,1.0,True,False
ppc,PM,2026-02-01,2,0.0,0.0,6.5,2,0.0,0.0,,,False,False
ppc,PR,2026-02-01,1153,0.1405,0.0919,3.0,1153,0.1405,0.0919,1.0,1.0,True,False
ppc,PS,2026-02-01,2,0.0,0.5,56.0,2,0.0,0.5,,1.0,False,False
ppc,PT,2026-02-01,2226,0.1249,0.0934,4.0,2226,0.1249,0.0934,1.0,1.0,True,False
ppc,PW,2026-02-01,15,0.2667,0.0,6.0,15,0.2667,0.0,1.0,,False,False
ppc,PY,2026-02-01,739,0.1326,0.092,4.0,739,0.1326,0.092,1.0,1.0,True,False
ppc,QA,2026-02-01,33,0.0909,0.0909,2.5,33,0.0909,0.0909,1.0,1.0,False,False
ppc,RE,2026-02-01,88,0.1477,0.0568,3.0,88,0.1477,0.0568,1.0,1.0,False,False
ppc,RO,2026-02-01,1584,0.1162,0.0758,3.0,1584,0.1162,0.0758,1.0,1.0,True,False
ppc,RS,2026-02-01,1288,0.0908,0.0986,4.0,1288,0.0908,0.0986,1.0,1.0,True,False
ppc,RU,2026-02-01,20,0.05,0.05,3.0,20,0.05,0.05,1.0,1.0,False,False
ppc,RW,2026-02-01,112,0.0714,0.0804,2.5,112,0.0714,0.0804,1.0,1.0,False,False
ppc,SA,2026-02-01,45,0.0667,0.0667,3.0,45,0.0667,0.0667,1.0,1.0,False,False
ppc,SB,2026-02-01,59,0.1356,0.0678,2.0,59,0.1356,0.0678,1.0,1.0,False,False
ppc,SC,2026-02-01,68,0.1029,0.0588,3.0,68,0.1029,0.0588,1.0,1.0,False,False
ppc,SE,2026-02-01,790,0.1063,0.0899,3.0,790,0.1063,0.0899,1.0,1.0,True,False
ppc,SG,2026-02-01,2946,0.1191,0.0621,3.0,2946,0.1191,0.0621,1.0,1.0,True,False
ppc,SI,2026-02-01,241,0.0954,0.1037,3.0,241,0.0954,0.1037,1.0,1.0,False,False
ppc,SK,2026-02-01,273,0.1355,0.0769,3.0,273,0.1355,0.0769,1.0,1.0,False,False
ppc,SL,2026-02-01,762,0.1509,0.0407,2.0,762,0.1509,0.0407,1.0,1.0,True,False
ppc,SM,2026-02-01,10,0.0,0.0,1.0,10,0.0,0.0,,,False,False
ppc,SN,2026-02-01,3,0.0,0.0,5.0,3,0.0,0.0,,,False,False
ppc,SR,2026-02-01,95,0.2211,0.0421,2.0,95,0.2211,0.0421,1.0,1.0,False,False
ppc,ST,2026-02-01,2,0.5,0.0,6.0,2,0.5,0.0,1.0,,False,False
ppc,SV,2026-02-01,683,0.1523,0.0761,4.0,683,0.1523,0.0761,1.0,1.0,True,False
ppc,SX,2026-02-01,66,0.1515,0.0758,3.0,66,0.1515,0.0758,1.0,1.0,False,False
ppc,SZ,2026-02-01,118,0.1271,0.1102,3.0,118,0.1271,0.1102,1.0,1.0,False,False
ppc,TC,2026-02-01,71,0.1549,0.0704,5.0,71,0.1549,0.0704,1.0,1.0,False,False
ppc,TD,2026-02-01,74,0.1622,0.0541,5.0,74,0.1622,0.0541,1.0,1.0,False,False
ppc,TG,2026-02-01,5,0.0,0.0,6.0,5,0.0,0.0,,,False,False
ppc,TH,2026-02-01,3526,0.1415,0.0729,3.0,3526,0.1415,0.0729,1.0,1.0,True,False
ppc,TJ,2026-02-01,85,0.1882,0.0941,2.0,85,0.1882,0.0941,1.0,1.0,False,False
ppc,TL,2026-02-01,26,0.2308,0.0769,1.5,26,0.2308,0.0769,1.0,1.0,False,False
ppc,TM,2026-02-01,3,0.0,0.0,16.0,3,0.0,0.0,,,False,False
ppc,TO,2026-02-01,13,0.2308,0.0769,7.5,13,0.2308,0.0769,1.0,1.0,False,False
ppc,TR,2026-02-01,2711,0.1099,0.0642,3.0,2711,0.1099,0.0642,1.0,1.0,True,False
ppc,TT,2026-02-01,702,0.1125,0.1011,4.0,702,0.1125,0.1011,1.0,1.0,True,False
ppc,TV,2026-02-01,4,0.25,0.0,2.0,4,0.25,0.0,1.0,,False,False
ppc,TW,2026-02-01,1259,0.1469,0.0667,2.0,1259,0.1469,0.0667,1.0,1.0,True,False
ppc,TZ,2026-02-01,858,0.1305,0.0571,2.0,858,0.1305,0.0571,1.0,1.0,True,False
ppc,UA,2026-02-01,15,0.2,0.0667,2.5,15,0.2,0.0667,1.0,1.0,False,False
ppc,UG,2026-02-01,70,0.0571,0.1143,6.0,70,0.0571,0.1143,1.0,1.0,False,False
ppc,UM,2026-02-01,1,0.0,0.0,1.0,1,0.0,0.0,,,False,False
ppc,US,2026-02-01,90521,0.1373,0.0839,3.0,90521,0.1373,0.0839,1.0,1.0,True,False
ppc,UY,2026-02-01,1522,0.1544,0.0821,3.0,1522,0.1544,0.0821,1.0,1.0,True,False
ppc,UZ,2026-02-01,275,0.1709,0.0909,2.0,275,0.1709,0.0909,1.0,1.0,False,False
ppc,VC,2026-02-01,32,0.1875,0.0938,2.0,32,0.1875,0.0938,1.0,1.0,False,False
ppc,VG,2026-02-01,51,0.0196,0.1176,3.0,51,0.0196,0.1176,1.0,1.0,False,False
ppc,VI,2026-02-01,36,0.1667,0.0833,3.5,36,0.1667,0.0833,1.0,1.0,False,False
ppc,VN,2026-02-01,1934,0.1525,0.0533,2.0,1934,0.1525,0.0533,1.0,1.0,True,False
ppc,VU,2026-02-01,24,0.2083,0.0,1.0,24,0.2083,0.0,1.0,,False,False
ppc,WF,2026-02-01,1,0.0,0.0,2516.0,1,0.0,0.0,,,False,False
ppc,WS,2026-02-01,14,0.2143,0.0,1.0,14,0.2143,0.0,1.0,,False,False
ppc,XK,2026-02-01,70,0.0286,0.1571,5.0,70,0.0286,0.1571,1.0,1.0,False,False
ppc,YT,2026-02-01,16,0.125,0.125,4.0,16,0.125,0.125,1.0,1.0,False,False
ppc,ZA,2026-02-01,4278,0.1223,0.101,4.0,4278,0.1223,0.101,1.0,1.0,True,False
ppc,ZM,2026-02-01,12,0.0,0.0833,7.5,12,0.0,0.0833,,1.0,False,False
1002,AD,2026-05-01,4,0.25,0.0,1.0,67,0.0746,0.0896,3.35,0.0,False,False
1002,AI,2026-05-01,2,0.0,0.5,84.0,49,0.1224,0.1429,0.0,3.5,False,False
1002,AL,2026-05-01,7,0.0,0.0,4.0,482,0.11,0.0519,0.0,0.0,False,False
1002,AR,2026-05-01,3,0.3333,0.0,1.5,8159,0.1484,0.0924,2.246,0.0,False,False
1002,AS,2026-05-01,1,0.0,0.0,3.0,54,0.1296,0.0741,0.0,0.0,False,False
1002,AT,2026-05-01,51,0.1765,0.0,2.5,1090,0.1569,0.0716,1.125,0.0,False,False
1002,AU,2026-05-01,1035,0.0773,0.0792,3.0,11010,0.1401,0.0833,0.552,0.951,True,False
1002,AW,2026-05-01,1,0.0,0.0,2.0,149,0.1544,0.0872,0.0,0.0,False,False
1002,AX,2026-05-01,5,0.0,0.4,2.0,54,0.0185,0.1667,0.0,2.4,False,False
1002,AZ,2026-05-01,2,0.0,0.0,15.0,840,0.1619,0.0262,0.0,0.0,False,False
1002,BB,2026-05-01,1,0.0,0.0,1.0,197,0.0609,0.0914,0.0,0.0,False,False
1002,BD,2026-05-01,14,0.0,0.0714,2.0,250,0.104,0.068,0.0,1.05,False,False
1002,BE,2026-05-01,78,0.1282,0.0769,4.0,2536,0.1652,0.0777,0.776,0.99,False,False
1002,BF,2026-05-01,1,0.0,0.0,9.0,584,0.1592,0.0479,0.0,0.0,False,False
1002,BG,2026-05-01,4,0.0,0.0,4.5,950,0.1579,0.0926,0.0,0.0,False,False
1002,BJ,2026-05-01,1,0.0,0.0,2.0,1019,0.1521,0.051,0.0,0.0,False,False
1002,BR,2026-05-01,11,0.1818,0.0909,5.0,69807,0.1717,0.0795,1.059,1.143,False,False
1002,BS,2026-05-01,6,0.1667,0.0,2.0,293,0.1229,0.0614,1.356,0.0,False,False
1002,BZ,2026-05-01,1,0.0,1.0,18.0,175,0.1314,0.0514,0.0,19.444,False,False
1002,CA,2026-05-01,797,0.0728,0.0728,3.0,13990,0.1397,0.088,0.521,0.827,True,False
1002,CH,2026-05-01,50,0.08,0.16,5.5,1859,0.1603,0.0936,0.499,1.709,False,False
1002,CI,2026-05-01,1,0.0,0.0,9.0,577,0.0867,0.0728,0.0,0.0,False,False
1002,CL,2026-05-01,3,0.0,0.3333,4.0,8812,0.1614,0.0906,0.0,3.681,False,False
1002,CM,2026-05-01,4,0.25,0.0,4.0,73,0.1096,0.0959,2.281,0.0,False,False
1002,CN,2026-05-01,5,0.2,0.2,10.5,395,0.357,0.0456,0.56,4.389,False,False
1002,CO,2026-05-01,4,0.0,0.0,1.0,6738,0.1977,0.088,0.0,0.0,False,False
1002,CW,2026-05-01,1,0.0,0.0,1.0,243,0.1728,0.1193,0.0,0.0,False,False
1002,CY,2026-05-01,4,0.5,0.0,2.5,632,0.1234,0.0585,4.051,0.0,False,False
1002,CZ,2026-05-01,5,0.0,0.0,1.0,421,0.1259,0.0736,0.0,0.0,False,False
1002,DE,2026-05-01,1063,0.0922,0.0414,2.0,7784,0.167,0.0709,0.552,0.584,True,False
1002,DK,2026-05-01,88,0.0455,0.0795,5.0,507,0.1519,0.0809,0.299,0.984,False,False
1002,DO,2026-05-01,3,0.0,0.0,1.0,6156,0.1766,0.077,0.0,0.0,False,False
1002,DZ,2026-05-01,12,0.0,0.0,2.0,115,0.0609,0.0435,0.0,0.0,False,False
1002,EC,2026-05-01,3,0.0,0.0,2.0,3707,0.178,0.0936,0.0,0.0,False,False
1002,EE,2026-05-01,1,0.0,0.0,3.0,262,0.1527,0.084,0.0,0.0,False,False
1002,ES,2026-05-01,10,0.0,0.1,3.0,13903,0.1569,0.0837,0.0,1.194,False,False
1002,FI,2026-05-01,52,0.0769,0.1346,5.5,536,0.1455,0.0653,0.529,2.062,False,False
1002,FJ,2026-05-01,1,1.0,0.0,,835,0.1629,0.0515,6.14,0.0,False,False
1002,FR,2026-05-01,147,0.0612,0.068,3.0,13115,0.152,0.0859,0.403,0.792,False,False
1002,GA,2026-05-01,1,0.0,0.0,1.0,360,0.1389,0.0722,0.0,0.0,False,False
1002,GB,2026-05-01,1512,0.0741,0.078,3.0,22802,0.1349,0.083,0.549,0.941,True,False
1002,GE,2026-05-01,1,1.0,0.0,,828,0.1425,0.0266,7.017,0.0,False,False
1002,GH,2026-05-01,1,0.0,0.0,6.0,1,0.0,0.0,,,False,False
1002,GR,2026-05-01,9,0.1111,0.0,4.5,1538,0.1567,0.0585,0.709,0.0,False,False
1002,GT,2026-05-01,1,0.0,1.0,2.0,895,0.1743,0.0648,0.0,15.431,False,False
1002,GY,2026-05-01,1,0.0,0.0,1.0,441,0.1429,0.059,0.0,0.0,False,False
1002,HK,2026-05-01,1,0.0,1.0,62.0,1658,0.1809,0.047,0.0,21.256,False,False
1002,HR,2026-05-01,4,0.0,0.25,9.5,808,0.1448,0.0606,0.0,4.122,False,False
1002,ID,2026-05-01,4,0.25,0.0,1.0,295,0.1085,0.0881,2.305,0.0,False,False
1002,IE,2026-05-01,68,0.0882,0.0441,3.0,2033,0.12,0.0703,0.735,0.627,False,False
1002,IL,2026-05-01,1,0.0,0.0,8.0,1801,0.1438,0.0611,0.0,0.0,False,False
1002,IN,2026-05-01,6,0.3333,0.0,2.0,1338,0.139,0.0538,2.398,0.0,False,False
1002,IS,2026-05-01,8,0.0,0.125,3.5,95,0.1789,0.1158,0.0,1.08,False,False
1002,IT,2026-05-01,254,0.0866,0.0669,2.5,9735,0.1631,0.0703,0.531,0.953,False,False
1002,JM,2026-05-01,2,0.0,0.0,3.5,5416,0.1265,0.0873,0.0,0.0,False,False
1002,JP,2026-05-01,8,0.0,0.0,1.5,4435,0.1502,0.057,0.0,0.0,False,False
1002,KE,2026-05-01,5,0.0,0.0,2.0,27740,0.1253,0.0624,0.0,0.0,False,False
1002,KH,2026-05-01,6,0.3333,0.0,5.0,56,0.0536,0.1071,6.222,0.0,False,False
1002,KM,2026-05-01,1,0.0,1.0,148.0,74,0.1892,0.0811,0.0,12.333,False,False
1002,KR,2026-05-01,8,0.0,0.0,1.5,5603,0.2149,0.0575,0.0,0.0,False,False
1002,KZ,2026-05-01,1,0.0,0.0,4.0,41,0.0244,0.0732,0.0,0.0,False,False
1002,LT,2026-05-01,2,0.0,0.0,1.5,356,0.132,0.1124,0.0,0.0,False,False
1002,LU,2026-05-01,12,0.0833,0.0,3.0,284,0.1408,0.0634,0.592,0.0,False,False
1002,LV,2026-05-01,2,0.0,0.0,1.5,520,0.1673,0.0827,0.0,0.0,False,False
1002,MA,2026-05-01,1,0.0,0.0,46.0,139,0.1295,0.0576,0.0,0.0,False,False
1002,MD,2026-05-01,7,0.0,0.0,16.0,685,0.1431,0.0672,0.0,0.0,False,False
1002,MN,2026-05-01,1,0.0,0.0,1.0,185,0.2649,0.0216,0.0,0.0,False,False
1002,MO,2026-05-01,1,0.0,1.0,150.0,42,0.119,0.0952,0.0,10.5,False,False
1002,MT,2026-05-01,1,0.0,0.0,1.0,443,0.1038,0.0474,0.0,0.0,False,False
1002,MX,2026-05-01,22,0.1364,0.1364,3.0,31523,0.1732,0.0786,0.787,1.735,False,False
1002,MY,2026-05-01,4,0.0,0.0,4.5,6509,0.1324,0.0705,0.0,0.0,False,False
1002,MZ,2026-05-01,1,0.0,0.0,9.0,1080,0.1917,0.0444,0.0,0.0,False,False
1002,NL,2026-05-01,231,0.0649,0.0866,3.0,5304,0.1508,0.0649,0.431,1.335,False,False
1002,NO,2026-05-01,76,0.0789,0.0789,2.0,544,0.1544,0.0735,0.511,1.074,False,False
1002,NZ,2026-05-01,176,0.0795,0.0795,3.0,2582,0.1294,0.0837,0.615,0.951,False,False
1002,PA,2026-05-01,2,0.0,0.5,52.0,2255,0.1592,0.0696,0.0,7.182,False,False
1002,PH,2026-05-01,35,0.1714,0.0286,3.0,15287,0.1442,0.1035,1.188,0.276,False,False
1002,PK,2026-05-01,4,0.25,0.0,1.0,96,0.0938,0.0625,2.667,0.0,False,False
1002,PL,2026-05-01,9,0.0,0.0,1.0,1535,0.1362,0.0671,0.0,0.0,False,False
1002,PT,2026-05-01,2,0.0,0.0,14.5,3697,0.1388,0.0847,0.0,0.0,False,False
1002,PY,2026-05-01,1,0.0,0.0,4.0,1165,0.1459,0.0876,0.0,0.0,False,False
1002,QA,2026-05-01,2,0.0,0.5,2.0,33,0.1212,0.0303,0.0,16.5,False,False
1002,RO,2026-05-01,1,0.0,0.0,1.0,1662,0.1486,0.0608,0.0,0.0,False,False
1002,RU,2026-05-01,1,1.0,0.0,,27,0.0741,0.037,13.5,0.0,False,False
1002,SA,2026-05-01,3,0.0,0.0,1.0,64,0.0469,0.0781,0.0,0.0,False,False
1002,SE,2026-05-01,99,0.0606,0.0707,3.0,1001,0.1449,0.0849,0.418,0.833,False,False
1002,SG,2026-05-01,15,0.0667,0.0,2.0,4485,0.1373,0.0611,0.485,0.0,False,False
1002,SI,2026-05-01,2,0.0,0.0,5.0,351,0.1168,0.094,0.0,0.0,False,False
1002,SK,2026-05-01,1,0.0,0.0,1.0,397,0.1436,0.0982,0.0,0.0,False,False
1002,SR,2026-05-01,1,0.0,0.0,16.0,242,0.157,0.0455,0.0,0.0,False,False
1002,SV,2026-05-01,1,0.0,0.0,4.0,1323,0.1882,0.0801,0.0,0.0,False,False
1002,SX,2026-05-01,1,1.0,0.0,,121,0.2066,0.0165,4.84,0.0,False,False
1002,TH,2026-05-01,18,0.0556,0.1111,3.0,3407,0.1685,0.0543,0.33,2.046,False,False
1002,TR,2026-05-01,8,0.125,0.125,8.0,6012,0.1442,0.0477,0.867,2.618,False,False
1002,TT,2026-05-01,2,0.0,0.0,1.5,546,0.1429,0.0971,0.0,0.0,False,False
1002,TW,2026-05-01,1,0.0,0.0,1.0,1269,0.1805,0.0638,0.0,0.0,False,False
1002,TZ,2026-05-01,2,0.0,0.0,14.0,1826,0.1024,0.0597,0.0,0.0,False,False
1002,UG,2026-05-01,5,0.0,0.2,11.0,1379,0.0754,0.0696,0.0,2.873,False,False
1002,US,2026-05-01,6311,0.0808,0.0802,3.0,117666,0.1582,0.0852,0.511,0.941,True,False
1002,UY,2026-05-01,2,0.0,0.0,5.0,2616,0.1762,0.0654,0.0,0.0,False,False
1002,UZ,2026-05-01,1,0.0,0.0,2.0,1123,0.1879,0.0285,0.0,0.0,False,False
1002,VN,2026-05-01,4,0.25,0.25,5.0,3116,0.1909,0.0517,1.309,4.839,False,False
1002,ZA,2026-05-01,18,0.0556,0.0,2.0,22026,0.1417,0.0812,0.392,0.0,False,False
1002,ZM,2026-05-01,1,0.0,0.0,4.0,106,0.2453,0.0943,0.0,0.0,False,False
1052,AD,2026-05-01,1,0.0,0.0,1.0,67,0.0746,0.0896,0.0,0.0,False,False
1052,AI,2026-05-01,2,0.0,0.0,20.5,49,0.1224,0.1429,0.0,0.0,False,False
1052,AL,2026-05-01,4,0.0,0.0,4.0,482,0.11,0.0519,0.0,0.0,False,False
1052,AR,2026-05-01,1,0.0,0.0,7.0,8159,0.1484,0.0924,0.0,0.0,False,False
1052,AS,2026-05-01,1,0.0,0.0,3.0,54,0.1296,0.0741,0.0,0.0,False,False
1052,AT,2026-05-01,1,0.0,0.0,1.0,1090,0.1569,0.0716,0.0,0.0,False,False
1052,AU,2026-05-01,1369,0.1059,0.073,3.0,11010,0.1401,0.0833,0.756,0.877,True,False
1052,AX,2026-05-01,1,0.0,0.0,1.0,54,0.0185,0.1667,0.0,0.0,False,False
1052,BE,2026-05-01,1,0.0,0.0,10.0,2536,0.1652,0.0777,0.0,0.0,False,False
1052,BQ,2026-05-01,1,0.0,0.0,1.0,37,0.1622,0.027,0.0,0.0,False,False
1052,BR,2026-05-01,1,0.0,0.0,7.0,69807,0.1717,0.0795,0.0,0.0,False,False
1052,BS,2026-05-01,6,0.0,0.0,3.5,293,0.1229,0.0614,0.0,0.0,False,False
1052,CA,2026-05-01,1277,0.1042,0.0587,2.0,13990,0.1397,0.088,0.746,0.667,True,False
1052,CI,2026-05-01,1,0.0,1.0,47.0,577,0.0867,0.0728,0.0,13.738,False,False
1052,DE,2026-05-01,1,0.0,0.0,4.0,7784,0.167,0.0709,0.0,0.0,False,False
1052,DO,2026-05-01,2,0.0,0.0,6.0,6156,0.1766,0.077,0.0,0.0,False,False
1052,EC,2026-05-01,1,0.0,0.0,1.0,3707,0.178,0.0936,0.0,0.0,False,False
1052,EE,2026-05-01,1,0.0,0.0,3.0,262,0.1527,0.084,0.0,0.0,False,False
1052,FI,2026-05-01,1,1.0,0.0,,536,0.1455,0.0653,6.872,0.0,False,False
1052,FJ,2026-05-01,1,0.0,0.0,1.0,835,0.1629,0.0515,0.0,0.0,False,False
1052,FR,2026-05-01,3,0.0,0.0,2.0,13115,0.152,0.0859,0.0,0.0,False,False
1052,GB,2026-05-01,940,0.1181,0.0479,2.0,22802,0.1349,0.083,0.875,0.577,True,False
1052,GE,2026-05-01,1,0.0,0.0,1.0,828,0.1425,0.0266,0.0,0.0,False,False
1052,IE,2026-05-01,88,0.0455,0.0682,2.0,2033,0.12,0.0703,0.379,0.969,False,False
1052,IN,2026-05-01,1,0.0,0.0,1.0,1338,0.139,0.0538,0.0,0.0,False,False
1052,IT,2026-05-01,3,0.6667,0.0,10.0,9735,0.1631,0.0703,4.087,0.0,False,False
1052,JP,2026-05-01,2,0.0,0.5,23.5,4435,0.1502,0.057,0.0,8.765,False,False
1052,KE,2026-05-01,4,0.25,0.0,2.0,27740,0.1253,0.0624,1.995,0.0,False,False
1052,MD,2026-05-01,2,0.0,0.5,15.5,685,0.1431,0.0672,0.0,7.446,False,False
1052,MX,2026-05-01,6,0.0,0.0,6.5,31523,0.1732,0.0786,0.0,0.0,False,False
1052,MY,2026-05-01,1,0.0,1.0,2.0,6509,0.1324,0.0705,0.0,14.181,False,False
1052,NL,2026-05-01,4,0.0,0.0,1.0,5304,0.1508,0.0649,0.0,0.0,False,False
1052,NZ,2026-05-01,210,0.1095,0.0619,2.0,2582,0.1294,0.0837,0.847,0.74,False,False
1052,PA,2026-05-01,1,0.0,0.0,7.0,2255,0.1592,0.0696,0.0,0.0,False,False
1052,PG,2026-05-01,2,0.0,0.0,24.5,511,0.2035,0.0705,0.0,0.0,False,False
1052,PH,2026-05-01,1,0.0,0.0,46.0,15287,0.1442,0.1035,0.0,0.0,False,False
1052,PL,2026-05-01,1,0.0,0.0,2.0,1535,0.1362,0.0671,0.0,0.0,False,False
1052,SE,2026-05-01,3,0.0,0.0,9.0,1001,0.1449,0.0849,0.0,0.0,False,False
1052,SG,2026-05-01,4,0.0,0.0,2.0,4485,0.1373,0.0611,0.0,0.0,False,False
1052,TG,2026-05-01,1,0.0,0.0,2.0,14,0.1429,0.0714,0.0,0.0,False,False
1052,TZ,2026-05-01,1,0.0,0.0,2.0,1826,0.1024,0.0597,0.0,0.0,False,False
1052,UG,2026-05-01,1,0.0,0.0,19.0,1379,0.0754,0.0696,0.0,0.0,False,False
1052,US,2026-05-01,8497,0.1216,0.0607,2.0,117666,0.1582,0.0852,0.768,0.712,True,False
1052,XK,2026-05-01,1,0.0,0.0,3.0,61,0.0656,0.0,0.0,,False,False
1052,ZA,2026-05-01,3,0.0,0.0,2.0,22026,0.1417,0.0812,0.0,0.0,False,False
303,AT,2026-05-01,12,0.3333,0.1667,2.0,1090,0.1569,0.0716,2.125,2.329,False,False
303,AU,2026-05-01,1,0.0,0.0,1.0,11010,0.1401,0.0833,0.0,0.0,False,False
303,AX,2026-05-01,1,0.0,0.0,5.0,54,0.0185,0.1667,0.0,0.0,False,False
303,BO,2026-05-01,1,0.0,0.0,1.0,1553,0.199,0.0541,0.0,0.0,False,False
303,BR,2026-05-01,10353,0.1655,0.0387,2.0,69807,0.1717,0.0795,0.963,0.487,True,False
303,CA,2026-05-01,1,0.0,0.0,9.0,13990,0.1397,0.088,0.0,0.0,False,False
303,CH,2026-05-01,13,0.1538,0.0,2.0,1859,0.1603,0.0936,0.96,0.0,False,False
303,CL,2026-05-01,122,0.1557,0.0328,2.0,8812,0.1614,0.0906,0.965,0.362,False,False
303,CO,2026-05-01,3,0.0,0.0,1.0,6738,0.1977,0.088,0.0,0.0,False,False
303,CR,2026-05-01,50,0.12,0.14,2.5,3157,0.1394,0.0865,0.861,1.619,False,False
303,CV,2026-05-01,1,0.0,0.0,1.0,132,0.2045,0.053,0.0,0.0,False,False
303,DE,2026-05-01,124,0.1371,0.1129,4.0,7784,0.167,0.0709,0.821,1.592,False,False
303,EC,2026-05-01,207,0.2609,0.0531,2.0,3707,0.178,0.0936,1.465,0.568,False,False
303,ES,2026-05-01,2,1.0,0.0,,13903,0.1569,0.0837,6.375,0.0,False,False
303,FR,2026-05-01,1,0.0,0.0,3.0,13115,0.152,0.0859,0.0,0.0,False,False
303,GB,2026-05-01,10,0.2,0.0,1.5,22802,0.1349,0.083,1.482,0.0,False,False
303,GR,2026-05-01,1,0.0,1.0,424.0,1538,0.1567,0.0585,0.0,17.089,False,False
303,GY,2026-05-01,1,0.0,0.0,1.0,441,0.1429,0.059,0.0,0.0,False,False
303,HU,2026-05-01,3,0.0,0.0,3.0,678,0.149,0.0811,0.0,0.0,False,False
303,IE,2026-05-01,3,0.0,0.0,27.0,2033,0.12,0.0703,0.0,0.0,False,False
303,JP,2026-05-01,2,0.0,0.0,18.5,4435,0.1502,0.057,0.0,0.0,False,False
303,LV,2026-05-01,1,0.0,0.0,1.0,520,0.1673,0.0827,0.0,0.0,False,False
303,MX,2026-05-01,340,0.1618,0.0765,2.0,31523,0.1732,0.0786,0.934,0.973,False,False
303,NL,2026-05-01,9,0.1111,0.0,1.5,5304,0.1508,0.0649,0.737,0.0,False,False
303,PE,2026-05-01,1,0.0,0.0,1.0,6635,0.1926,0.0803,0.0,0.0,False,False
303,PR,2026-05-01,1,0.0,0.0,1.0,2387,0.1739,0.1035,0.0,0.0,False,False
303,PY,2026-05-01,3,0.0,0.0,1.0,1165,0.1459,0.0876,0.0,0.0,False,False
303,SE,2026-05-01,1,0.0,0.0,1.0,1001,0.1449,0.0849,0.0,0.0,False,False
303,US,2026-05-01,247,0.1984,0.081,2.0,117666,0.1582,0.0852,1.254,0.95,False,False
303,UY,2026-05-01,2,0.0,0.0,9.0,2616,0.1762,0.0654,0.0,0.0,False,False
413,AE,2026-05-01,2,0.0,0.0,2.0,1652,0.0896,0.0557,0.0,0.0,False,False
413,AI,2026-05-01,3,0.0,0.3333,21.0,49,0.1224,0.1429,0.0,2.333,False,False
413,AL,2026-05-01,2,0.0,0.0,11.0,482,0.11,0.0519,0.0,0.0,False,False
413,AO,2026-05-01,2,0.0,0.0,42.5,945,0.2275,0.0423,0.0,0.0,False,False
413,AQ,2026-05-01,1,0.0,0.0,4.0,1,0.0,0.0,,,False,False
413,AR,2026-05-01,3,0.3333,0.0,1.0,8159,0.1484,0.0924,2.246,0.0,False,False
413,AT,2026-05-01,1,0.0,0.0,2.0,1090,0.1569,0.0716,0.0,0.0,False,False
413,AU,2026-05-01,5098,0.141,0.0757,3.0,11010,0.1401,0.0833,1.006,0.909,True,False
413,AW,2026-05-01,1,0.0,1.0,29.0,149,0.1544,0.0872,0.0,11.462,False,False
413,AX,2026-05-01,7,0.1429,0.1429,23.0,54,0.0185,0.1667,7.714,0.857,False,False
413,BE,2026-05-01,520,0.1365,0.0962,2.0,2536,0.1652,0.0777,0.826,1.238,True,False
413,BG,2026-05-01,3,0.0,0.0,4.0,950,0.1579,0.0926,0.0,0.0,False,False
413,BM,2026-05-01,1,0.0,0.0,1.0,92,0.1522,0.1196,0.0,0.0,False,False
413,BR,2026-05-01,7,0.4286,0.0,4.0,69807,0.1717,0.0795,2.495,0.0,False,False
413,BT,2026-05-01,1,0.0,0.0,1.0,222,0.1757,0.0495,0.0,0.0,False,False
413,BW,2026-05-01,1,0.0,0.0,1.0,1470,0.1694,0.0592,0.0,0.0,False,False
413,CA,2026-05-01,3751,0.1445,0.0858,3.0,13990,0.1397,0.088,1.035,0.976,True,False
413,CH,2026-05-01,188,0.1436,0.0957,2.0,1859,0.1603,0.0936,0.896,1.023,False,False
413,CK,2026-05-01,2,0.0,0.0,2.0,38,0.0526,0.0263,0.0,0.0,False,False
413,CN,2026-05-01,1,1.0,0.0,,395,0.357,0.0456,2.801,0.0,False,False
413,CO,2026-05-01,4,0.0,0.0,5.0,6738,0.1977,0.088,0.0,0.0,False,False
413,CY,2026-05-01,4,0.0,0.0,4.0,632,0.1234,0.0585,0.0,0.0,False,False
413,CZ,2026-05-01,2,0.0,0.0,7.0,421,0.1259,0.0736,0.0,0.0,False,False
413,DE,2026-05-01,16,0.1875,0.125,3.0,7784,0.167,0.0709,1.123,1.763,False,False
413,DK,2026-05-01,2,0.0,0.0,2.0,507,0.1519,0.0809,0.0,0.0,False,False
413,DO,2026-05-01,2,0.0,0.0,8.0,6156,0.1766,0.077,0.0,0.0,False,False
413,DZ,2026-05-01,2,0.0,0.0,22.5,115,0.0609,0.0435,0.0,0.0,False,False
413,EE,2026-05-01,1,0.0,0.0,3.0,262,0.1527,0.084,0.0,0.0,False,False
413,ES,2026-05-01,22,0.1818,0.0909,5.5,13903,0.1569,0.0837,1.159,1.086,False,False
413,FI,2026-05-01,222,0.1261,0.1126,4.0,536,0.1455,0.0653,0.867,1.725,False,False
413,FJ,2026-05-01,6,0.1667,0.0,1.0,835,0.1629,0.0515,1.023,0.0,False,False
413,FR,2026-05-01,13,0.0769,0.0,3.0,13115,0.152,0.0859,0.506,0.0,False,False
413,GB,2026-05-01,28,0.0714,0.1071,8.5,22802,0.1349,0.083,0.529,1.291,False,False
413,GR,2026-05-01,5,0.0,0.0,3.0,1538,0.1567,0.0585,0.0,0.0,False,False
413,HK,2026-05-01,11,0.0909,0.0,2.0,1658,0.1809,0.047,0.502,0.0,False,False
413,HR,2026-05-01,6,0.5,0.0,16.0,808,0.1448,0.0606,3.453,0.0,False,False
413,ID,2026-05-01,10,0.0,0.2,2.0,295,0.1085,0.0881,0.0,2.269,False,False
413,IE,2026-05-01,1,0.0,0.0,1.0,2033,0.12,0.0703,0.0,0.0,False,False
413,IL,2026-05-01,460,0.1652,0.0783,3.0,1801,0.1438,0.0611,1.149,1.281,False,False
413,IN,2026-05-01,8,0.25,0.0,1.5,1338,0.139,0.0538,1.798,0.0,False,False
413,IS,2026-05-01,78,0.1667,0.0641,2.0,95,0.1789,0.1158,0.931,0.554,False,False
413,IT,2026-05-01,5,0.4,0.0,3.0,9735,0.1631,0.0703,2.452,0.0,False,False
413,JM,2026-05-01,8,0.0,0.125,11.5,5416,0.1265,0.0873,0.0,1.431,False,False
413,JP,2026-05-01,15,0.0667,0.0,3.0,4435,0.1502,0.057,0.444,0.0,False,False
413,KH,2026-05-01,1,0.0,0.0,4.0,56,0.0536,0.1071,0.0,0.0,False,False
413,KR,2026-05-01,4,0.25,0.25,4.0,5603,0.2149,0.0575,1.163,4.35,False,False
413,LA,2026-05-01,1,0.0,1.0,5.0,304,0.1579,0.0362,0.0,27.636,False,False
413,LU,2026-05-01,46,0.2174,0.1087,5.5,284,0.1408,0.0634,1.543,1.715,False,False
413,MA,2026-05-01,5,0.0,0.2,1.0,139,0.1295,0.0576,0.0,3.475,False,False
413,MD,2026-05-01,3,0.3333,0.0,4.5,685,0.1431,0.0672,2.33,0.0,False,False
413,MF,2026-05-01,1,1.0,0.0,,18,0.1667,0.0556,6.0,0.0,False,False
413,MX,2026-05-01,12,0.1667,0.0,3.0,31523,0.1732,0.0786,0.962,0.0,False,False
413,MY,2026-05-01,2,0.0,0.0,2.0,6509,0.1324,0.0705,0.0,0.0,False,False
413,NL,2026-05-01,892,0.1345,0.0998,4.0,5304,0.1508,0.0649,0.892,1.538,True,False
413,NO,2026-05-01,501,0.0978,0.0758,3.0,544,0.1544,0.0735,0.633,1.032,True,False
413,NZ,2026-05-01,1156,0.1272,0.0891,3.0,2582,0.1294,0.0837,0.983,1.065,True,False
413,PA,2026-05-01,1,0.0,0.0,31.0,2255,0.1592,0.0696,0.0,0.0,False,False
413,PE,2026-05-01,4,0.25,0.0,2.0,6635,0.1926,0.0803,1.298,0.0,False,False
413,PH,2026-05-01,36,0.1667,0.1111,6.0,15287,0.1442,0.1035,1.155,1.074,False,False
413,PL,2026-05-01,5,0.2,0.0,2.0,1535,0.1362,0.0671,1.469,0.0,False,False
413,PR,2026-05-01,3,0.3333,0.0,1.0,2387,0.1739,0.1035,1.917,0.0,False,False
413,PT,2026-05-01,9,0.3333,0.0,2.5,3697,0.1388,0.0847,2.402,0.0,False,False
413,QA,2026-05-01,1,0.0,0.0,1.0,33,0.1212,0.0303,0.0,0.0,False,False
413,RO,2026-05-01,1,0.0,0.0,4.0,1662,0.1486,0.0608,0.0,0.0,False,False
413,RS,2026-05-01,1,0.0,0.0,3.0,1572,0.1323,0.0763,0.0,0.0,False,False
413,SE,2026-05-01,741,0.1242,0.112,3.0,1001,0.1449,0.0849,0.857,1.319,True,False
413,SG,2026-05-01,14,0.1429,0.0714,2.5,4485,0.1373,0.0611,1.04,1.169,False,False
413,SV,2026-05-01,1,0.0,0.0,1.0,1323,0.1882,0.0801,0.0,0.0,False,False
413,SX,2026-05-01,1,0.0,1.0,8.0,121,0.2066,0.0165,0.0,60.5,False,False
413,TH,2026-05-01,27,0.1111,0.037,2.0,3407,0.1685,0.0543,0.66,0.682,False,False
413,TR,2026-05-01,4,0.25,0.0,3.0,6012,0.1442,0.0477,1.734,0.0,False,False
413,TW,2026-05-01,2,0.0,0.0,2.5,1269,0.1805,0.0638,0.0,0.0,False,False
413,TZ,2026-05-01,1,0.0,1.0,27.0,1826,0.1024,0.0597,0.0,16.752,False,False
413,UG,2026-05-01,1,1.0,0.0,,1379,0.0754,0.0696,13.26,0.0,False,False
413,US,2026-05-01,25872,0.1546,0.0767,3.0,117666,0.1582,0.0852,0.977,0.9,True,False
413,VI,2026-05-01,1,0.0,1.0,119.0,73,0.0685,0.0959,0.0,10.429,False,False
413,VN,2026-05-01,13,0.1538,0.1538,5.0,3116,0.1909,0.0517,0.806,2.978,False,False
427,AE,2026-05-01,1,1.0,0.0,,1652,0.0896,0.0557,11.162,0.0,False,False
427,AL,2026-05-01,4,0.0,0.0,5.5,482,0.11,0.0519,0.0,0.0,False,False
427,AO,2026-05-01,2,0.0,0.0,12.0,945,0.2275,0.0423,0.0,0.0,False,False
427,AQ,2026-05-01,1,0.0,1.0,129.0,1,0.0,0.0,,,False,False
427,AR,2026-05-01,3,0.3333,0.3333,104.0,8159,0.1484,0.0924,2.246,3.607,False,False
427,AT,2026-05-01,1,0.0,0.0,1.0,1090,0.1569,0.0716,0.0,0.0,False,False
427,AU,2026-05-01,6209,0.1454,0.0739,3.0,11010,0.1401,0.0833,1.038,0.888,True,False
427,AW,2026-05-01,2,0.0,0.5,57.0,149,0.1544,0.0872,0.0,5.731,False,False
427,AX,2026-05-01,2,0.0,0.0,38.0,54,0.0185,0.1667,0.0,0.0,False,False
427,AZ,2026-05-01,2,0.0,0.0,35.0,840,0.1619,0.0262,0.0,0.0,False,False
427,BA,2026-05-01,1,0.0,1.0,88.0,,,,,,False,False
427,BE,2026-05-01,1,0.0,0.0,1.0,2536,0.1652,0.0777,0.0,0.0,False,False
427,BM,2026-05-01,1,0.0,0.0,12.0,92,0.1522,0.1196,0.0,0.0,False,False
427,BR,2026-05-01,3,0.0,0.0,2.0,69807,0.1717,0.0795,0.0,0.0,False,False
427,BS,2026-05-01,1,0.0,0.0,1.0,293,0.1229,0.0614,0.0,0.0,False,False
427,BZ,2026-05-01,1,0.0,0.0,1.0,175,0.1314,0.0514,0.0,0.0,False,False
427,CA,2026-05-01,5175,0.1548,0.0719,3.0,13990,0.1397,0.088,1.108,0.817,True,False
427,CK,2026-05-01,1,0.0,0.0,1.0,38,0.0526,0.0263,0.0,0.0,False,False
427,CL,2026-05-01,1,0.0,0.0,10.0,8812,0.1614,0.0906,0.0,0.0,False,False
427,CN,2026-05-01,1,1.0,0.0,,395,0.357,0.0456,2.801,0.0,False,False
427,CO,2026-05-01,6,0.1667,0.3333,11.0,6738,0.1977,0.088,0.843,3.788,False,False
427,CR,2026-05-01,2,0.0,0.0,4.0,3157,0.1394,0.0865,0.0,0.0,False,False
427,CZ,2026-05-01,2,0.0,0.0,2.0,421,0.1259,0.0736,0.0,0.0,False,False
427,DE,2026-05-01,7,0.1429,0.2857,9.0,7784,0.167,0.0709,0.855,4.029,False,False
427,DK,2026-05-01,1,0.0,0.0,1.0,507,0.1519,0.0809,0.0,0.0,False,False
427,DO,2026-05-01,6,0.3333,0.1667,6.0,6156,0.1766,0.077,1.888,2.165,False,False
427,DZ,2026-05-01,1,0.0,0.0,11.0,115,0.0609,0.0435,0.0,0.0,False,False
427,ES,2026-05-01,5,0.4,0.0,5.0,13903,0.1569,0.0837,2.55,0.0,False,False
427,FJ,2026-05-01,4,0.25,0.0,1.0,835,0.1629,0.0515,1.535,0.0,False,False
427,FR,2026-05-01,6,0.0,0.0,3.5,13115,0.152,0.0859,0.0,0.0,False,False
427,GB,2026-05-01,23,0.087,0.0,2.0,22802,0.1349,0.083,0.644,0.0,False,False
427,GR,2026-05-01,4,0.0,0.25,4.5,1538,0.1567,0.0585,0.0,4.272,False,False
427,GY,2026-05-01,1,0.0,0.0,2.0,441,0.1429,0.059,0.0,0.0,False,False
427,HK,2026-05-01,3,0.0,0.3333,3.0,1658,0.1809,0.047,0.0,7.085,False,False
427,HN,2026-05-01,1,0.0,0.0,1.0,1401,0.1513,0.0864,0.0,0.0,False,False
427,HR,2026-05-01,2,0.0,0.0,2.0,808,0.1448,0.0606,0.0,0.0,False,False
427,ID,2026-05-01,11,0.3636,0.0909,18.0,295,0.1085,0.0881,3.352,1.031,False,False
427,IE,2026-05-01,2,0.0,0.0,19.0,2033,0.12,0.0703,0.0,0.0,False,False
427,IN,2026-05-01,4,0.75,0.0,1.0,1338,0.139,0.0538,5.395,0.0,False,False
427,IT,2026-05-01,6,0.1667,0.5,104.0,9735,0.1631,0.0703,1.022,7.116,False,False
427,JM,2026-05-01,4,0.0,0.0,10.5,5416,0.1265,0.0873,0.0,0.0,False,False
427,JO,2026-05-01,1,0.0,0.0,2.0,19,0.0,0.1579,,0.0,False,False
427,JP,2026-05-01,12,0.0833,0.1667,2.0,4435,0.1502,0.057,0.555,2.922,False,False
427,KR,2026-05-01,2,0.0,0.5,61.5,5603,0.2149,0.0575,0.0,8.7,False,False
427,MA,2026-05-01,2,0.0,0.0,5.0,139,0.1295,0.0576,0.0,0.0,False,False
427,MD,2026-05-01,2,0.0,0.0,15.0,685,0.1431,0.0672,0.0,0.0,False,False
427,MO,2026-05-01,1,1.0,0.0,,42,0.119,0.0952,8.4,0.0,False,False
427,MV,2026-05-01,1,0.0,1.0,388.0,234,0.1538,0.0684,0.0,14.625,False,False
427,MX,2026-05-01,21,0.0952,0.0952,5.0,31523,0.1732,0.0786,0.55,1.212,False,False
427,MY,2026-05-01,7,0.1429,0.1429,1.0,6509,0.1324,0.0705,1.079,2.026,False,False
427,NL,2026-05-01,10,0.1,0.2,4.0,5304,0.1508,0.0649,0.663,3.084,False,False
427,NZ,2026-05-01,1107,0.1554,0.0777,3.0,2582,0.1294,0.0837,1.201,0.929,True,False
427,PH,2026-05-01,15,0.4,0.0667,3.0,15287,0.1442,0.1035,2.773,0.644,False,False
427,PR,2026-05-01,6,0.0,0.3333,8.5,2387,0.1739,0.1035,0.0,3.221,False,False
427,QA,2026-05-01,1,0.0,0.0,17.0,33,0.1212,0.0303,0.0,0.0,False,False
427,RO,2026-05-01,2,0.5,0.0,1.0,1662,0.1486,0.0608,3.364,0.0,False,False
427,SB,2026-05-01,1,0.0,0.0,1.0,206,0.2039,0.0243,0.0,0.0,False,False
427,SE,2026-05-01,1,0.0,1.0,235.0,1001,0.1449,0.0849,0.0,11.776,False,False
427,SG,2026-05-01,3,0.3333,0.0,7.5,4485,0.1373,0.0611,2.427,0.0,False,False
427,TH,2026-05-01,12,0.25,0.0833,1.0,3407,0.1685,0.0543,1.484,1.535,False,False
427,TR,2026-05-01,2,0.0,0.0,1.0,6012,0.1442,0.0477,0.0,0.0,False,False
427,US,2026-05-01,32097,0.1638,0.0741,3.0,117666,0.1582,0.0852,1.035,0.869,True,False
427,VI,2026-05-01,1,1.0,0.0,,73,0.0685,0.0959,14.6,0.0,False,False
427,VN,2026-05-01,10,0.2,0.0,1.0,3116,0.1909,0.0517,1.047,0.0,False,False
427,ZA,2026-05-01,1,0.0,1.0,5.0,22026,0.1417,0.0812,0.0,12.312,False,False
523,AD,2026-05-01,1,0.0,0.0,1.0,67,0.0746,0.0896,0.0,0.0,False,False
523,AE,2026-05-01,31,0.129,0.0,1.0,1652,0.0896,0.0557,1.44,0.0,False,False
523,AG,2026-05-01,2,0.0,0.0,2.0,100,0.14,0.07,0.0,0.0,False,False
523,AI,2026-05-01,3,0.0,0.0,3.0,49,0.1224,0.1429,0.0,0.0,False,False
523,AL,2026-05-01,6,0.0,0.0,1.0,482,0.11,0.0519,0.0,0.0,False,False
523,AO,2026-05-01,333,0.2252,0.003,1.0,945,0.2275,0.0423,0.99,0.071,False,False
523,AR,2026-05-01,73,0.2603,0.0411,1.0,8159,0.1484,0.0924,1.754,0.445,False,False
523,AT,2026-05-01,19,0.2105,0.0,1.0,1090,0.1569,0.0716,1.342,0.0,False,False
523,AU,2026-05-01,1831,0.1529,0.0224,1.0,11010,0.1401,0.0833,1.091,0.269,True,False
523,AX,2026-05-01,1,0.0,0.0,4.0,54,0.0185,0.1667,0.0,0.0,False,False
523,AZ,2026-05-01,2,0.5,0.0,1.0,840,0.1619,0.0262,3.088,0.0,False,False
523,BB,2026-05-01,3,1.0,0.0,,197,0.0609,0.0914,16.417,0.0,False,False
523,BD,2026-05-01,31,0.1935,0.0,1.0,250,0.104,0.068,1.861,0.0,False,False
523,BE,2026-05-01,114,0.2368,0.0088,1.0,2536,0.1652,0.0777,1.433,0.113,False,False
523,BF,2026-05-01,149,0.3893,0.0,1.0,584,0.1592,0.0479,2.444,0.0,False,False
523,BG,2026-05-01,46,0.2174,0.0217,1.0,950,0.1579,0.0926,1.377,0.235,False,False
523,BH,2026-05-01,2,0.0,0.0,1.5,21,0.0476,0.1429,0.0,0.0,False,False
523,BJ,2026-05-01,23,0.2174,0.0,2.0,1019,0.1521,0.051,1.429,0.0,False,False
523,BN,2026-05-01,1,1.0,0.0,,126,0.1349,0.0397,7.412,0.0,False,False
523,BO,2026-05-01,9,0.2222,0.0,1.0,1553,0.199,0.0541,1.117,0.0,False,False
523,BR,2026-05-01,49830,0.2208,0.0169,1.0,69807,0.1717,0.0795,1.286,0.212,True,False
523,BS,2026-05-01,13,0.3846,0.0,3.0,293,0.1229,0.0614,3.13,0.0,False,False
523,BT,2026-05-01,6,0.5,0.0,1.0,222,0.1757,0.0495,2.846,0.0,False,False
523,BW,2026-05-01,41,0.1707,0.0244,1.0,1470,0.1694,0.0592,1.008,0.412,False,False
523,BZ,2026-05-01,4,0.0,0.0,1.0,175,0.1314,0.0514,0.0,0.0,False,False
523,CA,2026-05-01,3981,0.1806,0.0239,1.0,13990,0.1397,0.088,1.293,0.271,True,False
523,CH,2026-05-01,83,0.2169,0.012,1.0,1859,0.1603,0.0936,1.353,0.129,False,False
523,CI,2026-05-01,107,0.3458,0.0,1.0,577,0.0867,0.0728,3.99,0.0,False,False
523,CK,2026-05-01,1,1.0,0.0,,38,0.0526,0.0263,19.0,0.0,False,False
523,CL,2026-05-01,419,0.2434,0.0072,1.0,8812,0.1614,0.0906,1.509,0.079,False,False
523,CM,2026-05-01,80,0.25,0.025,1.5,73,0.1096,0.0959,2.281,0.261,False,False
523,CN,2026-05-01,11,0.3636,0.0,1.0,395,0.357,0.0456,1.019,0.0,False,False
523,CO,2026-05-01,161,0.3106,0.0062,1.0,6738,0.1977,0.088,1.571,0.071,False,False
523,CR,2026-05-01,23,0.3043,0.087,1.0,3157,0.1394,0.0865,2.184,1.006,False,False
523,CV,2026-05-01,46,0.1087,0.0217,1.0,132,0.2045,0.053,0.531,0.41,False,False
523,CW,2026-05-01,1,0.0,0.0,1.0,243,0.1728,0.1193,0.0,0.0,False,False
523,CY,2026-05-01,6,0.1667,0.3333,8.0,632,0.1234,0.0585,1.35,5.694,False,False
523,CZ,2026-05-01,6,0.5,0.0,1.0,421,0.1259,0.0736,3.972,0.0,False,False
523,DE,2026-05-01,247,0.2672,0.0081,1.0,7784,0.167,0.0709,1.6,0.114,False,False
523,DJ,2026-05-01,1,0.0,0.0,14.0,254,0.1142,0.0512,0.0,0.0,False,False
523,DK,2026-05-01,4,0.25,0.0,1.0,507,0.1519,0.0809,1.646,0.0,False,False
523,DM,2026-05-01,1,0.0,0.0,69.0,45,0.1111,0.0667,0.0,0.0,False,False
523,DO,2026-05-01,205,0.3366,0.0049,1.0,6156,0.1766,0.077,1.906,0.063,False,False
523,DZ,2026-05-01,2,0.0,0.0,1.5,115,0.0609,0.0435,0.0,0.0,False,False
523,EC,2026-05-01,14,0.2857,0.0,1.0,3707,0.178,0.0936,1.605,0.0,False,False
523,EE,2026-05-01,11,0.2727,0.0,1.0,262,0.1527,0.084,1.786,0.0,False,False
523,ES,2026-05-01,92,0.1957,0.0109,1.0,13903,0.1569,0.0837,1.247,0.13,False,False
523,FI,2026-05-01,86,0.2326,0.0465,1.0,536,0.1455,0.0653,1.598,0.712,False,False
523,FJ,2026-05-01,1,0.0,0.0,1.0,835,0.1629,0.0515,0.0,0.0,False,False
523,FK,2026-05-01,1,0.0,0.0,1.0,6,0.0,0.0,,,False,False
523,FM,2026-05-01,3,0.3333,0.0,1.0,56,0.0893,0.0,3.733,,False,False
523,FR,2026-05-01,915,0.2372,0.0098,1.0,13115,0.152,0.0859,1.56,0.114,True,True
523,GA,2026-05-01,12,0.3333,0.0833,1.5,360,0.1389,0.0722,2.4,1.154,False,False
523,GB,2026-05-01,7069,0.2235,0.0238,1.0,22802,0.1349,0.083,1.656,0.286,True,True
523,GD,2026-05-01,1,1.0,0.0,,72,0.1806,0.0556,5.538,0.0,False,False
523,GE,2026-05-01,4,0.0,0.0,1.0,828,0.1425,0.0266,0.0,0.0,False,False
523,GF,2026-05-01,1,0.0,0.0,1.0,95,0.1368,0.0842,0.0,0.0,False,False
523,GL,2026-05-01,1,1.0,0.0,,27,0.2222,0.2222,4.5,0.0,False,False
523,GM,2026-05-01,173,0.2312,0.0116,1.0,268,0.1231,0.0522,1.878,0.221,False,False
523,GN,2026-05-01,39,0.359,0.0,1.0,38,0.2368,0.0263,1.516,0.0,False,False
523,GQ,2026-05-01,6,0.1667,0.0,1.0,218,0.211,0.0459,0.79,0.0,False,False
523,GR,2026-05-01,9,0.3333,0.0,2.0,1538,0.1567,0.0585,2.127,0.0,False,False
523,GT,2026-05-01,5,0.4,0.0,1.0,895,0.1743,0.0648,2.295,0.0,False,False
523,GU,2026-05-01,4,0.0,0.0,1.5,216,0.1898,0.0648,0.0,0.0,False,False
523,GY,2026-05-01,250,0.216,0.024,1.0,441,0.1429,0.059,1.512,0.407,False,False
523,HK,2026-05-01,90,0.2333,0.0,1.0,1658,0.1809,0.047,1.29,0.0,False,False
523,HN,2026-05-01,28,0.2857,0.0,1.0,1401,0.1513,0.0864,1.888,0.0,False,False
523,HR,2026-05-01,4,0.25,0.0,1.0,808,0.1448,0.0606,1.726,0.0,False,False
523,HT,2026-05-01,1,0.0,0.0,11.0,73,0.1918,0.0137,0.0,0.0,False,False
523,HU,2026-05-01,7,0.2857,0.0,1.0,678,0.149,0.0811,1.918,0.0,False,False
523,ID,2026-05-01,205,0.2878,0.0049,1.0,295,0.1085,0.0881,2.653,0.055,False,False
523,IE,2026-05-01,6,0.3333,0.1667,1.5,2033,0.12,0.0703,2.777,2.369,False,False
523,IL,2026-05-01,1,0.0,0.0,2.0,1801,0.1438,0.0611,0.0,0.0,False,False
523,IN,2026-05-01,165,0.2182,0.0121,1.0,1338,0.139,0.0538,1.57,0.225,False,False
523,IT,2026-05-01,107,0.271,0.0093,1.0,9735,0.1631,0.0703,1.661,0.133,False,False
523,JE,2026-05-01,1,0.0,0.0,14.0,75,0.1733,0.1467,0.0,0.0,False,False
523,JM,2026-05-01,31,0.4516,0.0,1.0,5416,0.1265,0.0873,3.571,0.0,False,False
523,JO,2026-05-01,2,0.0,0.0,1.0,19,0.0,0.1579,,0.0,False,False
523,JP,2026-05-01,47,0.2128,0.0,1.0,4435,0.1502,0.057,1.417,0.0,False,False
523,KE,2026-05-01,1,0.0,0.0,1.0,27740,0.1253,0.0624,0.0,0.0,False,False
523,KG,2026-05-01,2,0.0,0.0,1.0,287,0.1812,0.0453,0.0,0.0,False,False
523,KH,2026-05-01,5,0.2,0.0,1.0,56,0.0536,0.1071,3.733,0.0,False,False
523,KI,2026-05-01,119,0.2857,0.0,1.0,190,0.1789,0.0263,1.597,0.0,False,False
523,KM,2026-05-01,1,0.0,0.0,1.0,74,0.1892,0.0811,0.0,0.0,False,False
523,KR,2026-05-01,185,0.1784,0.0054,1.0,5603,0.2149,0.0575,0.83,0.094,False,False
523,KW,2026-05-01,1,0.0,0.0,1.0,10,0.0,0.0,,,False,False
523,KY,2026-05-01,6,0.0,0.0,1.5,203,0.1773,0.1133,0.0,0.0,False,False
523,KZ,2026-05-01,5,0.0,0.0,3.0,41,0.0244,0.0732,0.0,0.0,False,False
523,LA,2026-05-01,6,0.3333,0.0,1.0,304,0.1579,0.0362,2.111,0.0,False,False
523,LT,2026-05-01,17,0.2353,0.0588,1.0,356,0.132,0.1124,1.782,0.524,False,False
523,LV,2026-05-01,12,0.3333,0.0,1.0,520,0.1673,0.0827,1.992,0.0,False,False
523,MA,2026-05-01,1,0.0,0.0,1.0,139,0.1295,0.0576,0.0,0.0,False,False
523,MD,2026-05-01,32,0.2188,0.0,1.0,685,0.1431,0.0672,1.529,0.0,False,False
523,ME,2026-05-01,1,0.0,0.0,1.0,256,0.0898,0.0938,0.0,0.0,False,False
523,MF,2026-05-01,1,1.0,0.0,,18,0.1667,0.0556,6.0,0.0,False,False
523,MG,2026-05-01,7,0.0,0.1429,2.0,974,0.1355,0.0801,0.0,1.784,False,False
523,MH,2026-05-01,11,0.2727,0.0,1.0,24,0.25,0.125,1.091,0.0,False,False
523,MN,2026-05-01,2,0.0,0.0,1.5,185,0.2649,0.0216,0.0,0.0,False,False
523,MP,2026-05-01,1,0.0,0.0,1.0,14,0.0714,0.0,0.0,,False,False
523,MQ,2026-05-01,3,0.6667,0.0,3.0,306,0.2059,0.0686,3.238,0.0,False,False
523,MR,2026-05-01,7,0.1429,0.0,2.0,270,0.2,0.0444,0.714,0.0,False,False
523,MV,2026-05-01,5,0.0,0.0,1.0,234,0.1538,0.0684,0.0,0.0,False,False
523,MW,2026-05-01,5,0.2,0.0,1.0,38,0.2105,0.1316,0.95,0.0,False,False
523,MX,2026-05-01,2358,0.2761,0.0106,1.0,31523,0.1732,0.0786,1.594,0.135,True,True
523,MY,2026-05-01,827,0.1366,0.0145,1.0,6509,0.1324,0.0705,1.032,0.206,True,False
523,MZ,2026-05-01,20,0.5,0.0,1.0,1080,0.1917,0.0444,2.609,0.0,False,False
523,NE,2026-05-01,352,0.2869,0.0085,1.0,446,0.204,0.0404,1.406,0.211,False,False
523,NL,2026-05-01,1741,0.2522,0.0132,1.0,5304,0.1508,0.0649,1.672,0.204,True,True
523,NO,2026-05-01,104,0.2115,0.0192,1.0,544,0.1544,0.0735,1.37,0.262,False,False
523,NP,2026-05-01,20,0.3,0.0,1.0,14,0.0714,0.0,4.2,,False,False
523,NZ,2026-05-01,746,0.1542,0.0322,2.0,2582,0.1294,0.0837,1.192,0.385,True,False
523,OM,2026-05-01,4,0.0,0.0,1.5,20,0.1,0.1,0.0,0.0,False,False
523,PA,2026-05-01,13,0.2308,0.0,1.0,2255,0.1592,0.0696,1.45,0.0,False,False
523,PE,2026-05-01,76,0.2105,0.0263,1.0,6635,0.1926,0.0803,1.093,0.328,False,False
523,PG,2026-05-01,2,0.0,0.0,6.5,511,0.2035,0.0705,0.0,0.0,False,False
523,PH,2026-05-01,277,0.2996,0.0,1.0,15287,0.1442,0.1035,2.077,0.0,False,False
523,PK,2026-05-01,357,0.2661,0.0028,1.0,96,0.0938,0.0625,2.838,0.045,False,False
523,PL,2026-05-01,157,0.242,0.0,1.0,1535,0.1362,0.0671,1.778,0.0,False,False
523,PR,2026-05-01,125,0.264,0.032,2.0,2387,0.1739,0.1035,1.518,0.309,False,False
523,PS,2026-05-01,1,0.0,0.0,3.0,1,0.0,0.0,,,False,False
523,PT,2026-05-01,4698,0.1745,0.0283,1.0,3697,0.1388,0.0847,1.258,0.334,True,False
523,PW,2026-05-01,1,0.0,0.0,2.0,19,0.0,0.1053,,0.0,False,False
523,PY,2026-05-01,28,0.2143,0.0,1.0,1165,0.1459,0.0876,1.468,0.0,False,False
523,QA,2026-05-01,10,0.2,0.0,1.0,33,0.1212,0.0303,1.65,0.0,False,False
523,RE,2026-05-01,1,0.0,0.0,12.0,306,0.1732,0.1078,0.0,0.0,False,False
523,RO,2026-05-01,23,0.3478,0.0,1.0,1662,0.1486,0.0608,2.34,0.0,False,False
523,RS,2026-05-01,59,0.3559,0.0339,1.0,1572,0.1323,0.0763,2.69,0.444,False,False
523,RU,2026-05-01,22,0.2273,0.0,1.0,27,0.0741,0.037,3.068,0.0,False,False
523,SA,2026-05-01,45,0.2,0.0222,1.0,64,0.0469,0.0781,4.267,0.284,False,False
523,SB,2026-05-01,53,0.2264,0.0,1.0,206,0.2039,0.0243,1.111,0.0,False,False
523,SC,2026-05-01,5,0.2,0.0,1.0,132,0.1894,0.0606,1.056,0.0,False,False
523,SE,2026-05-01,345,0.1797,0.029,1.0,1001,0.1449,0.0849,1.241,0.341,False,False
523,SG,2026-05-01,425,0.3082,0.0118,1.0,4485,0.1373,0.0611,2.244,0.193,False,False
523,SI,2026-05-01,1,0.0,0.0,1.0,351,0.1168,0.094,0.0,0.0,False,False
523,SJ,2026-05-01,2,0.0,0.0,1.5,,,,,,False,False
523,SN,2026-05-01,33,0.3333,0.0303,1.0,82,0.1463,0.0732,2.278,0.414,False,False
523,ST,2026-05-01,4,0.75,0.0,1.0,16,0.3125,0.0,2.4,,False,False
523,SV,2026-05-01,28,0.3929,0.0357,1.0,1323,0.1882,0.0801,2.087,0.446,False,False
523,SX,2026-05-01,3,0.3333,0.0,1.5,121,0.2066,0.0165,1.613,0.0,False,False
523,SZ,2026-05-01,21,0.3333,0.0,1.0,688,0.2238,0.0378,1.489,0.0,False,False
523,TC,2026-05-01,2,0.0,0.0,1.5,75,0.1467,0.08,0.0,0.0,False,False
523,TD,2026-05-01,84,0.25,0.0,1.0,522,0.1916,0.0556,1.305,0.0,False,False
523,TH,2026-05-01,2,0.0,0.0,1.0,3407,0.1685,0.0543,0.0,0.0,False,False
523,TJ,2026-05-01,3,0.3333,0.0,1.5,107,0.1869,0.0093,1.783,0.0,False,False
523,TK,2026-05-01,1,0.0,0.0,4.0,,,,,,False,False
523,TL,2026-05-01,15,0.3333,0.0667,1.5,90,0.1889,0.0111,1.765,6.0,False,False
523,TM,2026-05-01,1,0.0,0.0,1.0,6,0.1667,0.0,0.0,,False,False
523,TO,2026-05-01,12,0.0,0.0,1.0,51,0.1961,0.0784,0.0,0.0,False,False
523,TR,2026-05-01,359,0.3064,0.0056,1.0,6012,0.1442,0.0477,2.125,0.117,False,False
523,TT,2026-05-01,29,0.3103,0.1034,1.5,546,0.1429,0.0971,2.172,1.066,False,False
523,TV,2026-05-01,6,0.5,0.0,1.0,10,0.2,0.0,2.5,,False,False
523,TW,2026-05-01,666,0.1712,0.0045,1.0,1269,0.1805,0.0638,0.949,0.071,True,False
523,TZ,2026-05-01,5,0.0,0.0,2.0,1826,0.1024,0.0597,0.0,0.0,False,False
523,UG,2026-05-01,15,0.3333,0.0667,1.5,1379,0.0754,0.0696,4.42,0.958,False,False
523,US,2026-05-01,41632,0.2679,0.0236,1.0,117666,0.1582,0.0852,1.693,0.277,True,True
523,UZ,2026-05-01,28,0.2857,0.0,1.0,1123,0.1879,0.0285,1.521,0.0,False,False
523,VC,2026-05-01,1,0.0,0.0,1.0,83,0.1807,0.0723,0.0,0.0,False,False
523,VI,2026-05-01,5,0.4,0.0,19.0,73,0.0685,0.0959,5.84,0.0,False,False
523,VN,2026-05-01,1805,0.1784,0.0083,1.0,3116,0.1909,0.0517,0.934,0.161,True,False
523,VU,2026-05-01,1,0.0,0.0,1.0,77,0.1688,0.0649,0.0,0.0,False,False
523,WF,2026-05-01,1,0.0,0.0,4.0,2,0.5,0.0,0.0,,False,False
523,WS,2026-05-01,4,0.5,0.0,2.5,78,0.1154,0.0641,4.333,0.0,False,False
523,XK,2026-05-01,2,0.0,0.0,2.0,61,0.0656,0.0,0.0,,False,False
523,YT,2026-05-01,3,0.6667,0.0,2.0,46,0.3261,0.087,2.044,0.0,False,False
523,ZA,2026-05-01,10,0.2,0.0,1.0,22026,0.1417,0.0812,1.411,0.0,False,False
523,ZM,2026-05-01,34,0.3235,0.0294,1.0,106,0.2453,0.0943,1.319,0.312,False,False
612,AE,2026-05-01,14,0.0714,0.0,3.0,1652,0.0896,0.0557,0.797,0.0,False,False
612,AL,2026-05-01,2,0.5,0.0,1.0,482,0.11,0.0519,4.547,0.0,False,False
612,AO,2026-05-01,1,0.0,0.0,1.0,945,0.2275,0.0423,0.0,0.0,False,False
612,AR,2026-05-01,1,0.0,0.0,1.0,8159,0.1484,0.0924,0.0,0.0,False,False
612,AT,2026-05-01,29,0.2759,0.069,5.0,1090,0.1569,0.0716,1.758,0.964,False,False
612,AU,2026-05-01,617,0.128,0.0746,3.0,11010,0.1401,0.0833,0.914,0.895,True,False
612,AX,2026-05-01,1,0.0,0.0,5.0,54,0.0185,0.1667,0.0,0.0,False,False
612,AZ,2026-05-01,1,0.0,1.0,48.0,840,0.1619,0.0262,0.0,38.182,False,False
612,BE,2026-05-01,51,0.0784,0.098,2.0,2536,0.1652,0.0777,0.475,1.262,False,False
612,BG,2026-05-01,2,0.0,0.5,146.5,950,0.1579,0.0926,0.0,5.398,False,False
612,BJ,2026-05-01,1,0.0,0.0,4.0,1019,0.1521,0.051,0.0,0.0,False,False
612,BR,2026-05-01,5,0.4,0.0,5.0,69807,0.1717,0.0795,2.329,0.0,False,False
612,BS,2026-05-01,1,0.0,0.0,14.0,293,0.1229,0.0614,0.0,0.0,False,False
612,BW,2026-05-01,1,0.0,0.0,2.0,1470,0.1694,0.0592,0.0,0.0,False,False
612,CA,2026-05-01,544,0.1232,0.0515,3.0,13990,0.1397,0.088,0.882,0.585,True,False
612,CH,2026-05-01,25,0.2,0.04,2.5,1859,0.1603,0.0936,1.248,0.427,False,False
612,CM,2026-05-01,3,0.0,0.0,14.0,73,0.1096,0.0959,0.0,0.0,False,False
612,CN,2026-05-01,3,0.3333,0.0,1.0,395,0.357,0.0456,0.934,0.0,False,False
612,CY,2026-05-01,4,0.25,0.0,1.0,632,0.1234,0.0585,2.026,0.0,False,False
612,CZ,2026-05-01,2,0.5,0.0,2.0,421,0.1259,0.0736,3.972,0.0,False,False
612,DE,2026-05-01,199,0.2563,0.0553,3.0,7784,0.167,0.0709,1.535,0.779,False,False
612,DJ,2026-05-01,1,0.0,0.0,6.0,254,0.1142,0.0512,0.0,0.0,False,False
612,DK,2026-05-01,108,0.1852,0.0741,2.0,507,0.1519,0.0809,1.219,0.916,False,False
612,DO,2026-05-01,2,0.5,0.0,7.0,6156,0.1766,0.077,2.832,0.0,False,False
612,DZ,2026-05-01,4,0.0,0.0,2.5,115,0.0609,0.0435,0.0,0.0,False,False
612,ES,2026-05-01,269,0.1859,0.0781,3.0,13903,0.1569,0.0837,1.185,0.932,False,False
612,FI,2026-05-01,64,0.1563,0.0313,2.0,536,0.1455,0.0653,1.074,0.479,False,False
612,FJ,2026-05-01,1,0.0,0.0,6.0,835,0.1629,0.0515,0.0,0.0,False,False
612,FR,2026-05-01,133,0.2331,0.0677,3.0,13115,0.152,0.0859,1.533,0.787,False,False
612,GA,2026-05-01,7,0.0,0.1429,2.0,360,0.1389,0.0722,0.0,1.978,False,False
612,GB,2026-05-01,733,0.0914,0.0628,3.0,22802,0.1349,0.083,0.677,0.756,True,False
612,GG,2026-05-01,1,0.0,0.0,14.0,40,0.075,0.05,0.0,0.0,False,False
612,GM,2026-05-01,1,0.0,0.0,1.0,268,0.1231,0.0522,0.0,0.0,False,False
612,GR,2026-05-01,1,0.0,0.0,2.0,1538,0.1567,0.0585,0.0,0.0,False,False
612,GT,2026-05-01,1,0.0,0.0,3.0,895,0.1743,0.0648,0.0,0.0,False,False
612,GU,2026-05-01,1,0.0,0.0,1.0,216,0.1898,0.0648,0.0,0.0,False,False
612,HK,2026-05-01,3,0.0,0.0,1.0,1658,0.1809,0.047,0.0,0.0,False,False
612,IE,2026-05-01,54,0.1296,0.1111,3.0,2033,0.12,0.0703,1.08,1.58,False,False
612,IL,2026-05-01,1,0.0,0.0,7.0,1801,0.1438,0.0611,0.0,0.0,False,False
612,IN,2026-05-01,20,0.05,0.05,1.0,1338,0.139,0.0538,0.36,0.929,False,False
612,IS,2026-05-01,1,1.0,0.0,,95,0.1789,0.1158,5.588,0.0,False,False
612,IT,2026-05-01,93,0.172,0.0323,2.0,9735,0.1631,0.0703,1.055,0.459,False,False
612,JM,2026-05-01,1,1.0,0.0,,5416,0.1265,0.0873,7.907,0.0,False,False
612,JP,2026-05-01,5,0.4,0.0,1.0,4435,0.1502,0.057,2.664,0.0,False,False
612,KE,2026-05-01,7,0.0,0.0,5.0,27740,0.1253,0.0624,0.0,0.0,False,False
612,KG,2026-05-01,1,0.0,0.0,3.0,287,0.1812,0.0453,0.0,0.0,False,False
612,KH,2026-05-01,1,1.0,0.0,,56,0.0536,0.1071,18.667,0.0,False,False
612,KR,2026-05-01,1,0.0,0.0,2.0,5603,0.2149,0.0575,0.0,0.0,False,False
612,LK,2026-05-01,2,0.0,0.0,1.5,135,0.0963,0.0963,0.0,0.0,False,False
612,LT,2026-05-01,1,0.0,0.0,1.0,356,0.132,0.1124,0.0,0.0,False,False
612,LU,2026-05-01,2,0.5,0.0,4.0,284,0.1408,0.0634,3.55,0.0,False,False
612,LV,2026-05-01,1,0.0,0.0,4.0,520,0.1673,0.0827,0.0,0.0,False,False
612,MA,2026-05-01,3,0.0,0.0,2.0,139,0.1295,0.0576,0.0,0.0,False,False
612,MD,2026-05-01,1,0.0,0.0,2.0,685,0.1431,0.0672,0.0,0.0,False,False
612,MQ,2026-05-01,1,1.0,0.0,,306,0.2059,0.0686,4.857,0.0,False,False
612,MT,2026-05-01,2,0.0,0.0,2.5,443,0.1038,0.0474,0.0,0.0,False,False
612,MW,2026-05-01,1,0.0,0.0,1.0,38,0.2105,0.1316,0.0,0.0,False,False
612,MX,2026-05-01,13,0.1538,0.2308,2.0,31523,0.1732,0.0786,0.888,2.936,False,False
612,NL,2026-05-01,724,0.1782,0.0235,2.0,5304,0.1508,0.0649,1.181,0.362,True,False
612,NO,2026-05-01,203,0.1921,0.0197,2.0,544,0.1544,0.0735,1.244,0.268,False,False
612,NZ,2026-05-01,155,0.1548,0.0968,4.0,2582,0.1294,0.0837,1.197,1.157,False,False
612,PH,2026-05-01,4,0.25,0.0,2.0,15287,0.1442,0.1035,1.733,0.0,False,False
612,PK,2026-05-01,3,0.0,0.0,1.0,96,0.0938,0.0625,0.0,0.0,False,False
612,PL,2026-05-01,5,0.4,0.0,5.0,1535,0.1362,0.0671,2.938,0.0,False,False
612,PT,2026-05-01,18,0.2222,0.0,2.0,3697,0.1388,0.0847,1.601,0.0,False,False
612,RO,2026-05-01,2,0.0,0.0,1.0,1662,0.1486,0.0608,0.0,0.0,False,False
612,RS,2026-05-01,4,0.0,0.0,14.5,1572,0.1323,0.0763,0.0,0.0,False,False
612,RU,2026-05-01,1,0.0,0.0,1.0,27,0.0741,0.037,0.0,0.0,False,False
612,RW,2026-05-01,1,0.0,0.0,5.0,226,0.0752,0.0398,0.0,0.0,False,False
612,SA,2026-05-01,4,0.0,0.0,1.0,64,0.0469,0.0781,0.0,0.0,False,False
612,SE,2026-05-01,243,0.1852,0.0535,2.0,1001,0.1449,0.0849,1.278,0.63,False,False
612,SG,2026-05-01,9,0.0,0.1111,1.0,4485,0.1373,0.0611,0.0,1.819,False,False
612,SK,2026-05-01,1,0.0,0.0,5.0,397,0.1436,0.0982,0.0,0.0,False,False
612,SM,2026-05-01,3,0.3333,0.0,1.0,12,0.25,0.0,1.333,,False,False
612,TG,2026-05-01,2,0.0,0.5,6.5,14,0.1429,0.0714,0.0,7.0,False,False
612,TH,2026-05-01,1,1.0,0.0,,3407,0.1685,0.0543,5.936,0.0,False,False
612,TR,2026-05-01,9,0.1111,0.2222,1.5,6012,0.1442,0.0477,0.77,4.655,False,False
612,TT,2026-05-01,3,0.0,0.0,3.0,546,0.1429,0.0971,0.0,0.0,False,False
612,TZ,2026-05-01,1,0.0,0.0,4.0,1826,0.1024,0.0597,0.0,0.0,False,False
612,UG,2026-05-01,2,0.0,0.0,7.0,1379,0.0754,0.0696,0.0,0.0,False,False
612,US,2026-05-01,4524,0.1357,0.0791,3.0,117666,0.1582,0.0852,0.858,0.928,True,False
612,VN,2026-05-01,1,0.0,0.0,2.0,3116,0.1909,0.0517,0.0,0.0,False,False
612,ZA,2026-05-01,4,0.25,0.0,11.0,22026,0.1417,0.0812,1.764,0.0,False,False
719,AD,2026-05-01,1,0.0,1.0,873.0,67,0.0746,0.0896,0.0,11.167,False,False
719,AE,2026-05-01,2,0.5,0.0,4.0,1652,0.0896,0.0557,5.581,0.0,False,False
719,AI,2026-05-01,1,0.0,0.0,24.0,49,0.1224,0.1429,0.0,0.0,False,False
719,AL,2026-05-01,2,0.5,0.0,3.0,482,0.11,0.0519,4.547,0.0,False,False
719,AS,2026-05-01,1,0.0,0.0,7.0,54,0.1296,0.0741,0.0,0.0,False,False
719,AU,2026-05-01,1365,0.1429,0.0813,4.0,11010,0.1401,0.0833,1.019,0.976,True,False
719,BD,2026-05-01,1,0.0,0.0,2.0,250,0.104,0.068,0.0,0.0,False,False
719,BE,2026-05-01,18,0.2222,0.1111,10.5,2536,0.1652,0.0777,1.345,1.43,False,False
719,BG,2026-05-01,1,0.0,0.0,1.0,950,0.1579,0.0926,0.0,0.0,False,False
719,BJ,2026-05-01,1,0.0,0.0,1.0,1019,0.1521,0.051,0.0,0.0,False,False
719,BR,2026-05-01,2,0.0,0.5,12.5,69807,0.1717,0.0795,0.0,6.287,False,False
719,CA,2026-05-01,560,0.1125,0.1107,4.0,13990,0.1397,0.088,0.805,1.258,True,False
719,CH,2026-05-01,9,0.1111,0.2222,2.5,1859,0.1603,0.0936,0.693,2.374,False,False
719,CI,2026-05-01,3,0.0,0.3333,19.0,577,0.0867,0.0728,0.0,4.579,False,False
719,CL,2026-05-01,1,0.0,0.0,3.0,8812,0.1614,0.0906,0.0,0.0,False,False
719,CR,2026-05-01,1,0.0,0.0,2.0,3157,0.1394,0.0865,0.0,0.0,False,False
719,CV,2026-05-01,1,0.0,0.0,8.0,132,0.2045,0.053,0.0,0.0,False,False
719,CZ,2026-05-01,1,0.0,0.0,2.0,421,0.1259,0.0736,0.0,0.0,False,False
719,DE,2026-05-01,4,0.0,0.25,1.5,7784,0.167,0.0709,0.0,3.525,False,False
719,DK,2026-05-01,1,0.0,0.0,2.0,507,0.1519,0.0809,0.0,0.0,False,False
719,EE,2026-05-01,1,1.0,0.0,,262,0.1527,0.084,6.55,0.0,False,False
719,ES,2026-05-01,2,0.0,0.0,2.5,13903,0.1569,0.0837,0.0,0.0,False,False
719,FI,2026-05-01,9,0.3333,0.0,3.0,536,0.1455,0.0653,2.291,0.0,False,False
719,FR,2026-05-01,6,0.0,0.1667,3.5,13115,0.152,0.0859,0.0,1.94,False,False
719,GB,2026-05-01,3277,0.1398,0.0824,4.0,22802,0.1349,0.083,1.036,0.993,True,False
719,GG,2026-05-01,1,0.0,0.0,10.0,40,0.075,0.05,0.0,0.0,False,False
719,GH,2026-05-01,1,0.0,0.0,11.0,1,0.0,0.0,,,False,False
719,GR,2026-05-01,1,0.0,0.0,1.0,1538,0.1567,0.0585,0.0,0.0,False,False
719,HK,2026-05-01,1,0.0,0.0,4.0,1658,0.1809,0.047,0.0,0.0,False,False
719,HU,2026-05-01,7,0.1429,0.0,1.5,678,0.149,0.0811,0.959,0.0,False,False
719,ID,2026-05-01,2,0.0,0.0,5.5,295,0.1085,0.0881,0.0,0.0,False,False
719,IE,2026-05-01,113,0.1681,0.1062,4.0,2033,0.12,0.0703,1.401,1.51,False,False
719,IL,2026-05-01,15,0.2,0.0667,2.5,1801,0.1438,0.0611,1.391,1.092,False,False
719,IN,2026-05-01,10,0.1,0.0,2.0,1338,0.139,0.0538,0.719,0.0,False,False
719,IT,2026-05-01,3,0.0,0.0,2.0,9735,0.1631,0.0703,0.0,0.0,False,False
719,JM,2026-05-01,5,0.0,0.2,4.0,5416,0.1265,0.0873,0.0,2.29,False,False
719,JP,2026-05-01,3,0.0,0.0,3.0,4435,0.1502,0.057,0.0,0.0,False,False
719,KE,2026-05-01,9,0.1111,0.0,2.0,27740,0.1253,0.0624,0.887,0.0,False,False
719,KR,2026-05-01,1,0.0,0.0,5.0,5603,0.2149,0.0575,0.0,0.0,False,False
719,KZ,2026-05-01,2,1.0,0.0,,41,0.0244,0.0732,41.0,0.0,False,False
719,MD,2026-05-01,3,0.3333,0.0,2.0,685,0.1431,0.0672,2.33,0.0,False,False
719,MX,2026-05-01,5,0.0,0.0,4.0,31523,0.1732,0.0786,0.0,0.0,False,False
719,MY,2026-05-01,1,0.0,0.0,1.0,6509,0.1324,0.0705,0.0,0.0,False,False
719,NE,2026-05-01,1,0.0,1.0,53.0,446,0.204,0.0404,0.0,24.778,False,False
719,NL,2026-05-01,42,0.1429,0.1905,3.0,5304,0.1508,0.0649,0.947,2.937,False,False
719,NO,2026-05-01,13,0.2308,0.0769,2.5,544,0.1544,0.0735,1.495,1.046,False,False
719,NZ,2026-05-01,360,0.1333,0.0694,4.0,2582,0.1294,0.0837,1.031,0.83,False,False
719,PE,2026-05-01,1,0.0,0.0,2.0,6635,0.1926,0.0803,0.0,0.0,False,False
719,PH,2026-05-01,3,0.0,0.3333,3.0,15287,0.1442,0.1035,0.0,3.221,False,False
719,PL,2026-05-01,5,0.2,0.2,6.0,1535,0.1362,0.0671,1.469,2.981,False,False
719,PT,2026-05-01,14,0.0714,0.2143,9.0,3697,0.1388,0.0847,0.515,2.531,False,False
719,RO,2026-05-01,2,0.0,0.0,4.0,1662,0.1486,0.0608,0.0,0.0,False,False
719,RS,2026-05-01,1,0.0,0.0,15.0,1572,0.1323,0.0763,0.0,0.0,False,False
719,SA,2026-05-01,1,0.0,0.0,15.0,64,0.0469,0.0781,0.0,0.0,False,False
719,SE,2026-05-01,17,0.1765,0.1765,4.0,1001,0.1449,0.0849,1.218,2.078,False,False
719,SG,2026-05-01,3,0.0,0.3333,1.0,4485,0.1373,0.0611,0.0,5.456,False,False
719,TH,2026-05-01,2,0.0,0.0,2.5,3407,0.1685,0.0543,0.0,0.0,False,False
719,TR,2026-05-01,2,0.0,0.0,2.0,6012,0.1442,0.0477,0.0,0.0,False,False
719,UG,2026-05-01,5,0.2,0.4,17.5,1379,0.0754,0.0696,2.652,5.746,False,False
719,US,2026-05-01,10760,0.1556,0.0818,3.0,117666,0.1582,0.0852,0.983,0.96,True,False
719,ZA,2026-05-01,9,0.2222,0.1111,6.0,22026,0.1417,0.0812,1.568,1.368,False,False
730,AD,2026-05-01,1,0.0,0.0,51.0,67,0.0746,0.0896,0.0,0.0,False,False
730,AE,2026-05-01,1,0.0,0.0,2.0,1652,0.0896,0.0557,0.0,0.0,False,False
730,AI,2026-05-01,1,0.0,0.0,2.0,49,0.1224,0.1429,0.0,0.0,False,False
730,AL,2026-05-01,3,0.3333,0.0,26.0,482,0.11,0.0519,3.031,0.0,False,False
730,AM,2026-05-01,1,0.0,0.0,25.0,674,0.138,0.0297,0.0,0.0,False,False
730,AR,2026-05-01,4,0.0,0.0,1.5,8159,0.1484,0.0924,0.0,0.0,False,False
730,AT,2026-05-01,53,0.2453,0.0755,3.0,1090,0.1569,0.0716,1.563,1.055,False,False
730,AU,2026-05-01,517,0.1605,0.0619,3.0,11010,0.1401,0.0833,1.146,0.743,True,False
730,AX,2026-05-01,7,0.2857,0.4286,25.0,54,0.0185,0.1667,15.429,2.571,False,False
730,BE,2026-05-01,281,0.1851,0.0712,3.0,2536,0.1652,0.0777,1.12,0.916,False,False
730,BG,2026-05-01,1,0.0,0.0,4.0,950,0.1579,0.0926,0.0,0.0,False,False
730,BR,2026-05-01,4556,0.1642,0.0544,2.0,69807,0.1717,0.0795,0.956,0.684,True,False
730,BT,2026-05-01,1,0.0,0.0,14.0,222,0.1757,0.0495,0.0,0.0,False,False
730,CA,2026-05-01,616,0.1623,0.0649,3.0,13990,0.1397,0.088,1.162,0.738,True,False
730,CH,2026-05-01,59,0.1186,0.1017,3.5,1859,0.1603,0.0936,0.74,1.086,False,False
730,CO,2026-05-01,4,0.25,0.25,6.0,6738,0.1977,0.088,1.265,2.841,False,False
730,DE,2026-05-01,260,0.1615,0.0692,3.0,7784,0.167,0.0709,0.967,0.976,False,False
730,DK,2026-05-01,249,0.1165,0.1044,4.0,507,0.1519,0.0809,0.767,1.291,False,False
730,DZ,2026-05-01,1,0.0,1.0,25.0,115,0.0609,0.0435,0.0,23.0,False,False
730,ES,2026-05-01,15,0.2667,0.0667,7.0,13903,0.1569,0.0837,1.7,0.796,False,False
730,FI,2026-05-01,118,0.1271,0.0424,3.0,536,0.1455,0.0653,0.874,0.649,False,False
730,FR,2026-05-01,5,0.2,0.0,1.5,13115,0.152,0.0859,1.315,0.0,False,False
730,GB,2026-05-01,1305,0.1747,0.0544,2.0,22802,0.1349,0.083,1.295,0.656,True,False
730,GF,2026-05-01,1,0.0,0.0,4.0,95,0.1368,0.0842,0.0,0.0,False,False
730,GN,2026-05-01,1,0.0,0.0,1.0,38,0.2368,0.0263,0.0,0.0,False,False
730,GR,2026-05-01,1,0.0,0.0,1.0,1538,0.1567,0.0585,0.0,0.0,False,False
730,HK,2026-05-01,2,0.0,0.0,1.5,1658,0.1809,0.047,0.0,0.0,False,False
730,HR,2026-05-01,1,0.0,0.0,7.0,808,0.1448,0.0606,0.0,0.0,False,False
730,IE,2026-05-01,4,0.25,0.0,1.0,2033,0.12,0.0703,2.083,0.0,False,False
730,IN,2026-05-01,3,0.0,0.0,5.0,1338,0.139,0.0538,0.0,0.0,False,False
730,IS,2026-05-01,46,0.1522,0.1304,4.0,95,0.1789,0.1158,0.85,1.126,False,False
730,IT,2026-05-01,5,0.0,0.0,2.0,9735,0.1631,0.0703,0.0,0.0,False,False
730,JM,2026-05-01,4,0.0,0.25,16.0,5416,0.1265,0.0873,0.0,2.863,False,False
730,JP,2026-05-01,1,0.0,0.0,1.0,4435,0.1502,0.057,0.0,0.0,False,False
730,KY,2026-05-01,1,1.0,0.0,,203,0.1773,0.1133,5.639,0.0,False,False
730,KZ,2026-05-01,1,0.0,1.0,8.0,41,0.0244,0.0732,0.0,13.667,False,False
730,LT,2026-05-01,1,1.0,0.0,,356,0.132,0.1124,7.574,0.0,False,False
730,LV,2026-05-01,1,0.0,0.0,3.0,520,0.1673,0.0827,0.0,0.0,False,False
730,MA,2026-05-01,1,0.0,0.0,3.0,139,0.1295,0.0576,0.0,0.0,False,False
730,MD,2026-05-01,2,0.0,0.0,19.0,685,0.1431,0.0672,0.0,0.0,False,False
730,MX,2026-05-01,4,0.0,0.0,2.0,31523,0.1732,0.0786,0.0,0.0,False,False
730,NL,2026-05-01,15,0.0,0.0667,7.0,5304,0.1508,0.0649,0.0,1.028,False,False
730,NO,2026-05-01,140,0.15,0.0429,3.0,544,0.1544,0.0735,0.971,0.583,False,False
730,NZ,2026-05-01,148,0.1486,0.0743,3.0,2582,0.1294,0.0837,1.149,0.888,False,False
730,PH,2026-05-01,1,0.0,0.0,11.0,15287,0.1442,0.1035,0.0,0.0,False,False
730,PL,2026-05-01,8,0.0,0.125,1.5,1535,0.1362,0.0671,0.0,1.863,False,False
730,PR,2026-05-01,1,0.0,0.0,7.0,2387,0.1739,0.1035,0.0,0.0,False,False
730,PT,2026-05-01,4,0.25,0.25,4.0,3697,0.1388,0.0847,1.802,2.953,False,False
730,RO,2026-05-01,2,0.0,0.0,3.5,1662,0.1486,0.0608,0.0,0.0,False,False
730,RS,2026-05-01,1,0.0,0.0,1.0,1572,0.1323,0.0763,0.0,0.0,False,False
730,SE,2026-05-01,312,0.1667,0.0705,3.0,1001,0.1449,0.0849,1.151,0.83,False,False
730,TH,2026-05-01,2,0.0,0.0,12.0,3407,0.1685,0.0543,0.0,0.0,False,False
730,TR,2026-05-01,4,0.5,0.0,2.0,6012,0.1442,0.0477,3.467,0.0,False,False
730,US,2026-05-01,3506,0.1643,0.0687,3.0,117666,0.1582,0.0852,1.038,0.806,True,False
730,VI,2026-05-01,1,0.0,0.0,10.0,73,0.0685,0.0959,0.0,0.0,False,False
833,AD,2026-05-01,1,0.0,0.0,3.0,67,0.0746,0.0896,0.0,0.0,False,False
833,AG,2026-05-01,6,0.5,0.0,1.0,100,0.14,0.07,3.571,0.0,False,False
833,AL,2026-05-01,6,0.0,0.5,7.0,482,0.11,0.0519,0.0,9.64,False,False
833,AO,2026-05-01,2,0.0,0.0,15.0,945,0.2275,0.0423,0.0,0.0,False,False
833,AR,2026-05-01,2,0.5,0.0,6.0,8159,0.1484,0.0924,3.369,0.0,False,False
833,AT,2026-05-01,1,0.0,0.0,18.0,1090,0.1569,0.0716,0.0,0.0,False,False
833,AU,2026-05-01,8511,0.1633,0.0448,2.0,11010,0.1401,0.0833,1.165,0.537,True,False
833,AW,2026-05-01,1,0.0,0.0,3.0,149,0.1544,0.0872,0.0,0.0,False,False
833,AX,2026-05-01,4,0.0,0.0,5.0,54,0.0185,0.1667,0.0,0.0,False,False
833,BD,2026-05-01,1,1.0,0.0,,250,0.104,0.068,9.615,0.0,False,False
833,BE,2026-05-01,71,0.2394,0.0141,1.0,2536,0.1652,0.0777,1.449,0.181,False,False
833,BM,2026-05-01,2,0.0,0.0,8.0,92,0.1522,0.1196,0.0,0.0,False,False
833,BR,2026-05-01,1,0.0,0.0,12.0,69807,0.1717,0.0795,0.0,0.0,False,False
833,CA,2026-05-01,12013,0.191,0.0443,2.0,13990,0.1397,0.088,1.367,0.503,True,True
833,CH,2026-05-01,1,1.0,0.0,,1859,0.1603,0.0936,6.238,0.0,False,False
833,CZ,2026-05-01,2,0.0,0.0,1.0,421,0.1259,0.0736,0.0,0.0,False,False
833,DE,2026-05-01,2,0.0,0.0,3.5,7784,0.167,0.0709,0.0,0.0,False,False
833,DK,2026-05-01,2,0.0,0.5,753.0,507,0.1519,0.0809,0.0,6.183,False,False
833,DO,2026-05-01,2,0.0,0.0,13.5,6156,0.1766,0.077,0.0,0.0,False,False
833,DZ,2026-05-01,2,0.0,0.0,17.5,115,0.0609,0.0435,0.0,0.0,False,False
833,EC,2026-05-01,1,0.0,0.0,2.0,3707,0.178,0.0936,0.0,0.0,False,False
833,EE,2026-05-01,1,0.0,0.0,14.0,262,0.1527,0.084,0.0,0.0,False,False
833,FR,2026-05-01,5,0.0,0.0,1.0,13115,0.152,0.0859,0.0,0.0,False,False
833,GB,2026-05-01,16164,0.1812,0.0436,2.0,22802,0.1349,0.083,1.343,0.526,True,True
833,GE,2026-05-01,1,0.0,0.0,18.0,828,0.1425,0.0266,0.0,0.0,False,False
833,GN,2026-05-01,1,0.0,0.0,19.0,38,0.2368,0.0263,0.0,0.0,False,False
833,IE,2026-05-01,2061,0.1883,0.0412,2.0,2033,0.12,0.0703,1.569,0.586,True,True
833,KH,2026-05-01,1,0.0,0.0,1.0,56,0.0536,0.1071,0.0,0.0,False,False
833,KY,2026-05-01,1,0.0,0.0,1.0,203,0.1773,0.1133,0.0,0.0,False,False
833,MD,2026-05-01,1,0.0,0.0,46.0,685,0.1431,0.0672,0.0,0.0,False,False
833,MX,2026-05-01,13,0.1538,0.1538,5.0,31523,0.1732,0.0786,0.888,1.957,False,False
833,NL,2026-05-01,13,0.2308,0.0,1.5,5304,0.1508,0.0649,1.53,0.0,False,False
833,NO,2026-05-01,3,0.6667,0.0,2.0,544,0.1544,0.0735,4.317,0.0,False,False
833,NZ,2026-05-01,3432,0.1646,0.0437,2.0,2582,0.1294,0.0837,1.273,0.522,True,False
833,PE,2026-05-01,2,0.0,0.0,1.0,6635,0.1926,0.0803,0.0,0.0,False,False
833,PH,2026-05-01,1,0.0,0.0,3.0,15287,0.1442,0.1035,0.0,0.0,False,False
833,PL,2026-05-01,1,0.0,0.0,14.0,1535,0.1362,0.0671,0.0,0.0,False,False
833,PR,2026-05-01,13,0.3077,0.0,2.0,2387,0.1739,0.1035,1.77,0.0,False,False
833,RO,2026-05-01,1,1.0,0.0,,1662,0.1486,0.0608,6.729,0.0,False,False
833,RS,2026-05-01,1,1.0,0.0,,1572,0.1323,0.0763,7.558,0.0,False,False
833,SV,2026-05-01,6,0.1667,0.0,2.0,1323,0.1882,0.0801,0.886,0.0,False,False
833,US,2026-05-01,118782,0.2007,0.0414,2.0,117666,0.1582,0.0852,1.269,0.486,True,False
851,AR,2026-05-01,2,0.0,0.0,1.5,8159,0.1484,0.0924,0.0,0.0,False,False
851,AT,2026-05-01,4,0.5,0.0,1.5,1090,0.1569,0.0716,3.187,0.0,False,False
851,AU,2026-05-01,7,0.2857,0.1429,2.0,11010,0.1401,0.0833,2.039,1.715,False,False
851,AW,2026-05-01,1,0.0,0.0,2.0,149,0.1544,0.0872,0.0,0.0,False,False
851,BD,2026-05-01,4,0.0,0.0,1.5,250,0.104,0.068,0.0,0.0,False,False
851,BE,2026-05-01,4,0.25,0.0,2.0,2536,0.1652,0.0777,1.513,0.0,False,False
851,BG,2026-05-01,2,1.0,0.0,,950,0.1579,0.0926,6.333,0.0,False,False
851,BR,2026-05-01,6,0.3333,0.0,1.0,69807,0.1717,0.0795,1.941,0.0,False,False
851,CA,2026-05-01,9,0.3333,0.0,2.5,13990,0.1397,0.088,2.387,0.0,False,False
851,CH,2026-05-01,3,0.3333,0.0,1.5,1859,0.1603,0.0936,2.079,0.0,False,False
851,CL,2026-05-01,1549,0.1323,0.0213,1.0,8812,0.1614,0.0906,0.82,0.235,True,False
851,CM,2026-05-01,1,0.0,0.0,1.0,73,0.1096,0.0959,0.0,0.0,False,False
851,CN,2026-05-01,2,1.0,0.0,,395,0.357,0.0456,2.801,0.0,False,False
851,CZ,2026-05-01,20,0.1,0.15,6.0,421,0.1259,0.0736,0.794,2.037,False,False
851,DE,2026-05-01,20,0.45,0.0,2.0,7784,0.167,0.0709,2.694,0.0,False,False
851,DO,2026-05-01,2,0.0,0.0,1.0,6156,0.1766,0.077,0.0,0.0,False,False
851,ES,2026-05-01,1600,0.1869,0.0475,2.0,13903,0.1569,0.0837,1.191,0.567,True,False
851,FR,2026-05-01,55,0.1636,0.0,2.0,13115,0.152,0.0859,1.076,0.0,False,False
851,GB,2026-05-01,175,0.1943,0.0514,2.0,22802,0.1349,0.083,1.44,0.62,False,False
851,GP,2026-05-01,1,0.0,0.0,2.0,304,0.1809,0.0789,0.0,0.0,False,False
851,GR,2026-05-01,1,0.0,0.0,1.0,1538,0.1567,0.0585,0.0,0.0,False,False
851,GY,2026-05-01,1,0.0,0.0,2.0,441,0.1429,0.059,0.0,0.0,False,False
851,HK,2026-05-01,27,0.2222,0.0,1.0,1658,0.1809,0.047,1.228,0.0,False,False
851,HR,2026-05-01,408,0.1593,0.0515,2.0,808,0.1448,0.0606,1.1,0.849,False,False
851,HU,2026-05-01,8,0.0,0.125,3.0,678,0.149,0.0811,0.0,1.541,False,False
851,ID,2026-05-01,3,0.0,0.0,1.0,295,0.1085,0.0881,0.0,0.0,False,False
851,IE,2026-05-01,8,0.0,0.0,1.5,2033,0.12,0.0703,0.0,0.0,False,False
851,IN,2026-05-01,2,0.0,0.5,43.5,1338,0.139,0.0538,0.0,9.292,False,False
851,IS,2026-05-01,24,0.1667,0.0417,1.0,95,0.1789,0.1158,0.931,0.36,False,False
851,IT,2026-05-01,11,0.0909,0.0,1.5,9735,0.1631,0.0703,0.557,0.0,False,False
851,JP,2026-05-01,1,0.0,0.0,1.0,4435,0.1502,0.057,0.0,0.0,False,False
851,KE,2026-05-01,6,0.5,0.0,2.0,27740,0.1253,0.0624,3.99,0.0,False,False
851,KW,2026-05-01,1,0.0,0.0,1.0,10,0.0,0.0,,,False,False
851,LI,2026-05-01,4,0.0,0.25,2.0,10,0.1,0.1,0.0,2.5,False,False
851,LT,2026-05-01,10,0.1,0.1,3.0,356,0.132,0.1124,0.757,0.89,False,False
851,LU,2026-05-01,43,0.1163,0.0,1.0,284,0.1408,0.0634,0.826,0.0,False,False
851,LV,2026-05-01,2,0.0,0.0,2.0,520,0.1673,0.0827,0.0,0.0,False,False
851,MQ,2026-05-01,1,0.0,0.0,3.0,306,0.2059,0.0686,0.0,0.0,False,False
851,MT,2026-05-01,140,0.1429,0.0286,1.0,443,0.1038,0.0474,1.376,0.603,False,False
851,MX,2026-05-01,19,0.2632,0.0,2.0,31523,0.1732,0.0786,1.52,0.0,False,False
851,MY,2026-05-01,2,0.0,0.0,5.5,6509,0.1324,0.0705,0.0,0.0,False,False
851,MZ,2026-05-01,1,0.0,0.0,1.0,1080,0.1917,0.0444,0.0,0.0,False,False
851,NE,2026-05-01,1,1.0,0.0,,446,0.204,0.0404,4.901,0.0,False,False
851,NL,2026-05-01,26,0.1154,0.0385,1.0,5304,0.1508,0.0649,0.765,0.593,False,False
851,NO,2026-05-01,3,0.0,0.0,2.0,544,0.1544,0.0735,0.0,0.0,False,False
851,NZ,2026-05-01,246,0.1138,0.0163,1.0,2582,0.1294,0.0837,0.88,0.194,False,False
851,PE,2026-05-01,4,0.0,0.0,1.0,6635,0.1926,0.0803,0.0,0.0,False,False
851,PH,2026-05-01,3,0.0,0.0,3.0,15287,0.1442,0.1035,0.0,0.0,False,False
851,PL,2026-05-01,128,0.125,0.0859,4.0,1535,0.1362,0.0671,0.918,1.281,False,False
851,PT,2026-05-01,1,0.0,0.0,7.0,3697,0.1388,0.0847,0.0,0.0,False,False
851,RO,2026-05-01,5,0.2,0.0,8.5,1662,0.1486,0.0608,1.346,0.0,False,False
851,SA,2026-05-01,3,0.0,0.0,1.0,64,0.0469,0.0781,0.0,0.0,False,False
851,SE,2026-05-01,1,0.0,0.0,1.0,1001,0.1449,0.0849,0.0,0.0,False,False
851,SG,2026-05-01,1450,0.1517,0.0172,1.0,4485,0.1373,0.0611,1.105,0.282,True,False
851,SK,2026-05-01,9,0.0,0.0,8.0,397,0.1436,0.0982,0.0,0.0,False,False
851,SV,2026-05-01,1,1.0,0.0,,1323,0.1882,0.0801,5.313,0.0,False,False
851,TW,2026-05-01,1,0.0,0.0,1.0,1269,0.1805,0.0638,0.0,0.0,False,False
851,TZ,2026-05-01,1,0.0,0.0,2.0,1826,0.1024,0.0597,0.0,0.0,False,False
851,UG,2026-05-01,3,0.0,0.0,1.0,1379,0.0754,0.0696,0.0,0.0,False,False
851,US,2026-05-01,947,0.207,0.0127,1.0,117666,0.1582,0.0852,1.308,0.149,True,True
851,VN,2026-05-01,1,0.0,0.0,1.0,3116,0.1909,0.0517,0.0,0.0,False,False
851,ZA,2026-05-01,77,0.1039,0.0,1.0,22026,0.1417,0.0812,0.733,0.0,False,False
889,AD,2026-05-01,1,0.0,1.0,97.0,67,0.0746,0.0896,0.0,11.167,False,False
889,AO,2026-05-01,1,0.0,0.0,28.0,945,0.2275,0.0423,0.0,0.0,False,False
889,AS,2026-05-01,1,0.0,0.0,1.0,54,0.1296,0.0741,0.0,0.0,False,False
889,AX,2026-05-01,1,0.0,0.0,6.0,54,0.0185,0.1667,0.0,0.0,False,False
889,BE,2026-05-01,1,1.0,0.0,,2536,0.1652,0.0777,6.053,0.0,False,False
889,BR,2026-05-01,1283,0.145,0.0803,2.0,69807,0.1717,0.0795,0.844,1.009,True,False
889,CA,2026-05-01,2,0.0,0.0,13.5,13990,0.1397,0.088,0.0,0.0,False,False
889,CH,2026-05-01,1,0.0,0.0,12.0,1859,0.1603,0.0936,0.0,0.0,False,False
889,DE,2026-05-01,1895,0.1298,0.124,5.0,7784,0.167,0.0709,0.777,1.749,True,False
889,DK,2026-05-01,1,0.0,0.0,3.0,507,0.1519,0.0809,0.0,0.0,False,False
889,ES,2026-05-01,1493,0.1353,0.0857,4.0,13903,0.1569,0.0837,0.862,1.024,True,False
889,FR,2026-05-01,2507,0.1344,0.0961,3.0,13115,0.152,0.0859,0.884,1.119,True,False
889,IE,2026-05-01,2,1.0,0.0,,2033,0.12,0.0703,8.332,0.0,False,False
889,IT,2026-05-01,4047,0.1161,0.0857,3.0,9735,0.1631,0.0703,0.712,1.22,True,False
889,LT,2026-05-01,1,0.0,0.0,2.0,356,0.132,0.1124,0.0,0.0,False,False
889,NL,2026-05-01,4,0.25,0.0,1.0,5304,0.1508,0.0649,1.658,0.0,False,False
889,RE,2026-05-01,1,0.0,0.0,2.0,306,0.1732,0.1078,0.0,0.0,False,False
889,US,2026-05-01,1,1.0,0.0,,117666,0.1582,0.0852,6.321,0.0,False,False
897,AE,2026-05-01,1,0.0,0.0,3.0,1652,0.0896,0.0557,0.0,0.0,False,False
897,AI,2026-05-01,1,0.0,1.0,20.0,49,0.1224,0.1429,0.0,7.0,False,False
897,AL,2026-05-01,3,0.0,0.0,1.0,482,0.11,0.0519,0.0,0.0,False,False
897,AT,2026-05-01,26,0.1154,0.0769,3.0,1090,0.1569,0.0716,0.735,1.075,False,False
897,AU,2026-05-01,771,0.1245,0.0752,3.0,11010,0.1401,0.0833,0.888,0.903,True,False
897,BE,2026-05-01,81,0.1235,0.1728,4.0,2536,0.1652,0.0777,0.747,2.225,False,False
897,BG,2026-05-01,29,0.1724,0.0,3.0,950,0.1579,0.0926,1.092,0.0,False,False
897,BO,2026-05-01,1,0.0,0.0,2.0,1553,0.199,0.0541,0.0,0.0,False,False
897,BR,2026-05-01,33,0.1818,0.0909,1.0,69807,0.1717,0.0795,1.059,1.143,False,False
897,CA,2026-05-01,745,0.1409,0.0832,3.0,13990,0.1397,0.088,1.009,0.946,True,False
897,CH,2026-05-01,17,0.1765,0.1176,2.5,1859,0.1603,0.0936,1.101,1.257,False,False
897,CM,2026-05-01,1,0.0,0.0,1.0,73,0.1096,0.0959,0.0,0.0,False,False
897,CO,2026-05-01,2,0.5,0.0,1.0,6738,0.1977,0.088,2.529,0.0,False,False
897,CR,2026-05-01,1,0.0,0.0,7.0,3157,0.1394,0.0865,0.0,0.0,False,False
897,CV,2026-05-01,1,0.0,0.0,10.0,132,0.2045,0.053,0.0,0.0,False,False
897,CZ,2026-05-01,27,0.1111,0.037,1.0,421,0.1259,0.0736,0.883,0.503,False,False
897,DE,2026-05-01,203,0.1872,0.064,3.0,7784,0.167,0.0709,1.121,0.903,False,False
897,DK,2026-05-01,41,0.0,0.0488,3.0,507,0.1519,0.0809,0.0,0.603,False,False
897,DO,2026-05-01,1,0.0,0.0,5.0,6156,0.1766,0.077,0.0,0.0,False,False
897,DZ,2026-05-01,2,0.0,0.0,6.5,115,0.0609,0.0435,0.0,0.0,False,False
897,EE,2026-05-01,5,0.0,0.2,1.0,262,0.1527,0.084,0.0,2.382,False,False
897,ES,2026-05-01,3,0.6667,0.3333,22.0,13903,0.1569,0.0837,4.25,3.981,False,False
897,FI,2026-05-01,15,0.1333,0.2667,13.0,536,0.1455,0.0653,0.916,4.084,False,False
897,FO,2026-05-01,2,0.5,0.0,15.0,22,0.1364,0.0455,3.667,0.0,False,False
897,FR,2026-05-01,242,0.1736,0.1116,4.0,13115,0.152,0.0859,1.142,1.298,False,False
897,GB,2026-05-01,1532,0.1305,0.062,2.0,22802,0.1349,0.083,0.967,0.747,True,False
897,GG,2026-05-01,4,0.5,0.0,9.5,40,0.075,0.05,6.667,0.0,False,False
897,GI,2026-05-01,4,0.0,0.0,2.0,30,0.1,0.0667,0.0,0.0,False,False
897,GP,2026-05-01,1,0.0,0.0,2.0,304,0.1809,0.0789,0.0,0.0,False,False
897,GR,2026-05-01,81,0.1852,0.0741,3.5,1538,0.1567,0.0585,1.182,1.266,False,False
897,GT,2026-05-01,1,1.0,0.0,,895,0.1743,0.0648,5.737,0.0,False,False
897,HR,2026-05-01,21,0.3333,0.0952,3.0,808,0.1448,0.0606,2.302,1.57,False,False
897,HU,2026-05-01,49,0.1224,0.102,3.0,678,0.149,0.0811,0.822,1.258,False,False
897,ID,2026-05-01,1,0.0,0.0,5.0,295,0.1085,0.0881,0.0,0.0,False,False
897,IE,2026-05-01,74,0.1486,0.0676,1.0,2033,0.12,0.0703,1.239,0.961,False,False
897,IM,2026-05-01,6,0.0,0.0,4.0,69,0.2174,0.029,0.0,0.0,False,False
897,IS,2026-05-01,4,0.0,0.0,1.5,95,0.1789,0.1158,0.0,0.0,False,False
897,IT,2026-05-01,231,0.1645,0.0519,3.0,9735,0.1631,0.0703,1.008,0.739,False,False
897,JE,2026-05-01,4,0.25,0.0,7.0,75,0.1733,0.1467,1.442,0.0,False,False
897,JM,2026-05-01,1,0.0,0.0,3.0,5416,0.1265,0.0873,0.0,0.0,False,False
897,JP,2026-05-01,2,0.0,0.0,3.5,4435,0.1502,0.057,0.0,0.0,False,False
897,KE,2026-05-01,1,0.0,0.0,5.0,27740,0.1253,0.0624,0.0,0.0,False,False
897,KH,2026-05-01,1,0.0,0.0,47.0,56,0.0536,0.1071,0.0,0.0,False,False
897,KR,2026-05-01,4,0.25,0.0,5.0,5603,0.2149,0.0575,1.163,0.0,False,False
897,LT,2026-05-01,8,0.0,0.0,4.5,356,0.132,0.1124,0.0,0.0,False,False
897,LU,2026-05-01,5,0.2,0.0,1.0,284,0.1408,0.0634,1.42,0.0,False,False
897,LV,2026-05-01,7,0.1429,0.0,2.5,520,0.1673,0.0827,0.854,0.0,False,False
897,MD,2026-05-01,2,0.0,0.0,5.0,685,0.1431,0.0672,0.0,0.0,False,False
897,ME,2026-05-01,1,0.0,0.0,1.0,256,0.0898,0.0938,0.0,0.0,False,False
897,MO,2026-05-01,1,1.0,0.0,,42,0.119,0.0952,8.4,0.0,False,False
897,MT,2026-05-01,30,0.2,0.0333,2.0,443,0.1038,0.0474,1.926,0.703,False,False
897,MU,2026-05-01,1,0.0,0.0,4.0,822,0.1484,0.0754,0.0,0.0,False,False
897,MX,2026-05-01,15,0.1333,0.0667,2.0,31523,0.1732,0.0786,0.77,0.848,False,False
897,NL,2026-05-01,78,0.2308,0.1026,3.0,5304,0.1508,0.0649,1.53,1.581,False,False
897,NO,2026-05-01,22,0.0455,0.0455,3.0,544,0.1544,0.0735,0.294,0.618,False,False
897,NP,2026-05-01,1,0.0,0.0,14.0,14,0.0714,0.0,0.0,,False,False
897,NZ,2026-05-01,142,0.1127,0.0423,3.0,2582,0.1294,0.0837,0.871,0.505,False,False
897,PA,2026-05-01,1,0.0,0.0,3.0,2255,0.1592,0.0696,0.0,0.0,False,False
897,PE,2026-05-01,1,0.0,0.0,1.0,6635,0.1926,0.0803,0.0,0.0,False,False
897,PH,2026-05-01,41,0.1951,0.0976,2.0,15287,0.1442,0.1035,1.353,0.943,False,False
897,PL,2026-05-01,56,0.1429,0.0893,3.0,1535,0.1362,0.0671,1.049,1.331,False,False
897,PR,2026-05-01,8,0.0,0.0,1.0,2387,0.1739,0.1035,0.0,0.0,False,False
897,PT,2026-05-01,163,0.1043,0.0491,3.0,3697,0.1388,0.0847,0.752,0.58,False,False
897,RO,2026-05-01,9,0.0,0.2222,16.0,1662,0.1486,0.0608,0.0,3.657,False,False
897,SA,2026-05-01,1,0.0,0.0,1.0,64,0.0469,0.0781,0.0,0.0,False,False
897,SE,2026-05-01,68,0.0882,0.0882,4.0,1001,0.1449,0.0849,0.609,1.039,False,False
897,SI,2026-05-01,19,0.1579,0.1053,2.0,351,0.1168,0.094,1.352,1.12,False,False
897,SK,2026-05-01,12,0.0,0.0833,2.0,397,0.1436,0.0982,0.0,0.848,False,False
897,SM,2026-05-01,1,1.0,0.0,,12,0.25,0.0,4.0,,False,False
897,SV,2026-05-01,2,0.0,0.0,4.0,1323,0.1882,0.0801,0.0,0.0,False,False
897,TH,2026-05-01,3,0.0,0.3333,11.0,3407,0.1685,0.0543,0.0,6.139,False,False
897,TK,2026-05-01,1,0.0,0.0,5.0,,,,,,False,False
897,TR,2026-05-01,7,0.0,0.0,7.0,6012,0.1442,0.0477,0.0,0.0,False,False
897,TT,2026-05-01,2,0.5,0.0,2.0,546,0.1429,0.0971,3.5,0.0,False,False
897,TZ,2026-05-01,1,0.0,0.0,5.0,1826,0.1024,0.0597,0.0,0.0,False,False
897,US,2026-05-01,8848,0.1569,0.057,2.0,117666,0.1582,0.0852,0.992,0.668,True,False
897,VI,2026-05-01,2,0.0,0.0,1.0,73,0.0685,0.0959,0.0,0.0,False,False
897,VN,2026-05-01,1,0.0,0.0,7.0,3116,0.1909,0.0517,0.0,0.0,False,False
897,WF,2026-05-01,1,0.0,0.0,1.0,2,0.5,0.0,0.0,,False,False
911,AE,2026-05-01,1,0.0,0.0,2.0,1652,0.0896,0.0557,0.0,0.0,False,False
911,AI,2026-05-01,1,0.0,0.0,1.0,49,0.1224,0.1429,0.0,0.0,False,False
911,AR,2026-05-01,413,0.1937,0.0339,1.0,8159,0.1484,0.0924,1.305,0.367,False,False
911,AS,2026-05-01,2,0.5,0.0,1.0,54,0.1296,0.0741,3.857,0.0,False,False
911,AU,2026-05-01,14,0.0,0.0714,1.0,11010,0.1401,0.0833,0.0,0.858,False,False
911,BO,2026-05-01,1,0.0,0.0,1.0,1553,0.199,0.0541,0.0,0.0,False,False
911,BR,2026-05-01,54290,0.2328,0.0105,1.0,69807,0.1717,0.0795,1.356,0.132,True,True
911,CA,2026-05-01,15,0.2667,0.0,1.0,13990,0.1397,0.088,1.909,0.0,False,False
911,CL,2026-05-01,4,0.0,0.25,1.0,8812,0.1614,0.0906,0.0,2.761,False,False
911,CO,2026-05-01,2181,0.2045,0.0101,1.0,6738,0.1977,0.088,1.034,0.115,True,False
911,CV,2026-05-01,12,0.0833,0.0833,1.0,132,0.2045,0.053,0.407,1.571,False,False
911,DE,2026-05-01,68,0.25,0.0441,2.0,7784,0.167,0.0709,1.497,0.622,False,False
911,EC,2026-05-01,8,0.125,0.0,2.0,3707,0.178,0.0936,0.702,0.0,False,False
911,ES,2026-05-01,14,0.2143,0.0,1.0,13903,0.1569,0.0837,1.366,0.0,False,False
911,FR,2026-05-01,54,0.1667,0.037,2.0,13115,0.152,0.0859,1.096,0.431,False,False
911,GB,2026-05-01,6,0.1667,0.0,2.0,22802,0.1349,0.083,1.235,0.0,False,False
911,GF,2026-05-01,1,0.0,0.0,3.0,95,0.1368,0.0842,0.0,0.0,False,False
911,GM,2026-05-01,2,0.0,0.0,1.5,268,0.1231,0.0522,0.0,0.0,False,False
911,GT,2026-05-01,1,1.0,0.0,,895,0.1743,0.0648,5.737,0.0,False,False
911,HK,2026-05-01,1,1.0,0.0,,1658,0.1809,0.047,5.527,0.0,False,False
911,IE,2026-05-01,6,0.3333,0.0,1.5,2033,0.12,0.0703,2.777,0.0,False,False
911,JM,2026-05-01,2,0.0,0.0,2.5,5416,0.1265,0.0873,0.0,0.0,False,False
911,KR,2026-05-01,1,0.0,0.0,7.0,5603,0.2149,0.0575,0.0,0.0,False,False
911,MW,2026-05-01,1,1.0,0.0,,38,0.2105,0.1316,4.75,0.0,False,False
911,MX,2026-05-01,4581,0.1768,0.0142,1.0,31523,0.1732,0.0786,1.021,0.181,True,False
911,NL,2026-05-01,8,0.375,0.125,1.0,5304,0.1508,0.0649,2.486,1.927,False,False
911,NZ,2026-05-01,15,0.2,0.0,2.0,2582,0.1294,0.0837,1.546,0.0,False,False
911,PE,2026-05-01,6,0.1667,0.0,1.0,6635,0.1926,0.0803,0.865,0.0,False,False
911,PK,2026-05-01,1,0.0,0.0,1.0,96,0.0938,0.0625,0.0,0.0,False,False
911,PL,2026-05-01,3,0.3333,0.0,1.0,1535,0.1362,0.0671,2.448,0.0,False,False
911,PR,2026-05-01,1,1.0,0.0,,2387,0.1739,0.1035,5.752,0.0,False,False
911,PY,2026-05-01,4,0.0,0.0,2.5,1165,0.1459,0.0876,0.0,0.0,False,False
911,SB,2026-05-01,1,0.0,0.0,1.0,206,0.2039,0.0243,0.0,0.0,False,False
911,TV,2026-05-01,1,0.0,0.0,1.0,10,0.2,0.0,0.0,,False,False
911,US,2026-05-01,974,0.2372,0.0144,1.0,117666,0.1582,0.0852,1.499,0.169,True,True
911,ZM,2026-05-01,1,0.0,0.0,1.0,106,0.2453,0.0943,0.0,0.0,False,False
organic,AD,2026-05-01,36,0.0,0.0833,3.5,67,0.0746,0.0896,0.0,0.931,False,False
organic,AE,2026-05-01,796,0.0766,0.0892,3.0,1652,0.0896,0.0557,0.855,1.602,True,False
organic,AF,2026-05-01,1,1.0,0.0,,1,0.0,0.0,,,False,False
organic,AG,2026-05-01,40,0.125,0.025,8.0,100,0.14,0.07,0.893,0.357,False,False
organic,AI,2026-05-01,32,0.0,0.0,2.5,49,0.1224,0.1429,0.0,0.0,False,False
organic,AL,2026-05-01,240,0.0375,0.0792,3.0,482,0.11,0.0519,0.341,1.526,False,False
organic,AM,2026-05-01,96,0.0521,0.0625,3.0,674,0.138,0.0297,0.377,2.106,False,False
organic,AO,2026-05-01,169,0.0888,0.142,6.0,945,0.2275,0.0423,0.39,3.355,False,False
organic,AQ,2026-05-01,8,0.0,0.5,11.5,1,0.0,0.0,,,False,False
organic,AR,2026-05-01,1159,0.0889,0.0777,3.0,8159,0.1484,0.0924,0.599,0.84,True,False
organic,AS,2026-05-01,31,0.0323,0.0968,3.0,54,0.1296,0.0741,0.249,1.306,False,False
organic,AT,2026-05-01,457,0.0197,0.0941,2.0,1090,0.1569,0.0716,0.126,1.315,False,False
organic,AU,2026-05-01,5410,0.047,0.0665,3.0,11010,0.1401,0.0833,0.335,0.799,True,False
organic,AW,2026-05-01,29,0.0345,0.1724,5.0,149,0.1544,0.0872,0.223,1.976,False,False
organic,AX,2026-05-01,72,0.0,0.0278,6.0,54,0.0185,0.1667,0.0,0.167,False,False
organic,AZ,2026-05-01,143,0.042,0.0559,2.0,840,0.1619,0.0262,0.259,2.136,False,False
organic,BA,2026-05-01,12,0.0833,0.0,2.0,,,,,,False,False
organic,BB,2026-05-01,63,0.127,0.0794,3.0,197,0.0609,0.0914,2.085,0.869,False,False
organic,BD,2026-05-01,572,0.0297,0.0192,2.0,250,0.104,0.068,0.286,0.283,False,False
organic,BE,2026-05-01,692,0.0954,0.0766,3.0,2536,0.1652,0.0777,0.577,0.986,True,False
organic,BF,2026-05-01,38,0.0526,0.2895,3.5,584,0.1592,0.0479,0.331,6.038,False,False
organic,BG,2026-05-01,235,0.0255,0.0809,3.0,950,0.1579,0.0926,0.162,0.873,False,False
organic,BH,2026-05-01,63,0.0317,0.0476,3.0,21,0.0476,0.1429,0.667,0.333,False,False
organic,BJ,2026-05-01,310,0.1065,0.0516,3.0,1019,0.1521,0.051,0.7,1.011,False,False
organic,BL,2026-05-01,1,1.0,0.0,,1,0.0,0.0,,,False,False
organic,BM,2026-05-01,17,0.0,0.0,2.0,92,0.1522,0.1196,0.0,0.0,False,False
organic,BN,2026-05-01,32,0.0625,0.0625,3.0,126,0.1349,0.0397,0.463,1.575,False,False
organic,BO,2026-05-01,261,0.0958,0.0613,2.0,1553,0.199,0.0541,0.481,1.133,False,False
organic,BQ,2026-05-01,69,0.0,0.3188,17.0,37,0.1622,0.027,0.0,11.797,False,False
organic,BR,2026-05-01,13559,0.0647,0.0796,2.0,69807,0.1717,0.0795,0.377,1.001,True,False
organic,BS,2026-05-01,58,0.0862,0.069,3.0,293,0.1229,0.0614,0.702,1.123,False,False
organic,BT,2026-05-01,5,0.2,0.0,2.5,222,0.1757,0.0495,1.138,0.0,False,False
organic,BW,2026-05-01,461,0.0672,0.0933,4.0,1470,0.1694,0.0592,0.397,1.576,False,False
organic,BZ,2026-05-01,87,0.0575,0.046,2.0,175,0.1314,0.0514,0.437,0.894,False,False
organic,CA,2026-05-01,6783,0.0613,0.0708,3.0,13990,0.1397,0.088,0.439,0.804,True,False
organic,CH,2026-05-01,488,0.0369,0.043,2.0,1859,0.1603,0.0936,0.23,0.46,False,False
organic,CI,2026-05-01,126,0.0635,0.0556,4.0,577,0.0867,0.0728,0.733,0.763,False,False
organic,CK,2026-05-01,13,0.0769,0.0769,9.0,38,0.0526,0.0263,1.462,2.923,False,False
organic,CL,2026-05-01,1099,0.0601,0.0937,3.0,8812,0.1614,0.0906,0.372,1.035,True,False
organic,CM,2026-05-01,121,0.0248,0.1074,6.0,73,0.1096,0.0959,0.226,1.12,False,False
organic,CN,2026-05-01,1067,0.0422,0.0234,2.0,395,0.357,0.0456,0.118,0.514,False,False
organic,CO,2026-05-01,1329,0.0737,0.0805,2.0,6738,0.1977,0.088,0.373,0.915,True,False
organic,CR,2026-05-01,495,0.0586,0.0364,3.0,3157,0.1394,0.0865,0.42,0.421,False,False
organic,CV,2026-05-01,67,0.1194,0.0149,1.0,132,0.2045,0.053,0.584,0.281,False,False
organic,CW,2026-05-01,34,0.0882,0.0882,3.0,243,0.1728,0.1193,0.511,0.739,False,False
organic,CY,2026-05-01,257,0.0856,0.0584,2.0,632,0.1234,0.0585,0.694,0.997,False,False
organic,CZ,2026-05-01,239,0.0628,0.046,2.0,421,0.1259,0.0736,0.499,0.625,False,False
organic,DE,2026-05-01,2847,0.0657,0.0464,3.0,7784,0.167,0.0709,0.393,0.654,True,False
organic,DJ,2026-05-01,58,0.1034,0.1034,4.0,254,0.1142,0.0512,0.906,2.021,False,False
organic,DK,2026-05-01,390,0.0744,0.059,4.0,507,0.1519,0.0809,0.49,0.729,False,False
organic,DM,2026-05-01,39,0.0769,0.0769,2.0,45,0.1111,0.0667,0.692,1.154,False,False
organic,DO,2026-05-01,408,0.0907,0.1225,4.0,6156,0.1766,0.077,0.514,1.592,False,False
organic,DZ,2026-05-01,576,0.0625,0.0365,2.0,115,0.0609,0.0435,1.027,0.839,False,False
organic,EC,2026-05-01,476,0.0903,0.0756,3.0,3707,0.178,0.0936,0.507,0.808,False,False
organic,EE,2026-05-01,78,0.0641,0.0513,3.0,262,0.1527,0.084,0.42,0.611,False,False
organic,EG,2026-05-01,28,0.9286,0.0,4.0,1,0.0,0.0,,,False,False
organic,ES,2026-05-01,2429,0.065,0.0704,2.0,13903,0.1569,0.0837,0.415,0.841,True,False
organic,ET,2026-05-01,5,0.4,0.2,5.0,11,0.0,0.0909,,2.2,False,False
organic,FI,2026-05-01,510,0.0216,0.0373,4.0,536,0.1455,0.0653,0.148,0.571,True,False
organic,FJ,2026-05-01,212,0.1509,0.0472,2.0,835,0.1629,0.0515,0.927,0.916,False,False
organic,FK,2026-05-01,1,0.0,0.0,1.0,6,0.0,0.0,,,False,False
organic,FM,2026-05-01,15,0.0667,0.0667,4.5,56,0.0893,0.0,0.747,,False,False
organic,FO,2026-05-01,5,0.0,0.0,3.0,22,0.1364,0.0455,0.0,0.0,False,False
organic,FR,2026-05-01,3996,0.0668,0.0611,3.0,13115,0.152,0.0859,0.439,0.711,True,False
organic,GA,2026-05-01,25,0.0,0.16,8.0,360,0.1389,0.0722,0.0,2.215,False,False
organic,GB,2026-05-01,12768,0.0627,0.0586,2.0,22802,0.1349,0.083,0.464,0.706,True,False
organic,GD,2026-05-01,17,0.0588,0.0588,2.0,72,0.1806,0.0556,0.326,1.059,False,False
organic,GE,2026-05-01,77,0.0779,0.0909,3.0,828,0.1425,0.0266,0.547,3.421,False,False
organic,GF,2026-05-01,13,0.0769,0.0,2.0,95,0.1368,0.0842,0.562,0.0,False,False
organic,GG,2026-05-01,8,0.0,0.0,1.5,40,0.075,0.05,0.0,0.0,False,False
organic,GH,2026-05-01,4,0.5,0.0,6.5,1,0.0,0.0,,,False,False
organic,GI,2026-05-01,7,0.0,0.1429,2.0,30,0.1,0.0667,0.0,2.143,False,False
organic,GL,2026-05-01,13,0.0769,0.1538,2.5,27,0.2222,0.2222,0.346,0.692,False,False
organic,GM,2026-05-01,80,0.075,0.0625,3.0,268,0.1231,0.0522,0.609,1.196,False,False
organic,GN,2026-05-01,14,0.0714,0.0714,3.0,38,0.2368,0.0263,0.302,2.714,False,False
organic,GP,2026-05-01,56,0.0357,0.1786,8.5,304,0.1809,0.0789,0.197,2.262,False,False
organic,GQ,2026-05-01,22,0.0,0.1818,3.5,218,0.211,0.0459,0.0,3.964,False,False
organic,GR,2026-05-01,413,0.0605,0.0872,5.5,1538,0.1567,0.0585,0.386,1.49,False,False
organic,GT,2026-05-01,52,0.0577,0.1538,5.0,895,0.1743,0.0648,0.331,2.374,False,False
organic,GU,2026-05-01,45,0.0222,0.0889,5.0,216,0.1898,0.0648,0.117,1.371,False,False
organic,GY,2026-05-01,279,0.086,0.0466,2.0,441,0.1429,0.059,0.602,0.79,False,False
organic,HK,2026-05-01,321,0.1464,0.0717,2.0,1658,0.1809,0.047,0.809,1.523,False,False
organic,HN,2026-05-01,212,0.0802,0.0896,4.0,1401,0.1513,0.0864,0.53,1.038,False,False
organic,HR,2026-05-01,177,0.1243,0.0565,3.0,808,0.1448,0.0606,0.858,0.932,False,False
organic,HT,2026-05-01,40,0.325,0.0,2.0,73,0.1918,0.0137,1.695,0.0,False,False
organic,HU,2026-05-01,262,0.1565,0.1069,3.0,678,0.149,0.0811,1.05,1.317,False,False
organic,ID,2026-05-01,113,0.0708,0.0619,3.0,295,0.1085,0.0881,0.653,0.703,False,False
organic,IE,2026-05-01,960,0.0708,0.076,2.0,2033,0.12,0.0703,0.59,1.081,True,False
organic,IL,2026-05-01,579,0.0501,0.0777,2.0,1801,0.1438,0.0611,0.348,1.272,True,False
organic,IM,2026-05-01,18,0.1111,0.0,1.5,69,0.2174,0.029,0.511,0.0,False,False
organic,IN,2026-05-01,2801,0.0614,0.0514,2.0,1338,0.139,0.0538,0.442,0.955,True,False
organic,IO,2026-05-01,1,0.0,0.0,3.0,7,0.1429,0.0,0.0,,False,False
organic,IS,2026-05-01,55,0.0727,0.0182,3.0,95,0.1789,0.1158,0.406,0.157,False,False
organic,IT,2026-05-01,1652,0.0381,0.0642,3.0,9735,0.1631,0.0703,0.234,0.913,True,False
organic,JE,2026-05-01,21,0.0476,0.0476,4.0,75,0.1733,0.1467,0.275,0.325,False,False
organic,JM,2026-05-01,546,0.0879,0.0769,3.0,5416,0.1265,0.0873,0.695,0.881,True,False
organic,JO,2026-05-01,24,0.0417,0.0417,2.0,19,0.0,0.1579,,0.264,False,False
organic,JP,2026-05-01,565,0.0496,0.0354,2.0,4435,0.1502,0.057,0.33,0.621,True,False
organic,KE,2026-05-01,3102,0.0874,0.07,3.0,27740,0.1253,0.0624,0.697,1.12,True,False
organic,KG,2026-05-01,109,0.0367,0.1009,2.0,287,0.1812,0.0453,0.203,2.228,False,False
organic,KH,2026-05-01,31,0.0645,0.0323,4.0,56,0.0536,0.1071,1.204,0.301,False,False
organic,KI,2026-05-01,19,0.1579,0.0,1.0,190,0.1789,0.0263,0.882,0.0,False,False
organic,KM,2026-05-01,16,0.25,0.0625,3.0,74,0.1892,0.0811,1.321,0.771,False,False
organic,KN,2026-05-01,24,0.0833,0.0833,4.0,42,0.1905,0.0476,0.438,1.75,False,False
organic,KR,2026-05-01,389,0.0437,0.0977,3.0,5603,0.2149,0.0575,0.203,1.7,False,False
organic,KW,2026-05-01,198,0.1364,0.0455,2.0,10,0.0,0.0,,,False,False
organic,KY,2026-05-01,14,0.0,0.0714,4.0,203,0.1773,0.1133,0.0,0.63,False,False
organic,KZ,2026-05-01,9,0.1111,0.1111,4.0,41,0.0244,0.0732,4.556,1.519,False,False
organic,LA,2026-05-01,38,0.0789,0.0,1.0,304,0.1579,0.0362,0.5,0.0,False,False
organic,LC,2026-05-01,21,0.0952,0.0476,2.0,118,0.178,0.0593,0.535,0.803,False,False
organic,LI,2026-05-01,4,0.0,0.0,2.0,10,0.1,0.1,0.0,0.0,False,False
organic,LK,2026-05-01,146,0.0137,0.0342,2.0,135,0.0963,0.0963,0.142,0.356,False,False
organic,LS,2026-05-01,18,0.0,0.0,2.5,391,0.243,0.0332,0.0,0.0,False,False
organic,LT,2026-05-01,171,0.0351,0.0877,4.0,356,0.132,0.1124,0.266,0.781,False,False
organic,LU,2026-05-01,364,0.011,0.0137,2.0,284,0.1408,0.0634,0.078,0.217,False,False
organic,LV,2026-05-01,476,0.0252,0.0189,3.0,520,0.1673,0.0827,0.151,0.229,False,False
organic,MA,2026-05-01,255,0.0353,0.0706,5.5,139,0.1295,0.0576,0.273,1.226,False,False
organic,MC,2026-05-01,6,0.3333,0.0,1.0,7,0.2857,0.0,1.167,,False,False
organic,MD,2026-05-01,165,0.0242,0.0667,4.0,685,0.1431,0.0672,0.169,0.993,False,False
organic,ME,2026-05-01,33,0.0606,0.0303,2.0,256,0.0898,0.0938,0.675,0.323,False,False
organic,MF,2026-05-01,3,0.3333,0.3333,43.5,18,0.1667,0.0556,2.0,6.0,False,False
organic,MG,2026-05-01,2877,0.105,0.0869,4.0,974,0.1355,0.0801,0.775,1.085,True,False
organic,MH,2026-05-01,3,0.3333,0.0,1.0,24,0.25,0.125,1.333,0.0,False,False
organic,MK,2026-05-01,61,0.0492,0.1311,2.0,294,0.1395,0.0442,0.353,2.966,False,False
organic,MN,2026-05-01,28,0.1071,0.0357,2.0,185,0.2649,0.0216,0.405,1.652,False,False
organic,MO,2026-05-01,7,0.0,0.1429,14.0,42,0.119,0.0952,0.0,1.5,False,False
organic,MP,2026-05-01,11,0.0,0.0909,3.0,14,0.0714,0.0,0.0,,False,False
organic,MQ,2026-05-01,31,0.0323,0.0,4.0,306,0.2059,0.0686,0.157,0.0,False,False
organic,MR,2026-05-01,114,0.1053,0.0351,2.0,270,0.2,0.0444,0.526,0.789,False,False
organic,MT,2026-05-01,106,0.0472,0.0189,2.0,443,0.1038,0.0474,0.454,0.398,False,False
organic,MU,2026-05-01,320,0.0719,0.0594,2.0,822,0.1484,0.0754,0.484,0.787,False,False
organic,MV,2026-05-01,9,0.1111,0.0,1.5,234,0.1538,0.0684,0.722,0.0,False,False
organic,MW,2026-05-01,27,0.1111,0.1111,3.5,38,0.2105,0.1316,0.528,0.844,False,False
organic,MX,2026-05-01,3749,0.0936,0.072,3.0,31523,0.1732,0.0786,0.541,0.916,True,False
organic,MY,2026-05-01,1028,0.0661,0.0778,2.0,6509,0.1324,0.0705,0.499,1.104,True,False
organic,MZ,2026-05-01,183,0.1202,0.0984,3.0,1080,0.1917,0.0444,0.627,2.213,False,False
organic,NA,2026-05-01,481,0.0748,0.0748,3.0,1527,0.1447,0.076,0.517,0.985,False,False
organic,NC,2026-05-01,19,0.0,0.2632,2.0,216,0.1991,0.088,0.0,2.992,False,False
organic,NE,2026-05-01,49,0.102,0.0,2.5,446,0.204,0.0404,0.5,0.0,False,False
organic,NG,2026-05-01,8,0.875,0.0,2.0,4,0.0,0.0,,,False,False
organic,NI,2026-05-01,2,0.0,0.0,1.0,,,,,,False,False
organic,NL,2026-05-01,2726,0.0594,0.0613,2.0,5304,0.1508,0.0649,0.394,0.945,True,False
organic,NO,2026-05-01,569,0.0281,0.0439,3.0,544,0.1544,0.0735,0.182,0.598,True,False
organic,NP,2026-05-01,33,0.0,0.3333,2.0,14,0.0714,0.0,0.0,,False,False
organic,NZ,2026-05-01,1377,0.045,0.0763,3.0,2582,0.1294,0.0837,0.348,0.912,True,False
organic,OM,2026-05-01,128,0.0547,0.0234,1.0,20,0.1,0.1,0.547,0.234,False,False
organic,PA,2026-05-01,235,0.1149,0.0936,3.0,2255,0.1592,0.0696,0.722,1.345,False,False
organic,PE,2026-05-01,710,0.1099,0.093,2.0,6635,0.1926,0.0803,0.57,1.157,True,False
organic,PF,2026-05-01,36,0.0556,0.0556,2.0,271,0.1661,0.1107,0.335,0.502,False,False
organic,PG,2026-05-01,578,0.1176,0.0519,2.0,511,0.2035,0.0705,0.578,0.737,True,False
organic,PH,2026-05-01,784,0.0421,0.0638,2.0,15287,0.1442,0.1035,0.292,0.616,True,False
organic,PK,2026-05-01,273,0.1136,0.0696,2.0,96,0.0938,0.0625,1.211,1.114,False,False
organic,PL,2026-05-01,1195,0.0377,0.0427,2.0,1535,0.1362,0.0671,0.277,0.636,True,False
organic,PM,2026-05-01,3,0.0,0.0,2.0,3,0.0,0.0,,,False,False
organic,PR,2026-05-01,255,0.0902,0.098,3.0,2387,0.1739,0.1035,0.519,0.947,False,False
organic,PS,2026-05-01,8,0.125,0.375,52.0,1,0.0,0.0,,,False,False
organic,PT,2026-05-01,1576,0.0571,0.0666,3.0,3697,0.1388,0.0847,0.412,0.787,True,False
organic,PW,2026-05-01,1,0.0,0.0,9.0,19,0.0,0.1053,,0.0,False,False
organic,PY,2026-05-01,155,0.0839,0.0581,3.0,1165,0.1459,0.0876,0.575,0.663,False,False
organic,QA,2026-05-01,168,0.1071,0.0298,2.0,33,0.1212,0.0303,0.884,0.982,False,False
organic,RE,2026-05-01,73,0.0685,0.137,2.0,306,0.1732,0.1078,0.395,1.27,False,False
organic,RO,2026-05-01,343,0.0233,0.0816,3.0,1662,0.1486,0.0608,0.157,1.343,False,False
organic,RS,2026-05-01,819,0.0232,0.0501,6.0,1572,0.1323,0.0763,0.175,0.656,True,False
organic,RU,2026-05-01,21,0.0476,0.0,2.0,27,0.0741,0.037,0.643,0.0,False,False
organic,RW,2026-05-01,28,0.0714,0.0,7.5,226,0.0752,0.0398,0.95,0.0,False,False
organic,SA,2026-05-01,126,0.0476,0.127,4.0,64,0.0469,0.0781,1.016,1.625,False,False
organic,SB,2026-05-01,14,0.2143,0.0,1.0,206,0.2039,0.0243,1.051,0.0,False,False
organic,SC,2026-05-01,54,0.0926,0.0,1.0,132,0.1894,0.0606,0.489,0.0,False,False
organic,SE,2026-05-01,828,0.0411,0.0749,2.0,1001,0.1449,0.0849,0.283,0.882,True,False
organic,SG,2026-05-01,1137,0.0413,0.0369,2.0,4485,0.1373,0.0611,0.301,0.605,True,False
organic,SI,2026-05-01,63,0.0317,0.1429,3.0,351,0.1168,0.094,0.272,1.519,False,False
organic,SK,2026-05-01,185,0.0216,0.0595,3.0,397,0.1436,0.0982,0.151,0.605,False,False
organic,SL,2026-05-01,10,0.1,0.0,4.0,341,0.1584,0.0323,0.631,0.0,False,False
organic,SM,2026-05-01,1,0.0,0.0,8.0,12,0.25,0.0,0.0,,False,False
organic,SN,2026-05-01,147,0.0136,0.0952,4.0,82,0.1463,0.0732,0.093,1.302,False,False
organic,SR,2026-05-01,76,0.0789,0.1711,2.5,242,0.157,0.0455,0.503,3.763,False,False
organic,ST,2026-05-01,1,0.0,0.0,3.0,16,0.3125,0.0,0.0,,False,False
organic,SV,2026-05-01,232,0.069,0.0733,2.0,1323,0.1882,0.0801,0.366,0.915,False,False
organic,SX,2026-05-01,15,0.1333,0.0667,3.0,121,0.2066,0.0165,0.645,4.033,False,False
organic,SZ,2026-05-01,74,0.1622,0.0135,2.0,688,0.2238,0.0378,0.724,0.358,False,False
organic,TC,2026-05-01,11,0.2727,0.0,4.0,75,0.1467,0.08,1.86,0.0,False,False
organic,TD,2026-05-01,116,0.1552,0.069,5.0,522,0.1916,0.0556,0.81,1.241,False,False
organic,TG,2026-05-01,46,0.0217,0.1304,5.0,14,0.1429,0.0714,0.152,1.826,False,False
organic,TH,2026-05-01,433,0.0439,0.0531,3.0,3407,0.1685,0.0543,0.26,0.978,False,False
organic,TJ,2026-05-01,42,0.2143,0.0476,1.0,107,0.1869,0.0093,1.146,5.095,False,False
organic,TL,2026-05-01,20,0.2,0.0,1.0,90,0.1889,0.0111,1.059,0.0,False,False
organic,TM,2026-05-01,10,0.0,0.0,9.0,6,0.1667,0.0,0.0,,False,False
organic,TO,2026-05-01,10,0.1,0.2,3.0,51,0.1961,0.0784,0.51,2.55,False,False
organic,TR,2026-05-01,1826,0.0345,0.0449,3.0,6012,0.1442,0.0477,0.239,0.941,True,False
organic,TT,2026-05-01,250,0.032,0.064,2.0,546,0.1429,0.0971,0.224,0.659,False,False
organic,TV,2026-05-01,1,0.0,0.0,1.0,10,0.2,0.0,0.0,,False,False
organic,TW,2026-05-01,280,0.0464,0.1071,2.0,1269,0.1805,0.0638,0.257,1.679,False,False
organic,TZ,2026-05-01,165,0.0727,0.1152,6.0,1826,0.1024,0.0597,0.71,1.929,False,False
organic,UA,2026-05-01,260,0.2154,0.0115,2.0,,,,,,False,False
organic,UG,2026-05-01,539,0.0297,0.0742,9.0,1379,0.0754,0.0696,0.394,1.066,True,False
organic,US,2026-05-01,72299,0.0676,0.0577,3.0,117666,0.1582,0.0852,0.427,0.677,True,False
organic,UY,2026-05-01,254,0.0906,0.0827,3.0,2616,0.1762,0.0654,0.514,1.265,False,False
organic,UZ,2026-05-01,221,0.095,0.0814,2.0,1123,0.1879,0.0285,0.506,2.858,False,False
organic,VA,2026-05-01,2,0.0,0.5,116.0,1,0.0,0.0,,,False,False
organic,VC,2026-05-01,19,0.1053,0.0526,1.0,83,0.1807,0.0723,0.582,0.728,False,False
organic,VE,2026-05-01,9,0.1111,0.0,3.5,,,,,,False,False
organic,VG,2026-05-01,12,0.0,0.0,2.0,74,0.2162,0.0541,0.0,0.0,False,False
organic,VI,2026-05-01,23,0.3913,0.1304,2.0,73,0.0685,0.0959,5.713,1.36,False,False
organic,VN,2026-05-01,1285,0.0171,0.0988,5.0,3116,0.1909,0.0517,0.09,1.913,True,False
organic,VU,2026-05-01,15,0.2,0.0,2.5,77,0.1688,0.0649,1.185,0.0,False,False
organic,WS,2026-05-01,5,0.0,0.2,1.0,78,0.1154,0.0641,0.0,3.12,False,False
organic,XK,2026-05-01,29,0.0,0.069,2.0,61,0.0656,0.0,0.0,,False,False
organic,YT,2026-05-01,9,0.1111,0.0,2.5,46,0.3261,0.087,0.341,0.0,False,False
organic,ZA,2026-05-01,3597,0.0873,0.0623,3.0,22026,0.1417,0.0812,0.616,0.767,True,False
organic,ZM,2026-05-01,72,0.1389,0.125,4.0,106,0.2453,0.0943,0.566,1.325,False,False
organic,ZW,2026-05-01,6,0.0,0.1667,2.5,18,0.1111,0.1111,0.0,1.5,False,False
ppc,AD,2026-05-01,67,0.0746,0.0896,5.0,67,0.0746,0.0896,1.0,1.0,False,False
ppc,AE,2026-05-01,1652,0.0896,0.0557,3.0,1652,0.0896,0.0557,1.0,1.0,True,False
ppc,AF,2026-05-01,1,0.0,0.0,1.0,1,0.0,0.0,,,False,False
ppc,AG,2026-05-01,100,0.14,0.07,2.0,100,0.14,0.07,1.0,1.0,False,False
ppc,AI,2026-05-01,49,0.1224,0.1429,5.0,49,0.1224,0.1429,1.0,1.0,False,False
ppc,AL,2026-05-01,482,0.11,0.0519,3.0,482,0.11,0.0519,1.0,1.0,False,False
ppc,AM,2026-05-01,674,0.138,0.0297,1.0,674,0.138,0.0297,1.0,1.0,True,False
ppc,AO,2026-05-01,945,0.2275,0.0423,2.0,945,0.2275,0.0423,1.0,1.0,True,False
ppc,AQ,2026-05-01,1,0.0,0.0,40.0,1,0.0,0.0,,,False,False
ppc,AR,2026-05-01,8159,0.1484,0.0924,4.0,8159,0.1484,0.0924,1.0,1.0,True,False
ppc,AS,2026-05-01,54,0.1296,0.0741,3.0,54,0.1296,0.0741,1.0,1.0,False,False
ppc,AT,2026-05-01,1090,0.1569,0.0716,3.0,1090,0.1569,0.0716,1.0,1.0,True,False
ppc,AU,2026-05-01,11010,0.1401,0.0833,3.0,11010,0.1401,0.0833,1.0,1.0,True,False
ppc,AW,2026-05-01,149,0.1544,0.0872,3.0,149,0.1544,0.0872,1.0,1.0,False,False
ppc,AX,2026-05-01,54,0.0185,0.1667,16.0,54,0.0185,0.1667,1.0,1.0,False,False
ppc,AZ,2026-05-01,840,0.1619,0.0262,1.0,840,0.1619,0.0262,1.0,1.0,True,False
ppc,BB,2026-05-01,197,0.0609,0.0914,5.0,197,0.0609,0.0914,1.0,1.0,False,False
ppc,BD,2026-05-01,250,0.104,0.068,2.0,250,0.104,0.068,1.0,1.0,False,False
ppc,BE,2026-05-01,2536,0.1652,0.0777,3.0,2536,0.1652,0.0777,1.0,1.0,True,False
ppc,BF,2026-05-01,584,0.1592,0.0479,2.0,584,0.1592,0.0479,1.0,1.0,True,False
ppc,BG,2026-05-01,950,0.1579,0.0926,3.0,950,0.1579,0.0926,1.0,1.0,True,False
ppc,BH,2026-05-01,21,0.0476,0.1429,4.0,21,0.0476,0.1429,1.0,1.0,False,False
ppc,BJ,2026-05-01,1019,0.1521,0.051,3.0,1019,0.1521,0.051,1.0,1.0,True,False
ppc,BL,2026-05-01,1,0.0,0.0,2.0,1,0.0,0.0,,,False,False
ppc,BM,2026-05-01,92,0.1522,0.1196,5.0,92,0.1522,0.1196,1.0,1.0,False,False
ppc,BN,2026-05-01,126,0.1349,0.0397,3.0,126,0.1349,0.0397,1.0,1.0,False,False
ppc,BO,2026-05-01,1553,0.199,0.0541,2.0,1553,0.199,0.0541,1.0,1.0,True,False
ppc,BQ,2026-05-01,37,0.1622,0.027,2.0,37,0.1622,0.027,1.0,1.0,False,False
ppc,BR,2026-05-01,69807,0.1717,0.0795,3.0,69807,0.1717,0.0795,1.0,1.0,True,False
ppc,BS,2026-05-01,293,0.1229,0.0614,4.0,293,0.1229,0.0614,1.0,1.0,False,False
ppc,BT,2026-05-01,222,0.1757,0.0495,2.0,222,0.1757,0.0495,1.0,1.0,False,False
ppc,BV,2026-05-01,2,0.0,0.0,13.5,2,0.0,0.0,,,False,False
ppc,BW,2026-05-01,1470,0.1694,0.0592,3.0,1470,0.1694,0.0592,1.0,1.0,True,False
ppc,BZ,2026-05-01,175,0.1314,0.0514,2.0,175,0.1314,0.0514,1.0,1.0,False,False
ppc,CA,2026-05-01,13990,0.1397,0.088,3.0,13990,0.1397,0.088,1.0,1.0,True,False
ppc,CH,2026-05-01,1859,0.1603,0.0936,2.0,1859,0.1603,0.0936,1.0,1.0,True,False
ppc,CI,2026-05-01,577,0.0867,0.0728,2.0,577,0.0867,0.0728,1.0,1.0,True,False
ppc,CK,2026-05-01,38,0.0526,0.0263,18.0,38,0.0526,0.0263,1.0,1.0,False,False
ppc,CL,2026-05-01,8812,0.1614,0.0906,3.0,8812,0.1614,0.0906,1.0,1.0,True,False
ppc,CM,2026-05-01,73,0.1096,0.0959,3.0,73,0.1096,0.0959,1.0,1.0,False,False
ppc,CN,2026-05-01,395,0.357,0.0456,2.0,395,0.357,0.0456,1.0,1.0,False,False
ppc,CO,2026-05-01,6738,0.1977,0.088,3.0,6738,0.1977,0.088,1.0,1.0,True,False
ppc,CR,2026-05-01,3157,0.1394,0.0865,3.0,3157,0.1394,0.0865,1.0,1.0,True,False
ppc,CV,2026-05-01,132,0.2045,0.053,3.0,132,0.2045,0.053,1.0,1.0,False,False
ppc,CW,2026-05-01,243,0.1728,0.1193,3.0,243,0.1728,0.1193,1.0,1.0,False,False
ppc,CX,2026-05-01,1,0.0,0.0,18.0,1,0.0,0.0,,,False,False
ppc,CY,2026-05-01,632,0.1234,0.0585,2.0,632,0.1234,0.0585,1.0,1.0,True,False
ppc,CZ,2026-05-01,421,0.1259,0.0736,3.0,421,0.1259,0.0736,1.0,1.0,False,False
ppc,DE,2026-05-01,7784,0.167,0.0709,3.0,7784,0.167,0.0709,1.0,1.0,True,False
ppc,DJ,2026-05-01,254,0.1142,0.0512,3.0,254,0.1142,0.0512,1.0,1.0,False,False
ppc,DK,2026-05-01,507,0.1519,0.0809,3.0,507,0.1519,0.0809,1.0,1.0,True,False
ppc,DM,2026-05-01,45,0.1111,0.0667,3.0,45,0.1111,0.0667,1.0,1.0,False,False
ppc,DO,2026-05-01,6156,0.1766,0.077,3.0,6156,0.1766,0.077,1.0,1.0,True,False
ppc,DZ,2026-05-01,115,0.0609,0.0435,3.0,115,0.0609,0.0435,1.0,1.0,False,False
ppc,EC,2026-05-01,3707,0.178,0.0936,3.0,3707,0.178,0.0936,1.0,1.0,True,False
ppc,EE,2026-05-01,262,0.1527,0.084,2.0,262,0.1527,0.084,1.0,1.0,False,False
ppc,EG,2026-05-01,1,0.0,0.0,1.0,1,0.0,0.0,,,False,False
ppc,ER,2026-05-01,1,0.0,1.0,285.0,1,0.0,1.0,,1.0,False,False
ppc,ES,2026-05-01,13903,0.1569,0.0837,3.0,13903,0.1569,0.0837,1.0,1.0,True,False
ppc,ET,2026-05-01,11,0.0,0.0909,12.0,11,0.0,0.0909,,1.0,False,False
ppc,FI,2026-05-01,536,0.1455,0.0653,3.0,536,0.1455,0.0653,1.0,1.0,True,False
ppc,FJ,2026-05-01,835,0.1629,0.0515,2.0,835,0.1629,0.0515,1.0,1.0,True,False
ppc,FK,2026-05-01,6,0.0,0.0,2.0,6,0.0,0.0,,,False,False
ppc,FM,2026-05-01,56,0.0893,0.0,2.0,56,0.0893,0.0,1.0,,False,False
ppc,FO,2026-05-01,22,0.1364,0.0455,5.0,22,0.1364,0.0455,1.0,1.0,False,False
ppc,FR,2026-05-01,13115,0.152,0.0859,3.0,13115,0.152,0.0859,1.0,1.0,True,False
ppc,GA,2026-05-01,360,0.1389,0.0722,3.0,360,0.1389,0.0722,1.0,1.0,False,False
ppc,GB,2026-05-01,22802,0.1349,0.083,3.0,22802,0.1349,0.083,1.0,1.0,True,False
ppc,GD,2026-05-01,72,0.1806,0.0556,2.0,72,0.1806,0.0556,1.0,1.0,False,False
ppc,GE,2026-05-01,828,0.1425,0.0266,2.0,828,0.1425,0.0266,1.0,1.0,True,False
ppc,GF,2026-05-01,95,0.1368,0.0842,3.0,95,0.1368,0.0842,1.0,1.0,False,False
ppc,GG,2026-05-01,40,0.075,0.05,4.0,40,0.075,0.05,1.0,1.0,False,False
ppc,GH,2026-05-01,1,0.0,0.0,5.0,1,0.0,0.0,,,False,False
ppc,GI,2026-05-01,30,0.1,0.0667,2.0,30,0.1,0.0667,1.0,1.0,False,False
ppc,GL,2026-05-01,27,0.2222,0.2222,3.0,27,0.2222,0.2222,1.0,1.0,False,False
ppc,GM,2026-05-01,268,0.1231,0.0522,2.0,268,0.1231,0.0522,1.0,1.0,False,False
ppc,GN,2026-05-01,38,0.2368,0.0263,3.0,38,0.2368,0.0263,1.0,1.0,False,False
ppc,GP,2026-05-01,304,0.1809,0.0789,3.0,304,0.1809,0.0789,1.0,1.0,False,False
ppc,GQ,2026-05-01,218,0.211,0.0459,3.0,218,0.211,0.0459,1.0,1.0,False,False
ppc,GR,2026-05-01,1538,0.1567,0.0585,2.0,1538,0.1567,0.0585,1.0,1.0,True,False
ppc,GT,2026-05-01,895,0.1743,0.0648,3.0,895,0.1743,0.0648,1.0,1.0,True,False
ppc,GU,2026-05-01,216,0.1898,0.0648,3.0,216,0.1898,0.0648,1.0,1.0,False,False
ppc,GY,2026-05-01,441,0.1429,0.059,2.0,441,0.1429,0.059,1.0,1.0,False,False
ppc,HK,2026-05-01,1658,0.1809,0.047,2.0,1658,0.1809,0.047,1.0,1.0,True,False
ppc,HN,2026-05-01,1401,0.1513,0.0864,3.0,1401,0.1513,0.0864,1.0,1.0,True,False
ppc,HR,2026-05-01,808,0.1448,0.0606,3.0,808,0.1448,0.0606,1.0,1.0,True,False
ppc,HT,2026-05-01,73,0.1918,0.0137,2.0,73,0.1918,0.0137,1.0,1.0,False,False
ppc,HU,2026-05-01,678,0.149,0.0811,3.0,678,0.149,0.0811,1.0,1.0,True,False
ppc,ID,2026-05-01,295,0.1085,0.0881,4.0,295,0.1085,0.0881,1.0,1.0,False,False
ppc,IE,2026-05-01,2033,0.12,0.0703,3.0,2033,0.12,0.0703,1.0,1.0,True,False
ppc,IL,2026-05-01,1801,0.1438,0.0611,2.0,1801,0.1438,0.0611,1.0,1.0,True,False
ppc,IM,2026-05-01,69,0.2174,0.029,3.0,69,0.2174,0.029,1.0,1.0,False,False
ppc,IN,2026-05-01,1338,0.139,0.0538,2.0,1338,0.139,0.0538,1.0,1.0,True,False
ppc,IO,2026-05-01,7,0.1429,0.0,5.0,7,0.1429,0.0,1.0,,False,False
ppc,IR,2026-05-01,1,1.0,0.0,,1,1.0,0.0,1.0,,False,False
ppc,IS,2026-05-01,95,0.1789,0.1158,3.0,95,0.1789,0.1158,1.0,1.0,False,False
ppc,IT,2026-05-01,9735,0.1631,0.0703,3.0,9735,0.1631,0.0703,1.0,1.0,True,False
ppc,JE,2026-05-01,75,0.1733,0.1467,4.0,75,0.1733,0.1467,1.0,1.0,False,False
ppc,JM,2026-05-01,5416,0.1265,0.0873,4.0,5416,0.1265,0.0873,1.0,1.0,True,False
ppc,JO,2026-05-01,19,0.0,0.1579,6.0,19,0.0,0.1579,,1.0,False,False
ppc,JP,2026-05-01,4435,0.1502,0.057,2.0,4435,0.1502,0.057,1.0,1.0,True,False
ppc,KE,2026-05-01,27740,0.1253,0.0624,3.0,27740,0.1253,0.0624,1.0,1.0,True,False
ppc,KG,2026-05-01,287,0.1812,0.0453,1.0,287,0.1812,0.0453,1.0,1.0,False,False
ppc,KH,2026-05-01,56,0.0536,0.1071,3.0,56,0.0536,0.1071,1.0,1.0,False,False
ppc,KI,2026-05-01,190,0.1789,0.0263,2.0,190,0.1789,0.0263,1.0,1.0,False,False
ppc,KM,2026-05-01,74,0.1892,0.0811,3.0,74,0.1892,0.0811,1.0,1.0,False,False
ppc,KN,2026-05-01,42,0.1905,0.0476,2.5,42,0.1905,0.0476,1.0,1.0,False,False
ppc,KR,2026-05-01,5603,0.2149,0.0575,2.0,5603,0.2149,0.0575,1.0,1.0,True,False
ppc,KW,2026-05-01,10,0.0,0.0,3.0,10,0.0,0.0,,,False,False
ppc,KY,2026-05-01,203,0.1773,0.1133,5.0,203,0.1773,0.1133,1.0,1.0,False,False
ppc,KZ,2026-05-01,41,0.0244,0.0732,5.0,41,0.0244,0.0732,1.0,1.0,False,False
ppc,LA,2026-05-01,304,0.1579,0.0362,2.0,304,0.1579,0.0362,1.0,1.0,False,False
ppc,LC,2026-05-01,118,0.178,0.0593,2.0,118,0.178,0.0593,1.0,1.0,False,False
ppc,LI,2026-05-01,10,0.1,0.1,3.0,10,0.1,0.1,1.0,1.0,False,False
ppc,LK,2026-05-01,135,0.0963,0.0963,4.0,135,0.0963,0.0963,1.0,1.0,False,False
ppc,LS,2026-05-01,391,0.243,0.0332,2.0,391,0.243,0.0332,1.0,1.0,False,False
ppc,LT,2026-05-01,356,0.132,0.1124,3.0,356,0.132,0.1124,1.0,1.0,False,False
ppc,LU,2026-05-01,284,0.1408,0.0634,2.0,284,0.1408,0.0634,1.0,1.0,False,False
ppc,LV,2026-05-01,520,0.1673,0.0827,2.0,520,0.1673,0.0827,1.0,1.0,True,False
ppc,MA,2026-05-01,139,0.1295,0.0576,2.0,139,0.1295,0.0576,1.0,1.0,False,False
ppc,MC,2026-05-01,7,0.2857,0.0,1.0,7,0.2857,0.0,1.0,,False,False
ppc,MD,2026-05-01,685,0.1431,0.0672,2.0,685,0.1431,0.0672,1.0,1.0,True,False
ppc,ME,2026-05-01,256,0.0898,0.0938,3.0,256,0.0898,0.0938,1.0,1.0,False,False
ppc,MF,2026-05-01,18,0.1667,0.0556,1.0,18,0.1667,0.0556,1.0,1.0,False,False
ppc,MG,2026-05-01,974,0.1355,0.0801,3.0,974,0.1355,0.0801,1.0,1.0,True,False
ppc,MH,2026-05-01,24,0.25,0.125,1.5,24,0.25,0.125,1.0,1.0,False,False
ppc,MK,2026-05-01,294,0.1395,0.0442,2.0,294,0.1395,0.0442,1.0,1.0,False,False
ppc,MM,2026-05-01,1,0.0,0.0,2.0,1,0.0,0.0,,,False,False
ppc,MN,2026-05-01,185,0.2649,0.0216,1.0,185,0.2649,0.0216,1.0,1.0,False,False
ppc,MO,2026-05-01,42,0.119,0.0952,3.0,42,0.119,0.0952,1.0,1.0,False,False
ppc,MP,2026-05-01,14,0.0714,0.0,6.0,14,0.0714,0.0,1.0,,False,False
ppc,MQ,2026-05-01,306,0.2059,0.0686,3.0,306,0.2059,0.0686,1.0,1.0,False,False
ppc,MR,2026-05-01,270,0.2,0.0444,2.0,270,0.2,0.0444,1.0,1.0,False,False
ppc,MS,2026-05-01,14,0.0714,0.3571,9.0,14,0.0714,0.3571,1.0,1.0,False,False
ppc,MT,2026-05-01,443,0.1038,0.0474,2.0,443,0.1038,0.0474,1.0,1.0,False,False
ppc,MU,2026-05-01,822,0.1484,0.0754,2.0,822,0.1484,0.0754,1.0,1.0,True,False
ppc,MV,2026-05-01,234,0.1538,0.0684,3.0,234,0.1538,0.0684,1.0,1.0,False,False
ppc,MW,2026-05-01,38,0.2105,0.1316,5.5,38,0.2105,0.1316,1.0,1.0,False,False
ppc,MX,2026-05-01,31523,0.1732,0.0786,3.0,31523,0.1732,0.0786,1.0,1.0,True,False
ppc,MY,2026-05-01,6509,0.1324,0.0705,2.0,6509,0.1324,0.0705,1.0,1.0,True,False
ppc,MZ,2026-05-01,1080,0.1917,0.0444,2.0,1080,0.1917,0.0444,1.0,1.0,True,False
ppc,NA,2026-05-01,1527,0.1447,0.076,4.0,1527,0.1447,0.076,1.0,1.0,True,False
ppc,NC,2026-05-01,216,0.1991,0.088,3.0,216,0.1991,0.088,1.0,1.0,False,False
ppc,NE,2026-05-01,446,0.204,0.0404,2.0,446,0.204,0.0404,1.0,1.0,False,False
ppc,NG,2026-05-01,4,0.0,0.0,3.0,4,0.0,0.0,,,False,False
ppc,NL,2026-05-01,5304,0.1508,0.0649,3.0,5304,0.1508,0.0649,1.0,1.0,True,False
ppc,NO,2026-05-01,544,0.1544,0.0735,3.0,544,0.1544,0.0735,1.0,1.0,True,False
ppc,NP,2026-05-01,14,0.0714,0.0,2.0,14,0.0714,0.0,1.0,,False,False
ppc,NR,2026-05-01,13,0.0,0.0769,4.0,13,0.0,0.0769,,1.0,False,False
ppc,NZ,2026-05-01,2582,0.1294,0.0837,3.0,2582,0.1294,0.0837,1.0,1.0,True,False
ppc,OM,2026-05-01,20,0.1,0.1,3.0,20,0.1,0.1,1.0,1.0,False,False
ppc,PA,2026-05-01,2255,0.1592,0.0696,3.0,2255,0.1592,0.0696,1.0,1.0,True,False
ppc,PE,2026-05-01,6635,0.1926,0.0803,3.0,6635,0.1926,0.0803,1.0,1.0,True,False
ppc,PF,2026-05-01,271,0.1661,0.1107,4.0,271,0.1661,0.1107,1.0,1.0,False,False
ppc,PG,2026-05-01,511,0.2035,0.0705,3.0,511,0.2035,0.0705,1.0,1.0,True,False
ppc,PH,2026-05-01,15287,0.1442,0.1035,3.0,15287,0.1442,0.1035,1.0,1.0,True,False
ppc,PK,2026-05-01,96,0.0938,0.0625,2.0,96,0.0938,0.0625,1.0,1.0,False,False
ppc,PL,2026-05-01,1535,0.1362,0.0671,2.0,1535,0.1362,0.0671,1.0,1.0,True,False
ppc,PM,2026-05-01,3,0.0,0.0,4.0,3,0.0,0.0,,,False,False
ppc,PN,2026-05-01,1,0.0,0.0,2.0,1,0.0,0.0,,,False,False
ppc,PR,2026-05-01,2387,0.1739,0.1035,3.0,2387,0.1739,0.1035,1.0,1.0,True,False
ppc,PS,2026-05-01,1,0.0,0.0,10.0,1,0.0,0.0,,,False,False
ppc,PT,2026-05-01,3697,0.1388,0.0847,3.0,3697,0.1388,0.0847,1.0,1.0,True,False
ppc,PW,2026-05-01,19,0.0,0.1053,7.0,19,0.0,0.1053,,1.0,False,False
ppc,PY,2026-05-01,1165,0.1459,0.0876,4.0,1165,0.1459,0.0876,1.0,1.0,True,False
ppc,QA,2026-05-01,33,0.1212,0.0303,4.0,33,0.1212,0.0303,1.0,1.0,False,False
ppc,RE,2026-05-01,306,0.1732,0.1078,3.0,306,0.1732,0.1078,1.0,1.0,False,False
ppc,RO,2026-05-01,1662,0.1486,0.0608,2.0,1662,0.1486,0.0608,1.0,1.0,True,False
ppc,RS,2026-05-01,1572,0.1323,0.0763,3.0,1572,0.1323,0.0763,1.0,1.0,True,False
ppc,RU,2026-05-01,27,0.0741,0.037,2.0,27,0.0741,0.037,1.0,1.0,False,False
ppc,RW,2026-05-01,226,0.0752,0.0398,2.0,226,0.0752,0.0398,1.0,1.0,False,False
ppc,SA,2026-05-01,64,0.0469,0.0781,2.0,64,0.0469,0.0781,1.0,1.0,False,False
ppc,SB,2026-05-01,206,0.2039,0.0243,2.0,206,0.2039,0.0243,1.0,1.0,False,False
ppc,SC,2026-05-01,132,0.1894,0.0606,3.0,132,0.1894,0.0606,1.0,1.0,False,False
ppc,SD,2026-05-01,1,1.0,0.0,,1,1.0,0.0,1.0,,False,False
ppc,SE,2026-05-01,1001,0.1449,0.0849,3.0,1001,0.1449,0.0849,1.0,1.0,True,False
ppc,SG,2026-05-01,4485,0.1373,0.0611,2.0,4485,0.1373,0.0611,1.0,1.0,True,False
ppc,SH,2026-05-01,3,0.3333,0.0,3.0,3,0.3333,0.0,1.0,,False,False
ppc,SI,2026-05-01,351,0.1168,0.094,3.0,351,0.1168,0.094,1.0,1.0,False,False
ppc,SK,2026-05-01,397,0.1436,0.0982,3.0,397,0.1436,0.0982,1.0,1.0,False,False
ppc,SL,2026-05-01,341,0.1584,0.0323,2.0,341,0.1584,0.0323,1.0,1.0,False,False
ppc,SM,2026-05-01,12,0.25,0.0,2.0,12,0.25,0.0,1.0,,False,False
ppc,SN,2026-05-01,82,0.1463,0.0732,4.0,82,0.1463,0.0732,1.0,1.0,False,False
ppc,SR,2026-05-01,242,0.157,0.0455,2.0,242,0.157,0.0455,1.0,1.0,False,False
ppc,ST,2026-05-01,16,0.3125,0.0,3.0,16,0.3125,0.0,1.0,,False,False
ppc,SV,2026-05-01,1323,0.1882,0.0801,3.0,1323,0.1882,0.0801,1.0,1.0,True,False
ppc,SX,2026-05-01,121,0.2066,0.0165,3.0,121,0.2066,0.0165,1.0,1.0,False,False
ppc,SZ,2026-05-01,688,0.2238,0.0378,2.0,688,0.2238,0.0378,1.0,1.0,True,False
ppc,TC,2026-05-01,75,0.1467,0.08,4.0,75,0.1467,0.08,1.0,1.0,False,False
ppc,TD,2026-05-01,522,0.1916,0.0556,2.0,522,0.1916,0.0556,1.0,1.0,True,False
ppc,TG,2026-05-01,14,0.1429,0.0714,3.0,14,0.1429,0.0714,1.0,1.0,False,False
ppc,TH,2026-05-01,3407,0.1685,0.0543,2.0,3407,0.1685,0.0543,1.0,1.0,True,False
ppc,TJ,2026-05-01,107,0.1869,0.0093,1.0,107,0.1869,0.0093,1.0,1.0,False,False
ppc,TL,2026-05-01,90,0.1889,0.0111,2.0,90,0.1889,0.0111,1.0,1.0,False,False
ppc,TM,2026-05-01,6,0.1667,0.0,3.0,6,0.1667,0.0,1.0,,False,False
ppc,TO,2026-05-01,51,0.1961,0.0784,2.0,51,0.1961,0.0784,1.0,1.0,False,False
ppc,TR,2026-05-01,6012,0.1442,0.0477,2.0,6012,0.1442,0.0477,1.0,1.0,True,False
ppc,TT,2026-05-01,546,0.1429,0.0971,4.0,546,0.1429,0.0971,1.0,1.0,True,False
ppc,TV,2026-05-01,10,0.2,0.0,1.0,10,0.2,0.0,1.0,,False,False
ppc,TW,2026-05-01,1269,0.1805,0.0638,2.0,1269,0.1805,0.0638,1.0,1.0,True,False
ppc,TZ,2026-05-01,1826,0.1024,0.0597,2.0,1826,0.1024,0.0597,1.0,1.0,True,False
ppc,UG,2026-05-01,1379,0.0754,0.0696,3.0,1379,0.0754,0.0696,1.0,1.0,True,False
ppc,US,2026-05-01,117666,0.1582,0.0852,3.0,117666,0.1582,0.0852,1.0,1.0,True,False
ppc,UY,2026-05-01,2616,0.1762,0.0654,3.0,2616,0.1762,0.0654,1.0,1.0,True,False
ppc,UZ,2026-05-01,1123,0.1879,0.0285,1.0,1123,0.1879,0.0285,1.0,1.0,True,False
ppc,VA,2026-05-01,1,0.0,0.0,17.0,1,0.0,0.0,,,False,False
ppc,VC,2026-05-01,83,0.1807,0.0723,2.0,83,0.1807,0.0723,1.0,1.0,False,False
ppc,VG,2026-05-01,74,0.2162,0.0541,3.0,74,0.2162,0.0541,1.0,1.0,False,False
ppc,VI,2026-05-01,73,0.0685,0.0959,3.0,73,0.0685,0.0959,1.0,1.0,False,False
ppc,VN,2026-05-01,3116,0.1909,0.0517,2.0,3116,0.1909,0.0517,1.0,1.0,True,False
ppc,VU,2026-05-01,77,0.1688,0.0649,2.0,77,0.1688,0.0649,1.0,1.0,False,False
ppc,WF,2026-05-01,2,0.5,0.0,5.0,2,0.5,0.0,1.0,,False,False
ppc,WS,2026-05-01,78,0.1154,0.0641,2.0,78,0.1154,0.0641,1.0,1.0,False,False
ppc,XK,2026-05-01,61,0.0656,0.0,2.0,61,0.0656,0.0,1.0,,False,False
ppc,YT,2026-05-01,46,0.3261,0.087,3.0,46,0.3261,0.087,1.0,1.0,False,False
ppc,ZA,2026-05-01,22026,0.1417,0.0812,4.0,22026,0.1417,0.0812,1.0,1.0,True,False
ppc,ZM,2026-05-01,106,0.2453,0.0943,2.0,106,0.2453,0.0943,1.0,1.0,False,False
ppc,ZW,2026-05-01,18,0.1111,0.1111,3.5,18,0.1111,0.1111,1.0,1.0,False,False
1002,AD,2026-06-01,3,0.0,0.6667,32.0,82,0.122,0.1463,0.0,4.556,False,False
1002,AE,2026-06-01,1,0.0,0.0,2.0,1719,0.0849,0.0809,0.0,0.0,False,False
1002,AI,2026-06-01,1,0.0,0.0,10.0,31,0.0645,0.0645,0.0,0.0,False,False
1002,AL,2026-06-01,2,0.0,0.0,3.5,416,0.1346,0.0409,0.0,0.0,False,False
1002,AM,2026-06-01,1,0.0,0.0,1.0,468,0.1538,0.0427,0.0,0.0,False,False
1002,AO,2026-06-01,1,0.0,0.0,11.0,3184,0.2553,0.0411,0.0,0.0,False,False
1002,AR,2026-06-01,3,0.0,0.0,3.0,4619,0.1438,0.102,0.0,0.0,False,False
1002,AT,2026-06-01,45,0.1556,0.0667,4.5,652,0.1472,0.066,1.056,1.011,False,False
1002,AU,2026-06-01,1228,0.0603,0.066,3.0,10955,0.1472,0.072,0.409,0.916,True,False
1002,AW,2026-06-01,1,0.0,0.0,51.0,138,0.1522,0.087,0.0,0.0,False,False
1002,AX,2026-06-01,1,0.0,0.0,2.0,29,0.0,0.0345,,0.0,False,False
1002,AZ,2026-06-01,1,0.0,0.0,2.0,1423,0.2734,0.0267,0.0,0.0,False,False
1002,BA,2026-06-01,1,1.0,0.0,,,,,,,False,False
1002,BD,2026-06-01,13,0.0769,0.0,1.5,4108,0.2081,0.0282,0.37,0.0,False,False
1002,BE,2026-06-01,90,0.0667,0.0889,3.0,1569,0.1619,0.0822,0.412,1.081,False,False
1002,BG,2026-06-01,5,0.0,0.2,5.0,783,0.1571,0.0639,0.0,3.132,False,False
1002,BM,2026-06-01,2,0.0,0.0,1.0,74,0.1892,0.0811,0.0,0.0,False,False
1002,BO,2026-06-01,1,0.0,1.0,39.0,2425,0.2573,0.0495,0.0,20.208,False,False
1002,BQ,2026-06-01,2,0.0,0.0,72.5,43,0.1628,0.0698,0.0,0.0,False,False
1002,BR,2026-06-01,5,0.0,0.2,2.0,36943,0.1899,0.08,0.0,2.5,False,False
1002,BS,2026-06-01,3,0.0,0.0,1.0,294,0.1224,0.0646,0.0,0.0,False,False
1002,CA,2026-06-01,1046,0.0564,0.0707,3.0,13500,0.1658,0.0827,0.34,0.855,True,False
1002,CH,2026-06-01,56,0.0714,0.1071,4.0,1087,0.1739,0.0653,0.411,1.64,False,False
1002,CM,2026-06-01,3,0.3333,0.0,5.5,820,0.1683,0.0988,1.981,0.0,False,False
1002,CN,2026-06-01,2,0.0,0.5,10.5,1028,0.4387,0.0068,0.0,73.429,False,False
1002,CO,2026-06-01,11,0.1818,0.0909,4.0,12674,0.2108,0.0751,0.862,1.21,False,False
1002,CV,2026-06-01,1,0.0,1.0,29.0,212,0.2642,0.0519,0.0,19.273,False,False
1002,CY,2026-06-01,5,0.0,0.0,6.0,360,0.1472,0.0583,0.0,0.0,False,False
1002,CZ,2026-06-01,9,0.2222,0.2222,3.0,469,0.177,0.0661,1.256,3.362,False,False
1002,DE,2026-06-01,1154,0.0953,0.0555,2.0,7364,0.2239,0.0467,0.426,1.187,True,False
1002,DK,2026-06-01,75,0.08,0.0933,4.0,329,0.1702,0.0547,0.47,1.706,False,False
1002,DO,2026-06-01,1,0.0,1.0,2.0,2698,0.1772,0.083,0.0,12.045,False,False
1002,DZ,2026-06-01,15,0.0,0.0,1.0,98,0.0918,0.102,0.0,0.0,False,False
1002,EC,2026-06-01,2,0.0,0.0,2.0,4927,0.2052,0.0753,0.0,0.0,False,False
1002,EE,2026-06-01,2,0.0,0.0,2.5,220,0.2136,0.0682,0.0,0.0,False,False
1002,ES,2026-06-01,4,0.0,0.0,2.0,6454,0.15,0.0827,0.0,0.0,False,False
1002,FI,2026-06-01,50,0.1,0.14,7.0,711,0.2025,0.0774,0.494,1.81,False,False
1002,FJ,2026-06-01,1,0.0,1.0,6.0,3820,0.2995,0.0309,0.0,32.373,False,False
1002,FR,2026-06-01,134,0.0672,0.097,4.0,10498,0.1822,0.072,0.369,1.347,False,False
1002,GB,2026-06-01,1551,0.0716,0.078,3.0,19611,0.1571,0.0751,0.456,1.039,True,False
1002,GE,2026-06-01,3,0.0,0.0,1.0,604,0.1225,0.0381,0.0,0.0,False,False
1002,GG,2026-06-01,1,0.0,0.0,22.0,31,0.1935,0.0968,0.0,0.0,False,False
1002,GL,2026-06-01,1,0.0,0.0,4.0,58,0.2586,0.0172,0.0,0.0,False,False
1002,GM,2026-06-01,2,0.0,0.0,1.0,308,0.1558,0.0649,0.0,0.0,False,False
1002,GP,2026-06-01,1,0.0,0.0,3.0,281,0.1495,0.0996,0.0,0.0,False,False
1002,GR,2026-06-01,1,0.0,0.0,4.0,1223,0.1832,0.0523,0.0,0.0,False,False
1002,GT,2026-06-01,1,0.0,0.0,1.0,1740,0.1747,0.0626,0.0,0.0,False,False
1002,GU,2026-06-01,1,0.0,0.0,40.0,185,0.2324,0.0541,0.0,0.0,False,False
1002,HK,2026-06-01,6,0.1667,0.1667,7.0,1156,0.2422,0.032,0.688,5.207,False,False
1002,HN,2026-06-01,2,0.0,0.0,3.5,1751,0.1868,0.0668,0.0,0.0,False,False
1002,HR,2026-06-01,1,0.0,0.0,2.0,703,0.128,0.0782,0.0,0.0,False,False
1002,HU,2026-06-01,2,0.0,0.0,3.0,709,0.1707,0.0903,0.0,0.0,False,False
1002,ID,2026-06-01,3,0.0,0.0,6.0,1056,0.1752,0.0881,0.0,0.0,False,False
1002,IE,2026-06-01,116,0.0259,0.0431,2.0,1907,0.162,0.065,0.16,0.663,False,False
1002,IL,2026-06-01,3,0.0,0.0,2.0,1097,0.1404,0.0629,0.0,0.0,False,False
1002,IN,2026-06-01,4,0.0,0.0,1.0,24092,0.1429,0.0635,0.0,0.0,False,False
1002,IS,2026-06-01,9,0.0,0.0,3.0,71,0.2254,0.0845,0.0,0.0,False,False
1002,IT,2026-06-01,360,0.0611,0.0583,2.0,6513,0.1783,0.0726,0.343,0.803,False,False
1002,JM,2026-06-01,3,0.3333,0.0,1.0,3501,0.1682,0.0823,1.981,0.0,False,False
1002,JP,2026-06-01,13,0.0,0.0769,2.0,2515,0.1992,0.0561,0.0,1.372,False,False
1002,KE,2026-06-01,11,0.0,0.0909,4.0,11070,0.1373,0.0676,0.0,1.345,False,False
1002,KH,2026-06-01,7,0.1429,0.0,1.5,236,0.25,0.0424,0.571,0.0,False,False
1002,KR,2026-06-01,9,0.0,0.1111,4.0,3325,0.2042,0.0608,0.0,1.829,False,False
1002,KZ,2026-06-01,2,0.0,0.0,1.0,109,0.2936,0.0459,0.0,0.0,False,False
1002,LA,2026-06-01,1,0.0,0.0,1.0,682,0.2199,0.0191,0.0,0.0,False,False
1002,LK,2026-06-01,1,0.0,0.0,31.0,613,0.1517,0.0995,0.0,0.0,False,False
1002,LU,2026-06-01,10,0.0,0.2,10.0,172,0.1395,0.0349,0.0,5.733,False,False
1002,LV,2026-06-01,2,0.0,0.5,11.0,280,0.1679,0.0536,0.0,9.333,False,False
1002,MC,2026-06-01,1,0.0,1.0,9.0,6,0.1667,0.1667,0.0,6.0,False,False
1002,MD,2026-06-01,1,0.0,0.0,1.0,443,0.1558,0.0406,0.0,0.0,False,False
1002,MX,2026-06-01,16,0.125,0.1875,8.0,28976,0.1829,0.0728,0.683,2.576,False,False
1002,MY,2026-06-01,13,0.1538,0.0,1.0,7324,0.1648,0.0584,0.934,0.0,False,False
1002,NA,2026-06-01,2,0.0,0.0,12.0,2696,0.1914,0.0586,0.0,0.0,False,False
1002,NC,2026-06-01,1,0.0,0.0,11.0,120,0.15,0.0917,0.0,0.0,False,False
1002,NL,2026-06-01,271,0.0996,0.048,3.0,5363,0.2584,0.0503,0.386,0.953,False,False
1002,NO,2026-06-01,91,0.044,0.1099,4.0,398,0.2161,0.0779,0.203,1.411,False,False
1002,NP,2026-06-01,1,0.0,0.0,1.0,9,0.0,0.1111,,0.0,False,False
1002,NZ,2026-06-01,247,0.0972,0.0688,3.0,2842,0.1495,0.0834,0.65,0.825,False,False
1002,PA,2026-06-01,1,0.0,0.0,2.0,1600,0.2,0.0712,0.0,0.0,False,False
1002,PE,2026-06-01,1,0.0,0.0,1.0,6794,0.22,0.0708,0.0,0.0,False,False
1002,PH,2026-06-01,36,0.0556,0.0,2.0,13812,0.1748,0.0831,0.318,0.0,False,False
1002,PK,2026-06-01,5,0.2,0.0,2.0,459,0.1285,0.061,1.556,0.0,False,False
1002,PL,2026-06-01,11,0.0,0.0,2.0,1318,0.1684,0.0653,0.0,0.0,False,False
1002,PR,2026-06-01,2,0.0,0.0,5.5,1784,0.1956,0.0852,0.0,0.0,False,False
1002,RO,2026-06-01,3,0.0,0.0,8.0,2338,0.2511,0.0381,0.0,0.0,False,False
1002,RS,2026-06-01,2,0.0,0.0,2.0,1450,0.1303,0.08,0.0,0.0,False,False
1002,SA,2026-06-01,1,0.0,0.0,1.0,47,0.0851,0.1064,0.0,0.0,False,False
1002,SE,2026-06-01,117,0.0342,0.1282,4.0,798,0.1792,0.0952,0.191,1.346,False,False
1002,SG,2026-06-01,10,0.1,0.1,1.0,2786,0.1719,0.061,0.582,1.639,False,False
1002,SI,2026-06-01,5,0.2,0.0,2.5,220,0.1409,0.0682,1.419,0.0,False,False
1002,SK,2026-06-01,7,0.0,0.1429,2.0,199,0.191,0.0553,0.0,2.584,False,False
1002,SL,2026-06-01,1,1.0,0.0,,255,0.1843,0.0353,5.426,0.0,False,False
1002,SN,2026-06-01,1,0.0,0.0,1.0,280,0.1464,0.0786,0.0,0.0,False,False
1002,SR,2026-06-01,1,0.0,0.0,2.0,397,0.2242,0.0277,0.0,0.0,False,False
1002,TH,2026-06-01,24,0.0417,0.0,3.0,3051,0.2114,0.0518,0.197,0.0,False,False
1002,TR,2026-06-01,9,0.0,0.1111,6.0,4032,0.1498,0.0588,0.0,1.89,False,False
1002,TT,2026-06-01,2,0.0,0.5,44.5,643,0.1524,0.1104,0.0,4.528,False,False
1002,TW,2026-06-01,1,0.0,0.0,2.0,723,0.1881,0.0622,0.0,0.0,False,False
1002,TZ,2026-06-01,3,0.3333,0.0,9.0,2279,0.1624,0.0518,2.053,0.0,False,False
1002,UG,2026-06-01,11,0.0,0.0909,1.0,2839,0.0807,0.0785,0.0,1.157,False,False
1002,US,2026-06-01,7016,0.0649,0.073,3.0,126824,0.1858,0.0755,0.349,0.966,True,False
1002,UY,2026-06-01,2,0.0,0.0,7.0,1757,0.1764,0.0825,0.0,0.0,False,False
1002,UZ,2026-06-01,1,0.0,0.0,21.0,2812,0.2411,0.0228,0.0,0.0,False,False
1002,VI,2026-06-01,1,0.0,0.0,20.0,63,0.2381,0.0952,0.0,0.0,False,False
1002,VN,2026-06-01,3,0.0,0.0,4.0,1869,0.2103,0.0316,0.0,0.0,False,False
1002,VU,2026-06-01,2,0.0,0.0,1.5,280,0.2536,0.0214,0.0,0.0,False,False
1002,ZA,2026-06-01,22,0.0455,0.0,4.0,26039,0.1456,0.0858,0.312,0.0,False,False
1002,ZM,2026-06-01,1,0.0,0.0,5.0,1217,0.2087,0.0435,0.0,0.0,False,False
1052,AD,2026-06-01,1,0.0,0.0,23.0,82,0.122,0.1463,0.0,0.0,False,False
1052,AF,2026-06-01,1,0.0,0.0,1.0,,,,,,False,False
1052,AG,2026-06-01,1,0.0,1.0,159.0,89,0.236,0.0337,0.0,29.667,False,False
1052,AI,2026-06-01,1,0.0,0.0,18.0,31,0.0645,0.0645,0.0,0.0,False,False
1052,AL,2026-06-01,3,0.3333,0.0,3.5,416,0.1346,0.0409,2.476,0.0,False,False
1052,AO,2026-06-01,2,0.5,0.0,5.0,3184,0.2553,0.0411,1.958,0.0,False,False
1052,AQ,2026-06-01,1,0.0,0.0,16.0,7,0.0,0.2857,,0.0,False,False
1052,AR,2026-06-01,2,0.0,0.0,2.0,4619,0.1438,0.102,0.0,0.0,False,False
1052,AT,2026-06-01,2,0.0,0.0,3.5,652,0.1472,0.066,0.0,0.0,False,False
1052,AU,2026-06-01,1714,0.1027,0.056,2.0,10955,0.1472,0.072,0.697,0.778,True,False
1052,AW,2026-06-01,2,0.0,0.0,7.5,138,0.1522,0.087,0.0,0.0,False,False
1052,AX,2026-06-01,1,0.0,0.0,36.0,29,0.0,0.0345,,0.0,False,False
1052,BD,2026-06-01,2,0.0,0.0,1.0,4108,0.2081,0.0282,0.0,0.0,False,False
1052,BE,2026-06-01,4,0.25,0.0,2.0,1569,0.1619,0.0822,1.544,0.0,False,False
1052,BJ,2026-06-01,1,0.0,0.0,6.0,5751,0.2607,0.0412,0.0,0.0,False,False
1052,BS,2026-06-01,3,0.0,0.0,1.0,294,0.1224,0.0646,0.0,0.0,False,False
1052,CA,2026-06-01,1408,0.1058,0.0526,2.0,13500,0.1658,0.0827,0.638,0.635,True,False
1052,CH,2026-06-01,6,0.3333,0.1667,9.0,1087,0.1739,0.0653,1.917,2.552,False,False
1052,CM,2026-06-01,2,0.0,0.0,1.5,820,0.1683,0.0988,0.0,0.0,False,False
1052,CN,2026-06-01,1,0.0,0.0,64.0,1028,0.4387,0.0068,0.0,0.0,False,False
1052,CO,2026-06-01,1,0.0,0.0,8.0,12674,0.2108,0.0751,0.0,0.0,False,False
1052,CY,2026-06-01,4,0.5,0.0,1.5,360,0.1472,0.0583,3.396,0.0,False,False
1052,DE,2026-06-01,8,0.125,0.0,3.0,7364,0.2239,0.0467,0.558,0.0,False,False
1052,DO,2026-06-01,1,0.0,0.0,4.0,2698,0.1772,0.083,0.0,0.0,False,False
1052,ES,2026-06-01,7,0.0,0.0,1.0,6454,0.15,0.0827,0.0,0.0,False,False
1052,FI,2026-06-01,1,0.0,0.0,2.0,711,0.2025,0.0774,0.0,0.0,False,False
1052,FR,2026-06-01,11,0.0,0.0909,4.0,10498,0.1822,0.072,0.0,1.262,False,False
1052,GB,2026-06-01,1918,0.1043,0.0547,2.0,19611,0.1571,0.0751,0.664,0.729,True,False
1052,GD,2026-06-01,1,0.0,0.0,9.0,111,0.2523,0.036,0.0,0.0,False,False
1052,GG,2026-06-01,2,0.5,0.0,30.0,31,0.1935,0.0968,2.583,0.0,False,False
1052,GR,2026-06-01,6,0.1667,0.0,4.0,1223,0.1832,0.0523,0.91,0.0,False,False
1052,GY,2026-06-01,1,0.0,0.0,3.0,1073,0.1938,0.0317,0.0,0.0,False,False
1052,HK,2026-06-01,1,0.0,0.0,4.0,1156,0.2422,0.032,0.0,0.0,False,False
1052,ID,2026-06-01,1,0.0,0.0,5.0,1056,0.1752,0.0881,0.0,0.0,False,False
1052,IE,2026-06-01,483,0.118,0.06,2.0,1907,0.162,0.065,0.728,0.923,False,False
1052,IL,2026-06-01,1,0.0,0.0,1.0,1097,0.1404,0.0629,0.0,0.0,False,False
1052,IN,2026-06-01,18,0.1667,0.1111,1.0,24092,0.1429,0.0635,1.166,1.748,False,False
1052,JE,2026-06-01,2,0.5,0.0,9.0,78,0.1538,0.0641,3.25,0.0,False,False
1052,JM,2026-06-01,3,0.0,0.0,3.0,3501,0.1682,0.0823,0.0,0.0,False,False
1052,JO,2026-06-01,2,0.0,0.0,2.0,30,0.1667,0.0333,0.0,0.0,False,False
1052,JP,2026-06-01,4,0.0,0.25,3.0,2515,0.1992,0.0561,0.0,4.459,False,False
1052,KE,2026-06-01,15,0.0,0.0,4.0,11070,0.1373,0.0676,0.0,0.0,False,False
1052,LT,2026-06-01,1,0.0,0.0,2.0,354,0.1328,0.0932,0.0,0.0,False,False
1052,LU,2026-06-01,1,0.0,0.0,8.0,172,0.1395,0.0349,0.0,0.0,False,False
1052,LV,2026-06-01,2,0.0,0.0,2.5,280,0.1679,0.0536,0.0,0.0,False,False
1052,MA,2026-06-01,1,0.0,0.0,2.0,94,0.117,0.0532,0.0,0.0,False,False
1052,MD,2026-06-01,1,0.0,0.0,3.0,443,0.1558,0.0406,0.0,0.0,False,False
1052,MG,2026-06-01,1,0.0,0.0,1.0,5133,0.2406,0.0423,0.0,0.0,False,False
1052,MO,2026-06-01,1,0.0,0.0,6.0,51,0.1176,0.098,0.0,0.0,False,False
1052,MT,2026-06-01,1,0.0,0.0,3.0,297,0.1684,0.0505,0.0,0.0,False,False
1052,MV,2026-06-01,1,0.0,0.0,1.0,378,0.1323,0.0688,0.0,0.0,False,False
1052,MX,2026-06-01,10,0.2,0.0,2.0,28976,0.1829,0.0728,1.093,0.0,False,False
1052,MY,2026-06-01,1,0.0,0.0,13.0,7324,0.1648,0.0584,0.0,0.0,False,False
1052,NC,2026-06-01,1,1.0,0.0,,120,0.15,0.0917,6.667,0.0,False,False
1052,NL,2026-06-01,17,0.0588,0.0,3.0,5363,0.2584,0.0503,0.228,0.0,False,False
1052,NO,2026-06-01,2,0.5,0.0,1.0,398,0.2161,0.0779,2.314,0.0,False,False
1052,NP,2026-06-01,1,1.0,0.0,,9,0.0,0.1111,,0.0,False,False
1052,NZ,2026-06-01,286,0.1084,0.0559,2.0,2842,0.1495,0.0834,0.725,0.671,False,False
1052,PE,2026-06-01,1,0.0,0.0,1.0,6794,0.22,0.0708,0.0,0.0,False,False
1052,PH,2026-06-01,16,0.0,0.0625,2.0,13812,0.1748,0.0831,0.0,0.752,False,False
1052,PR,2026-06-01,3,0.3333,0.0,1.0,1784,0.1956,0.0852,1.704,0.0,False,False
1052,PT,2026-06-01,3,0.0,0.0,1.0,2353,0.1517,0.0854,0.0,0.0,False,False
1052,RO,2026-06-01,4,0.25,0.0,1.0,2338,0.2511,0.0381,0.996,0.0,False,False
1052,RS,2026-06-01,1,0.0,0.0,1.0,1450,0.1303,0.08,0.0,0.0,False,False
1052,SE,2026-06-01,1,0.0,0.0,18.0,798,0.1792,0.0952,0.0,0.0,False,False
1052,SG,2026-06-01,7,0.1429,0.0,1.5,2786,0.1719,0.061,0.831,0.0,False,False
1052,SI,2026-06-01,1,0.0,0.0,3.0,220,0.1409,0.0682,0.0,0.0,False,False
1052,SZ,2026-06-01,1,0.0,0.0,8.0,1763,0.2484,0.0289,0.0,0.0,False,False
1052,TJ,2026-06-01,1,0.0,0.0,7.0,316,0.2658,0.0127,0.0,0.0,False,False
1052,TR,2026-06-01,3,0.3333,0.3333,11.0,4032,0.1498,0.0588,2.225,5.671,False,False
1052,TT,2026-06-01,1,0.0,0.0,3.0,643,0.1524,0.1104,0.0,0.0,False,False
1052,TZ,2026-06-01,2,0.5,0.5,46.0,2279,0.1624,0.0518,3.08,9.657,False,False
1052,UG,2026-06-01,1,0.0,0.0,1.0,2839,0.0807,0.0785,0.0,0.0,False,False
1052,US,2026-06-01,12015,0.1263,0.0573,2.0,126824,0.1858,0.0755,0.68,0.758,True,False
1052,VI,2026-06-01,1,0.0,0.0,6.0,63,0.2381,0.0952,0.0,0.0,False,False
1052,VN,2026-06-01,3,0.0,0.0,1.0,1869,0.2103,0.0316,0.0,0.0,False,False
1052,ZA,2026-06-01,7,0.1429,0.1429,2.0,26039,0.1456,0.0858,0.981,1.666,False,False
1052,ZM,2026-06-01,1,1.0,0.0,,1217,0.2087,0.0435,4.791,0.0,False,False
303,AD,2026-06-01,1,0.0,0.0,3.0,82,0.122,0.1463,0.0,0.0,False,False
303,AE,2026-06-01,1,0.0,0.0,3.0,1719,0.0849,0.0809,0.0,0.0,False,False
303,AL,2026-06-01,71,0.2817,0.0,1.0,416,0.1346,0.0409,2.093,0.0,False,False
303,AM,2026-06-01,1,0.0,0.0,2.0,468,0.1538,0.0427,0.0,0.0,False,False
303,AT,2026-06-01,46,0.087,0.0435,3.0,652,0.1472,0.066,0.591,0.659,False,False
303,AU,2026-06-01,11,0.1818,0.0909,5.0,10955,0.1472,0.072,1.235,1.262,False,False
303,BE,2026-06-01,93,0.2366,0.043,2.0,1569,0.1619,0.0822,1.461,0.523,False,False
303,BG,2026-06-01,100,0.11,0.05,2.0,783,0.1571,0.0639,0.7,0.783,False,False
303,BR,2026-06-01,295,0.1661,0.0373,2.0,36943,0.1899,0.08,0.875,0.466,False,False
303,CA,2026-06-01,16,0.5,0.0,5.0,13500,0.1658,0.0827,3.016,0.0,False,False
303,CH,2026-06-01,39,0.1282,0.1026,3.0,1087,0.1739,0.0653,0.737,1.57,False,False
303,CL,2026-06-01,46,0.1739,0.0,1.0,6391,0.1579,0.0918,1.102,0.0,False,False
303,CO,2026-06-01,2,0.0,0.0,4.5,12674,0.2108,0.0751,0.0,0.0,False,False
303,CR,2026-06-01,26,0.1923,0.0769,1.0,2598,0.1551,0.0785,1.24,0.98,False,False
303,CV,2026-06-01,1,0.0,0.0,2.0,212,0.2642,0.0519,0.0,0.0,False,False
303,CY,2026-06-01,4,0.25,0.0,1.0,360,0.1472,0.0583,1.698,0.0,False,False
303,CZ,2026-06-01,65,0.1538,0.0308,2.0,469,0.177,0.0661,0.869,0.466,False,False
303,DE,2026-06-01,345,0.1478,0.0696,2.0,7364,0.2239,0.0467,0.66,1.489,False,False
303,DK,2026-06-01,82,0.1951,0.0732,3.0,329,0.1702,0.0547,1.146,1.337,False,False
303,EC,2026-06-01,93,0.2581,0.0215,1.0,4927,0.2052,0.0753,1.258,0.286,False,False
303,EE,2026-06-01,21,0.1905,0.2381,6.0,220,0.2136,0.0682,0.892,3.492,False,False
303,ES,2026-06-01,574,0.1655,0.054,2.0,6454,0.15,0.0827,1.103,0.653,True,False
303,FI,2026-06-01,16,0.1875,0.0625,5.0,711,0.2025,0.0774,0.926,0.808,False,False
303,FO,2026-06-01,3,0.3333,0.0,1.0,15,0.2,0.0667,1.667,0.0,False,False
303,FR,2026-06-01,1256,0.1799,0.0661,2.0,10498,0.1822,0.072,0.987,0.918,True,False
303,GB,2026-06-01,308,0.1331,0.0487,2.0,19611,0.1571,0.0751,0.847,0.648,False,False
303,GF,2026-06-01,1,0.0,0.0,6.0,97,0.2371,0.0722,0.0,0.0,False,False
303,GG,2026-06-01,5,0.2,0.0,3.5,31,0.1935,0.0968,1.033,0.0,False,False
303,GI,2026-06-01,2,0.5,0.0,24.0,29,0.069,0.1034,7.25,0.0,False,False
303,GP,2026-06-01,2,0.0,0.0,3.0,281,0.1495,0.0996,0.0,0.0,False,False
303,GR,2026-06-01,454,0.141,0.0374,2.0,1223,0.1832,0.0523,0.77,0.716,False,False
303,HK,2026-06-01,3,0.3333,0.0,7.0,1156,0.2422,0.032,1.376,0.0,False,False
303,HR,2026-06-01,121,0.1322,0.0579,2.0,703,0.128,0.0782,1.033,0.739,False,False
303,HU,2026-06-01,153,0.1961,0.0327,2.0,709,0.1707,0.0903,1.149,0.362,False,False
303,ID,2026-06-01,1,0.0,0.0,5.0,1056,0.1752,0.0881,0.0,0.0,False,False
303,IE,2026-06-01,111,0.1441,0.0721,2.0,1907,0.162,0.065,0.89,1.108,False,False
303,IM,2026-06-01,10,0.4,0.1,4.5,71,0.2535,0.0845,1.578,1.183,False,False
303,IS,2026-06-01,9,0.0,0.1111,8.0,71,0.2254,0.0845,0.0,1.315,False,False
303,IT,2026-06-01,1343,0.1638,0.0491,2.0,6513,0.1783,0.0726,0.919,0.677,True,False
303,JE,2026-06-01,7,0.1429,0.1429,3.5,78,0.1538,0.0641,0.929,2.229,False,False
303,JO,2026-06-01,2,0.0,0.0,1.5,30,0.1667,0.0333,0.0,0.0,False,False
303,LT,2026-06-01,43,0.2791,0.093,2.0,354,0.1328,0.0932,2.102,0.998,False,False
303,LU,2026-06-01,4,0.5,0.0,1.0,172,0.1395,0.0349,3.583,0.0,False,False
303,LV,2026-06-01,38,0.2632,0.0789,2.0,280,0.1679,0.0536,1.568,1.474,False,False
303,MA,2026-06-01,2,0.0,0.0,8.0,94,0.117,0.0532,0.0,0.0,False,False
303,MC,2026-06-01,1,0.0,0.0,1.0,6,0.1667,0.1667,0.0,0.0,False,False
303,MD,2026-06-01,7,0.0,0.0,1.0,443,0.1558,0.0406,0.0,0.0,False,False
303,ME,2026-06-01,23,0.2174,0.0435,1.0,141,0.1206,0.0709,1.803,0.613,False,False
303,MK,2026-06-01,44,0.0455,0.0227,2.0,319,0.1536,0.0564,0.296,0.403,False,False
303,MT,2026-06-01,87,0.0805,0.0575,2.0,297,0.1684,0.0505,0.478,1.138,False,False
303,MX,2026-06-01,160,0.275,0.0375,1.0,28976,0.1829,0.0728,1.503,0.515,False,False
303,NL,2026-06-01,83,0.2169,0.0602,2.0,5363,0.2584,0.0503,0.839,1.197,False,False
303,NO,2026-06-01,32,0.1563,0.0,2.0,398,0.2161,0.0779,0.723,0.0,False,False
303,NZ,2026-06-01,3,0.3333,0.0,3.5,2842,0.1495,0.0834,2.229,0.0,False,False
303,PE,2026-06-01,2,0.5,0.0,5.0,6794,0.22,0.0708,2.272,0.0,False,False
303,PH,2026-06-01,4,0.0,0.0,1.0,13812,0.1748,0.0831,0.0,0.0,False,False
303,PK,2026-06-01,1,1.0,0.0,,459,0.1285,0.061,7.78,0.0,False,False
303,PL,2026-06-01,169,0.1893,0.1006,2.0,1318,0.1684,0.0653,1.124,1.542,False,False
303,PT,2026-06-01,232,0.1293,0.0603,2.0,2353,0.1517,0.0854,0.852,0.706,False,False
303,RO,2026-06-01,101,0.1584,0.0693,2.0,2338,0.2511,0.0381,0.631,1.821,False,False
303,RS,2026-06-01,113,0.1681,0.0531,3.0,1450,0.1303,0.08,1.29,0.664,False,False
303,SA,2026-06-01,1,0.0,0.0,5.0,47,0.0851,0.1064,0.0,0.0,False,False
303,SE,2026-06-01,84,0.1548,0.0833,3.0,798,0.1792,0.0952,0.864,0.875,False,False
303,SG,2026-06-01,1,0.0,0.0,78.0,2786,0.1719,0.061,0.0,0.0,False,False
303,SI,2026-06-01,65,0.1385,0.0462,2.0,220,0.1409,0.0682,0.983,0.677,False,False
303,SK,2026-06-01,71,0.1127,0.0986,2.0,199,0.191,0.0553,0.59,1.784,False,False
303,SM,2026-06-01,1,0.0,0.0,43.0,6,0.3333,0.0,0.0,,False,False
303,TH,2026-06-01,5,0.0,0.0,1.0,3051,0.2114,0.0518,0.0,0.0,False,False
303,TR,2026-06-01,1231,0.147,0.0512,2.0,4032,0.1498,0.0588,0.982,0.871,True,False
303,US,2026-06-01,111,0.1712,0.0631,2.5,126824,0.1858,0.0755,0.921,0.835,False,False
303,UZ,2026-06-01,1,0.0,0.0,1.0,2812,0.2411,0.0228,0.0,0.0,False,False
303,VN,2026-06-01,1,0.0,0.0,79.0,1869,0.2103,0.0316,0.0,0.0,False,False
303,XK,2026-06-01,35,0.0571,0.0286,2.0,112,0.1518,0.0179,0.376,1.6,False,False
413,AE,2026-06-01,5,0.2,0.0,1.5,1719,0.0849,0.0809,2.355,0.0,False,False
413,AI,2026-06-01,1,0.0,0.0,2.0,31,0.0645,0.0645,0.0,0.0,False,False
413,AL,2026-06-01,6,0.0,0.0,1.5,416,0.1346,0.0409,0.0,0.0,False,False
413,AM,2026-06-01,1,0.0,0.0,1.0,468,0.1538,0.0427,0.0,0.0,False,False
413,AR,2026-06-01,4,0.0,0.0,4.0,4619,0.1438,0.102,0.0,0.0,False,False
413,AS,2026-06-01,1,0.0,0.0,49.0,69,0.1739,0.0725,0.0,0.0,False,False
413,AT,2026-06-01,2,0.0,0.0,7.5,652,0.1472,0.066,0.0,0.0,False,False
413,AU,2026-06-01,4964,0.1648,0.0622,3.0,10955,0.1472,0.072,1.119,0.864,True,False
413,AW,2026-06-01,1,0.0,0.0,1.0,138,0.1522,0.087,0.0,0.0,False,False
413,AX,2026-06-01,7,0.0,0.0,2.0,29,0.0,0.0345,,0.0,False,False
413,AZ,2026-06-01,2,0.0,0.0,5.5,1423,0.2734,0.0267,0.0,0.0,False,False
413,BB,2026-06-01,6,0.3333,0.1667,1.0,255,0.1529,0.0471,2.179,3.542,False,False
413,BE,2026-06-01,194,0.1495,0.0412,3.0,1569,0.1619,0.0822,0.923,0.502,False,False
413,BG,2026-06-01,4,0.0,0.0,3.0,783,0.1571,0.0639,0.0,0.0,False,False
413,BJ,2026-06-01,3,0.0,0.0,1.0,5751,0.2607,0.0412,0.0,0.0,False,False
413,BM,2026-06-01,1,0.0,0.0,3.0,74,0.1892,0.0811,0.0,0.0,False,False
413,BO,2026-06-01,1,0.0,0.0,2.0,2425,0.2573,0.0495,0.0,0.0,False,False
413,BQ,2026-06-01,1,0.0,0.0,2.0,43,0.1628,0.0698,0.0,0.0,False,False
413,BR,2026-06-01,10,0.7,0.1,12.0,36943,0.1899,0.08,3.686,1.25,False,False
413,BS,2026-06-01,2,0.0,0.0,1.5,294,0.1224,0.0646,0.0,0.0,False,False
413,BT,2026-06-01,1,0.0,1.0,16.0,440,0.1886,0.0341,0.0,29.333,False,False
413,BW,2026-06-01,9,0.2222,0.0,1.0,2531,0.2007,0.0589,1.107,0.0,False,False
413,BZ,2026-06-01,5,0.4,0.0,1.0,431,0.1763,0.0394,2.268,0.0,False,False
413,CA,2026-06-01,4152,0.1674,0.0682,3.0,13500,0.1658,0.0827,1.01,0.824,True,False
413,CH,2026-06-01,176,0.1136,0.108,3.0,1087,0.1739,0.0653,0.654,1.653,False,False
413,CK,2026-06-01,2,0.0,0.0,3.0,88,0.0568,0.0682,0.0,0.0,False,False
413,CL,2026-06-01,4,0.25,0.25,2.0,6391,0.1579,0.0918,1.583,2.722,False,False
413,CN,2026-06-01,1,0.0,0.0,27.0,1028,0.4387,0.0068,0.0,0.0,False,False
413,CO,2026-06-01,13,0.4615,0.0769,2.0,12674,0.2108,0.0751,2.189,1.024,False,False
413,CR,2026-06-01,12,0.3333,0.0,3.0,2598,0.1551,0.0785,2.149,0.0,False,False
413,CV,2026-06-01,1,0.0,0.0,2.0,212,0.2642,0.0519,0.0,0.0,False,False
413,CW,2026-06-01,3,0.6667,0.0,1.0,249,0.1767,0.1124,3.773,0.0,False,False
413,CY,2026-06-01,3,0.3333,0.0,8.0,360,0.1472,0.0583,2.264,0.0,False,False
413,CZ,2026-06-01,3,0.0,0.0,1.0,469,0.177,0.0661,0.0,0.0,False,False
413,DE,2026-06-01,26,0.0769,0.0,2.0,7364,0.2239,0.0467,0.344,0.0,False,False
413,DK,2026-06-01,6,0.0,0.0,13.5,329,0.1702,0.0547,0.0,0.0,False,False
413,DO,2026-06-01,3,0.0,0.0,2.0,2698,0.1772,0.083,0.0,0.0,False,False
413,DZ,2026-06-01,58,0.2759,0.0862,1.0,98,0.0918,0.102,3.004,0.845,False,False
413,EC,2026-06-01,6,0.1667,0.0,1.0,4927,0.2052,0.0753,0.812,0.0,False,False
413,EE,2026-06-01,2,0.5,0.0,1.0,220,0.2136,0.0682,2.34,0.0,False,False
413,ES,2026-06-01,30,0.2,0.0667,2.0,6454,0.15,0.0827,1.333,0.806,False,False
413,FI,2026-06-01,191,0.1309,0.1099,4.0,711,0.2025,0.0774,0.646,1.421,False,False
413,FJ,2026-06-01,10,0.5,0.0,1.0,3820,0.2995,0.0309,1.67,0.0,False,False
413,FR,2026-06-01,25,0.32,0.04,3.0,10498,0.1822,0.072,1.756,0.555,False,False
413,GB,2026-06-01,4759,0.1679,0.0632,2.0,19611,0.1571,0.0751,1.069,0.842,True,False
413,GG,2026-06-01,1,0.0,0.0,1.0,31,0.1935,0.0968,0.0,0.0,False,False
413,GR,2026-06-01,18,0.0556,0.0,2.0,1223,0.1832,0.0523,0.303,0.0,False,False
413,GU,2026-06-01,2,0.5,0.0,1.0,185,0.2324,0.0541,2.151,0.0,False,False
413,GY,2026-06-01,7,0.4286,0.0,1.0,1073,0.1938,0.0317,2.211,0.0,False,False
413,HK,2026-06-01,1,0.0,0.0,10.0,1156,0.2422,0.032,0.0,0.0,False,False
413,HR,2026-06-01,2,0.0,0.0,1.0,703,0.128,0.0782,0.0,0.0,False,False
413,HU,2026-06-01,3,0.0,0.0,1.0,709,0.1707,0.0903,0.0,0.0,False,False
413,ID,2026-06-01,2,1.0,0.0,,1056,0.1752,0.0881,5.708,0.0,False,False
413,IE,2026-06-01,13,0.2308,0.0769,1.5,1907,0.162,0.065,1.424,1.183,False,False
413,IL,2026-06-01,322,0.1366,0.0683,2.0,1097,0.1404,0.0629,0.973,1.086,False,False
413,IM,2026-06-01,1,1.0,0.0,,71,0.2535,0.0845,3.944,0.0,False,False
413,IN,2026-06-01,227,0.2467,0.0352,1.0,24092,0.1429,0.0635,1.726,0.555,False,False
413,IS,2026-06-01,55,0.1091,0.1091,4.0,71,0.2254,0.0845,0.484,1.291,False,False
413,IT,2026-06-01,17,0.1176,0.1176,2.0,6513,0.1783,0.0726,0.66,1.62,False,False
413,JE,2026-06-01,1,1.0,0.0,,78,0.1538,0.0641,6.5,0.0,False,False
413,JM,2026-06-01,27,0.4815,0.037,1.0,3501,0.1682,0.0823,2.862,0.45,False,False
413,JO,2026-06-01,2,0.0,0.0,5.0,30,0.1667,0.0333,0.0,0.0,False,False
413,JP,2026-06-01,20,0.25,0.05,4.0,2515,0.1992,0.0561,1.255,0.892,False,False
413,KE,2026-06-01,90,0.4,0.0,1.0,11070,0.1373,0.0676,2.913,0.0,False,False
413,KI,2026-06-01,2,0.5,0.0,1.0,624,0.2548,0.024,1.962,0.0,False,False
413,KN,2026-06-01,1,0.0,0.0,7.0,58,0.1552,0.0345,0.0,0.0,False,False
413,KR,2026-06-01,3,0.3333,0.0,4.5,3325,0.2042,0.0608,1.632,0.0,False,False
413,KW,2026-06-01,1,1.0,0.0,,14,0.0,0.0714,,0.0,False,False
413,LA,2026-06-01,1,0.0,0.0,12.0,682,0.2199,0.0191,0.0,0.0,False,False
413,LI,2026-06-01,1,0.0,0.0,21.0,6,0.0,0.0,,,False,False
413,LU,2026-06-01,29,0.1034,0.0345,2.5,172,0.1395,0.0349,0.741,0.989,False,False
413,LV,2026-06-01,1,0.0,0.0,2.0,280,0.1679,0.0536,0.0,0.0,False,False
413,ME,2026-06-01,1,0.0,0.0,1.0,141,0.1206,0.0709,0.0,0.0,False,False
413,MG,2026-06-01,1,0.0,0.0,2.0,5133,0.2406,0.0423,0.0,0.0,False,False
413,MK,2026-06-01,2,0.0,0.0,2.5,319,0.1536,0.0564,0.0,0.0,False,False
413,MR,2026-06-01,2,0.0,0.0,1.0,835,0.2323,0.0287,0.0,0.0,False,False
413,MS,2026-06-01,1,0.0,0.0,1.0,11,0.0,0.0909,,0.0,False,False
413,MT,2026-06-01,5,0.0,0.2,2.0,297,0.1684,0.0505,0.0,3.96,False,False
413,MU,2026-06-01,9,0.1111,0.0,2.0,1502,0.1724,0.0599,0.644,0.0,False,False
413,MV,2026-06-01,1,0.0,0.0,2.0,378,0.1323,0.0688,0.0,0.0,False,False
413,MX,2026-06-01,36,0.1944,0.1111,2.0,28976,0.1829,0.0728,1.063,1.527,False,False
413,MY,2026-06-01,15,0.0667,0.0,1.0,7324,0.1648,0.0584,0.405,0.0,False,False
413,MZ,2026-06-01,1,1.0,0.0,,3802,0.2743,0.0337,3.645,0.0,False,False
413,NA,2026-06-01,6,0.1667,0.1667,2.0,2696,0.1914,0.0586,0.871,2.844,False,False
413,NL,2026-06-01,795,0.1346,0.0994,3.0,5363,0.2584,0.0503,0.521,1.974,True,False
413,NO,2026-06-01,410,0.1244,0.0707,3.0,398,0.2161,0.0779,0.576,0.908,False,False
413,NZ,2026-06-01,1263,0.1774,0.0697,3.0,2842,0.1495,0.0834,1.186,0.836,True,False
413,OM,2026-06-01,1,0.0,0.0,1.0,62,0.0968,0.0968,0.0,0.0,False,False
413,PA,2026-06-01,4,0.25,0.0,1.0,1600,0.2,0.0712,1.25,0.0,False,False
413,PE,2026-06-01,4,0.5,0.0,2.0,6794,0.22,0.0708,2.272,0.0,False,False
413,PF,2026-06-01,1,1.0,0.0,,180,0.1611,0.1222,6.207,0.0,False,False
413,PG,2026-06-01,1,1.0,0.0,,897,0.2676,0.0435,3.738,0.0,False,False
413,PH,2026-06-01,27,0.2963,0.037,3.0,13812,0.1748,0.0831,1.695,0.446,False,False
413,PL,2026-06-01,9,0.0,0.0,3.0,1318,0.1684,0.0653,0.0,0.0,False,False
413,PR,2026-06-01,8,0.125,0.125,1.0,1784,0.1956,0.0852,0.639,1.467,False,False
413,PT,2026-06-01,11,0.0,0.0,2.0,2353,0.1517,0.0854,0.0,0.0,False,False
413,PY,2026-06-01,1,0.0,0.0,2.0,1162,0.1756,0.0706,0.0,0.0,False,False
413,QA,2026-06-01,1,0.0,0.0,1.0,25,0.0,0.08,,0.0,False,False
413,RO,2026-06-01,6,0.0,0.0,2.5,2338,0.2511,0.0381,0.0,0.0,False,False
413,RS,2026-06-01,4,0.0,0.0,2.0,1450,0.1303,0.08,0.0,0.0,False,False
413,SA,2026-06-01,1,0.0,0.0,9.0,47,0.0851,0.1064,0.0,0.0,False,False
413,SC,2026-06-01,2,0.5,0.0,5.0,174,0.2069,0.069,2.417,0.0,False,False
413,SE,2026-06-01,692,0.1373,0.1012,3.0,798,0.1792,0.0952,0.766,1.062,True,False
413,SG,2026-06-01,14,0.1429,0.0714,5.5,2786,0.1719,0.061,0.831,1.171,False,False
413,SK,2026-06-01,1,0.0,1.0,34.0,199,0.191,0.0553,0.0,18.091,False,False
413,SR,2026-06-01,4,0.5,0.0,1.5,397,0.2242,0.0277,2.23,0.0,False,False
413,SV,2026-06-01,2,0.0,0.0,1.0,2260,0.1885,0.0668,0.0,0.0,False,False
413,TD,2026-06-01,2,1.0,0.0,,2078,0.269,0.0337,3.717,0.0,False,False
413,TH,2026-06-01,35,0.1429,0.0571,2.0,3051,0.2114,0.0518,0.676,1.103,False,False
413,TO,2026-06-01,3,0.3333,0.0,3.0,138,0.2319,0.0362,1.438,0.0,False,False
413,TR,2026-06-01,15,0.3333,0.0,1.5,4032,0.1498,0.0588,2.225,0.0,False,False
413,TT,2026-06-01,1,1.0,0.0,,643,0.1524,0.1104,6.561,0.0,False,False
413,TW,2026-06-01,4,0.0,0.0,2.0,723,0.1881,0.0622,0.0,0.0,False,False
413,US,2026-06-01,40833,0.1805,0.0663,2.0,126824,0.1858,0.0755,0.972,0.877,True,False
413,UY,2026-06-01,3,0.0,0.0,4.0,1757,0.1764,0.0825,0.0,0.0,False,False
413,UZ,2026-06-01,2,0.0,0.0,1.0,2812,0.2411,0.0228,0.0,0.0,False,False
413,VC,2026-06-01,1,1.0,0.0,,106,0.1604,0.0472,6.235,0.0,False,False
413,VN,2026-06-01,26,0.1923,0.1154,1.0,1869,0.2103,0.0316,0.915,3.655,False,False
413,WS,2026-06-01,2,0.5,0.5,68.0,265,0.2717,0.0226,1.84,22.083,False,False
413,ZA,2026-06-01,37,0.2973,0.1081,1.5,26039,0.1456,0.0858,2.041,1.261,False,False
427,AE,2026-06-01,8,0.25,0.125,4.0,1719,0.0849,0.0809,2.943,1.546,False,False
427,AI,2026-06-01,2,0.5,0.0,28.0,31,0.0645,0.0645,7.75,0.0,False,False
427,AL,2026-06-01,1,0.0,0.0,14.0,416,0.1346,0.0409,0.0,0.0,False,False
427,AO,2026-06-01,2,0.0,0.0,6.5,3184,0.2553,0.0411,0.0,0.0,False,False
427,AQ,2026-06-01,1,0.0,0.0,39.0,7,0.0,0.2857,,0.0,False,False
427,AR,2026-06-01,1,0.0,0.0,9.0,4619,0.1438,0.102,0.0,0.0,False,False
427,AT,2026-06-01,2,0.0,0.5,71.5,652,0.1472,0.066,0.0,7.581,False,False
427,AU,2026-06-01,4716,0.145,0.0655,3.0,10955,0.1472,0.072,0.985,0.91,True,False
427,AW,2026-06-01,1,0.0,0.0,1.0,138,0.1522,0.087,0.0,0.0,False,False
427,AX,2026-06-01,2,0.0,0.0,10.0,29,0.0,0.0345,,0.0,False,False
427,BA,2026-06-01,1,0.0,0.0,2.0,,,,,,False,False
427,BE,2026-06-01,6,0.1667,0.0,2.0,1569,0.1619,0.0822,1.03,0.0,False,False
427,BG,2026-06-01,5,0.0,0.0,2.0,783,0.1571,0.0639,0.0,0.0,False,False
427,BH,2026-06-01,1,0.0,0.0,2.0,26,0.1154,0.0,0.0,,False,False
427,BM,2026-06-01,1,0.0,0.0,1.0,74,0.1892,0.0811,0.0,0.0,False,False
427,BR,2026-06-01,7,0.2857,0.0,2.0,36943,0.1899,0.08,1.505,0.0,False,False
427,BS,2026-06-01,2,0.0,0.5,67.0,294,0.1224,0.0646,0.0,7.737,False,False
427,BZ,2026-06-01,3,0.0,0.3333,1.0,431,0.1763,0.0394,0.0,8.451,False,False
427,CA,2026-06-01,3697,0.1639,0.0552,2.0,13500,0.1658,0.0827,0.989,0.667,True,False
427,CH,2026-06-01,51,0.1373,0.0392,3.0,1087,0.1739,0.0653,0.789,0.6,False,False
427,CK,2026-06-01,1,0.0,0.0,22.0,88,0.0568,0.0682,0.0,0.0,False,False
427,CL,2026-06-01,1,0.0,0.0,2.0,6391,0.1579,0.0918,0.0,0.0,False,False
427,CN,2026-06-01,1,0.0,1.0,378.0,1028,0.4387,0.0068,0.0,146.857,False,False
427,CO,2026-06-01,10,0.4,0.1,1.0,12674,0.2108,0.0751,1.897,1.331,False,False
427,CR,2026-06-01,6,0.0,0.0,4.0,2598,0.1551,0.0785,0.0,0.0,False,False
427,CW,2026-06-01,1,0.0,0.0,17.0,249,0.1767,0.1124,0.0,0.0,False,False
427,CY,2026-06-01,4,0.0,0.0,3.5,360,0.1472,0.0583,0.0,0.0,False,False
427,CZ,2026-06-01,2,1.0,0.0,,469,0.177,0.0661,5.651,0.0,False,False
427,DE,2026-06-01,285,0.186,0.0982,3.0,7364,0.2239,0.0467,0.83,2.103,False,False
427,DJ,2026-06-01,1,0.0,0.0,3.0,351,0.1368,0.0598,0.0,0.0,False,False
427,DK,2026-06-01,3,0.0,0.0,1.0,329,0.1702,0.0547,0.0,0.0,False,False
427,DO,2026-06-01,3,0.0,0.0,1.0,2698,0.1772,0.083,0.0,0.0,False,False
427,DZ,2026-06-01,15,0.2,0.1333,2.0,98,0.0918,0.102,2.178,1.307,False,False
427,EC,2026-06-01,3,0.0,0.0,7.0,4927,0.2052,0.0753,0.0,0.0,False,False
427,ES,2026-06-01,468,0.1325,0.0855,2.0,6454,0.15,0.0827,0.883,1.033,False,False
427,FI,2026-06-01,31,0.3871,0.0645,2.0,711,0.2025,0.0774,1.911,0.834,False,False
427,FR,2026-06-01,360,0.1611,0.0722,2.5,10498,0.1822,0.072,0.884,1.003,False,False
427,GB,2026-06-01,9312,0.1465,0.0736,2.0,19611,0.1571,0.0751,0.932,0.979,True,False
427,GF,2026-06-01,2,0.0,0.0,29.0,97,0.2371,0.0722,0.0,0.0,False,False
427,GI,2026-06-01,1,1.0,0.0,,29,0.069,0.1034,14.5,0.0,False,False
427,GM,2026-06-01,1,0.0,1.0,35.0,308,0.1558,0.0649,0.0,15.4,False,False
427,GR,2026-06-01,9,0.2222,0.1111,7.0,1223,0.1832,0.0523,1.213,2.123,False,False
427,GT,2026-06-01,1,0.0,0.0,11.0,1740,0.1747,0.0626,0.0,0.0,False,False
427,GU,2026-06-01,2,0.5,0.0,8.0,185,0.2324,0.0541,2.151,0.0,False,False
427,GY,2026-06-01,2,0.5,0.0,2.0,1073,0.1938,0.0317,2.579,0.0,False,False
427,HK,2026-06-01,5,0.2,0.0,1.0,1156,0.2422,0.032,0.826,0.0,False,False
427,ID,2026-06-01,3,0.0,0.0,1.0,1056,0.1752,0.0881,0.0,0.0,False,False
427,IE,2026-06-01,10,0.0,0.0,1.5,1907,0.162,0.065,0.0,0.0,False,False
427,IL,2026-06-01,2,0.0,0.0,7.5,1097,0.1404,0.0629,0.0,0.0,False,False
427,IN,2026-06-01,40,0.325,0.025,2.0,24092,0.1429,0.0635,2.274,0.393,False,False
427,IT,2026-06-01,654,0.1682,0.0596,2.0,6513,0.1783,0.0726,0.944,0.821,True,False
427,JE,2026-06-01,2,0.0,0.0,9.5,78,0.1538,0.0641,0.0,0.0,False,False
427,JM,2026-06-01,5,0.4,0.0,1.0,3501,0.1682,0.0823,2.378,0.0,False,False
427,JO,2026-06-01,1,0.0,0.0,1.0,30,0.1667,0.0333,0.0,0.0,False,False
427,JP,2026-06-01,10,0.2,0.0,1.0,2515,0.1992,0.0561,1.004,0.0,False,False
427,KE,2026-06-01,7,0.5714,0.0,1.0,11070,0.1373,0.0676,4.162,0.0,False,False
427,KR,2026-06-01,4,0.25,0.0,1.0,3325,0.2042,0.0608,1.224,0.0,False,False
427,KW,2026-06-01,1,0.0,0.0,3.0,14,0.0,0.0714,,0.0,False,False
427,LA,2026-06-01,1,0.0,0.0,13.0,682,0.2199,0.0191,0.0,0.0,False,False
427,LU,2026-06-01,11,0.1818,0.0,4.0,172,0.1395,0.0349,1.303,0.0,False,False
427,MA,2026-06-01,3,0.0,0.3333,3.0,94,0.117,0.0532,0.0,6.267,False,False
427,ME,2026-06-01,1,0.0,0.0,1.0,141,0.1206,0.0709,0.0,0.0,False,False
427,MK,2026-06-01,1,0.0,0.0,2.0,319,0.1536,0.0564,0.0,0.0,False,False
427,MO,2026-06-01,1,0.0,0.0,6.0,51,0.1176,0.098,0.0,0.0,False,False
427,MT,2026-06-01,2,0.5,0.0,1.0,297,0.1684,0.0505,2.97,0.0,False,False
427,MU,2026-06-01,1,0.0,0.0,1.0,1502,0.1724,0.0599,0.0,0.0,False,False
427,MV,2026-06-01,1,0.0,0.0,1.0,378,0.1323,0.0688,0.0,0.0,False,False
427,MX,2026-06-01,33,0.1515,0.0606,3.0,28976,0.1829,0.0728,0.828,0.833,False,False
427,MY,2026-06-01,5,0.2,0.0,1.0,7324,0.1648,0.0584,1.214,0.0,False,False
427,NL,2026-06-01,160,0.15,0.0688,3.0,5363,0.2584,0.0503,0.58,1.366,False,False
427,NO,2026-06-01,64,0.1094,0.0938,3.0,398,0.2161,0.0779,0.506,1.204,False,False
427,NZ,2026-06-01,1054,0.149,0.0721,3.0,2842,0.1495,0.0834,0.996,0.865,True,False
427,PA,2026-06-01,4,0.25,0.25,1.0,1600,0.2,0.0712,1.25,3.509,False,False
427,PE,2026-06-01,2,0.0,0.0,1.0,6794,0.22,0.0708,0.0,0.0,False,False
427,PG,2026-06-01,2,0.5,0.0,1.0,897,0.2676,0.0435,1.869,0.0,False,False
427,PH,2026-06-01,15,0.2,0.0667,4.0,13812,0.1748,0.0831,1.144,0.802,False,False
427,PL,2026-06-01,12,0.3333,0.25,6.5,1318,0.1684,0.0653,1.979,3.831,False,False
427,PR,2026-06-01,14,0.0714,0.0714,6.0,1784,0.1956,0.0852,0.365,0.838,False,False
427,PT,2026-06-01,8,0.25,0.25,9.5,2353,0.1517,0.0854,1.648,2.927,False,False
427,QA,2026-06-01,1,1.0,0.0,,25,0.0,0.08,,0.0,False,False
427,RO,2026-06-01,9,0.1111,0.0,1.5,2338,0.2511,0.0381,0.443,0.0,False,False
427,RS,2026-06-01,2,0.0,0.0,1.0,1450,0.1303,0.08,0.0,0.0,False,False
427,SE,2026-06-01,113,0.1327,0.0885,3.0,798,0.1792,0.0952,0.741,0.929,False,False
427,SG,2026-06-01,9,0.1111,0.1111,3.5,2786,0.1719,0.061,0.646,1.821,False,False
427,SI,2026-06-01,1,0.0,0.0,1.0,220,0.1409,0.0682,0.0,0.0,False,False
427,SM,2026-06-01,1,1.0,0.0,,6,0.3333,0.0,3.0,,False,False
427,SR,2026-06-01,1,0.0,0.0,2.0,397,0.2242,0.0277,0.0,0.0,False,False
427,SV,2026-06-01,2,0.5,0.0,6.0,2260,0.1885,0.0668,2.653,0.0,False,False
427,TC,2026-06-01,2,0.0,0.0,8.0,61,0.1639,0.0328,0.0,0.0,False,False
427,TH,2026-06-01,32,0.1563,0.125,2.0,3051,0.2114,0.0518,0.739,2.414,False,False
427,TR,2026-06-01,12,0.1667,0.0,2.0,4032,0.1498,0.0588,1.113,0.0,False,False
427,TT,2026-06-01,1,0.0,0.0,3.0,643,0.1524,0.1104,0.0,0.0,False,False
427,TW,2026-06-01,1,0.0,0.0,1.0,723,0.1881,0.0622,0.0,0.0,False,False
427,UG,2026-06-01,1,0.0,0.0,13.0,2839,0.0807,0.0785,0.0,0.0,False,False
427,US,2026-06-01,38504,0.168,0.0699,2.0,126824,0.1858,0.0755,0.904,0.926,True,False
427,VN,2026-06-01,10,0.0,0.2,8.0,1869,0.2103,0.0316,0.0,6.336,False,False
427,WS,2026-06-01,2,1.0,0.0,,265,0.2717,0.0226,3.681,0.0,False,False
427,ZA,2026-06-01,14,0.1429,0.0,1.0,26039,0.1456,0.0858,0.981,0.0,False,False
523,AD,2026-06-01,2,0.0,0.0,43.0,82,0.122,0.1463,0.0,0.0,False,False
523,AE,2026-06-01,28,0.1429,0.0,1.0,1719,0.0849,0.0809,1.682,0.0,False,False
523,AG,2026-06-01,3,0.0,0.0,2.0,89,0.236,0.0337,0.0,0.0,False,False
523,AI,2026-06-01,1,0.0,0.0,1.0,31,0.0645,0.0645,0.0,0.0,False,False
523,AL,2026-06-01,12,0.25,0.0833,2.0,416,0.1346,0.0409,1.857,2.039,False,False
523,AM,2026-06-01,2,0.5,0.0,1.0,468,0.1538,0.0427,3.25,0.0,False,False
523,AO,2026-06-01,232,0.1681,0.0172,1.0,3184,0.2553,0.0411,0.658,0.419,False,False
523,AQ,2026-06-01,1,0.0,0.0,42.0,7,0.0,0.2857,,0.0,False,False
523,AR,2026-06-01,76,0.2632,0.0,1.0,4619,0.1438,0.102,1.831,0.0,False,False
523,AS,2026-06-01,3,0.3333,0.0,2.5,69,0.1739,0.0725,1.917,0.0,False,False
523,AT,2026-06-01,15,0.2667,0.0,1.0,652,0.1472,0.066,1.811,0.0,False,False
523,AU,2026-06-01,796,0.1884,0.0126,1.0,10955,0.1472,0.072,1.28,0.174,True,False
523,AW,2026-06-01,2,0.0,0.0,1.0,138,0.1522,0.087,0.0,0.0,False,False
523,AX,2026-06-01,1,0.0,0.0,173.0,29,0.0,0.0345,,0.0,False,False
523,AZ,2026-06-01,5,0.2,0.2,1.0,1423,0.2734,0.0267,0.732,7.489,False,False
523,BB,2026-06-01,1,1.0,0.0,,255,0.1529,0.0471,6.538,0.0,False,False
523,BD,2026-06-01,204,0.3137,0.0147,1.0,4108,0.2081,0.0282,1.507,0.521,False,False
523,BE,2026-06-01,85,0.1647,0.0235,1.0,1569,0.1619,0.0822,1.017,0.286,False,False
523,BF,2026-06-01,102,0.3333,0.0098,1.0,829,0.2183,0.0446,1.527,0.22,False,False
523,BG,2026-06-01,12,0.3333,0.0,1.0,783,0.1571,0.0639,2.122,0.0,False,False
523,BH,2026-06-01,3,0.0,0.3333,2.0,26,0.1154,0.0,0.0,,False,False
523,BJ,2026-06-01,32,0.3438,0.0,1.0,5751,0.2607,0.0412,1.319,0.0,False,False
523,BO,2026-06-01,7,0.2857,0.0,1.0,2425,0.2573,0.0495,1.11,0.0,False,False
523,BQ,2026-06-01,1,0.0,0.0,1.0,43,0.1628,0.0698,0.0,0.0,False,False
523,BR,2026-06-01,50557,0.2154,0.0183,1.0,36943,0.1899,0.08,1.134,0.229,True,False
523,BS,2026-06-01,13,0.0769,0.0,1.5,294,0.1224,0.0646,0.628,0.0,False,False
523,BT,2026-06-01,5,0.4,0.0,1.0,440,0.1886,0.0341,2.12,0.0,False,False
523,BW,2026-06-01,53,0.2075,0.0377,1.0,2531,0.2007,0.0589,1.034,0.641,False,False
523,BZ,2026-06-01,3,0.3333,0.0,1.0,431,0.1763,0.0394,1.89,0.0,False,False
523,CA,2026-06-01,4260,0.1585,0.0178,1.0,13500,0.1658,0.0827,0.956,0.216,True,False
523,CH,2026-06-01,98,0.2857,0.0102,1.0,1087,0.1739,0.0653,1.643,0.156,False,False
523,CI,2026-06-01,130,0.3154,0.0308,1.0,1303,0.1819,0.0714,1.734,0.431,False,False
523,CL,2026-06-01,350,0.2486,0.0171,1.0,6391,0.1579,0.0918,1.574,0.187,False,False
523,CM,2026-06-01,93,0.2903,0.0323,1.0,820,0.1683,0.0988,1.725,0.327,False,False
523,CN,2026-06-01,11,0.2727,0.0909,1.0,1028,0.4387,0.0068,0.622,13.351,False,False
523,CO,2026-06-01,152,0.3026,0.0132,1.0,12674,0.2108,0.0751,1.435,0.175,False,False
523,CR,2026-06-01,20,0.2,0.0,1.0,2598,0.1551,0.0785,1.289,0.0,False,False
523,CV,2026-06-01,51,0.2157,0.0,1.0,212,0.2642,0.0519,0.817,0.0,False,False
523,CW,2026-06-01,1,0.0,0.0,1.0,249,0.1767,0.1124,0.0,0.0,False,False
523,CY,2026-06-01,1,0.0,0.0,1.0,360,0.1472,0.0583,0.0,0.0,False,False
523,CZ,2026-06-01,7,0.1429,0.0,1.0,469,0.177,0.0661,0.807,0.0,False,False
523,DE,2026-06-01,217,0.3041,0.0138,1.0,7364,0.2239,0.0467,1.358,0.296,False,False
523,DK,2026-06-01,1,0.0,0.0,11.0,329,0.1702,0.0547,0.0,0.0,False,False
523,DO,2026-06-01,214,0.2383,0.0047,1.0,2698,0.1772,0.083,1.345,0.056,False,False
523,DZ,2026-06-01,3,0.3333,0.0,2.0,98,0.0918,0.102,3.63,0.0,False,False
523,EC,2026-06-01,9,0.4444,0.0,1.0,4927,0.2052,0.0753,2.166,0.0,False,False
523,EE,2026-06-01,10,0.6,0.0,1.0,220,0.2136,0.0682,2.809,0.0,False,False
523,ES,2026-06-01,110,0.2364,0.0,1.0,6454,0.15,0.0827,1.576,0.0,False,False
523,ET,2026-06-01,1,0.0,0.0,13.0,9,0.0,0.1111,,0.0,False,False
523,FI,2026-06-01,79,0.3418,0.0127,1.0,711,0.2025,0.0774,1.688,0.164,False,False
523,FJ,2026-06-01,19,0.4211,0.0,1.0,3820,0.2995,0.0309,1.406,0.0,False,False
523,FK,2026-06-01,1,0.0,0.0,2.0,5,0.4,0.0,0.0,,False,False
523,FM,2026-06-01,2,0.5,0.0,1.0,119,0.2101,0.0168,2.38,0.0,False,False
523,FR,2026-06-01,1053,0.284,0.0085,1.0,10498,0.1822,0.072,1.558,0.119,True,True
523,GA,2026-06-01,23,0.1739,0.0,1.0,423,0.1891,0.0591,0.92,0.0,False,False
523,GB,2026-06-01,5871,0.2073,0.0199,1.0,19611,0.1571,0.0751,1.319,0.265,True,True
523,GH,2026-06-01,1,0.0,0.0,2.0,2,0.0,0.0,,,False,False
523,GM,2026-06-01,174,0.1782,0.0115,1.0,308,0.1558,0.0649,1.143,0.177,False,False
523,GN,2026-06-01,49,0.3265,0.0,1.0,64,0.2031,0.0469,1.608,0.0,False,False
523,GQ,2026-06-01,4,0.25,0.0,2.0,313,0.2492,0.0415,1.003,0.0,False,False
523,GR,2026-06-01,10,0.5,0.0,1.0,1223,0.1832,0.0523,2.73,0.0,False,False
523,GT,2026-06-01,7,0.1429,0.0,1.0,1740,0.1747,0.0626,0.818,0.0,False,False
523,GU,2026-06-01,2,0.0,0.0,1.0,185,0.2324,0.0541,0.0,0.0,False,False
523,GY,2026-06-01,194,0.232,0.0103,1.0,1073,0.1938,0.0317,1.197,0.325,False,False
523,HK,2026-06-01,137,0.3066,0.0073,1.0,1156,0.2422,0.032,1.266,0.228,False,False
523,HN,2026-06-01,35,0.3143,0.0,1.0,1751,0.1868,0.0668,1.683,0.0,False,False
523,HR,2026-06-01,1,0.0,0.0,1.0,703,0.128,0.0782,0.0,0.0,False,False
523,HU,2026-06-01,1,0.0,0.0,1.0,709,0.1707,0.0903,0.0,0.0,False,False
523,ID,2026-06-01,192,0.276,0.0104,1.0,1056,0.1752,0.0881,1.576,0.118,False,False
523,IE,2026-06-01,5,0.4,0.0,17.0,1907,0.162,0.065,2.469,0.0,False,False
523,IL,2026-06-01,2,0.0,0.0,2.0,1097,0.1404,0.0629,0.0,0.0,False,False
523,IN,2026-06-01,112,0.125,0.0,1.0,24092,0.1429,0.0635,0.875,0.0,False,False
523,IQ,2026-06-01,1,1.0,0.0,,5,0.0,0.0,,,False,False
523,IR,2026-06-01,3,0.0,0.0,1.0,8,0.5,0.0,0.0,,False,False
523,IT,2026-06-01,103,0.2621,0.0194,1.0,6513,0.1783,0.0726,1.471,0.267,False,False
523,JE,2026-06-01,2,0.0,0.0,1.0,78,0.1538,0.0641,0.0,0.0,False,False
523,JM,2026-06-01,24,0.2083,0.0,1.0,3501,0.1682,0.0823,1.238,0.0,False,False
523,JP,2026-06-01,36,0.2778,0.0,1.0,2515,0.1992,0.0561,1.394,0.0,False,False
523,KE,2026-06-01,1,0.0,0.0,1.0,11070,0.1373,0.0676,0.0,0.0,False,False
523,KG,2026-06-01,1,0.0,0.0,66.0,434,0.2304,0.0461,0.0,0.0,False,False
523,KH,2026-06-01,3,0.3333,0.0,1.5,236,0.25,0.0424,1.333,0.0,False,False
523,KI,2026-06-01,65,0.3538,0.0,1.0,624,0.2548,0.024,1.389,0.0,False,False
523,KR,2026-06-01,354,0.2119,0.0,1.0,3325,0.2042,0.0608,1.037,0.0,False,False
523,KW,2026-06-01,1,0.0,0.0,1.0,14,0.0,0.0714,,0.0,False,False
523,KY,2026-06-01,3,0.3333,0.0,1.5,140,0.1143,0.1214,2.917,0.0,False,False
523,KZ,2026-06-01,2,0.0,0.5,694.0,109,0.2936,0.0459,0.0,10.9,False,False
523,LA,2026-06-01,19,0.3158,0.0,1.0,682,0.2199,0.0191,1.436,0.0,False,False
523,LT,2026-06-01,25,0.16,0.0,1.0,354,0.1328,0.0932,1.205,0.0,False,False
523,LU,2026-06-01,2,0.0,0.0,2.5,172,0.1395,0.0349,0.0,0.0,False,False
523,LV,2026-06-01,12,0.1667,0.0,2.0,280,0.1679,0.0536,0.993,0.0,False,False
523,MC,2026-06-01,1,0.0,0.0,2.0,6,0.1667,0.1667,0.0,0.0,False,False
523,MD,2026-06-01,3,0.0,0.0,1.0,443,0.1558,0.0406,0.0,0.0,False,False
523,MF,2026-06-01,1,0.0,0.0,1.0,7,0.1429,0.0,0.0,,False,False
523,MG,2026-06-01,17,0.3529,0.0,1.0,5133,0.2406,0.0423,1.467,0.0,False,False
523,MH,2026-06-01,12,0.3333,0.0833,1.5,78,0.2308,0.0,1.444,,False,False
523,MN,2026-06-01,3,0.6667,0.0,1.0,788,0.3033,0.0178,2.198,0.0,False,False
523,MQ,2026-06-01,1,0.0,0.0,1.0,255,0.1647,0.0863,0.0,0.0,False,False
523,MR,2026-06-01,4,0.25,0.0,2.0,835,0.2323,0.0287,1.076,0.0,False,False
523,MV,2026-06-01,3,0.0,0.0,1.0,378,0.1323,0.0688,0.0,0.0,False,False
523,MW,2026-06-01,9,0.2222,0.0,1.0,276,0.2681,0.0362,0.829,0.0,False,False
523,MX,2026-06-01,4419,0.3191,0.0088,1.0,28976,0.1829,0.0728,1.744,0.121,True,True
523,MY,2026-06-01,722,0.1343,0.0111,1.0,7324,0.1648,0.0584,0.815,0.19,True,False
523,MZ,2026-06-01,26,0.4231,0.0,1.0,3802,0.2743,0.0337,1.542,0.0,False,False
523,NE,2026-06-01,490,0.3469,0.0061,1.0,905,0.2398,0.0343,1.447,0.179,False,False
523,NL,2026-06-01,1037,0.2845,0.0183,1.0,5363,0.2584,0.0503,1.101,0.364,True,False
523,NO,2026-06-01,106,0.2453,0.0094,1.0,398,0.2161,0.0779,1.135,0.121,False,False
523,NP,2026-06-01,18,0.1111,0.0,1.0,9,0.0,0.1111,,0.0,False,False
523,NZ,2026-06-01,365,0.1589,0.0274,2.0,2842,0.1495,0.0834,1.063,0.329,False,False
523,OM,2026-06-01,10,0.1,0.0,1.0,62,0.0968,0.0968,1.033,0.0,False,False
523,PA,2026-06-01,8,0.25,0.0,1.0,1600,0.2,0.0712,1.25,0.0,False,False
523,PE,2026-06-01,84,0.3214,0.0238,1.0,6794,0.22,0.0708,1.461,0.336,False,False
523,PF,2026-06-01,2,0.0,0.0,1.0,180,0.1611,0.1222,0.0,0.0,False,False
523,PG,2026-06-01,2,0.0,0.0,1.0,897,0.2676,0.0435,0.0,0.0,False,False
523,PH,2026-06-01,142,0.3028,0.0282,1.0,13812,0.1748,0.0831,1.733,0.339,False,False
523,PK,2026-06-01,133,0.2331,0.0075,1.0,459,0.1285,0.061,1.813,0.123,False,False
523,PL,2026-06-01,90,0.2667,0.0,1.0,1318,0.1684,0.0653,1.583,0.0,False,False
523,PR,2026-06-01,199,0.2362,0.0151,1.0,1784,0.1956,0.0852,1.207,0.177,False,False
523,PT,2026-06-01,4541,0.1883,0.0319,1.0,2353,0.1517,0.0854,1.241,0.374,True,False
523,PY,2026-06-01,28,0.1786,0.0,1.0,1162,0.1756,0.0706,1.017,0.0,False,False
523,QA,2026-06-01,5,0.2,0.0,1.0,25,0.0,0.08,,0.0,False,False
523,RO,2026-06-01,326,0.2699,0.0092,1.0,2338,0.2511,0.0381,1.075,0.242,False,False
523,RS,2026-06-01,35,0.2,0.0,1.0,1450,0.1303,0.08,1.534,0.0,False,False
523,RU,2026-06-01,8,0.125,0.0,1.0,35,0.2,0.0286,0.625,0.0,False,False
523,SA,2026-06-01,15,0.3333,0.0,2.5,47,0.0851,0.1064,3.917,0.0,False,False
523,SB,2026-06-01,32,0.1563,0.0,1.0,436,0.2317,0.0344,0.675,0.0,False,False
523,SC,2026-06-01,3,0.6667,0.0,1.0,174,0.2069,0.069,3.222,0.0,False,False
523,SE,2026-06-01,307,0.127,0.0098,1.0,798,0.1792,0.0952,0.709,0.103,False,False
523,SG,2026-06-01,456,0.2544,0.0088,1.0,2786,0.1719,0.061,1.48,0.144,False,False
523,SJ,2026-06-01,1,1.0,0.0,,1,0.0,0.0,,,False,False
523,SK,2026-06-01,1,0.0,0.0,1.0,199,0.191,0.0553,0.0,0.0,False,False
523,SN,2026-06-01,73,0.3562,0.0274,1.0,280,0.1464,0.0786,2.432,0.349,False,False
523,SR,2026-06-01,1,0.0,0.0,1.0,397,0.2242,0.0277,0.0,0.0,False,False
523,ST,2026-06-01,4,0.5,0.0,1.0,78,0.3462,0.0,1.444,,False,False
523,SV,2026-06-01,18,0.2778,0.0,1.0,2260,0.1885,0.0668,1.474,0.0,False,False
523,SX,2026-06-01,4,0.25,0.0,4.0,71,0.1831,0.0423,1.365,0.0,False,False
523,SZ,2026-06-01,17,0.5294,0.0,1.0,1763,0.2484,0.0289,2.131,0.0,False,False
523,TC,2026-06-01,1,1.0,0.0,,61,0.1639,0.0328,6.1,0.0,False,False
523,TD,2026-06-01,116,0.3017,0.0172,1.0,2078,0.269,0.0337,1.122,0.512,False,False
523,TH,2026-06-01,7,0.1429,0.0,1.5,3051,0.2114,0.0518,0.676,0.0,False,False
523,TJ,2026-06-01,5,0.4,0.0,2.0,316,0.2658,0.0127,1.505,0.0,False,False
523,TL,2026-06-01,11,0.2727,0.0,1.0,506,0.334,0.0237,0.817,0.0,False,False
523,TO,2026-06-01,6,0.3333,0.0,1.0,138,0.2319,0.0362,1.438,0.0,False,False
523,TR,2026-06-01,223,0.2825,0.0045,1.0,4032,0.1498,0.0588,1.886,0.076,False,False
523,TT,2026-06-01,27,0.1852,0.0,1.0,643,0.1524,0.1104,1.215,0.0,False,False
523,TV,2026-06-01,3,0.3333,0.0,1.5,35,0.2,0.0286,1.667,0.0,False,False
523,TW,2026-06-01,551,0.1506,0.0073,1.0,723,0.1881,0.0622,0.801,0.117,True,False
523,UG,2026-06-01,6,0.3333,0.1667,6.0,2839,0.0807,0.0785,4.132,2.122,False,False
523,US,2026-06-01,31496,0.2528,0.0243,1.0,126824,0.1858,0.0755,1.361,0.321,True,True
523,UZ,2026-06-01,22,0.1364,0.0455,1.0,2812,0.2411,0.0228,0.566,1.997,False,False
523,VC,2026-06-01,1,0.0,0.0,2.0,106,0.1604,0.0472,0.0,0.0,False,False
523,VG,2026-06-01,1,0.0,0.0,2.0,29,0.1034,0.1034,0.0,0.0,False,False
523,VI,2026-06-01,4,0.0,0.0,1.5,63,0.2381,0.0952,0.0,0.0,False,False
523,VN,2026-06-01,2202,0.1612,0.0054,1.0,1869,0.2103,0.0316,0.767,0.173,True,False
523,VU,2026-06-01,18,0.2778,0.0556,1.0,280,0.2536,0.0214,1.095,2.593,False,False
523,WS,2026-06-01,2,0.5,0.0,1.0,265,0.2717,0.0226,1.84,0.0,False,False
523,YT,2026-06-01,2,0.0,0.0,1.0,28,0.2857,0.0714,0.0,0.0,False,False
523,ZA,2026-06-01,8,0.125,0.0,2.0,26039,0.1456,0.0858,0.858,0.0,False,False
523,ZM,2026-06-01,41,0.2683,0.0,1.0,1217,0.2087,0.0435,1.285,0.0,False,False
612,AE,2026-06-01,6,0.0,0.1667,3.5,1719,0.0849,0.0809,0.0,2.061,False,False
612,AL,2026-06-01,1,0.0,0.0,89.0,416,0.1346,0.0409,0.0,0.0,False,False
612,AM,2026-06-01,2,0.0,0.5,134.0,468,0.1538,0.0427,0.0,11.7,False,False
612,AR,2026-06-01,1,0.0,0.0,1.0,4619,0.1438,0.102,0.0,0.0,False,False
612,AS,2026-06-01,1,0.0,0.0,1.0,69,0.1739,0.0725,0.0,0.0,False,False
612,AT,2026-06-01,11,0.1818,0.1818,3.0,652,0.1472,0.066,1.235,2.757,False,False
612,AU,2026-06-01,449,0.1069,0.1203,4.0,10955,0.1472,0.072,0.726,1.67,False,False
612,AZ,2026-06-01,3,0.3333,0.0,2.0,1423,0.2734,0.0267,1.219,0.0,False,False
612,BD,2026-06-01,1,0.0,0.0,1.0,4108,0.2081,0.0282,0.0,0.0,False,False
612,BE,2026-06-01,59,0.2542,0.0339,3.0,1569,0.1619,0.0822,1.57,0.412,False,False
612,BG,2026-06-01,2,0.0,0.0,2.0,783,0.1571,0.0639,0.0,0.0,False,False
612,BR,2026-06-01,6,0.6667,0.0,13.5,36943,0.1899,0.08,3.511,0.0,False,False
612,BS,2026-06-01,1,0.0,0.0,1.0,294,0.1224,0.0646,0.0,0.0,False,False
612,CA,2026-06-01,415,0.1542,0.0771,2.0,13500,0.1658,0.0827,0.93,0.932,False,False
612,CH,2026-06-01,18,0.1667,0.0,4.0,1087,0.1739,0.0653,0.959,0.0,False,False
612,CI,2026-06-01,2,0.5,0.0,3.0,1303,0.1819,0.0714,2.749,0.0,False,False
612,CK,2026-06-01,1,0.0,0.0,114.0,88,0.0568,0.0682,0.0,0.0,False,False
612,CL,2026-06-01,1,0.0,0.0,4.0,6391,0.1579,0.0918,0.0,0.0,False,False
612,CN,2026-06-01,2,0.0,0.0,12.5,1028,0.4387,0.0068,0.0,0.0,False,False
612,CO,2026-06-01,5,0.2,0.2,3.0,12674,0.2108,0.0751,0.949,2.663,False,False
612,CR,2026-06-01,1,0.0,0.0,2.0,2598,0.1551,0.0785,0.0,0.0,False,False
612,CZ,2026-06-01,1,0.0,0.0,1.0,469,0.177,0.0661,0.0,0.0,False,False
612,DE,2026-06-01,134,0.209,0.0746,2.0,7364,0.2239,0.0467,0.933,1.598,False,False
612,DK,2026-06-01,53,0.2075,0.0566,2.0,329,0.1702,0.0547,1.219,1.035,False,False
612,DO,2026-06-01,1,1.0,0.0,,2698,0.1772,0.083,5.644,0.0,False,False
612,DZ,2026-06-01,4,0.5,0.0,11.5,98,0.0918,0.102,5.444,0.0,False,False
612,EC,2026-06-01,1,1.0,0.0,,4927,0.2052,0.0753,4.873,0.0,False,False
612,EE,2026-06-01,2,0.5,0.0,3.0,220,0.2136,0.0682,2.34,0.0,False,False
612,ES,2026-06-01,208,0.2452,0.1058,3.0,6454,0.15,0.0827,1.635,1.278,False,False
612,FI,2026-06-01,20,0.0,0.0,2.5,711,0.2025,0.0774,0.0,0.0,False,False
612,FJ,2026-06-01,1,0.0,0.0,1.0,3820,0.2995,0.0309,0.0,0.0,False,False
612,FR,2026-06-01,89,0.1236,0.0449,2.0,10498,0.1822,0.072,0.678,0.624,False,False
612,GA,2026-06-01,1,0.0,0.0,10.0,423,0.1891,0.0591,0.0,0.0,False,False
612,GB,2026-06-01,535,0.129,0.0785,2.0,19611,0.1571,0.0751,0.821,1.045,True,False
612,GF,2026-06-01,1,0.0,0.0,45.0,97,0.2371,0.0722,0.0,0.0,False,False
612,GP,2026-06-01,1,0.0,0.0,7.0,281,0.1495,0.0996,0.0,0.0,False,False
612,HN,2026-06-01,1,0.0,0.0,7.0,1751,0.1868,0.0668,0.0,0.0,False,False
612,ID,2026-06-01,2,0.0,0.0,3.0,1056,0.1752,0.0881,0.0,0.0,False,False
612,IE,2026-06-01,46,0.1087,0.0217,5.0,1907,0.162,0.065,0.671,0.334,False,False
612,IL,2026-06-01,1,0.0,0.0,3.0,1097,0.1404,0.0629,0.0,0.0,False,False
612,IN,2026-06-01,17,0.0,0.0,1.0,24092,0.1429,0.0635,0.0,0.0,False,False
612,IT,2026-06-01,219,0.1233,0.0822,2.0,6513,0.1783,0.0726,0.692,1.132,False,False
612,JP,2026-06-01,3,0.0,0.0,1.0,2515,0.1992,0.0561,0.0,0.0,False,False
612,KE,2026-06-01,6,0.0,0.0,1.5,11070,0.1373,0.0676,0.0,0.0,False,False
612,KR,2026-06-01,2,0.5,0.5,46.0,3325,0.2042,0.0608,2.448,8.23,False,False
612,KZ,2026-06-01,1,0.0,0.0,58.0,109,0.2936,0.0459,0.0,0.0,False,False
612,LT,2026-06-01,3,0.3333,0.0,1.5,354,0.1328,0.0932,2.511,0.0,False,False
612,LU,2026-06-01,1,0.0,0.0,1.0,172,0.1395,0.0349,0.0,0.0,False,False
612,MC,2026-06-01,1,1.0,0.0,,6,0.1667,0.1667,6.0,0.0,False,False
612,MH,2026-06-01,1,0.0,0.0,2.0,78,0.2308,0.0,0.0,,False,False
612,MQ,2026-06-01,1,0.0,0.0,6.0,255,0.1647,0.0863,0.0,0.0,False,False
612,MW,2026-06-01,1,0.0,0.0,2.0,276,0.2681,0.0362,0.0,0.0,False,False
612,MX,2026-06-01,18,0.0,0.0556,2.0,28976,0.1829,0.0728,0.0,0.763,False,False
612,MY,2026-06-01,1,0.0,1.0,19.0,7324,0.1648,0.0584,0.0,17.112,False,False
612,NA,2026-06-01,1,0.0,0.0,3.0,2696,0.1914,0.0586,0.0,0.0,False,False
612,NE,2026-06-01,1,0.0,0.0,12.0,905,0.2398,0.0343,0.0,0.0,False,False
612,NL,2026-06-01,442,0.1493,0.0362,2.0,5363,0.2584,0.0503,0.578,0.719,False,False
612,NO,2026-06-01,140,0.1714,0.05,2.0,398,0.2161,0.0779,0.793,0.642,False,False
612,NZ,2026-06-01,151,0.1656,0.1192,5.5,2842,0.1495,0.0834,1.107,1.429,False,False
612,PH,2026-06-01,10,0.0,0.1,1.5,13812,0.1748,0.0831,0.0,1.203,False,False
612,PK,2026-06-01,10,0.1,0.0,4.0,459,0.1285,0.061,0.778,0.0,False,False
612,PL,2026-06-01,4,0.25,0.0,1.0,1318,0.1684,0.0653,1.484,0.0,False,False
612,PT,2026-06-01,9,0.1111,0.0,3.0,2353,0.1517,0.0854,0.732,0.0,False,False
612,RE,2026-06-01,2,0.5,0.0,2.0,329,0.155,0.1003,3.225,0.0,False,False
612,RO,2026-06-01,7,0.1429,0.0,3.0,2338,0.2511,0.0381,0.569,0.0,False,False
612,RS,2026-06-01,3,0.0,0.0,1.0,1450,0.1303,0.08,0.0,0.0,False,False
612,RU,2026-06-01,1,0.0,0.0,1.0,35,0.2,0.0286,0.0,0.0,False,False
612,SA,2026-06-01,1,0.0,0.0,1.0,47,0.0851,0.1064,0.0,0.0,False,False
612,SE,2026-06-01,186,0.1505,0.086,2.0,798,0.1792,0.0952,0.84,0.903,False,False
612,SG,2026-06-01,7,0.0,0.1429,1.0,2786,0.1719,0.061,0.0,2.341,False,False
612,SZ,2026-06-01,1,0.0,0.0,2.0,1763,0.2484,0.0289,0.0,0.0,False,False
612,TJ,2026-06-01,1,0.0,0.0,3.0,316,0.2658,0.0127,0.0,0.0,False,False
612,TR,2026-06-01,6,0.1667,0.5,33.0,4032,0.1498,0.0588,1.113,8.506,False,False
612,TZ,2026-06-01,2,0.5,0.0,1.0,2279,0.1624,0.0518,3.08,0.0,False,False
612,UG,2026-06-01,5,0.0,0.0,3.0,2839,0.0807,0.0785,0.0,0.0,False,False
612,US,2026-06-01,3323,0.1399,0.0803,3.0,126824,0.1858,0.0755,0.753,1.064,True,False
612,UY,2026-06-01,1,0.0,1.0,129.0,1757,0.1764,0.0825,0.0,12.117,False,False
612,ZM,2026-06-01,2,0.0,0.0,1.0,1217,0.2087,0.0435,0.0,0.0,False,False
719,AL,2026-06-01,3,0.3333,0.0,7.5,416,0.1346,0.0409,2.476,0.0,False,False
719,AU,2026-06-01,1346,0.1493,0.0958,3.0,10955,0.1472,0.072,1.014,1.331,True,False
719,AX,2026-06-01,2,0.0,0.0,3.5,29,0.0,0.0345,,0.0,False,False
719,AZ,2026-06-01,2,0.0,0.0,2.0,1423,0.2734,0.0267,0.0,0.0,False,False
719,BD,2026-06-01,2,0.0,0.0,3.5,4108,0.2081,0.0282,0.0,0.0,False,False
719,BE,2026-06-01,73,0.137,0.0548,4.0,1569,0.1619,0.0822,0.846,0.666,False,False
719,BG,2026-06-01,3,0.0,0.3333,9.0,783,0.1571,0.0639,0.0,5.22,False,False
719,BH,2026-06-01,2,0.0,0.0,8.5,26,0.1154,0.0,0.0,,False,False
719,BN,2026-06-01,1,0.0,0.0,11.0,175,0.1371,0.04,0.0,0.0,False,False
719,BQ,2026-06-01,1,0.0,0.0,4.0,43,0.1628,0.0698,0.0,0.0,False,False
719,BR,2026-06-01,4,0.25,0.0,18.0,36943,0.1899,0.08,1.317,0.0,False,False
719,BS,2026-06-01,1,0.0,0.0,3.0,294,0.1224,0.0646,0.0,0.0,False,False
719,CA,2026-06-01,626,0.1581,0.0847,4.0,13500,0.1658,0.0827,0.954,1.023,True,False
719,CH,2026-06-01,26,0.1538,0.0385,2.0,1087,0.1739,0.0653,0.885,0.589,False,False
719,CI,2026-06-01,1,0.0,0.0,4.0,1303,0.1819,0.0714,0.0,0.0,False,False
719,CK,2026-06-01,1,0.0,0.0,84.0,88,0.0568,0.0682,0.0,0.0,False,False
719,CM,2026-06-01,1,0.0,0.0,16.0,820,0.1683,0.0988,0.0,0.0,False,False
719,CV,2026-06-01,1,0.0,0.0,1.0,212,0.2642,0.0519,0.0,0.0,False,False
719,DE,2026-06-01,4,0.5,0.0,3.0,7364,0.2239,0.0467,2.233,0.0,False,False
719,DO,2026-06-01,2,0.0,0.0,2.0,2698,0.1772,0.083,0.0,0.0,False,False
719,ES,2026-06-01,2,0.0,0.0,3.0,6454,0.15,0.0827,0.0,0.0,False,False
719,FI,2026-06-01,27,0.1111,0.1481,3.0,711,0.2025,0.0774,0.549,1.915,False,False
719,FR,2026-06-01,5,0.2,0.0,1.5,10498,0.1822,0.072,1.098,0.0,False,False
719,GB,2026-06-01,3343,0.1448,0.0808,3.0,19611,0.1571,0.0751,0.922,1.075,True,False
719,HK,2026-06-01,2,0.5,0.0,1.0,1156,0.2422,0.032,2.064,0.0,False,False
719,HR,2026-06-01,2,0.0,0.5,60.0,703,0.128,0.0782,0.0,6.391,False,False
719,HU,2026-06-01,13,0.3077,0.0,4.0,709,0.1707,0.0903,1.803,0.0,False,False
719,IE,2026-06-01,276,0.1304,0.087,3.0,1907,0.162,0.065,0.805,1.337,False,False
719,IL,2026-06-01,44,0.1364,0.1364,6.5,1097,0.1404,0.0629,0.971,2.168,False,False
719,IM,2026-06-01,1,0.0,0.0,266.0,71,0.2535,0.0845,0.0,0.0,False,False
719,IN,2026-06-01,3,0.3333,0.0,3.5,24092,0.1429,0.0635,2.332,0.0,False,False
719,IT,2026-06-01,5,0.0,0.0,2.0,6513,0.1783,0.0726,0.0,0.0,False,False
719,JM,2026-06-01,1,1.0,0.0,,3501,0.1682,0.0823,5.944,0.0,False,False
719,KR,2026-06-01,1,0.0,1.0,4.0,3325,0.2042,0.0608,0.0,16.46,False,False
719,LT,2026-06-01,2,0.5,0.0,1.0,354,0.1328,0.0932,3.766,0.0,False,False
719,MX,2026-06-01,4,0.25,0.0,3.0,28976,0.1829,0.0728,1.367,0.0,False,False
719,MY,2026-06-01,1,0.0,0.0,1.0,7324,0.1648,0.0584,0.0,0.0,False,False
719,NL,2026-06-01,134,0.1119,0.1418,6.0,5363,0.2584,0.0503,0.433,2.816,False,False
719,NO,2026-06-01,22,0.1818,0.1364,2.5,398,0.2161,0.0779,0.841,1.751,False,False
719,NZ,2026-06-01,312,0.1378,0.0833,3.0,2842,0.1495,0.0834,0.922,0.999,False,False
719,PH,2026-06-01,2,0.0,0.0,8.5,13812,0.1748,0.0831,0.0,0.0,False,False
719,PT,2026-06-01,63,0.127,0.127,3.0,2353,0.1517,0.0854,0.837,1.487,False,False
719,RO,2026-06-01,1,0.0,0.0,13.0,2338,0.2511,0.0381,0.0,0.0,False,False
719,SA,2026-06-01,1,0.0,0.0,4.0,47,0.0851,0.1064,0.0,0.0,False,False
719,SE,2026-06-01,50,0.12,0.1,4.0,798,0.1792,0.0952,0.67,1.05,False,False
719,SG,2026-06-01,4,0.25,0.0,1.0,2786,0.1719,0.061,1.454,0.0,False,False
719,TR,2026-06-01,1,0.0,0.0,18.0,4032,0.1498,0.0588,0.0,0.0,False,False
719,US,2026-06-01,7416,0.1603,0.0839,3.0,126824,0.1858,0.0755,0.863,1.111,True,False
730,AE,2026-06-01,4,0.0,0.25,7.0,1719,0.0849,0.0809,0.0,3.092,False,False
730,AG,2026-06-01,1,0.0,0.0,5.0,89,0.236,0.0337,0.0,0.0,False,False
730,AI,2026-06-01,1,0.0,0.0,11.0,31,0.0645,0.0645,0.0,0.0,False,False
730,AL,2026-06-01,1,0.0,0.0,1.0,416,0.1346,0.0409,0.0,0.0,False,False
730,AO,2026-06-01,1,0.0,0.0,1.0,3184,0.2553,0.0411,0.0,0.0,False,False
730,AQ,2026-06-01,1,0.0,0.0,10.0,7,0.0,0.2857,,0.0,False,False
730,AR,2026-06-01,8,0.375,0.0,1.0,4619,0.1438,0.102,2.609,0.0,False,False
730,AS,2026-06-01,2,0.0,0.0,4.5,69,0.1739,0.0725,0.0,0.0,False,False
730,AT,2026-06-01,10,0.3,0.3,13.0,652,0.1472,0.066,2.037,4.549,False,False
730,AU,2026-06-01,71,0.1549,0.0845,2.0,10955,0.1472,0.072,1.052,1.173,False,False
730,AW,2026-06-01,2,0.0,0.0,2.5,138,0.1522,0.087,0.0,0.0,False,False
730,AX,2026-06-01,3,0.0,0.0,8.0,29,0.0,0.0345,,0.0,False,False
730,BB,2026-06-01,1,0.0,0.0,11.0,255,0.1529,0.0471,0.0,0.0,False,False
730,BE,2026-06-01,62,0.2097,0.0968,2.0,1569,0.1619,0.0822,1.295,1.177,False,False
730,BG,2026-06-01,3,0.0,0.0,2.0,783,0.1571,0.0639,0.0,0.0,False,False
730,BH,2026-06-01,1,0.0,0.0,1.0,26,0.1154,0.0,0.0,,False,False
730,BJ,2026-06-01,3,0.0,0.0,4.0,5751,0.2607,0.0412,0.0,0.0,False,False
730,BM,2026-06-01,4,0.0,0.0,2.5,74,0.1892,0.0811,0.0,0.0,False,False
730,BO,2026-06-01,6,0.1667,0.1667,9.0,2425,0.2573,0.0495,0.648,3.368,False,False
730,BQ,2026-06-01,1,0.0,0.0,2.0,43,0.1628,0.0698,0.0,0.0,False,False
730,BR,2026-06-01,24702,0.1807,0.052,2.0,36943,0.1899,0.08,0.951,0.65,True,False
730,BS,2026-06-01,2,0.0,0.0,2.0,294,0.1224,0.0646,0.0,0.0,False,False
730,BW,2026-06-01,5,0.4,0.0,1.0,2531,0.2007,0.0589,1.993,0.0,False,False
730,BZ,2026-06-01,1,0.0,0.0,12.0,431,0.1763,0.0394,0.0,0.0,False,False
730,CA,2026-06-01,106,0.1604,0.066,3.0,13500,0.1658,0.0827,0.967,0.798,False,False
730,CH,2026-06-01,12,0.0833,0.0833,4.0,1087,0.1739,0.0653,0.479,1.276,False,False
730,CL,2026-06-01,5,0.2,0.0,3.0,6391,0.1579,0.0918,1.267,0.0,False,False
730,CO,2026-06-01,14,0.2143,0.0,3.0,12674,0.2108,0.0751,1.016,0.0,False,False
730,CR,2026-06-01,1,0.0,0.0,3.0,2598,0.1551,0.0785,0.0,0.0,False,False
730,CW,2026-06-01,4,0.0,0.0,3.0,249,0.1767,0.1124,0.0,0.0,False,False
730,CY,2026-06-01,7,0.0,0.1429,6.0,360,0.1472,0.0583,0.0,2.449,False,False
730,CZ,2026-06-01,2,0.5,0.0,5.0,469,0.177,0.0661,2.825,0.0,False,False
730,DE,2026-06-01,70,0.1286,0.0857,3.0,7364,0.2239,0.0467,0.574,1.835,False,False
730,DK,2026-06-01,67,0.1791,0.0597,2.0,329,0.1702,0.0547,1.052,1.091,False,False
730,DZ,2026-06-01,58,0.1207,0.0517,2.0,98,0.0918,0.102,1.314,0.507,False,False
730,EC,2026-06-01,8,0.125,0.125,7.0,4927,0.2052,0.0753,0.609,1.66,False,False
730,ES,2026-06-01,16,0.125,0.0625,2.0,6454,0.15,0.0827,0.833,0.755,False,False
730,FI,2026-06-01,17,0.1765,0.2353,20.5,711,0.2025,0.0774,0.871,3.042,False,False
730,FJ,2026-06-01,1,0.0,0.0,13.0,3820,0.2995,0.0309,0.0,0.0,False,False
730,FR,2026-06-01,11,0.0909,0.0,5.5,10498,0.1822,0.072,0.499,0.0,False,False
730,GB,2026-06-01,340,0.1441,0.0559,3.0,19611,0.1571,0.0751,0.917,0.744,False,False
730,GF,2026-06-01,4,0.0,0.5,2.0,97,0.2371,0.0722,0.0,6.929,False,False
730,GI,2026-06-01,1,0.0,0.0,2.0,29,0.069,0.1034,0.0,0.0,False,False
730,GP,2026-06-01,3,0.0,0.0,1.0,281,0.1495,0.0996,0.0,0.0,False,False
730,GR,2026-06-01,8,0.125,0.0,2.0,1223,0.1832,0.0523,0.682,0.0,False,False
730,GU,2026-06-01,3,0.0,0.0,3.0,185,0.2324,0.0541,0.0,0.0,False,False
730,GY,2026-06-01,1,0.0,0.0,2.0,1073,0.1938,0.0317,0.0,0.0,False,False
730,HK,2026-06-01,1,1.0,0.0,,1156,0.2422,0.032,4.129,0.0,False,False
730,HN,2026-06-01,1,0.0,0.0,3.0,1751,0.1868,0.0668,0.0,0.0,False,False
730,HR,2026-06-01,1,0.0,0.0,2.0,703,0.128,0.0782,0.0,0.0,False,False
730,HU,2026-06-01,6,0.0,0.5,58.5,709,0.1707,0.0903,0.0,5.539,False,False
730,IE,2026-06-01,7,0.0,0.1429,3.0,1907,0.162,0.065,0.0,2.197,False,False
730,IL,2026-06-01,3,0.0,0.0,3.0,1097,0.1404,0.0629,0.0,0.0,False,False
730,IM,2026-06-01,1,0.0,0.0,1.0,71,0.2535,0.0845,0.0,0.0,False,False
730,IN,2026-06-01,828,0.1896,0.0459,2.0,24092,0.1429,0.0635,1.327,0.722,True,False
730,IS,2026-06-01,4,0.0,0.25,5.5,71,0.2254,0.0845,0.0,2.958,False,False
730,IT,2026-06-01,7,0.1429,0.0,1.0,6513,0.1783,0.0726,0.801,0.0,False,False
730,JE,2026-06-01,1,0.0,0.0,4.0,78,0.1538,0.0641,0.0,0.0,False,False
730,JM,2026-06-01,5,0.0,0.0,2.0,3501,0.1682,0.0823,0.0,0.0,False,False
730,JP,2026-06-01,9,0.0,0.1111,2.0,2515,0.1992,0.0561,0.0,1.982,False,False
730,KR,2026-06-01,3,0.0,0.0,1.0,3325,0.2042,0.0608,0.0,0.0,False,False
730,KW,2026-06-01,3,0.3333,0.0,1.0,14,0.0,0.0714,,0.0,False,False
730,LT,2026-06-01,1,0.0,0.0,32.0,354,0.1328,0.0932,0.0,0.0,False,False
730,LV,2026-06-01,2,0.5,0.0,5.0,280,0.1679,0.0536,2.979,0.0,False,False
730,MG,2026-06-01,2,0.5,0.0,2.0,5133,0.2406,0.0423,2.078,0.0,False,False
730,MK,2026-06-01,2,1.0,0.0,,319,0.1536,0.0564,6.51,0.0,False,False
730,MP,2026-06-01,1,0.0,0.0,3.0,8,0.0,0.125,,0.0,False,False
730,MQ,2026-06-01,1,0.0,0.0,175.0,255,0.1647,0.0863,0.0,0.0,False,False
730,MR,2026-06-01,1,1.0,0.0,,835,0.2323,0.0287,4.304,0.0,False,False
730,MT,2026-06-01,4,0.0,0.25,10.0,297,0.1684,0.0505,0.0,4.95,False,False
730,MU,2026-06-01,5,0.0,0.2,2.0,1502,0.1724,0.0599,0.0,3.338,False,False
730,MV,2026-06-01,8,0.0,0.125,2.0,378,0.1323,0.0688,0.0,1.817,False,False
730,MX,2026-06-01,30,0.0333,0.1333,3.0,28976,0.1829,0.0728,0.182,1.832,False,False
730,MY,2026-06-01,22,0.0,0.0909,4.5,7324,0.1648,0.0584,0.0,1.556,False,False
730,MZ,2026-06-01,1,0.0,0.0,4.0,3802,0.2743,0.0337,0.0,0.0,False,False
730,NA,2026-06-01,1,0.0,1.0,308.0,2696,0.1914,0.0586,0.0,17.063,False,False
730,NC,2026-06-01,1,1.0,0.0,,120,0.15,0.0917,6.667,0.0,False,False
730,NL,2026-06-01,9,0.2222,0.0,2.0,5363,0.2584,0.0503,0.86,0.0,False,False
730,NO,2026-06-01,25,0.08,0.08,4.0,398,0.2161,0.0779,0.37,1.027,False,False
730,NZ,2026-06-01,38,0.1579,0.1316,3.0,2842,0.1495,0.0834,1.056,1.578,False,False
730,OM,2026-06-01,3,0.3333,0.0,9.5,62,0.0968,0.0968,3.444,0.0,False,False
730,PA,2026-06-01,1,0.0,0.0,1.0,1600,0.2,0.0712,0.0,0.0,False,False
730,PE,2026-06-01,9,0.0,0.0,4.0,6794,0.22,0.0708,0.0,0.0,False,False
730,PF,2026-06-01,2,0.5,0.0,5.0,180,0.1611,0.1222,3.103,0.0,False,False
730,PH,2026-06-01,1,0.0,0.0,6.0,13812,0.1748,0.0831,0.0,0.0,False,False
730,PL,2026-06-01,2,0.5,0.0,6.0,1318,0.1684,0.0653,2.968,0.0,False,False
730,PR,2026-06-01,3,0.0,0.0,7.0,1784,0.1956,0.0852,0.0,0.0,False,False
730,PT,2026-06-01,34,0.1471,0.1176,3.0,2353,0.1517,0.0854,0.969,1.377,False,False
730,PY,2026-06-01,8,0.25,0.125,1.5,1162,0.1756,0.0706,1.424,1.771,False,False
730,QA,2026-06-01,4,0.0,0.0,3.5,25,0.0,0.08,,0.0,False,False
730,RE,2026-06-01,3,0.0,0.3333,6.0,329,0.155,0.1003,0.0,3.323,False,False
730,RS,2026-06-01,7,0.0,0.1429,14.0,1450,0.1303,0.08,0.0,1.786,False,False
730,SE,2026-06-01,55,0.1455,0.0545,2.0,798,0.1792,0.0952,0.812,0.573,False,False
730,SG,2026-06-01,20,0.05,0.2,4.0,2786,0.1719,0.061,0.291,3.278,False,False
730,SI,2026-06-01,1,0.0,0.0,55.0,220,0.1409,0.0682,0.0,0.0,False,False
730,SK,2026-06-01,1,0.0,0.0,23.0,199,0.191,0.0553,0.0,0.0,False,False
730,SR,2026-06-01,1,1.0,0.0,,397,0.2242,0.0277,4.461,0.0,False,False
730,SV,2026-06-01,2,0.0,0.0,4.5,2260,0.1885,0.0668,0.0,0.0,False,False
730,TH,2026-06-01,29,0.0345,0.069,3.0,3051,0.2114,0.0518,0.163,1.332,False,False
730,TR,2026-06-01,37,0.1351,0.0541,2.0,4032,0.1498,0.0588,0.902,0.92,False,False
730,TW,2026-06-01,4,0.0,0.25,7.5,723,0.1881,0.0622,0.0,4.017,False,False
730,US,2026-06-01,816,0.1765,0.0625,3.0,126824,0.1858,0.0755,0.95,0.828,True,False
730,UY,2026-06-01,2,0.0,0.0,4.5,1757,0.1764,0.0825,0.0,0.0,False,False
730,UZ,2026-06-01,1,0.0,0.0,5.0,2812,0.2411,0.0228,0.0,0.0,False,False
730,VN,2026-06-01,5,0.2,0.0,1.0,1869,0.2103,0.0316,0.951,0.0,False,False
730,ZA,2026-06-01,42,0.119,0.1429,3.0,26039,0.1456,0.0858,0.817,1.666,False,False
833,AD,2026-06-01,1,0.0,0.0,4.0,82,0.122,0.1463,0.0,0.0,False,False
833,AE,2026-06-01,4,0.5,0.0,4.0,1719,0.0849,0.0809,5.887,0.0,False,False
833,AI,2026-06-01,1,0.0,0.0,1.0,31,0.0645,0.0645,0.0,0.0,False,False
833,AL,2026-06-01,3,0.0,0.0,5.0,416,0.1346,0.0409,0.0,0.0,False,False
833,AO,2026-06-01,2,0.0,0.5,378.5,3184,0.2553,0.0411,0.0,12.153,False,False
833,AR,2026-06-01,3,0.3333,0.0,2.0,4619,0.1438,0.102,2.319,0.0,False,False
833,AS,2026-06-01,3,0.3333,0.3333,28.5,69,0.1739,0.0725,1.917,4.6,False,False
833,AT,2026-06-01,1,1.0,0.0,,652,0.1472,0.066,6.792,0.0,False,False
833,AU,2026-06-01,8031,0.1538,0.0415,2.0,10955,0.1472,0.072,1.044,0.576,True,False
833,AX,2026-06-01,2,0.0,0.0,5.5,29,0.0,0.0345,,0.0,False,False
833,BD,2026-06-01,4,0.25,0.0,1.0,4108,0.2081,0.0282,1.201,0.0,False,False
833,BE,2026-06-01,51,0.1569,0.0588,2.0,1569,0.1619,0.0822,0.969,0.715,False,False
833,BR,2026-06-01,3,0.3333,0.0,1.0,36943,0.1899,0.08,1.755,0.0,False,False
833,CA,2026-06-01,12473,0.1719,0.0443,2.0,13500,0.1658,0.0827,1.037,0.535,True,False
833,CO,2026-06-01,3,0.0,0.0,9.0,12674,0.2108,0.0751,0.0,0.0,False,False
833,DE,2026-06-01,4,0.25,0.0,1.0,7364,0.2239,0.0467,1.116,0.0,False,False
833,DJ,2026-06-01,1,0.0,0.0,3.0,351,0.1368,0.0598,0.0,0.0,False,False
833,DZ,2026-06-01,2,0.0,0.0,4.0,98,0.0918,0.102,0.0,0.0,False,False
833,ES,2026-06-01,6,0.1667,0.0,1.0,6454,0.15,0.0827,1.111,0.0,False,False
833,FI,2026-06-01,2,0.0,0.0,1.0,711,0.2025,0.0774,0.0,0.0,False,False
833,FR,2026-06-01,7,0.1429,0.0,4.5,10498,0.1822,0.072,0.784,0.0,False,False
833,GB,2026-06-01,18840,0.1657,0.0458,2.0,19611,0.1571,0.0751,1.055,0.61,True,False
833,IE,2026-06-01,1415,0.1449,0.0424,2.0,1907,0.162,0.065,0.894,0.652,True,False
833,KY,2026-06-01,4,0.5,0.0,2.5,140,0.1143,0.1214,4.375,0.0,False,False
833,LK,2026-06-01,1,0.0,0.0,6.0,613,0.1517,0.0995,0.0,0.0,False,False
833,MX,2026-06-01,7,0.0,0.0,1.0,28976,0.1829,0.0728,0.0,0.0,False,False
833,NL,2026-06-01,5,0.0,0.0,2.0,5363,0.2584,0.0503,0.0,0.0,False,False
833,NZ,2026-06-01,3056,0.1365,0.0517,2.0,2842,0.1495,0.0834,0.912,0.62,True,False
833,PR,2026-06-01,5,0.4,0.2,1.0,1784,0.1956,0.0852,2.045,2.347,False,False
833,RS,2026-06-01,1,0.0,0.0,1.0,1450,0.1303,0.08,0.0,0.0,False,False
833,SG,2026-06-01,1,0.0,0.0,3.0,2786,0.1719,0.061,0.0,0.0,False,False
833,SV,2026-06-01,1,0.0,0.0,17.0,2260,0.1885,0.0668,0.0,0.0,False,False
833,TJ,2026-06-01,1,0.0,0.0,24.0,316,0.2658,0.0127,0.0,0.0,False,False
833,US,2026-06-01,124553,0.1977,0.0413,2.0,126824,0.1858,0.0755,1.064,0.547,True,False
851,AL,2026-06-01,1,0.0,0.0,2.0,416,0.1346,0.0409,0.0,0.0,False,False
851,AR,2026-06-01,1,0.0,0.0,1.0,4619,0.1438,0.102,0.0,0.0,False,False
851,AT,2026-06-01,6,0.1667,0.0,3.0,652,0.1472,0.066,1.132,0.0,False,False
851,AU,2026-06-01,26,0.2308,0.0,1.5,10955,0.1472,0.072,1.567,0.0,False,False
851,BD,2026-06-01,9,0.0,0.0,1.0,4108,0.2081,0.0282,0.0,0.0,False,False
851,BR,2026-06-01,1,0.0,0.0,1.0,36943,0.1899,0.08,0.0,0.0,False,False
851,CA,2026-06-01,47,0.1489,0.0213,1.0,13500,0.1658,0.0827,0.898,0.257,False,False
851,CH,2026-06-01,1,0.0,0.0,1.0,1087,0.1739,0.0653,0.0,0.0,False,False
851,CL,2026-06-01,431,0.1508,0.0325,1.0,6391,0.1579,0.0918,0.955,0.354,False,False
851,CN,2026-06-01,4,0.75,0.0,1.0,1028,0.4387,0.0068,1.71,0.0,False,False
851,CR,2026-06-01,1,0.0,0.0,1.0,2598,0.1551,0.0785,0.0,0.0,False,False
851,CZ,2026-06-01,8,0.0,0.0,2.5,469,0.177,0.0661,0.0,0.0,False,False
851,DE,2026-06-01,6,0.3333,0.0,1.0,7364,0.2239,0.0467,1.489,0.0,False,False
851,DO,2026-06-01,3,0.3333,0.0,2.0,2698,0.1772,0.083,1.881,0.0,False,False
851,DZ,2026-06-01,1,0.0,0.0,1.0,98,0.0918,0.102,0.0,0.0,False,False
851,EC,2026-06-01,1,0.0,1.0,12.0,4927,0.2052,0.0753,0.0,13.28,False,False
851,EE,2026-06-01,1,0.0,0.0,3.0,220,0.2136,0.0682,0.0,0.0,False,False
851,ES,2026-06-01,861,0.1487,0.0476,2.0,6454,0.15,0.0827,0.991,0.576,True,False
851,FR,2026-06-01,26,0.1538,0.0385,2.0,10498,0.1822,0.072,0.844,0.534,False,False
851,GA,2026-06-01,1,0.0,0.0,3.0,423,0.1891,0.0591,0.0,0.0,False,False
851,GB,2026-06-01,58,0.1379,0.0172,1.0,19611,0.1571,0.0751,0.878,0.23,False,False
851,GM,2026-06-01,1,1.0,0.0,,308,0.1558,0.0649,6.417,0.0,False,False
851,GR,2026-06-01,22,0.0909,0.0909,2.5,1223,0.1832,0.0523,0.496,1.737,False,False
851,HK,2026-06-01,30,0.1667,0.0,1.0,1156,0.2422,0.032,0.688,0.0,False,False
851,HR,2026-06-01,428,0.1472,0.014,1.0,703,0.128,0.0782,1.15,0.179,False,False
851,HU,2026-06-01,5,0.0,0.4,5.0,709,0.1707,0.0903,0.0,4.431,False,False
851,ID,2026-06-01,2,0.0,0.0,2.0,1056,0.1752,0.0881,0.0,0.0,False,False
851,IE,2026-06-01,7,0.0,0.0,1.0,1907,0.162,0.065,0.0,0.0,False,False
851,IN,2026-06-01,4,0.25,0.0,2.0,24092,0.1429,0.0635,1.749,0.0,False,False
851,IS,2026-06-01,27,0.2593,0.037,1.0,71,0.2254,0.0845,1.15,0.438,False,False
851,IT,2026-06-01,10,0.2,0.1,1.0,6513,0.1783,0.0726,1.122,1.377,False,False
851,JM,2026-06-01,2,0.5,0.0,1.0,3501,0.1682,0.0823,2.972,0.0,False,False
851,JP,2026-06-01,1,1.0,0.0,,2515,0.1992,0.0561,5.02,0.0,False,False
851,KE,2026-06-01,7,0.1429,0.0,1.0,11070,0.1373,0.0676,1.04,0.0,False,False
851,KR,2026-06-01,1,0.0,0.0,2.0,3325,0.2042,0.0608,0.0,0.0,False,False
851,LI,2026-06-01,3,0.3333,0.0,279.0,6,0.0,0.0,,,False,False
851,LT,2026-06-01,10,0.0,0.1,2.5,354,0.1328,0.0932,0.0,1.073,False,False
851,LU,2026-06-01,41,0.122,0.0244,2.0,172,0.1395,0.0349,0.874,0.699,False,False
851,LV,2026-06-01,1,0.0,0.0,1.0,280,0.1679,0.0536,0.0,0.0,False,False
851,MT,2026-06-01,168,0.131,0.0179,1.0,297,0.1684,0.0505,0.778,0.354,False,False
851,MX,2026-06-01,4,0.0,0.25,1.0,28976,0.1829,0.0728,0.0,3.435,False,False
851,MY,2026-06-01,2,0.0,0.0,1.0,7324,0.1648,0.0584,0.0,0.0,False,False
851,MZ,2026-06-01,1,1.0,0.0,,3802,0.2743,0.0337,3.645,0.0,False,False
851,NL,2026-06-01,15,0.0,0.0,1.0,5363,0.2584,0.0503,0.0,0.0,False,False
851,NO,2026-06-01,9,0.2222,0.0,1.0,398,0.2161,0.0779,1.028,0.0,False,False
851,NP,2026-06-01,2,0.0,0.0,1.0,9,0.0,0.1111,,0.0,False,False
851,NZ,2026-06-01,89,0.1461,0.0225,1.0,2842,0.1495,0.0834,0.977,0.269,False,False
851,PH,2026-06-01,7,0.1429,0.0,1.5,13812,0.1748,0.0831,0.817,0.0,False,False
851,PL,2026-06-01,131,0.0687,0.0916,3.0,1318,0.1684,0.0653,0.408,1.404,False,False
851,PT,2026-06-01,1,0.0,0.0,2.0,2353,0.1517,0.0854,0.0,0.0,False,False
851,RO,2026-06-01,17,0.1176,0.0,1.0,2338,0.2511,0.0381,0.469,0.0,False,False
851,RS,2026-06-01,2,0.0,0.0,1.0,1450,0.1303,0.08,0.0,0.0,False,False
851,SA,2026-06-01,3,0.0,0.0,1.0,47,0.0851,0.1064,0.0,0.0,False,False
851,SE,2026-06-01,2,0.0,0.0,1.0,798,0.1792,0.0952,0.0,0.0,False,False
851,SG,2026-06-01,1479,0.1947,0.0216,1.0,2786,0.1719,0.061,1.133,0.355,True,False
851,SK,2026-06-01,14,0.1429,0.0,6.0,199,0.191,0.0553,0.748,0.0,False,False
851,TH,2026-06-01,2,0.0,0.0,1.0,3051,0.2114,0.0518,0.0,0.0,False,False
851,TR,2026-06-01,1,0.0,0.0,1.0,4032,0.1498,0.0588,0.0,0.0,False,False
851,TW,2026-06-01,3,0.6667,0.0,1.0,723,0.1881,0.0622,3.544,0.0,False,False
851,TZ,2026-06-01,2,0.0,0.0,1.0,2279,0.1624,0.0518,0.0,0.0,False,False
851,UG,2026-06-01,1,0.0,0.0,2.0,2839,0.0807,0.0785,0.0,0.0,False,False
851,US,2026-06-01,569,0.1757,0.0176,1.0,126824,0.1858,0.0755,0.946,0.233,True,False
851,ZA,2026-06-01,63,0.1429,0.0317,1.0,26039,0.1456,0.0858,0.981,0.37,False,False
889,AL,2026-06-01,1,0.0,0.0,4.0,416,0.1346,0.0409,0.0,0.0,False,False
889,AX,2026-06-01,2,0.0,0.0,7.5,29,0.0,0.0345,,0.0,False,False
889,AZ,2026-06-01,2,0.0,0.5,48.0,1423,0.2734,0.0267,0.0,18.724,False,False
889,BR,2026-06-01,2455,0.1365,0.0566,2.0,36943,0.1899,0.08,0.719,0.708,True,False
889,CH,2026-06-01,1,0.0,0.0,3.0,1087,0.1739,0.0653,0.0,0.0,False,False
889,DE,2026-06-01,3192,0.1331,0.1172,4.0,7364,0.2239,0.0467,0.595,2.508,True,False
889,EC,2026-06-01,1,0.0,0.0,5.0,4927,0.2052,0.0753,0.0,0.0,False,False
889,ES,2026-06-01,2081,0.1278,0.0836,3.0,6454,0.15,0.0827,0.852,1.011,True,False
889,FR,2026-06-01,2735,0.125,0.0958,3.0,10498,0.1822,0.072,0.686,1.33,True,False
889,IT,2026-06-01,3444,0.1208,0.0833,3.0,6513,0.1783,0.0726,0.678,1.147,True,False
889,SI,2026-06-01,1,0.0,1.0,12.0,220,0.1409,0.0682,0.0,14.667,False,False
889,US,2026-06-01,1,0.0,0.0,1.0,126824,0.1858,0.0755,0.0,0.0,False,False
897,AD,2026-06-01,9,0.1111,0.1111,15.5,82,0.122,0.1463,0.911,0.759,False,False
897,AE,2026-06-01,2,0.0,0.5,4.5,1719,0.0849,0.0809,0.0,6.183,False,False
897,AL,2026-06-01,48,0.0208,0.0208,3.0,416,0.1346,0.0409,0.155,0.51,False,False
897,AM,2026-06-01,1,0.0,0.0,7.0,468,0.1538,0.0427,0.0,0.0,False,False
897,AO,2026-06-01,1,0.0,0.0,46.0,3184,0.2553,0.0411,0.0,0.0,False,False
897,AS,2026-06-01,1,0.0,1.0,51.0,69,0.1739,0.0725,0.0,13.8,False,False
897,AT,2026-06-01,93,0.1075,0.1075,4.0,652,0.1472,0.066,0.73,1.63,False,False
897,AU,2026-06-01,1103,0.1224,0.0798,2.0,10955,0.1472,0.072,0.831,1.108,True,False
897,AX,2026-06-01,2,0.0,0.0,9.0,29,0.0,0.0345,,0.0,False,False
897,AZ,2026-06-01,2,0.0,0.0,43.5,1423,0.2734,0.0267,0.0,0.0,False,False
897,BE,2026-06-01,296,0.152,0.0845,3.0,1569,0.1619,0.0822,0.939,1.027,False,False
897,BG,2026-06-01,122,0.1066,0.0984,3.0,783,0.1571,0.0639,0.678,1.54,False,False
897,BH,2026-06-01,1,0.0,0.0,1.0,26,0.1154,0.0,0.0,,False,False
897,BO,2026-06-01,1,0.0,0.0,1.0,2425,0.2573,0.0495,0.0,0.0,False,False
897,BR,2026-06-01,5,0.2,0.0,2.0,36943,0.1899,0.08,1.053,0.0,False,False
897,BS,2026-06-01,5,0.0,0.0,4.0,294,0.1224,0.0646,0.0,0.0,False,False
897,CA,2026-06-01,1793,0.1378,0.0641,2.0,13500,0.1658,0.0827,0.831,0.775,True,False
897,CH,2026-06-01,73,0.1644,0.0137,3.0,1087,0.1739,0.0653,0.945,0.21,False,False
897,CO,2026-06-01,5,0.2,0.0,2.5,12674,0.2108,0.0751,0.949,0.0,False,False
897,CR,2026-06-01,1,0.0,0.0,27.0,2598,0.1551,0.0785,0.0,0.0,False,False
897,CV,2026-06-01,1,0.0,0.0,1.0,212,0.2642,0.0519,0.0,0.0,False,False
897,CW,2026-06-01,1,0.0,0.0,1.0,249,0.1767,0.1124,0.0,0.0,False,False
897,CY,2026-06-01,3,0.0,0.0,8.0,360,0.1472,0.0583,0.0,0.0,False,False
897,CZ,2026-06-01,60,0.1333,0.0667,2.0,469,0.177,0.0661,0.753,1.009,False,False
897,DE,2026-06-01,534,0.1217,0.0899,3.0,7364,0.2239,0.0467,0.544,1.924,True,False
897,DK,2026-06-01,148,0.1216,0.0946,4.0,329,0.1702,0.0547,0.715,1.729,False,False
897,DO,2026-06-01,2,0.5,0.0,1.0,2698,0.1772,0.083,2.822,0.0,False,False
897,DZ,2026-06-01,1,0.0,0.0,3.0,98,0.0918,0.102,0.0,0.0,False,False
897,EE,2026-06-01,15,0.2667,0.1333,9.0,220,0.2136,0.0682,1.248,1.956,False,False
897,ES,2026-06-01,177,0.226,0.0791,4.0,6454,0.15,0.0827,1.507,0.956,False,False
897,FI,2026-06-01,70,0.0857,0.1143,5.0,711,0.2025,0.0774,0.423,1.477,False,False
897,FJ,2026-06-01,2,0.5,0.0,4.0,3820,0.2995,0.0309,1.67,0.0,False,False
897,FO,2026-06-01,3,0.3333,0.0,11.5,15,0.2,0.0667,1.667,0.0,False,False
897,FR,2026-06-01,748,0.1551,0.0989,4.0,10498,0.1822,0.072,0.851,1.374,True,False
897,GB,2026-06-01,2970,0.1582,0.0613,2.0,19611,0.1571,0.0751,1.007,0.816,True,False
897,GE,2026-06-01,1,0.0,0.0,2.0,604,0.1225,0.0381,0.0,0.0,False,False
897,GF,2026-06-01,1,0.0,1.0,143.0,97,0.2371,0.0722,0.0,13.857,False,False
897,GG,2026-06-01,9,0.1111,0.2222,7.0,31,0.1935,0.0968,0.574,2.296,False,False
897,GI,2026-06-01,7,0.0,0.1429,1.0,29,0.069,0.1034,0.0,1.381,False,False
897,GR,2026-06-01,241,0.1826,0.0664,4.0,1223,0.1832,0.0523,0.997,1.269,False,False
897,GU,2026-06-01,1,0.0,0.0,1.0,185,0.2324,0.0541,0.0,0.0,False,False
897,GY,2026-06-01,1,0.0,0.0,2.0,1073,0.1938,0.0317,0.0,0.0,False,False
897,HK,2026-06-01,1,0.0,0.0,1.0,1156,0.2422,0.032,0.0,0.0,False,False
897,HN,2026-06-01,1,0.0,0.0,5.0,1751,0.1868,0.0668,0.0,0.0,False,False
897,HR,2026-06-01,112,0.1071,0.0357,2.0,703,0.128,0.0782,0.837,0.456,False,False
897,HU,2026-06-01,126,0.119,0.0952,3.0,709,0.1707,0.0903,0.698,1.055,False,False
897,ID,2026-06-01,3,0.0,0.0,1.0,1056,0.1752,0.0881,0.0,0.0,False,False
897,IE,2026-06-01,185,0.1459,0.0703,3.0,1907,0.162,0.065,0.901,1.081,False,False
897,IL,2026-06-01,1,1.0,0.0,,1097,0.1404,0.0629,7.123,0.0,False,False
897,IM,2026-06-01,7,0.0,0.0,2.0,71,0.2535,0.0845,0.0,0.0,False,False
897,IN,2026-06-01,3,0.6667,0.0,2.0,24092,0.1429,0.0635,4.665,0.0,False,False
897,IO,2026-06-01,1,0.0,1.0,18.0,7,0.0,0.0,,,False,False
897,IS,2026-06-01,18,0.0556,0.1111,3.0,71,0.2254,0.0845,0.247,1.315,False,False
897,IT,2026-06-01,667,0.1784,0.0915,3.0,6513,0.1783,0.0726,1.001,1.259,True,False
897,JE,2026-06-01,13,0.1538,0.0,1.0,78,0.1538,0.0641,1.0,0.0,False,False
897,JM,2026-06-01,2,0.5,0.0,1.0,3501,0.1682,0.0823,2.972,0.0,False,False
897,JP,2026-06-01,4,0.25,0.0,4.0,2515,0.1992,0.0561,1.255,0.0,False,False
897,KH,2026-06-01,1,0.0,0.0,2.0,236,0.25,0.0424,0.0,0.0,False,False
897,KR,2026-06-01,2,0.5,0.0,2.0,3325,0.2042,0.0608,2.448,0.0,False,False
897,LK,2026-06-01,1,0.0,1.0,8.0,613,0.1517,0.0995,0.0,10.049,False,False
897,LT,2026-06-01,29,0.069,0.1379,3.0,354,0.1328,0.0932,0.519,1.48,False,False
897,LU,2026-06-01,19,0.2632,0.0526,4.5,172,0.1395,0.0349,1.886,1.509,False,False
897,LV,2026-06-01,44,0.1591,0.0909,2.0,280,0.1679,0.0536,0.948,1.697,False,False
897,MA,2026-06-01,5,0.0,0.0,2.0,94,0.117,0.0532,0.0,0.0,False,False
897,MC,2026-06-01,1,1.0,0.0,,6,0.1667,0.1667,6.0,0.0,False,False
897,ME,2026-06-01,8,0.125,0.125,6.0,141,0.1206,0.0709,1.037,1.763,False,False
897,MQ,2026-06-01,1,1.0,0.0,,255,0.1647,0.0863,6.071,0.0,False,False
897,MT,2026-06-01,79,0.1772,0.038,2.0,297,0.1684,0.0505,1.053,0.752,False,False
897,MX,2026-06-01,19,0.1053,0.0526,2.0,28976,0.1829,0.0728,0.575,0.723,False,False
897,MY,2026-06-01,1,0.0,0.0,4.0,7324,0.1648,0.0584,0.0,0.0,False,False
897,NL,2026-06-01,356,0.132,0.059,4.0,5363,0.2584,0.0503,0.511,1.172,False,False
897,NO,2026-06-01,108,0.1667,0.0833,3.0,398,0.2161,0.0779,0.771,1.07,False,False
897,NP,2026-06-01,1,0.0,0.0,2.0,9,0.0,0.1111,,0.0,False,False
897,NZ,2026-06-01,393,0.0916,0.1069,5.0,2842,0.1495,0.0834,0.613,1.282,False,False
897,PE,2026-06-01,4,0.25,0.0,6.0,6794,0.22,0.0708,1.136,0.0,False,False
897,PH,2026-06-01,33,0.2424,0.0909,3.0,13812,0.1748,0.0831,1.387,1.094,False,False
897,PK,2026-06-01,1,0.0,0.0,2.0,459,0.1285,0.061,0.0,0.0,False,False
897,PL,2026-06-01,189,0.1217,0.0582,3.0,1318,0.1684,0.0653,0.722,0.892,False,False
897,PR,2026-06-01,5,0.4,0.0,4.0,1784,0.1956,0.0852,2.045,0.0,False,False
897,PT,2026-06-01,483,0.1615,0.058,3.0,2353,0.1517,0.0854,1.064,0.679,False,False
897,RO,2026-06-01,81,0.1111,0.0864,3.0,2338,0.2511,0.0381,0.443,2.27,False,False
897,RS,2026-06-01,55,0.0909,0.0727,5.0,1450,0.1303,0.08,0.697,0.909,False,False
897,RW,2026-06-01,1,0.0,0.0,1.0,260,0.1231,0.0615,0.0,0.0,False,False
897,SE,2026-06-01,277,0.1083,0.0722,3.0,798,0.1792,0.0952,0.604,0.758,False,False
897,SG,2026-06-01,3,0.0,0.0,2.0,2786,0.1719,0.061,0.0,0.0,False,False
897,SI,2026-06-01,35,0.0571,0.0571,3.0,220,0.1409,0.0682,0.406,0.838,False,False
897,SK,2026-06-01,49,0.0816,0.102,3.0,199,0.191,0.0553,0.427,1.846,False,False
897,TH,2026-06-01,3,0.0,0.0,4.0,3051,0.2114,0.0518,0.0,0.0,False,False
897,TO,2026-06-01,1,1.0,0.0,,138,0.2319,0.0362,4.313,0.0,False,False
897,TR,2026-06-01,10,0.2,0.1,9.0,4032,0.1498,0.0588,1.335,1.701,False,False
897,TT,2026-06-01,1,0.0,0.0,2.0,643,0.1524,0.1104,0.0,0.0,False,False
897,TW,2026-06-01,2,0.0,0.0,1.5,723,0.1881,0.0622,0.0,0.0,False,False
897,US,2026-06-01,13153,0.1698,0.0535,2.0,126824,0.1858,0.0755,0.914,0.709,True,False
897,UY,2026-06-01,1,0.0,0.0,6.0,1757,0.1764,0.0825,0.0,0.0,False,False
897,VI,2026-06-01,1,0.0,0.0,1.0,63,0.2381,0.0952,0.0,0.0,False,False
897,VU,2026-06-01,3,0.3333,0.0,1.0,280,0.2536,0.0214,1.315,0.0,False,False
897,WF,2026-06-01,1,0.0,0.0,20.0,10,0.3,0.0,0.0,,False,False
897,ZA,2026-06-01,1,0.0,0.0,25.0,26039,0.1456,0.0858,0.0,0.0,False,False
911,AE,2026-06-01,1,0.0,0.0,1.0,1719,0.0849,0.0809,0.0,0.0,False,False
911,AL,2026-06-01,2,0.0,0.5,4.5,416,0.1346,0.0409,0.0,12.235,False,False
911,AR,2026-06-01,2,0.0,0.0,6.5,4619,0.1438,0.102,0.0,0.0,False,False
911,AU,2026-06-01,4,0.25,0.0,1.0,10955,0.1472,0.072,1.698,0.0,False,False
911,BR,2026-06-01,32130,0.2697,0.0121,1.0,36943,0.1899,0.08,1.421,0.151,True,True
911,CA,2026-06-01,28,0.1429,0.0,2.0,13500,0.1658,0.0827,0.862,0.0,False,False
911,CL,2026-06-01,2,0.0,0.0,1.0,6391,0.1579,0.0918,0.0,0.0,False,False
911,CO,2026-06-01,5,0.0,0.2,1.0,12674,0.2108,0.0751,0.0,2.663,False,False
911,CV,2026-06-01,34,0.2941,0.0294,1.0,212,0.2642,0.0519,1.113,0.567,False,False
911,DE,2026-06-01,80,0.1875,0.0125,3.0,7364,0.2239,0.0467,0.837,0.268,False,False
911,EE,2026-06-01,1,0.0,0.0,2.0,220,0.2136,0.0682,0.0,0.0,False,False
911,FR,2026-06-01,86,0.2791,0.0233,2.0,10498,0.1822,0.072,1.531,0.323,False,False
911,GB,2026-06-01,19,0.2105,0.0526,2.0,19611,0.1571,0.0751,1.34,0.701,False,False
911,IE,2026-06-01,8,0.625,0.0,1.0,1907,0.162,0.065,3.857,0.0,False,False
911,IN,2026-06-01,1,1.0,0.0,,24092,0.1429,0.0635,6.997,0.0,False,False
911,JP,2026-06-01,1,0.0,0.0,16.0,2515,0.1992,0.0561,0.0,0.0,False,False
911,KE,2026-06-01,1,0.0,0.0,1.0,11070,0.1373,0.0676,0.0,0.0,False,False
911,LA,2026-06-01,1,0.0,0.0,1.0,682,0.2199,0.0191,0.0,0.0,False,False
911,MX,2026-06-01,132,0.1515,0.0455,1.0,28976,0.1829,0.0728,0.828,0.625,False,False
911,NL,2026-06-01,1,1.0,0.0,,5363,0.2584,0.0503,3.869,0.0,False,False
911,NZ,2026-06-01,25,0.2,0.04,3.0,2842,0.1495,0.0834,1.337,0.48,False,False
911,PK,2026-06-01,2,0.0,0.0,1.5,459,0.1285,0.061,0.0,0.0,False,False
911,PL,2026-06-01,2,0.5,0.0,13.0,1318,0.1684,0.0653,2.968,0.0,False,False
911,SR,2026-06-01,1,0.0,0.0,1.0,397,0.2242,0.0277,0.0,0.0,False,False
911,US,2026-06-01,1153,0.2272,0.0191,1.0,126824,0.1858,0.0755,1.223,0.253,True,False
911,ZA,2026-06-01,1,0.0,0.0,1.0,26039,0.1456,0.0858,0.0,0.0,False,False
organic,AD,2026-06-01,62,0.0323,0.0323,3.0,82,0.122,0.1463,0.265,0.22,False,False
organic,AE,2026-06-01,670,0.0493,0.0627,3.0,1719,0.0849,0.0809,0.58,0.775,True,False
organic,AF,2026-06-01,3,0.6667,0.0,1.0,,,,,,False,False
organic,AG,2026-06-01,10,0.3,0.0,1.0,89,0.236,0.0337,1.271,0.0,False,False
organic,AI,2026-06-01,16,0.0,0.0,6.5,31,0.0645,0.0645,0.0,0.0,False,False
organic,AL,2026-06-01,270,0.0259,0.0667,4.0,416,0.1346,0.0409,0.193,1.631,False,False
organic,AM,2026-06-01,75,0.08,0.0133,5.0,468,0.1538,0.0427,0.52,0.312,False,False
organic,AO,2026-06-01,148,0.0676,0.0743,3.0,3184,0.2553,0.0411,0.265,1.806,False,False
organic,AQ,2026-06-01,4,0.0,0.5,47.5,7,0.0,0.2857,,1.75,False,False
organic,AR,2026-06-01,1280,0.1141,0.057,2.0,4619,0.1438,0.102,0.793,0.559,True,False
organic,AS,2026-06-01,25,0.04,0.04,3.0,69,0.1739,0.0725,0.23,0.552,False,False
organic,AT,2026-06-01,443,0.0339,0.0609,2.0,652,0.1472,0.066,0.23,0.924,False,False
organic,AU,2026-06-01,4690,0.0446,0.0569,3.0,10955,0.1472,0.072,0.303,0.79,True,False
organic,AW,2026-06-01,15,0.0667,0.0,7.5,138,0.1522,0.087,0.438,0.0,False,False
organic,AX,2026-06-01,33,0.0,0.0303,6.0,29,0.0,0.0345,,0.879,False,False
organic,AZ,2026-06-01,292,0.0411,0.0616,4.0,1423,0.2734,0.0267,0.15,2.308,False,False
organic,BB,2026-06-01,44,0.0227,0.2045,4.0,255,0.1529,0.0471,0.149,4.347,False,False
organic,BD,2026-06-01,628,0.0446,0.0191,2.0,4108,0.2081,0.0282,0.214,0.677,True,False
organic,BE,2026-06-01,536,0.0522,0.069,2.0,1569,0.1619,0.0822,0.323,0.84,True,False
organic,BF,2026-06-01,24,0.0,0.0417,1.5,829,0.2183,0.0446,0.0,0.934,False,False
organic,BG,2026-06-01,337,0.0208,0.0415,1.0,783,0.1571,0.0639,0.132,0.651,False,False
organic,BH,2026-06-01,90,0.1667,0.0556,2.0,26,0.1154,0.0,1.444,,False,False
organic,BJ,2026-06-01,373,0.1206,0.059,3.0,5751,0.2607,0.0412,0.463,1.431,False,False
organic,BM,2026-06-01,38,0.0263,0.0,2.0,74,0.1892,0.0811,0.139,0.0,False,False
organic,BN,2026-06-01,36,0.3333,0.0556,2.0,175,0.1371,0.04,2.431,1.389,False,False
organic,BO,2026-06-01,319,0.1034,0.0408,2.0,2425,0.2573,0.0495,0.402,0.824,False,False
organic,BQ,2026-06-01,18,0.0,0.0,16.5,43,0.1628,0.0698,0.0,0.0,False,False
organic,BR,2026-06-01,9989,0.0718,0.0718,2.0,36943,0.1899,0.08,0.378,0.897,True,False
organic,BS,2026-06-01,57,0.0526,0.1053,4.0,294,0.1224,0.0646,0.43,1.629,False,False
organic,BT,2026-06-01,8,0.125,0.0,1.0,440,0.1886,0.0341,0.663,0.0,False,False
organic,BV,2026-06-01,1,0.0,0.0,4.0,,,,,,False,False
organic,BW,2026-06-01,428,0.1028,0.0818,3.0,2531,0.2007,0.0589,0.512,1.389,False,False
organic,BZ,2026-06-01,79,0.0633,0.0253,1.0,431,0.1763,0.0394,0.359,0.642,False,False
organic,CA,2026-06-01,6033,0.0564,0.0607,2.0,13500,0.1658,0.0827,0.34,0.733,True,False
organic,CC,2026-06-01,1,0.0,0.0,2.0,1,0.0,0.0,,,False,False
organic,CH,2026-06-01,466,0.0258,0.0322,2.0,1087,0.1739,0.0653,0.148,0.493,False,False
organic,CI,2026-06-01,197,0.0508,0.1066,5.0,1303,0.1819,0.0714,0.279,1.494,False,False
organic,CK,2026-06-01,19,0.0,0.1579,17.0,88,0.0568,0.0682,0.0,2.316,False,False
organic,CL,2026-06-01,936,0.0737,0.0534,2.0,6391,0.1579,0.0918,0.467,0.582,True,False
organic,CM,2026-06-01,158,0.0759,0.1076,4.0,820,0.1683,0.0988,0.451,1.089,False,False
organic,CN,2026-06-01,642,0.0218,0.0093,3.0,1028,0.4387,0.0068,0.05,1.372,True,False
organic,CO,2026-06-01,1281,0.071,0.0617,2.0,12674,0.2108,0.0751,0.337,0.821,True,False
organic,CR,2026-06-01,392,0.0816,0.0689,2.0,2598,0.1551,0.0785,0.526,0.877,False,False
organic,CU,2026-06-01,1,1.0,0.0,,,,,,,False,False
organic,CV,2026-06-01,60,0.2167,0.0167,1.0,212,0.2642,0.0519,0.82,0.321,False,False
organic,CW,2026-06-01,16,0.125,0.125,1.5,249,0.1767,0.1124,0.707,1.112,False,False
organic,CY,2026-06-01,275,0.3455,0.0327,2.0,360,0.1472,0.0583,2.346,0.561,False,False
organic,CZ,2026-06-01,190,0.0895,0.0579,2.0,469,0.177,0.0661,0.506,0.876,False,False
organic,DE,2026-06-01,3407,0.0672,0.0514,3.0,7364,0.2239,0.0467,0.3,1.1,True,False
organic,DJ,2026-06-01,43,0.0233,0.0233,2.0,351,0.1368,0.0598,0.17,0.389,False,False
organic,DK,2026-06-01,414,0.0435,0.0628,3.0,329,0.1702,0.0547,0.255,1.148,False,False
organic,DM,2026-06-01,3,0.0,0.0,1.0,30,0.1333,0.0,0.0,,False,False
organic,DO,2026-06-01,494,0.1235,0.0709,3.0,2698,0.1772,0.083,0.697,0.853,False,False
organic,DZ,2026-06-01,565,0.0743,0.0655,2.0,98,0.0918,0.102,0.809,0.642,False,False
organic,EC,2026-06-01,539,0.1243,0.0686,2.0,4927,0.2052,0.0753,0.606,0.912,True,False
organic,EE,2026-06-01,56,0.0536,0.0714,3.0,220,0.2136,0.0682,0.251,1.048,False,False
organic,EG,2026-06-01,23,0.8696,0.0,2.0,1,0.0,0.0,,,False,False
organic,EH,2026-06-01,1,0.0,0.0,15.0,,,,,,False,False
organic,ES,2026-06-01,1962,0.0729,0.0601,2.0,6454,0.15,0.0827,0.486,0.727,True,False
organic,ET,2026-06-01,4,0.25,0.0,23.0,9,0.0,0.1111,,0.0,False,False
organic,FI,2026-06-01,449,0.0312,0.0334,2.0,711,0.2025,0.0774,0.154,0.432,False,False
organic,FJ,2026-06-01,151,0.1457,0.0265,2.0,3820,0.2995,0.0309,0.487,0.858,False,False
organic,FK,2026-06-01,1,0.0,0.0,2.0,5,0.4,0.0,0.0,,False,False
organic,FM,2026-06-01,5,0.0,0.0,2.0,119,0.2101,0.0168,0.0,0.0,False,False
organic,FO,2026-06-01,2,0.0,0.5,114.0,15,0.2,0.0667,0.0,7.5,False,False
organic,FR,2026-06-01,3273,0.0623,0.0446,3.0,10498,0.1822,0.072,0.342,0.619,True,False
organic,GA,2026-06-01,19,0.0526,0.2105,9.0,423,0.1891,0.0591,0.278,3.562,False,False
organic,GB,2026-06-01,11042,0.0652,0.055,3.0,19611,0.1571,0.0751,0.415,0.732,True,False
organic,GD,2026-06-01,12,0.0,0.0833,1.5,111,0.2523,0.036,0.0,2.313,False,False
organic,GE,2026-06-01,43,0.1163,0.0233,2.0,604,0.1225,0.0381,0.949,0.611,False,False
organic,GF,2026-06-01,14,0.2143,0.0,2.0,97,0.2371,0.0722,0.904,0.0,False,False
organic,GG,2026-06-01,8,0.0,0.125,2.5,31,0.1935,0.0968,0.0,1.292,False,False
organic,GH,2026-06-01,3,0.6667,0.0,23.0,2,0.0,0.0,,,False,False
organic,GI,2026-06-01,2,0.0,0.0,2.0,29,0.069,0.1034,0.0,0.0,False,False
organic,GL,2026-06-01,17,0.0588,0.0,1.0,58,0.2586,0.0172,0.227,0.0,False,False
organic,GM,2026-06-01,55,0.0364,0.1273,3.0,308,0.1558,0.0649,0.233,1.96,False,False
organic,GN,2026-06-01,10,0.1,0.0,3.0,64,0.2031,0.0469,0.492,0.0,False,False
organic,GP,2026-06-01,31,0.129,0.1935,3.0,281,0.1495,0.0996,0.863,1.942,False,False
organic,GQ,2026-06-01,17,0.0588,0.1176,4.5,313,0.2492,0.0415,0.236,2.833,False,False
organic,GR,2026-06-01,329,0.0486,0.0729,3.0,1223,0.1832,0.0523,0.266,1.394,False,False
organic,GT,2026-06-01,42,0.0476,0.1667,2.5,1740,0.1747,0.0626,0.273,2.661,False,False
organic,GU,2026-06-01,28,0.0714,0.0357,2.0,185,0.2324,0.0541,0.307,0.661,False,False
organic,GY,2026-06-01,183,0.0984,0.0219,2.0,1073,0.1938,0.0317,0.507,0.69,False,False
organic,HK,2026-06-01,284,0.1162,0.0493,2.0,1156,0.2422,0.032,0.48,1.54,False,False
organic,HM,2026-06-01,1,0.0,0.0,2.0,,,,,,False,False
organic,HN,2026-06-01,228,0.1272,0.0746,3.0,1751,0.1868,0.0668,0.681,1.116,False,False
organic,HR,2026-06-01,196,0.0612,0.0663,2.0,703,0.128,0.0782,0.478,0.848,False,False
organic,HT,2026-06-01,3,0.3333,0.0,21.5,3,0.0,0.3333,,0.0,False,False
organic,HU,2026-06-01,170,0.0588,0.0412,2.0,709,0.1707,0.0903,0.345,0.456,False,False
organic,ID,2026-06-01,183,0.0383,0.0328,2.0,1056,0.1752,0.0881,0.218,0.372,False,False
organic,IE,2026-06-01,1002,0.1946,0.0449,2.0,1907,0.162,0.065,1.201,0.691,True,False
organic,IL,2026-06-01,341,0.0352,0.0264,2.0,1097,0.1404,0.0629,0.251,0.42,False,False
organic,IM,2026-06-01,12,0.25,0.0,2.0,71,0.2535,0.0845,0.986,0.0,False,False
organic,IN,2026-06-01,2776,0.0713,0.0346,2.0,24092,0.1429,0.0635,0.499,0.544,True,False
organic,IO,2026-06-01,3,0.6667,0.0,50.0,7,0.0,0.0,,,False,False
organic,IQ,2026-06-01,1,0.0,0.0,4.0,5,0.0,0.0,,,False,False
organic,IR,2026-06-01,45,0.1556,0.0,7.5,8,0.5,0.0,0.311,,False,False
organic,IS,2026-06-01,84,0.0119,0.0119,1.0,71,0.2254,0.0845,0.053,0.141,False,False
organic,IT,2026-06-01,1594,0.0565,0.0508,2.0,6513,0.1783,0.0726,0.317,0.7,True,False
organic,JE,2026-06-01,11,0.2727,0.0,1.0,78,0.1538,0.0641,1.773,0.0,False,False
organic,JM,2026-06-01,452,0.0796,0.0841,3.0,3501,0.1682,0.0823,0.473,1.022,False,False
organic,JO,2026-06-01,34,0.0588,0.0,2.0,30,0.1667,0.0333,0.353,0.0,False,False
organic,JP,2026-06-01,481,0.0686,0.0249,2.0,2515,0.1992,0.0561,0.344,0.445,False,False
organic,KE,2026-06-01,2369,0.1186,0.0587,2.0,11070,0.1373,0.0676,0.864,0.868,True,False
organic,KG,2026-06-01,54,0.0926,0.0926,2.0,434,0.2304,0.0461,0.402,2.009,False,False
organic,KH,2026-06-01,36,0.0278,0.1944,2.0,236,0.25,0.0424,0.111,4.589,False,False
organic,KI,2026-06-01,19,0.2632,0.0,3.0,624,0.2548,0.024,1.033,0.0,False,False
organic,KM,2026-06-01,17,0.2353,0.0588,3.0,250,0.332,0.032,0.709,1.838,False,False
organic,KN,2026-06-01,21,0.0476,0.0476,4.0,58,0.1552,0.0345,0.307,1.381,False,False
organic,KR,2026-06-01,302,0.0497,0.0596,3.0,3325,0.2042,0.0608,0.243,0.981,False,False
organic,KW,2026-06-01,134,0.0522,0.0597,2.0,14,0.0,0.0714,,0.836,False,False
organic,KY,2026-06-01,16,0.0,0.0,2.5,140,0.1143,0.1214,0.0,0.0,False,False
organic,KZ,2026-06-01,25,0.08,0.12,4.0,109,0.2936,0.0459,0.272,2.616,False,False
organic,LA,2026-06-01,31,0.0645,0.0323,2.0,682,0.2199,0.0191,0.293,1.692,False,False
organic,LB,2026-06-01,1,1.0,0.0,,,,,,,False,False
organic,LC,2026-06-01,43,0.1395,0.0233,1.0,150,0.1333,0.0467,1.047,0.498,False,False
organic,LI,2026-06-01,5,0.0,0.0,9.0,6,0.0,0.0,,,False,False
organic,LK,2026-06-01,236,0.0254,0.0508,2.0,613,0.1517,0.0995,0.168,0.511,False,False
organic,LS,2026-06-01,14,0.0714,0.2143,1.0,1012,0.2569,0.0296,0.278,7.229,False,False
organic,LT,2026-06-01,131,0.0305,0.0687,5.0,354,0.1328,0.0932,0.23,0.737,False,False
organic,LU,2026-06-01,53,0.0566,0.0377,2.0,172,0.1395,0.0349,0.406,1.082,False,False
organic,LV,2026-06-01,162,0.0247,0.0247,2.0,280,0.1679,0.0536,0.147,0.461,False,False
organic,MA,2026-06-01,486,0.0185,0.07,2.0,94,0.117,0.0532,0.158,1.315,False,False
organic,MC,2026-06-01,10,0.7,0.0,1.0,6,0.1667,0.1667,4.2,0.0,False,False
organic,MD,2026-06-01,69,0.0,0.1014,3.0,443,0.1558,0.0406,0.0,2.497,False,False
organic,ME,2026-06-01,18,0.0,0.0556,3.0,141,0.1206,0.0709,0.0,0.783,False,False
organic,MF,2026-06-01,1,0.0,1.0,38.0,7,0.1429,0.0,0.0,,False,False
organic,MG,2026-06-01,1508,0.1207,0.0875,3.0,5133,0.2406,0.0423,0.502,2.071,True,False
organic,MH,2026-06-01,2,0.0,0.0,32.0,78,0.2308,0.0,0.0,,False,False
organic,MK,2026-06-01,38,0.0526,0.0263,1.0,319,0.1536,0.0564,0.343,0.466,False,False
organic,MN,2026-06-01,30,0.1333,0.0333,1.0,788,0.3033,0.0178,0.44,1.876,False,False
organic,MO,2026-06-01,12,0.0,0.1667,3.0,51,0.1176,0.098,0.0,1.7,False,False
organic,MP,2026-06-01,17,0.0,0.0,1.0,8,0.0,0.125,,0.0,False,False
organic,MQ,2026-06-01,21,0.0476,0.0952,3.5,255,0.1647,0.0863,0.289,1.104,False,False
organic,MR,2026-06-01,61,0.0984,0.0328,1.0,835,0.2323,0.0287,0.423,1.141,False,False
organic,MS,2026-06-01,1,1.0,0.0,,11,0.0,0.0909,,0.0,False,False
organic,MT,2026-06-01,117,0.0769,0.0256,1.0,297,0.1684,0.0505,0.457,0.508,False,False
organic,MU,2026-06-01,289,0.0657,0.0381,2.0,1502,0.1724,0.0599,0.381,0.635,False,False
organic,MV,2026-06-01,28,0.1786,0.0357,1.0,378,0.1323,0.0688,1.35,0.519,False,False
organic,MW,2026-06-01,32,0.0625,0.0313,3.0,276,0.2681,0.0362,0.233,0.862,False,False
organic,MX,2026-06-01,3754,0.1255,0.0487,2.0,28976,0.1829,0.0728,0.686,0.67,True,False
organic,MY,2026-06-01,649,0.094,0.0508,2.0,7324,0.1648,0.0584,0.57,0.87,True,False
organic,MZ,2026-06-01,185,0.1838,0.0486,2.0,3802,0.2743,0.0337,0.67,1.445,False,False
organic,NA,2026-06-01,339,0.0855,0.059,3.0,2696,0.1914,0.0586,0.447,1.007,False,False
organic,NC,2026-06-01,17,0.2941,0.0588,2.5,120,0.15,0.0917,1.961,0.642,False,False
organic,NE,2026-06-01,41,0.1463,0.0732,4.0,905,0.2398,0.0343,0.61,2.136,False,False
organic,NF,2026-06-01,1,0.0,0.0,7.0,1,0.0,1.0,,0.0,False,False
organic,NG,2026-06-01,10,1.0,0.0,,1,0.0,0.0,,,False,False
organic,NI,2026-06-01,2,0.0,0.0,1.0,,,,,,False,False
organic,NL,2026-06-01,2985,0.0486,0.0392,3.0,5363,0.2584,0.0503,0.188,0.779,True,False
organic,NO,2026-06-01,648,0.017,0.0247,3.0,398,0.2161,0.0779,0.079,0.317,False,False
organic,NP,2026-06-01,31,0.0645,0.2258,4.0,9,0.0,0.1111,,2.032,False,False
organic,NZ,2026-06-01,1021,0.0578,0.0842,3.0,2842,0.1495,0.0834,0.386,1.01,True,False
organic,OM,2026-06-01,257,0.0195,0.0195,1.0,62,0.0968,0.0968,0.201,0.201,False,False
organic,PA,2026-06-01,184,0.0978,0.0326,3.0,1600,0.2,0.0712,0.489,0.458,False,False
organic,PE,2026-06-01,654,0.1239,0.0612,2.0,6794,0.22,0.0708,0.563,0.864,True,False
organic,PF,2026-06-01,29,0.069,0.1034,3.0,180,0.1611,0.1222,0.428,0.846,False,False
organic,PG,2026-06-01,455,0.1165,0.0549,2.0,897,0.2676,0.0435,0.435,1.264,False,False
organic,PH,2026-06-01,718,0.0808,0.0877,2.5,13812,0.1748,0.0831,0.462,1.056,True,False
organic,PK,2026-06-01,304,0.1086,0.0461,2.0,459,0.1285,0.061,0.845,0.755,False,False
organic,PL,2026-06-01,1300,0.0546,0.0408,2.0,1318,0.1684,0.0653,0.324,0.625,True,False
organic,PM,2026-06-01,1,0.0,0.0,1.0,3,0.0,0.0,,,False,False
organic,PR,2026-06-01,196,0.1122,0.0918,3.0,1784,0.1956,0.0852,0.574,1.078,False,False
organic,PS,2026-06-01,1,0.0,0.0,35.0,1,0.0,0.0,,,False,False
organic,PT,2026-06-01,1440,0.075,0.0653,2.0,2353,0.1517,0.0854,0.494,0.764,True,False
organic,PW,2026-06-01,4,0.0,0.0,1.5,60,0.2333,0.0333,0.0,0.0,False,False
organic,PY,2026-06-01,145,0.1448,0.0621,3.0,1162,0.1756,0.0706,0.825,0.88,False,False
organic,QA,2026-06-01,134,0.0522,0.0597,2.0,25,0.0,0.08,,0.746,False,False
organic,RE,2026-06-01,49,0.0204,0.0204,2.0,329,0.155,0.1003,0.132,0.203,False,False
organic,RO,2026-06-01,517,0.1122,0.0542,2.0,2338,0.2511,0.0381,0.447,1.423,True,False
organic,RS,2026-06-01,395,0.0329,0.0684,7.0,1450,0.1303,0.08,0.252,0.854,False,False
organic,RU,2026-06-01,5,0.0,0.0,2.0,35,0.2,0.0286,0.0,0.0,False,False
organic,RW,2026-06-01,24,0.0833,0.0,5.5,260,0.1231,0.0615,0.677,0.0,False,False
organic,SA,2026-06-01,103,0.068,0.0777,2.0,47,0.0851,0.1064,0.799,0.73,False,False
organic,SB,2026-06-01,7,0.2857,0.1429,4.0,436,0.2317,0.0344,1.233,4.152,False,False
organic,SC,2026-06-01,42,0.119,0.0238,1.0,174,0.2069,0.069,0.575,0.345,False,False
organic,SE,2026-06-01,708,0.0565,0.0706,2.0,798,0.1792,0.0952,0.315,0.742,True,False
organic,SG,2026-06-01,1162,0.0336,0.0172,2.0,2786,0.1719,0.061,0.195,0.282,True,False
organic,SH,2026-06-01,1,0.0,0.0,8.0,2,0.0,0.0,,,False,False
organic,SI,2026-06-01,75,0.0,0.0533,2.0,220,0.1409,0.0682,0.0,0.782,False,False
organic,SK,2026-06-01,204,0.0147,0.0637,3.0,199,0.191,0.0553,0.077,1.153,False,False
organic,SL,2026-06-01,15,0.0667,0.2,2.5,255,0.1843,0.0353,0.362,5.667,False,False
organic,SN,2026-06-01,144,0.0486,0.0764,4.0,280,0.1464,0.0786,0.332,0.972,False,False
organic,SR,2026-06-01,41,0.1707,0.0488,2.0,397,0.2242,0.0277,0.762,1.761,False,False
organic,ST,2026-06-01,4,0.5,0.0,2.5,78,0.3462,0.0,1.444,,False,False
organic,SV,2026-06-01,196,0.1224,0.051,3.0,2260,0.1885,0.0668,0.65,0.764,False,False
organic,SX,2026-06-01,1,0.0,0.0,2.0,71,0.1831,0.0423,0.0,0.0,False,False
organic,SY,2026-06-01,1,1.0,0.0,,,,,,,False,False
organic,SZ,2026-06-01,60,0.1667,0.0333,2.0,1763,0.2484,0.0289,0.671,1.152,False,False
organic,TC,2026-06-01,10,0.1,0.0,9.0,61,0.1639,0.0328,0.61,0.0,False,False
organic,TD,2026-06-01,149,0.1208,0.0671,5.0,2078,0.269,0.0337,0.449,1.992,False,False
organic,TF,2026-06-01,1,0.0,0.0,8.0,,,,,,False,False
organic,TG,2026-06-01,51,0.0392,0.0784,4.0,113,0.2035,0.1239,0.193,0.633,False,False
organic,TH,2026-06-01,212,0.0708,0.0472,2.0,3051,0.2114,0.0518,0.335,0.911,False,False
organic,TJ,2026-06-01,42,0.1429,0.1429,5.5,316,0.2658,0.0127,0.537,11.286,False,False
organic,TL,2026-06-01,16,0.0,0.0,2.0,506,0.334,0.0237,0.0,0.0,False,False
organic,TM,2026-06-01,3,0.0,0.0,15.0,7,0.5714,0.0,0.0,,False,False
organic,TO,2026-06-01,6,0.0,0.1667,2.0,138,0.2319,0.0362,0.0,4.6,False,False
organic,TR,2026-06-01,1347,0.0319,0.0423,2.0,4032,0.1498,0.0588,0.213,0.72,True,False
organic,TT,2026-06-01,155,0.0645,0.0581,1.0,643,0.1524,0.1104,0.423,0.526,False,False
organic,TV,2026-06-01,2,0.5,0.0,1.0,35,0.2,0.0286,2.5,0.0,False,False
organic,TW,2026-06-01,117,0.0342,0.0342,2.0,723,0.1881,0.0622,0.182,0.549,False,False
organic,TZ,2026-06-01,134,0.0746,0.0522,4.0,2279,0.1624,0.0518,0.46,1.009,False,False
organic,UA,2026-06-01,315,0.3429,0.0349,2.0,,,,,,False,False
organic,UG,2026-06-01,443,0.0361,0.0587,7.0,2839,0.0807,0.0785,0.448,0.747,False,False
organic,UM,2026-06-01,1,0.0,0.0,10.0,2,0.0,0.0,,,False,False
organic,US,2026-06-01,64568,0.0645,0.0509,2.0,126824,0.1858,0.0755,0.347,0.674,True,False
organic,UY,2026-06-01,228,0.0965,0.0614,3.0,1757,0.1764,0.0825,0.547,0.744,False,False
organic,UZ,2026-06-01,122,0.1475,0.0492,1.0,2812,0.2411,0.0228,0.612,2.161,False,False
organic,VC,2026-06-01,16,0.125,0.0625,1.0,106,0.1604,0.0472,0.779,1.325,False,False
organic,VE,2026-06-01,17,0.2353,0.0,3.0,,,,,,False,False
organic,VG,2026-06-01,8,0.0,0.0,3.0,29,0.1034,0.1034,0.0,0.0,False,False
organic,VI,2026-06-01,10,0.3,0.0,13.0,63,0.2381,0.0952,1.26,0.0,False,False
organic,VN,2026-06-01,1761,0.0227,0.1181,7.0,1869,0.2103,0.0316,0.108,3.742,True,False
organic,VU,2026-06-01,10,0.5,0.0,1.0,280,0.2536,0.0214,1.972,0.0,False,False
organic,WS,2026-06-01,7,0.1429,0.1429,2.5,265,0.2717,0.0226,0.526,6.31,False,False
organic,XK,2026-06-01,26,0.0,0.0769,4.0,112,0.1518,0.0179,0.0,4.308,False,False
organic,YT,2026-06-01,6,0.0,0.1667,15.0,28,0.2857,0.0714,0.0,2.333,False,False
organic,ZA,2026-06-01,3571,0.0882,0.0577,3.0,26039,0.1456,0.0858,0.606,0.673,True,False
organic,ZM,2026-06-01,130,0.0846,0.0692,2.0,1217,0.2087,0.0435,0.405,1.59,False,False
ppc,AD,2026-06-01,82,0.122,0.1463,4.0,82,0.122,0.1463,1.0,1.0,False,False
ppc,AE,2026-06-01,1719,0.0849,0.0809,3.0,1719,0.0849,0.0809,1.0,1.0,True,False
ppc,AG,2026-06-01,89,0.236,0.0337,4.0,89,0.236,0.0337,1.0,1.0,False,False
ppc,AI,2026-06-01,31,0.0645,0.0645,6.0,31,0.0645,0.0645,1.0,1.0,False,False
ppc,AL,2026-06-01,416,0.1346,0.0409,2.0,416,0.1346,0.0409,1.0,1.0,False,False
ppc,AM,2026-06-01,468,0.1538,0.0427,1.0,468,0.1538,0.0427,1.0,1.0,False,False
ppc,AO,2026-06-01,3184,0.2553,0.0411,2.0,3184,0.2553,0.0411,1.0,1.0,True,False
ppc,AQ,2026-06-01,7,0.0,0.2857,17.0,7,0.0,0.2857,,1.0,False,False
ppc,AR,2026-06-01,4619,0.1438,0.102,4.0,4619,0.1438,0.102,1.0,1.0,True,False
ppc,AS,2026-06-01,69,0.1739,0.0725,4.0,69,0.1739,0.0725,1.0,1.0,False,False
ppc,AT,2026-06-01,652,0.1472,0.066,2.0,652,0.1472,0.066,1.0,1.0,True,False
ppc,AU,2026-06-01,10955,0.1472,0.072,3.0,10955,0.1472,0.072,1.0,1.0,True,False
ppc,AW,2026-06-01,138,0.1522,0.087,3.0,138,0.1522,0.087,1.0,1.0,False,False
ppc,AX,2026-06-01,29,0.0,0.0345,5.0,29,0.0,0.0345,,1.0,False,False
ppc,AZ,2026-06-01,1423,0.2734,0.0267,1.0,1423,0.2734,0.0267,1.0,1.0,True,False
ppc,BB,2026-06-01,255,0.1529,0.0471,3.0,255,0.1529,0.0471,1.0,1.0,False,False
ppc,BD,2026-06-01,4108,0.2081,0.0282,1.0,4108,0.2081,0.0282,1.0,1.0,True,False
ppc,BE,2026-06-01,1569,0.1619,0.0822,3.0,1569,0.1619,0.0822,1.0,1.0,True,False
ppc,BF,2026-06-01,829,0.2183,0.0446,2.0,829,0.2183,0.0446,1.0,1.0,True,False
ppc,BG,2026-06-01,783,0.1571,0.0639,2.0,783,0.1571,0.0639,1.0,1.0,True,False
ppc,BH,2026-06-01,26,0.1154,0.0,3.0,26,0.1154,0.0,1.0,,False,False
ppc,BJ,2026-06-01,5751,0.2607,0.0412,2.0,5751,0.2607,0.0412,1.0,1.0,True,False
ppc,BM,2026-06-01,74,0.1892,0.0811,2.0,74,0.1892,0.0811,1.0,1.0,False,False
ppc,BN,2026-06-01,175,0.1371,0.04,2.0,175,0.1371,0.04,1.0,1.0,False,False
ppc,BO,2026-06-01,2425,0.2573,0.0495,2.0,2425,0.2573,0.0495,1.0,1.0,True,False
ppc,BQ,2026-06-01,43,0.1628,0.0698,2.0,43,0.1628,0.0698,1.0,1.0,False,False
ppc,BR,2026-06-01,36943,0.1899,0.08,2.0,36943,0.1899,0.08,1.0,1.0,True,False
ppc,BS,2026-06-01,294,0.1224,0.0646,3.0,294,0.1224,0.0646,1.0,1.0,False,False
ppc,BT,2026-06-01,440,0.1886,0.0341,1.0,440,0.1886,0.0341,1.0,1.0,False,False
ppc,BW,2026-06-01,2531,0.2007,0.0589,3.0,2531,0.2007,0.0589,1.0,1.0,True,False
ppc,BZ,2026-06-01,431,0.1763,0.0394,2.0,431,0.1763,0.0394,1.0,1.0,False,False
ppc,CA,2026-06-01,13500,0.1658,0.0827,3.0,13500,0.1658,0.0827,1.0,1.0,True,False
ppc,CC,2026-06-01,1,0.0,0.0,39.0,1,0.0,0.0,,,False,False
ppc,CH,2026-06-01,1087,0.1739,0.0653,3.0,1087,0.1739,0.0653,1.0,1.0,True,False
ppc,CI,2026-06-01,1303,0.1819,0.0714,2.0,1303,0.1819,0.0714,1.0,1.0,True,False
ppc,CK,2026-06-01,88,0.0568,0.0682,11.0,88,0.0568,0.0682,1.0,1.0,False,False
ppc,CL,2026-06-01,6391,0.1579,0.0918,3.0,6391,0.1579,0.0918,1.0,1.0,True,False
ppc,CM,2026-06-01,820,0.1683,0.0988,3.0,820,0.1683,0.0988,1.0,1.0,True,False
ppc,CN,2026-06-01,1028,0.4387,0.0068,1.0,1028,0.4387,0.0068,1.0,1.0,True,False
ppc,CO,2026-06-01,12674,0.2108,0.0751,2.0,12674,0.2108,0.0751,1.0,1.0,True,False
ppc,CR,2026-06-01,2598,0.1551,0.0785,3.0,2598,0.1551,0.0785,1.0,1.0,True,False
ppc,CV,2026-06-01,212,0.2642,0.0519,2.0,212,0.2642,0.0519,1.0,1.0,False,False
ppc,CW,2026-06-01,249,0.1767,0.1124,4.0,249,0.1767,0.1124,1.0,1.0,False,False
ppc,CX,2026-06-01,1,0.0,0.0,9.0,1,0.0,0.0,,,False,False
ppc,CY,2026-06-01,360,0.1472,0.0583,2.0,360,0.1472,0.0583,1.0,1.0,False,False
ppc,CZ,2026-06-01,469,0.177,0.0661,3.0,469,0.177,0.0661,1.0,1.0,False,False
ppc,DE,2026-06-01,7364,0.2239,0.0467,2.0,7364,0.2239,0.0467,1.0,1.0,True,False
ppc,DJ,2026-06-01,351,0.1368,0.0598,3.0,351,0.1368,0.0598,1.0,1.0,False,False
ppc,DK,2026-06-01,329,0.1702,0.0547,2.0,329,0.1702,0.0547,1.0,1.0,False,False
ppc,DM,2026-06-01,30,0.1333,0.0,2.0,30,0.1333,0.0,1.0,,False,False
ppc,DO,2026-06-01,2698,0.1772,0.083,3.0,2698,0.1772,0.083,1.0,1.0,True,False
ppc,DZ,2026-06-01,98,0.0918,0.102,4.0,98,0.0918,0.102,1.0,1.0,False,False
ppc,EC,2026-06-01,4927,0.2052,0.0753,2.0,4927,0.2052,0.0753,1.0,1.0,True,False
ppc,EE,2026-06-01,220,0.2136,0.0682,3.0,220,0.2136,0.0682,1.0,1.0,False,False
ppc,EG,2026-06-01,1,0.0,0.0,1.0,1,0.0,0.0,,,False,False
ppc,ER,2026-06-01,1,0.0,0.0,3.0,1,0.0,0.0,,,False,False
ppc,ES,2026-06-01,6454,0.15,0.0827,3.0,6454,0.15,0.0827,1.0,1.0,True,False
ppc,ET,2026-06-01,9,0.0,0.1111,7.0,9,0.0,0.1111,,1.0,False,False
ppc,FI,2026-06-01,711,0.2025,0.0774,2.0,711,0.2025,0.0774,1.0,1.0,True,False
ppc,FJ,2026-06-01,3820,0.2995,0.0309,2.0,3820,0.2995,0.0309,1.0,1.0,True,False
ppc,FK,2026-06-01,5,0.4,0.0,2.0,5,0.4,0.0,1.0,,False,False
ppc,FM,2026-06-01,119,0.2101,0.0168,1.0,119,0.2101,0.0168,1.0,1.0,False,False
ppc,FO,2026-06-01,15,0.2,0.0667,1.0,15,0.2,0.0667,1.0,1.0,False,False
ppc,FR,2026-06-01,10498,0.1822,0.072,3.0,10498,0.1822,0.072,1.0,1.0,True,False
ppc,GA,2026-06-01,423,0.1891,0.0591,2.0,423,0.1891,0.0591,1.0,1.0,False,False
ppc,GB,2026-06-01,19611,0.1571,0.0751,3.0,19611,0.1571,0.0751,1.0,1.0,True,False
ppc,GD,2026-06-01,111,0.2523,0.036,2.0,111,0.2523,0.036,1.0,1.0,False,False
ppc,GE,2026-06-01,604,0.1225,0.0381,1.0,604,0.1225,0.0381,1.0,1.0,True,False
ppc,GF,2026-06-01,97,0.2371,0.0722,3.0,97,0.2371,0.0722,1.0,1.0,False,False
ppc,GG,2026-06-01,31,0.1935,0.0968,3.0,31,0.1935,0.0968,1.0,1.0,False,False
ppc,GH,2026-06-01,2,0.0,0.0,1.5,2,0.0,0.0,,,False,False
ppc,GI,2026-06-01,29,0.069,0.1034,2.0,29,0.069,0.1034,1.0,1.0,False,False
ppc,GL,2026-06-01,58,0.2586,0.0172,1.0,58,0.2586,0.0172,1.0,1.0,False,False
ppc,GM,2026-06-01,308,0.1558,0.0649,2.0,308,0.1558,0.0649,1.0,1.0,False,False
ppc,GN,2026-06-01,64,0.2031,0.0469,2.0,64,0.2031,0.0469,1.0,1.0,False,False
ppc,GP,2026-06-01,281,0.1495,0.0996,3.0,281,0.1495,0.0996,1.0,1.0,False,False
ppc,GQ,2026-06-01,313,0.2492,0.0415,2.0,313,0.2492,0.0415,1.0,1.0,False,False
ppc,GR,2026-06-01,1223,0.1832,0.0523,2.0,1223,0.1832,0.0523,1.0,1.0,True,False
ppc,GT,2026-06-01,1740,0.1747,0.0626,2.0,1740,0.1747,0.0626,1.0,1.0,True,False
ppc,GU,2026-06-01,185,0.2324,0.0541,2.0,185,0.2324,0.0541,1.0,1.0,False,False
ppc,GY,2026-06-01,1073,0.1938,0.0317,1.0,1073,0.1938,0.0317,1.0,1.0,True,False
ppc,HK,2026-06-01,1156,0.2422,0.032,2.0,1156,0.2422,0.032,1.0,1.0,True,False
ppc,HN,2026-06-01,1751,0.1868,0.0668,2.0,1751,0.1868,0.0668,1.0,1.0,True,False
ppc,HR,2026-06-01,703,0.128,0.0782,3.0,703,0.128,0.0782,1.0,1.0,True,False
ppc,HT,2026-06-01,3,0.0,0.3333,9.0,3,0.0,0.3333,,1.0,False,False
ppc,HU,2026-06-01,709,0.1707,0.0903,3.0,709,0.1707,0.0903,1.0,1.0,True,False
ppc,ID,2026-06-01,1056,0.1752,0.0881,3.0,1056,0.1752,0.0881,1.0,1.0,True,False
ppc,IE,2026-06-01,1907,0.162,0.065,3.0,1907,0.162,0.065,1.0,1.0,True,False
ppc,IL,2026-06-01,1097,0.1404,0.0629,3.0,1097,0.1404,0.0629,1.0,1.0,True,False
ppc,IM,2026-06-01,71,0.2535,0.0845,2.0,71,0.2535,0.0845,1.0,1.0,False,False
ppc,IN,2026-06-01,24092,0.1429,0.0635,2.0,24092,0.1429,0.0635,1.0,1.0,True,False
ppc,IO,2026-06-01,7,0.0,0.0,6.0,7,0.0,0.0,,,False,False
ppc,IQ,2026-06-01,5,0.0,0.0,1.0,5,0.0,0.0,,,False,False
ppc,IR,2026-06-01,8,0.5,0.0,2.0,8,0.5,0.0,1.0,,False,False
ppc,IS,2026-06-01,71,0.2254,0.0845,3.0,71,0.2254,0.0845,1.0,1.0,False,False
ppc,IT,2026-06-01,6513,0.1783,0.0726,2.0,6513,0.1783,0.0726,1.0,1.0,True,False
ppc,JE,2026-06-01,78,0.1538,0.0641,3.0,78,0.1538,0.0641,1.0,1.0,False,False
ppc,JM,2026-06-01,3501,0.1682,0.0823,3.0,3501,0.1682,0.0823,1.0,1.0,True,False
ppc,JO,2026-06-01,30,0.1667,0.0333,5.0,30,0.1667,0.0333,1.0,1.0,False,False
ppc,JP,2026-06-01,2515,0.1992,0.0561,2.0,2515,0.1992,0.0561,1.0,1.0,True,False
ppc,KE,2026-06-01,11070,0.1373,0.0676,3.0,11070,0.1373,0.0676,1.0,1.0,True,False
ppc,KG,2026-06-01,434,0.2304,0.0461,1.0,434,0.2304,0.0461,1.0,1.0,False,False
ppc,KH,2026-06-01,236,0.25,0.0424,1.0,236,0.25,0.0424,1.0,1.0,False,False
ppc,KI,2026-06-01,624,0.2548,0.024,1.0,624,0.2548,0.024,1.0,1.0,True,False
ppc,KM,2026-06-01,250,0.332,0.032,2.0,250,0.332,0.032,1.0,1.0,False,False
ppc,KN,2026-06-01,58,0.1552,0.0345,4.0,58,0.1552,0.0345,1.0,1.0,False,False
ppc,KR,2026-06-01,3325,0.2042,0.0608,2.0,3325,0.2042,0.0608,1.0,1.0,True,False
ppc,KW,2026-06-01,14,0.0,0.0714,6.5,14,0.0,0.0714,,1.0,False,False
ppc,KY,2026-06-01,140,0.1143,0.1214,4.0,140,0.1143,0.1214,1.0,1.0,False,False
ppc,KZ,2026-06-01,109,0.2936,0.0459,2.0,109,0.2936,0.0459,1.0,1.0,False,False
ppc,LA,2026-06-01,682,0.2199,0.0191,1.0,682,0.2199,0.0191,1.0,1.0,True,False
ppc,LC,2026-06-01,150,0.1333,0.0467,2.0,150,0.1333,0.0467,1.0,1.0,False,False
ppc,LI,2026-06-01,6,0.0,0.0,16.0,6,0.0,0.0,,,False,False
ppc,LK,2026-06-01,613,0.1517,0.0995,4.0,613,0.1517,0.0995,1.0,1.0,True,False
ppc,LS,2026-06-01,1012,0.2569,0.0296,2.0,1012,0.2569,0.0296,1.0,1.0,True,False
ppc,LT,2026-06-01,354,0.1328,0.0932,3.0,354,0.1328,0.0932,1.0,1.0,False,False
ppc,LU,2026-06-01,172,0.1395,0.0349,2.0,172,0.1395,0.0349,1.0,1.0,False,False
ppc,LV,2026-06-01,280,0.1679,0.0536,2.0,280,0.1679,0.0536,1.0,1.0,False,False
ppc,MA,2026-06-01,94,0.117,0.0532,2.0,94,0.117,0.0532,1.0,1.0,False,False
ppc,MC,2026-06-01,6,0.1667,0.1667,13.0,6,0.1667,0.1667,1.0,1.0,False,False
ppc,MD,2026-06-01,443,0.1558,0.0406,2.0,443,0.1558,0.0406,1.0,1.0,False,False
ppc,ME,2026-06-01,141,0.1206,0.0709,3.0,141,0.1206,0.0709,1.0,1.0,False,False
ppc,MF,2026-06-01,7,0.1429,0.0,2.5,7,0.1429,0.0,1.0,,False,False
ppc,MG,2026-06-01,5133,0.2406,0.0423,2.0,5133,0.2406,0.0423,1.0,1.0,True,False
ppc,MH,2026-06-01,78,0.2308,0.0,1.0,78,0.2308,0.0,1.0,,False,False
ppc,MK,2026-06-01,319,0.1536,0.0564,2.0,319,0.1536,0.0564,1.0,1.0,False,False
ppc,MN,2026-06-01,788,0.3033,0.0178,1.0,788,0.3033,0.0178,1.0,1.0,True,False
ppc,MO,2026-06-01,51,0.1176,0.098,3.0,51,0.1176,0.098,1.0,1.0,False,False
ppc,MP,2026-06-01,8,0.0,0.125,1.5,8,0.0,0.125,,1.0,False,False
ppc,MQ,2026-06-01,255,0.1647,0.0863,4.0,255,0.1647,0.0863,1.0,1.0,False,False
ppc,MR,2026-06-01,835,0.2323,0.0287,1.0,835,0.2323,0.0287,1.0,1.0,True,False
ppc,MS,2026-06-01,11,0.0,0.0909,4.0,11,0.0,0.0909,,1.0,False,False
ppc,MT,2026-06-01,297,0.1684,0.0505,3.0,297,0.1684,0.0505,1.0,1.0,False,False
ppc,MU,2026-06-01,1502,0.1724,0.0599,2.0,1502,0.1724,0.0599,1.0,1.0,True,False
ppc,MV,2026-06-01,378,0.1323,0.0688,2.0,378,0.1323,0.0688,1.0,1.0,False,False
ppc,MW,2026-06-01,276,0.2681,0.0362,2.0,276,0.2681,0.0362,1.0,1.0,False,False
ppc,MX,2026-06-01,28976,0.1829,0.0728,3.0,28976,0.1829,0.0728,1.0,1.0,True,False
ppc,MY,2026-06-01,7324,0.1648,0.0584,2.0,7324,0.1648,0.0584,1.0,1.0,True,False
ppc,MZ,2026-06-01,3802,0.2743,0.0337,1.0,3802,0.2743,0.0337,1.0,1.0,True,False
ppc,NA,2026-06-01,2696,0.1914,0.0586,3.0,2696,0.1914,0.0586,1.0,1.0,True,False
ppc,NC,2026-06-01,120,0.15,0.0917,4.0,120,0.15,0.0917,1.0,1.0,False,False
ppc,NE,2026-06-01,905,0.2398,0.0343,1.0,905,0.2398,0.0343,1.0,1.0,True,False
ppc,NF,2026-06-01,1,0.0,1.0,339.0,1,0.0,1.0,,1.0,False,False
ppc,NG,2026-06-01,1,0.0,0.0,3.0,1,0.0,0.0,,,False,False
ppc,NL,2026-06-01,5363,0.2584,0.0503,2.0,5363,0.2584,0.0503,1.0,1.0,True,False
ppc,NO,2026-06-01,398,0.2161,0.0779,2.0,398,0.2161,0.0779,1.0,1.0,False,False
ppc,NP,2026-06-01,9,0.0,0.1111,3.0,9,0.0,0.1111,,1.0,False,False
ppc,NR,2026-06-01,24,0.2083,0.0,1.0,24,0.2083,0.0,1.0,,False,False
ppc,NU,2026-06-01,1,1.0,0.0,,1,1.0,0.0,1.0,,False,False
ppc,NZ,2026-06-01,2842,0.1495,0.0834,3.0,2842,0.1495,0.0834,1.0,1.0,True,False
ppc,OM,2026-06-01,62,0.0968,0.0968,3.0,62,0.0968,0.0968,1.0,1.0,False,False
ppc,PA,2026-06-01,1600,0.2,0.0712,3.0,1600,0.2,0.0712,1.0,1.0,True,False
ppc,PE,2026-06-01,6794,0.22,0.0708,3.0,6794,0.22,0.0708,1.0,1.0,True,False
ppc,PF,2026-06-01,180,0.1611,0.1222,3.0,180,0.1611,0.1222,1.0,1.0,False,False
ppc,PG,2026-06-01,897,0.2676,0.0435,2.0,897,0.2676,0.0435,1.0,1.0,True,False
ppc,PH,2026-06-01,13812,0.1748,0.0831,3.0,13812,0.1748,0.0831,1.0,1.0,True,False
ppc,PK,2026-06-01,459,0.1285,0.061,2.0,459,0.1285,0.061,1.0,1.0,False,False
ppc,PL,2026-06-01,1318,0.1684,0.0653,2.0,1318,0.1684,0.0653,1.0,1.0,True,False
ppc,PM,2026-06-01,3,0.0,0.0,1.0,3,0.0,0.0,,,False,False
ppc,PN,2026-06-01,1,0.0,0.0,16.0,1,0.0,0.0,,,False,False
ppc,PR,2026-06-01,1784,0.1956,0.0852,3.0,1784,0.1956,0.0852,1.0,1.0,True,False
ppc,PS,2026-06-01,1,0.0,0.0,10.0,1,0.0,0.0,,,False,False
ppc,PT,2026-06-01,2353,0.1517,0.0854,3.0,2353,0.1517,0.0854,1.0,1.0,True,False
ppc,PW,2026-06-01,60,0.2333,0.0333,3.0,60,0.2333,0.0333,1.0,1.0,False,False
ppc,PY,2026-06-01,1162,0.1756,0.0706,3.0,1162,0.1756,0.0706,1.0,1.0,True,False
ppc,QA,2026-06-01,25,0.0,0.08,5.0,25,0.0,0.08,,1.0,False,False
ppc,RE,2026-06-01,329,0.155,0.1003,3.0,329,0.155,0.1003,1.0,1.0,False,False
ppc,RO,2026-06-01,2338,0.2511,0.0381,2.0,2338,0.2511,0.0381,1.0,1.0,True,False
ppc,RS,2026-06-01,1450,0.1303,0.08,3.0,1450,0.1303,0.08,1.0,1.0,True,False
ppc,RU,2026-06-01,35,0.2,0.0286,2.0,35,0.2,0.0286,1.0,1.0,False,False
ppc,RW,2026-06-01,260,0.1231,0.0615,2.0,260,0.1231,0.0615,1.0,1.0,False,False
ppc,SA,2026-06-01,47,0.0851,0.1064,4.0,47,0.0851,0.1064,1.0,1.0,False,False
ppc,SB,2026-06-01,436,0.2317,0.0344,2.0,436,0.2317,0.0344,1.0,1.0,False,False
ppc,SC,2026-06-01,174,0.2069,0.069,2.0,174,0.2069,0.069,1.0,1.0,False,False
ppc,SE,2026-06-01,798,0.1792,0.0952,3.0,798,0.1792,0.0952,1.0,1.0,True,False
ppc,SG,2026-06-01,2786,0.1719,0.061,2.0,2786,0.1719,0.061,1.0,1.0,True,False
ppc,SH,2026-06-01,2,0.0,0.0,8.5,2,0.0,0.0,,,False,False
ppc,SI,2026-06-01,220,0.1409,0.0682,3.0,220,0.1409,0.0682,1.0,1.0,False,False
ppc,SJ,2026-06-01,1,0.0,0.0,7.0,1,0.0,0.0,,,False,False
ppc,SK,2026-06-01,199,0.191,0.0553,3.0,199,0.191,0.0553,1.0,1.0,False,False
ppc,SL,2026-06-01,255,0.1843,0.0353,2.0,255,0.1843,0.0353,1.0,1.0,False,False
ppc,SM,2026-06-01,6,0.3333,0.0,1.0,6,0.3333,0.0,1.0,,False,False
ppc,SN,2026-06-01,280,0.1464,0.0786,4.0,280,0.1464,0.0786,1.0,1.0,False,False
ppc,SR,2026-06-01,397,0.2242,0.0277,2.0,397,0.2242,0.0277,1.0,1.0,False,False
ppc,ST,2026-06-01,78,0.3462,0.0,2.0,78,0.3462,0.0,1.0,,False,False
ppc,SV,2026-06-01,2260,0.1885,0.0668,2.0,2260,0.1885,0.0668,1.0,1.0,True,False
ppc,SX,2026-06-01,71,0.1831,0.0423,3.0,71,0.1831,0.0423,1.0,1.0,False,False
ppc,SZ,2026-06-01,1763,0.2484,0.0289,1.0,1763,0.2484,0.0289,1.0,1.0,True,False
ppc,TC,2026-06-01,61,0.1639,0.0328,3.0,61,0.1639,0.0328,1.0,1.0,False,False
ppc,TD,2026-06-01,2078,0.269,0.0337,2.0,2078,0.269,0.0337,1.0,1.0,True,False
ppc,TG,2026-06-01,113,0.2035,0.1239,3.0,113,0.2035,0.1239,1.0,1.0,False,False
ppc,TH,2026-06-01,3051,0.2114,0.0518,2.0,3051,0.2114,0.0518,1.0,1.0,True,False
ppc,TJ,2026-06-01,316,0.2658,0.0127,1.0,316,0.2658,0.0127,1.0,1.0,False,False
ppc,TL,2026-06-01,506,0.334,0.0237,1.0,506,0.334,0.0237,1.0,1.0,True,False
ppc,TM,2026-06-01,7,0.5714,0.0,2.0,7,0.5714,0.0,1.0,,False,False
ppc,TO,2026-06-01,138,0.2319,0.0362,2.0,138,0.2319,0.0362,1.0,1.0,False,False
ppc,TR,2026-06-01,4032,0.1498,0.0588,2.0,4032,0.1498,0.0588,1.0,1.0,True,False
ppc,TT,2026-06-01,643,0.1524,0.1104,3.0,643,0.1524,0.1104,1.0,1.0,True,False
ppc,TV,2026-06-01,35,0.2,0.0286,1.5,35,0.2,0.0286,1.0,1.0,False,False
ppc,TW,2026-06-01,723,0.1881,0.0622,2.0,723,0.1881,0.0622,1.0,1.0,True,False
ppc,TZ,2026-06-01,2279,0.1624,0.0518,2.0,2279,0.1624,0.0518,1.0,1.0,True,False
ppc,UG,2026-06-01,2839,0.0807,0.0785,3.0,2839,0.0807,0.0785,1.0,1.0,True,False
ppc,UM,2026-06-01,2,0.0,0.0,6.5,2,0.0,0.0,,,False,False
ppc,US,2026-06-01,126824,0.1858,0.0755,3.0,126824,0.1858,0.0755,1.0,1.0,True,False
ppc,UY,2026-06-01,1757,0.1764,0.0825,3.0,1757,0.1764,0.0825,1.0,1.0,True,False
ppc,UZ,2026-06-01,2812,0.2411,0.0228,1.0,2812,0.2411,0.0228,1.0,1.0,True,False
ppc,VA,2026-06-01,1,0.0,0.0,6.0,1,0.0,0.0,,,False,False
ppc,VC,2026-06-01,106,0.1604,0.0472,2.0,106,0.1604,0.0472,1.0,1.0,False,False
ppc,VG,2026-06-01,29,0.1034,0.1034,3.0,29,0.1034,0.1034,1.0,1.0,False,False
ppc,VI,2026-06-01,63,0.2381,0.0952,3.0,63,0.2381,0.0952,1.0,1.0,False,False
ppc,VN,2026-06-01,1869,0.2103,0.0316,1.0,1869,0.2103,0.0316,1.0,1.0,True,False
ppc,VU,2026-06-01,280,0.2536,0.0214,1.0,280,0.2536,0.0214,1.0,1.0,False,False
ppc,WF,2026-06-01,10,0.3,0.0,3.0,10,0.3,0.0,1.0,,False,False
ppc,WS,2026-06-01,265,0.2717,0.0226,2.0,265,0.2717,0.0226,1.0,1.0,False,False
ppc,XK,2026-06-01,112,0.1518,0.0179,2.0,112,0.1518,0.0179,1.0,1.0,False,False
ppc,YT,2026-06-01,28,0.2857,0.0714,3.0,28,0.2857,0.0714,1.0,1.0,False,False
ppc,ZA,2026-06-01,26039,0.1456,0.0858,4.0,26039,0.1456,0.0858,1.0,1.0,True,False
ppc,ZM,2026-06-01,1217,0.2087,0.0435,2.0,1217,0.2087,0.0435,1.0,1.0,True,False
ppc,ZW,2026-06-01,1,0.0,0.0,2.0,1,0.0,0.0,,,False,False
1002,AD,2026-07-01,2,0.0,0.0,4.0,60,0.05,0.1778,0.0,0.0,False,False
1002,AE,2026-07-01,1,0.0,0.0,1.0,332,0.0843,0.0821,0.0,0.0,False,False
1002,AL,2026-07-01,2,0.0,0.0,12.5,232,0.1422,0.087,0.0,0.0,False,False
1002,AM,2026-07-01,2,1.0,0.0,,183,0.1421,0.0696,7.038,0.0,False,False
1002,AO,2026-07-01,1,0.0,,17.0,982,0.2841,0.0493,0.0,,False,False
1002,AS,2026-07-01,1,0.0,0.0,26.0,33,0.1818,0.0714,0.0,0.0,False,False
1002,AT,2026-07-01,55,0.1455,0.1111,3.0,464,0.125,0.0735,1.164,1.512,False,False
1002,AU,2026-07-01,1161,0.0646,0.0623,3.0,7759,0.1647,0.075,0.392,0.83,True,False
1002,AX,2026-07-01,1,0.0,0.0,31.0,22,0.0,0.0,,,False,False
1002,BB,2026-07-01,1,0.0,0.0,1.0,114,0.1491,0.0921,0.0,0.0,False,False
1002,BD,2026-07-01,4,0.25,0.0,3.0,4156,0.1809,0.0467,1.382,0.0,False,False
1002,BE,2026-07-01,88,0.0568,0.0,3.0,1530,0.1673,0.074,0.34,0.0,False,False
1002,BG,2026-07-01,5,0.4,0.25,3.0,447,0.1611,0.0673,2.483,3.714,False,False
1002,BM,2026-07-01,1,0.0,0.0,1.0,40,0.1,0.2069,0.0,0.0,False,False
1002,BR,2026-07-01,5,0.0,0.0,3.0,28386,0.2077,0.072,0.0,0.0,False,False
1002,BS,2026-07-01,9,0.0,0.0,4.0,206,0.1845,0.0963,0.0,0.0,False,False
1002,BZ,2026-07-01,6,0.0,0.0,2.5,145,0.2069,0.0899,0.0,0.0,False,False
1002,CA,2026-07-01,749,0.0774,0.0694,3.0,10739,0.1592,0.0911,0.486,0.763,True,False
1002,CH,2026-07-01,51,0.0588,0.1111,3.0,1091,0.187,0.075,0.315,1.481,False,False
1002,CL,2026-07-01,5,0.0,0.2,2.0,3531,0.1781,0.083,0.0,2.411,False,False
1002,CM,2026-07-01,1,0.0,,1.0,4789,0.1437,0.0832,0.0,,False,False
1002,CN,2026-07-01,5,0.2,0.0,30.5,285,0.4456,0.03,0.449,0.0,False,False
1002,CO,2026-07-01,8,0.0,0.25,1.5,8501,0.228,0.0932,0.0,2.683,False,False
1002,CY,2026-07-01,3,0.3333,0.0,1.5,279,0.1828,0.0414,1.824,0.0,False,False
1002,CZ,2026-07-01,3,0.3333,0.0,4.5,237,0.173,0.1149,1.927,0.0,False,False
1002,DE,2026-07-01,531,0.0904,0.0851,3.0,4276,0.1915,0.0676,0.472,1.258,True,False
1002,DK,2026-07-01,71,0.1268,0.122,5.0,300,0.1767,0.0833,0.718,1.463,False,False
1002,DM,2026-07-01,2,0.0,0.0,10.0,27,0.2222,0.0455,0.0,0.0,False,False
1002,DO,2026-07-01,4,0.25,,2.0,1850,0.1595,0.0895,1.568,,False,False
1002,DZ,2026-07-01,5,0.0,,1.0,327,0.1437,0.1008,0.0,,False,False
1002,EC,2026-07-01,2,0.0,0.5,16.0,2211,0.2004,0.0844,0.0,5.922,False,False
1002,ES,2026-07-01,40,0.125,0.1818,3.0,4659,0.1595,0.0886,0.784,2.053,False,False
1002,FI,2026-07-01,43,0.1395,0.2174,5.0,374,0.2166,0.0849,0.644,2.561,False,False
1002,FJ,2026-07-01,1,0.0,0.0,7.0,869,0.2854,0.039,0.0,0.0,False,False
1002,FR,2026-07-01,223,0.1121,0.0732,3.0,12058,0.1586,0.0879,0.707,0.833,False,False
1002,GB,2026-07-01,1053,0.0646,0.0611,3.0,13960,0.1562,0.0803,0.413,0.761,True,False
1002,GE,2026-07-01,2,0.0,0.0,6.0,303,0.1848,0.0282,0.0,0.0,False,False
1002,GM,2026-07-01,1,0.0,0.0,3.0,240,0.1958,0.0298,0.0,0.0,False,False
1002,GR,2026-07-01,5,0.0,0.0,1.0,588,0.1735,0.0662,0.0,0.0,False,False
1002,GY,2026-07-01,1,0.0,0.0,13.0,499,0.2465,0.0313,0.0,0.0,False,False
1002,HK,2026-07-01,3,0.3333,0.0,11.0,482,0.2075,0.0778,1.607,0.0,False,False
1002,HN,2026-07-01,1,0.0,,4.0,934,0.2131,0.0594,0.0,,False,False
1002,HR,2026-07-01,2,0.0,0.0,2.5,303,0.132,0.061,0.0,0.0,False,False
1002,HT,2026-07-01,1,0.0,0.0,9.0,3,0.0,0.0,,,False,False
1002,HU,2026-07-01,3,0.0,0.3333,7.0,391,0.1867,0.0948,0.0,3.515,False,False
1002,ID,2026-07-01,6,0.0,0.0,2.0,1503,0.1677,0.0972,0.0,0.0,False,False
1002,IE,2026-07-01,156,0.0513,0.05,1.0,1342,0.1699,0.0989,0.302,0.506,False,False
1002,IS,2026-07-01,11,0.0,0.4,18.0,40,0.1,0.0,0.0,,False,False
1002,IT,2026-07-01,302,0.0861,0.0707,2.0,4751,0.1924,0.0696,0.448,1.015,False,False
1002,JM,2026-07-01,2,0.0,0.0,1.5,1225,0.1739,0.0895,0.0,0.0,False,False
1002,JP,2026-07-01,12,0.25,0.1,5.0,1149,0.2289,0.0631,1.092,1.586,False,False
1002,KE,2026-07-01,3,0.0,0.0,1.0,7193,0.1552,0.0594,0.0,0.0,False,False
1002,KG,2026-07-01,1,0.0,0.0,6.0,121,0.2066,0.0562,0.0,0.0,False,False
1002,KH,2026-07-01,4,0.0,0.0,4.5,168,0.125,0.0521,0.0,0.0,False,False
1002,KN,2026-07-01,1,0.0,1.0,122.0,22,0.3182,0.1,0.0,10.0,False,False
1002,KR,2026-07-01,3,0.0,0.0,1.0,1476,0.1897,0.0756,0.0,0.0,False,False
1002,KY,2026-07-01,1,0.0,1.0,13.0,64,0.1406,0.0638,0.0,15.667,False,False
1002,LK,2026-07-01,1,0.0,0.0,1.0,400,0.1925,0.105,0.0,0.0,False,False
1002,LT,2026-07-01,3,0.0,0.0,3.0,183,0.1038,0.0448,0.0,0.0,False,False
1002,LU,2026-07-01,4,0.0,0.0,3.0,163,0.1656,0.0693,0.0,0.0,False,False
1002,MA,2026-07-01,2,0.0,0.0,6.0,58,0.0517,0.1,0.0,0.0,False,False
1002,MC,2026-07-01,1,0.0,,11.0,12,0.0,0.1667,,,False,False
1002,MD,2026-07-01,1,1.0,,,168,0.2024,0.041,4.941,,False,False
1002,MT,2026-07-01,1,0.0,0.0,5.0,179,0.1508,0.0583,0.0,0.0,False,False
1002,MW,2026-07-01,1,0.0,,5.0,109,0.211,0.0482,0.0,,False,False
1002,MX,2026-07-01,19,0.1579,0.3333,4.0,11961,0.1868,0.0787,0.845,4.234,False,False
1002,MY,2026-07-01,5,0.0,0.0,1.0,2668,0.1762,0.0699,0.0,0.0,False,False
1002,NA,2026-07-01,1,0.0,0.0,6.0,1461,0.1992,0.0563,0.0,0.0,False,False
1002,NL,2026-07-01,217,0.0968,0.1103,3.0,2695,0.2096,0.0669,0.462,1.649,False,False
1002,NO,2026-07-01,77,0.0649,0.087,3.5,350,0.14,0.0664,0.464,1.31,False,False
1002,NZ,2026-07-01,166,0.0602,0.1062,3.0,1972,0.1537,0.0852,0.392,1.247,False,False
1002,PA,2026-07-01,1,0.0,1.0,96.0,783,0.2235,0.0952,0.0,10.5,False,False
1002,PE,2026-07-01,1,0.0,,4.0,3095,0.2249,0.0783,0.0,,False,False
1002,PH,2026-07-01,35,0.2,0.0909,2.0,7309,0.1874,0.0939,1.067,0.968,False,False
1002,PK,2026-07-01,2,0.0,0.0,1.0,89,0.0562,0.0147,0.0,0.0,False,False
1002,PL,2026-07-01,6,0.0,0.0,2.0,612,0.1454,0.0749,0.0,0.0,False,False
1002,PR,2026-07-01,1,0.0,0.0,4.0,999,0.2072,0.084,0.0,0.0,False,False
1002,PT,2026-07-01,16,0.125,0.0,3.0,1884,0.1576,0.0638,0.793,0.0,False,False
1002,RO,2026-07-01,5,0.0,0.2,4.0,772,0.1788,0.0721,0.0,2.772,False,False
1002,RS,2026-07-01,4,0.0,0.25,9.5,647,0.1221,0.0852,0.0,2.934,False,False
1002,SB,2026-07-01,1,0.0,0.0,7.0,103,0.2816,0.0164,0.0,0.0,False,False
1002,SE,2026-07-01,119,0.042,0.1324,3.0,597,0.2044,0.0732,0.206,1.807,False,False
1002,SG,2026-07-01,13,0.0,0.0,1.0,1324,0.1798,0.0757,0.0,0.0,False,False
1002,SI,2026-07-01,5,0.0,0.8,161.0,136,0.1324,0.1325,0.0,6.036,False,False
1002,SK,2026-07-01,2,0.0,0.0,24.0,155,0.1613,0.0795,0.0,0.0,False,False
1002,TG,2026-07-01,1,0.0,0.0,2.0,968,0.1198,0.0786,0.0,0.0,False,False
1002,TH,2026-07-01,10,0.0,0.1429,3.5,1160,0.1767,0.0662,0.0,2.158,False,False
1002,TR,2026-07-01,9,0.0,0.2,2.0,2176,0.1489,0.0697,0.0,2.869,False,False
1002,TZ,2026-07-01,4,0.0,0.0,5.5,1349,0.1572,0.057,0.0,0.0,False,False
1002,UG,2026-07-01,1,0.0,,2.0,4383,0.1369,0.0657,0.0,,False,False
1002,US,2026-07-01,5651,0.0681,0.094,3.0,100589,0.1931,0.0765,0.353,1.229,True,False
1002,VN,2026-07-01,4,0.25,0.0,1.0,734,0.2262,0.0569,1.105,0.0,False,False
1002,ZA,2026-07-01,11,0.0,0.0,1.0,10845,0.156,0.0961,0.0,0.0,False,False
1002,ZM,2026-07-01,1,0.0,0.0,3.0,913,0.2026,0.0574,0.0,0.0,False,False
1052,AI,2026-07-01,2,0.0,,5.0,28,0.0714,0.15,0.0,,False,False
1052,AL,2026-07-01,8,0.125,0.0,1.0,232,0.1422,0.087,0.879,0.0,False,False
1052,AM,2026-07-01,2,0.5,,2.0,183,0.1421,0.0696,3.519,,False,False
1052,AO,2026-07-01,2,0.0,0.0,20.5,982,0.2841,0.0493,0.0,0.0,False,False
1052,AT,2026-07-01,3,0.0,0.0,2.0,464,0.125,0.0735,0.0,0.0,False,False
1052,AU,2026-07-01,1268,0.1057,0.0465,2.0,7759,0.1647,0.075,0.642,0.621,True,False
1052,AZ,2026-07-01,1,0.0,0.0,4.0,410,0.2732,0.023,0.0,0.0,False,False
1052,BD,2026-07-01,4,0.0,0.0,1.0,4156,0.1809,0.0467,0.0,0.0,False,False
1052,BE,2026-07-01,22,0.1364,0.0,2.0,1530,0.1673,0.074,0.815,0.0,False,False
1052,BG,2026-07-01,4,0.25,0.0,3.0,447,0.1611,0.0673,1.552,0.0,False,False
1052,BR,2026-07-01,6,0.1667,0.0,1.0,28386,0.2077,0.072,0.803,0.0,False,False
1052,BS,2026-07-01,1,0.0,,1.0,206,0.1845,0.0963,0.0,,False,False
1052,CA,2026-07-01,1264,0.1432,0.0626,2.0,10739,0.1592,0.0911,0.899,0.687,True,False
1052,CH,2026-07-01,5,0.0,0.0,4.0,1091,0.187,0.075,0.0,0.0,False,False
1052,CI,2026-07-01,1,0.0,0.0,1.0,5872,0.1475,0.0866,0.0,0.0,False,False
1052,CL,2026-07-01,1,0.0,,1.0,3531,0.1781,0.083,0.0,,False,False
1052,CO,2026-07-01,2,0.0,,10.0,8501,0.228,0.0932,0.0,,False,False
1052,CR,2026-07-01,3,0.6667,0.0,3.0,1324,0.1616,0.1019,4.125,0.0,False,False
1052,CW,2026-07-01,1,0.0,0.0,1.0,150,0.2267,0.0727,0.0,0.0,False,False
1052,CY,2026-07-01,4,0.0,,1.0,279,0.1828,0.0414,0.0,,False,False
1052,CZ,2026-07-01,4,0.0,0.0,2.5,237,0.173,0.1149,0.0,0.0,False,False
1052,DE,2026-07-01,32,0.0625,0.0,3.0,4276,0.1915,0.0676,0.326,0.0,False,False
1052,DK,2026-07-01,3,0.0,,7.0,300,0.1767,0.0833,0.0,,False,False
1052,DZ,2026-07-01,1,0.0,,10.0,327,0.1437,0.1008,0.0,,False,False
1052,EC,2026-07-01,1,0.0,,5.0,2211,0.2004,0.0844,0.0,,False,False
1052,EE,2026-07-01,1,0.0,,1.0,134,0.1791,0.0816,0.0,,False,False
1052,ES,2026-07-01,33,0.1515,0.0,1.0,4659,0.1595,0.0886,0.95,0.0,False,False
1052,FI,2026-07-01,2,0.0,,1.0,374,0.2166,0.0849,0.0,,False,False
1052,FJ,2026-07-01,2,0.5,,1.0,869,0.2854,0.039,1.752,,False,False
1052,FR,2026-07-01,39,0.1795,0.0,2.0,12058,0.1586,0.0879,1.132,0.0,False,False
1052,GB,2026-07-01,2075,0.1335,0.0485,2.0,13960,0.1562,0.0803,0.854,0.604,True,False
1052,GL,2026-07-01,1,0.0,0.0,34.0,16,0.25,0.1,0.0,0.0,False,False
1052,GM,2026-07-01,2,0.0,0.0,1.5,240,0.1958,0.0298,0.0,0.0,False,False
1052,GR,2026-07-01,12,0.0833,0.25,1.0,588,0.1735,0.0662,0.48,3.777,False,False
1052,GT,2026-07-01,1,0.0,0.0,1.0,569,0.2021,0.0813,0.0,0.0,False,False
1052,GY,2026-07-01,1,1.0,,,499,0.2465,0.0313,4.057,,False,False
1052,HK,2026-07-01,6,0.3333,0.0,2.0,482,0.2075,0.0778,1.607,0.0,False,False
1052,HR,2026-07-01,4,0.25,0.0,1.0,303,0.132,0.061,1.894,0.0,False,False
1052,ID,2026-07-01,9,0.1111,0.0,2.0,1503,0.1677,0.0972,0.663,0.0,False,False
1052,IE,2026-07-01,203,0.1675,0.0482,2.0,1342,0.1699,0.0989,0.986,0.487,False,False
1052,IL,2026-07-01,2,0.5,0.0,4.0,837,0.1756,0.0884,2.847,0.0,False,False
1052,IM,2026-07-01,3,0.0,0.0,2.0,17,0.1765,0.0,0.0,,False,False
1052,IN,2026-07-01,30,0.1,0.0,1.0,39503,0.143,0.0587,0.699,0.0,False,False
1052,IT,2026-07-01,34,0.1176,0.0,1.0,4751,0.1924,0.0696,0.612,0.0,False,False
1052,JM,2026-07-01,3,0.3333,0.0,5.5,1225,0.1739,0.0895,1.917,0.0,False,False
1052,JO,2026-07-01,1,0.0,0.0,1.0,12,0.0833,0.125,0.0,0.0,False,False
1052,JP,2026-07-01,3,0.0,0.0,3.0,1149,0.2289,0.0631,0.0,0.0,False,False
1052,KE,2026-07-01,19,0.0526,0.0769,2.5,7193,0.1552,0.0594,0.339,1.295,False,False
1052,KZ,2026-07-01,1,0.0,,4.0,75,0.1867,0.2549,0.0,,False,False
1052,LK,2026-07-01,1,0.0,0.0,5.0,400,0.1925,0.105,0.0,0.0,False,False
1052,LU,2026-07-01,5,0.2,0.0,2.0,163,0.1656,0.0693,1.207,0.0,False,False
1052,LV,2026-07-01,1,0.0,,12.0,200,0.195,0.0299,0.0,,False,False
1052,MA,2026-07-01,2,0.0,,11.0,58,0.0517,0.1,0.0,,False,False
1052,MT,2026-07-01,5,0.0,0.0,1.0,179,0.1508,0.0583,0.0,0.0,False,False
1052,MW,2026-07-01,2,0.0,1.0,38.0,109,0.211,0.0482,0.0,20.75,False,False
1052,MX,2026-07-01,4,0.0,0.0,5.5,11961,0.1868,0.0787,0.0,0.0,False,False
1052,MY,2026-07-01,16,0.1875,,2.0,2668,0.1762,0.0699,1.064,,False,False
1052,NL,2026-07-01,27,0.1852,0.0,2.0,2695,0.2096,0.0669,0.883,0.0,False,False
1052,NO,2026-07-01,4,0.25,0.0,7.0,350,0.14,0.0664,1.786,0.0,False,False
1052,NP,2026-07-01,3,0.0,0.0,1.0,8,0.0,0.0,,,False,False
1052,NZ,2026-07-01,226,0.1283,0.0524,3.0,1972,0.1537,0.0852,0.835,0.615,False,False
1052,PE,2026-07-01,1,1.0,0.0,,3095,0.2249,0.0783,4.447,0.0,False,False
1052,PG,2026-07-01,1,0.0,,1.0,1715,0.2799,0.0682,0.0,,False,False
1052,PH,2026-07-01,22,0.1364,0.0769,3.0,7309,0.1874,0.0939,0.728,0.819,False,False
1052,PK,2026-07-01,1,0.0,,1.0,89,0.0562,0.0147,0.0,,False,False
1052,PL,2026-07-01,1,0.0,,17.0,612,0.1454,0.0749,0.0,,False,False
1052,PR,2026-07-01,9,0.0,0.0,1.0,999,0.2072,0.084,0.0,0.0,False,False
1052,PT,2026-07-01,38,0.0263,0.0,2.0,1884,0.1576,0.0638,0.167,0.0,False,False
1052,PY,2026-07-01,1,1.0,,,706,0.2125,0.0851,4.707,,False,False
1052,RO,2026-07-01,6,0.0,0.0,1.0,772,0.1788,0.0721,0.0,0.0,False,False
1052,RS,2026-07-01,3,0.0,1.0,2.0,647,0.1221,0.0852,0.0,11.737,False,False
1052,RW,2026-07-01,1,0.0,,1.0,241,0.2199,0.0864,0.0,,False,False
1052,SC,2026-07-01,1,0.0,0.0,2.0,82,0.0976,0.1053,0.0,0.0,False,False
1052,SE,2026-07-01,6,0.3333,0.0,1.0,597,0.2044,0.0732,1.631,0.0,False,False
1052,SG,2026-07-01,7,0.1429,0.0,1.5,1324,0.1798,0.0757,0.795,0.0,False,False
1052,SI,2026-07-01,2,0.0,,3.5,136,0.1324,0.1325,0.0,,False,False
1052,SK,2026-07-01,1,0.0,,1.0,155,0.1613,0.0795,0.0,,False,False
1052,SL,2026-07-01,1,1.0,0.0,,187,0.2353,0.0577,4.25,0.0,False,False
1052,TG,2026-07-01,1,0.0,,5.0,968,0.1198,0.0786,0.0,,False,False
1052,TH,2026-07-01,2,0.0,0.0,14.5,1160,0.1767,0.0662,0.0,0.0,False,False
1052,TR,2026-07-01,4,0.0,0.0,4.0,2176,0.1489,0.0697,0.0,0.0,False,False
1052,TZ,2026-07-01,1,1.0,0.0,,1349,0.1572,0.057,6.363,0.0,False,False
1052,UG,2026-07-01,2,0.0,1.0,2.5,4383,0.1369,0.0657,0.0,15.229,False,False
1052,US,2026-07-01,9639,0.1295,0.0642,2.0,100589,0.1931,0.0765,0.671,0.839,True,False
1052,UY,2026-07-01,1,0.0,0.0,5.0,1056,0.1619,0.1014,0.0,0.0,False,False
1052,VN,2026-07-01,2,0.0,,1.5,734,0.2262,0.0569,0.0,,False,False
1052,XK,2026-07-01,1,0.0,0.0,56.0,71,0.1831,0.0323,0.0,0.0,False,False
1052,ZA,2026-07-01,17,0.0,0.1818,1.0,10845,0.156,0.0961,0.0,1.892,False,False
1052,ZM,2026-07-01,1,0.0,0.0,7.0,913,0.2026,0.0574,0.0,0.0,False,False
303,AD,2026-07-01,7,0.0,0.3333,7.0,60,0.05,0.1778,0.0,1.875,False,False
303,AL,2026-07-01,2,0.0,0.0,2.0,232,0.1422,0.087,0.0,0.0,False,False
303,AR,2026-07-01,1,0.0,,1.0,2906,0.1672,0.1006,0.0,,False,False
303,AT,2026-07-01,86,0.1163,0.0986,4.0,464,0.125,0.0735,0.93,1.342,False,False
303,AW,2026-07-01,5,0.2,,1.0,83,0.2048,0.1311,0.976,,False,False
303,AX,2026-07-01,1,0.0,,1.0,22,0.0,0.0,,,False,False
303,BE,2026-07-01,328,0.2409,0.0479,2.0,1530,0.1673,0.074,1.439,0.647,False,False
303,BG,2026-07-01,96,0.0833,0.0882,2.0,447,0.1611,0.0673,0.517,1.311,False,False
303,BR,2026-07-01,312,0.1987,0.0448,1.5,28386,0.2077,0.072,0.957,0.623,False,False
303,CA,2026-07-01,2,0.0,0.0,3.0,10739,0.1592,0.0911,0.0,0.0,False,False
303,CH,2026-07-01,57,0.2105,0.0612,4.0,1091,0.187,0.075,1.126,0.816,False,False
303,CN,2026-07-01,1,0.0,0.0,2.0,285,0.4456,0.03,0.0,0.0,False,False
303,CW,2026-07-01,13,0.4615,0.0,1.0,150,0.2267,0.0727,2.036,0.0,False,False
303,CY,2026-07-01,2,0.0,0.0,2.0,279,0.1828,0.0414,0.0,0.0,False,False
303,CZ,2026-07-01,43,0.2093,0.0,2.0,237,0.173,0.1149,1.21,0.0,False,False
303,DE,2026-07-01,772,0.149,0.0756,3.0,4276,0.1915,0.0676,0.778,1.118,True,False
303,DK,2026-07-01,313,0.3099,0.1351,2.0,300,0.1767,0.0833,1.754,1.622,False,False
303,DZ,2026-07-01,3,0.3333,0.0,1.5,327,0.1437,0.1008,2.319,0.0,False,False
303,EC,2026-07-01,1,0.0,0.0,1.0,2211,0.2004,0.0844,0.0,0.0,False,False
303,EE,2026-07-01,12,0.0,0.0,2.0,134,0.1791,0.0816,0.0,0.0,False,False
303,ES,2026-07-01,298,0.1711,0.0579,2.0,4659,0.1595,0.0886,1.073,0.654,False,False
303,FI,2026-07-01,346,0.3266,0.0625,2.0,374,0.2166,0.0849,1.508,0.736,False,False
303,FO,2026-07-01,3,0.0,0.0,3.0,14,0.1429,0.125,0.0,0.0,False,False
303,FR,2026-07-01,3597,0.1357,0.074,2.0,12058,0.1586,0.0879,0.856,0.842,True,False
303,GB,2026-07-01,119,0.1092,0.1205,3.0,13960,0.1562,0.0803,0.699,1.5,False,False
303,GI,2026-07-01,1,0.0,0.0,1.0,18,0.0556,0.1538,0.0,0.0,False,False
303,GP,2026-07-01,1,0.0,,2.0,417,0.1871,0.126,0.0,,False,False
303,GR,2026-07-01,196,0.1837,0.0575,2.0,588,0.1735,0.0662,1.059,0.868,False,False
303,HR,2026-07-01,70,0.1,0.0806,3.0,303,0.132,0.061,0.758,1.321,False,False
303,HU,2026-07-01,101,0.099,0.037,2.0,391,0.1867,0.0948,0.53,0.391,False,False
303,ID,2026-07-01,1,0.0,,1.0,1503,0.1677,0.0972,0.0,,False,False
303,IE,2026-07-01,82,0.1341,0.0571,2.0,1342,0.1699,0.0989,0.79,0.578,False,False
303,IL,2026-07-01,2,0.0,0.0,1.5,837,0.1756,0.0884,0.0,0.0,False,False
303,IM,2026-07-01,3,0.0,0.0,3.0,17,0.1765,0.0,0.0,,False,False
303,IN,2026-07-01,1,0.0,0.0,1.0,39503,0.143,0.0587,0.0,0.0,False,False
303,IS,2026-07-01,2,0.0,1.0,183.0,40,0.1,0.0,0.0,,False,False
303,IT,2026-07-01,1827,0.121,0.0608,2.0,4751,0.1924,0.0696,0.629,0.873,True,False
303,JE,2026-07-01,10,0.2,0.25,7.0,38,0.1579,0.0714,1.267,3.5,False,False
303,JP,2026-07-01,2,0.0,0.0,3.0,1149,0.2289,0.0631,0.0,0.0,False,False
303,KR,2026-07-01,1,0.0,0.0,6.0,1476,0.1897,0.0756,0.0,0.0,False,False
303,LT,2026-07-01,27,0.1111,0.0435,2.5,183,0.1038,0.0448,1.07,0.971,False,False
303,LU,2026-07-01,11,0.0909,0.0,4.5,163,0.1656,0.0693,0.549,0.0,False,False
303,LV,2026-07-01,17,0.1765,0.0,2.0,200,0.195,0.0299,0.905,0.0,False,False
303,MA,2026-07-01,3,0.3333,0.0,2.0,58,0.0517,0.1,6.444,0.0,False,False
303,MC,2026-07-01,3,0.0,0.0,12.0,12,0.0,0.1667,,0.0,False,False
303,ME,2026-07-01,1,0.0,0.0,1.0,93,0.0753,0.0727,0.0,0.0,False,False
303,MG,2026-07-01,1,0.0,0.0,1.0,1754,0.1465,0.0749,0.0,0.0,False,False
303,MK,2026-07-01,1,0.0,,1.0,163,0.1043,0.0364,0.0,,False,False
303,MT,2026-07-01,28,0.1071,0.0,2.0,179,0.1508,0.0583,0.71,0.0,False,False
303,NC,2026-07-01,1,0.0,0.0,4.0,87,0.2299,0.0769,0.0,0.0,False,False
303,NL,2026-07-01,431,0.2738,0.0299,2.0,2695,0.2096,0.0669,1.306,0.446,False,False
303,NO,2026-07-01,164,0.2683,0.1379,2.0,350,0.14,0.0664,1.916,2.078,False,False
303,PE,2026-07-01,2,0.0,0.0,24.0,3095,0.2249,0.0783,0.0,0.0,False,False
303,PH,2026-07-01,3,0.0,0.5,4.0,7309,0.1874,0.0939,0.0,5.326,False,False
303,PL,2026-07-01,175,0.1829,0.0373,2.0,612,0.1454,0.0749,1.257,0.498,False,False
303,PT,2026-07-01,345,0.0928,0.0849,2.0,1884,0.1576,0.0638,0.588,1.33,False,False
303,QA,2026-07-01,3,0.0,0.0,1.0,34,0.0882,0.0625,0.0,0.0,False,False
303,RO,2026-07-01,3,0.3333,0.0,2.0,772,0.1788,0.0721,1.865,0.0,False,False
303,RS,2026-07-01,3,0.6667,,1.0,647,0.1221,0.0852,5.46,,False,False
303,SE,2026-07-01,449,0.3207,0.0508,1.0,597,0.2044,0.0732,1.569,0.694,False,False
303,SG,2026-07-01,1,0.0,0.0,1.0,1324,0.1798,0.0757,0.0,0.0,False,False
303,SI,2026-07-01,19,0.0526,0.1429,2.0,136,0.1324,0.1325,0.398,1.078,False,False
303,SK,2026-07-01,70,0.1286,0.0702,2.0,155,0.1613,0.0795,0.797,0.882,False,False
303,SM,2026-07-01,2,0.5,0.0,2.0,8,0.125,0.0,4.0,,False,False
303,TH,2026-07-01,9,0.4444,0.0,1.0,1160,0.1767,0.0662,2.515,0.0,False,False
303,TR,2026-07-01,518,0.1776,0.0467,2.0,2176,0.1489,0.0697,1.193,0.67,True,False
303,US,2026-07-01,5,0.2,0.0,2.0,100589,0.1931,0.0765,1.036,0.0,False,False
303,UZ,2026-07-01,1,0.0,1.0,41.0,440,0.2659,0.0478,0.0,20.929,False,False
303,VN,2026-07-01,1,0.0,,2.0,734,0.2262,0.0569,0.0,,False,False
413,AD,2026-07-01,3,0.0,1.0,14.0,60,0.05,0.1778,0.0,5.625,False,False
413,AE,2026-07-01,2,0.0,0.0,3.5,332,0.0843,0.0821,0.0,0.0,False,False
413,AL,2026-07-01,7,0.1429,0.0,9.5,232,0.1422,0.087,1.004,0.0,False,False
413,AO,2026-07-01,1,0.0,0.0,2.0,982,0.2841,0.0493,0.0,0.0,False,False
413,AQ,2026-07-01,1,0.0,0.0,3.0,5,0.0,0.0,,,False,False
413,AR,2026-07-01,1,0.0,0.0,12.0,2906,0.1672,0.1006,0.0,0.0,False,False
413,AS,2026-07-01,1,0.0,0.0,2.0,33,0.1818,0.0714,0.0,0.0,False,False
413,AT,2026-07-01,3,0.3333,0.0,1.0,464,0.125,0.0735,2.667,0.0,False,False
413,AU,2026-07-01,1630,0.1632,0.0644,2.0,7759,0.1647,0.075,0.991,0.858,True,False
413,BD,2026-07-01,1,0.0,0.0,10.0,4156,0.1809,0.0467,0.0,0.0,False,False
413,BE,2026-07-01,37,0.3784,0.0,1.0,1530,0.1673,0.074,2.261,0.0,False,False
413,BR,2026-07-01,1,0.0,0.0,1.0,28386,0.2077,0.072,0.0,0.0,False,False
413,BW,2026-07-01,2,0.5,0.0,2.0,838,0.173,0.0613,2.89,0.0,False,False
413,BZ,2026-07-01,1,0.0,,1.0,145,0.2069,0.0899,0.0,,False,False
413,CA,2026-07-01,1728,0.1644,0.0738,2.0,10739,0.1592,0.0911,1.032,0.811,True,False
413,CH,2026-07-01,95,0.2105,0.0933,3.0,1091,0.187,0.075,1.126,1.244,False,False
413,CK,2026-07-01,1,0.0,0.0,12.0,18,0.1111,0.0,0.0,,False,False
413,CL,2026-07-01,1,0.0,0.0,1.0,3531,0.1781,0.083,0.0,0.0,False,False
413,CN,2026-07-01,1,0.0,0.0,14.0,285,0.4456,0.03,0.0,0.0,False,False
413,CO,2026-07-01,6,0.3333,0.0,1.0,8501,0.228,0.0932,1.462,0.0,False,False
413,CR,2026-07-01,3,0.0,0.0,1.0,1324,0.1616,0.1019,0.0,0.0,False,False
413,CW,2026-07-01,1,0.0,0.0,11.0,150,0.2267,0.0727,0.0,0.0,False,False
413,CY,2026-07-01,1,0.0,0.0,8.0,279,0.1828,0.0414,0.0,0.0,False,False
413,DE,2026-07-01,14,0.2143,0.2,3.0,4276,0.1915,0.0676,1.119,2.957,False,False
413,DK,2026-07-01,2,0.0,0.5,47.0,300,0.1767,0.0833,0.0,6.0,False,False
413,DO,2026-07-01,1,1.0,,,1850,0.1595,0.0895,6.271,,False,False
413,DZ,2026-07-01,1,0.0,0.0,1.0,327,0.1437,0.1008,0.0,0.0,False,False
413,EC,2026-07-01,4,0.5,0.0,1.5,2211,0.2004,0.0844,2.495,0.0,False,False
413,ES,2026-07-01,13,0.2308,0.0,2.5,4659,0.1595,0.0886,1.447,0.0,False,False
413,FI,2026-07-01,60,0.2,0.08,3.5,374,0.2166,0.0849,0.923,0.943,False,False
413,FR,2026-07-01,5,0.2,0.5,9.5,12058,0.1586,0.0879,1.261,5.689,False,False
413,GB,2026-07-01,5243,0.1823,0.0576,2.0,13960,0.1562,0.0803,1.167,0.717,True,False
413,GR,2026-07-01,4,0.0,0.0,3.0,588,0.1735,0.0662,0.0,0.0,False,False
413,GT,2026-07-01,1,0.0,,1.0,569,0.2021,0.0813,0.0,,False,False
413,GU,2026-07-01,1,1.0,0.0,,99,0.202,0.0303,4.95,0.0,False,False
413,HK,2026-07-01,1,0.0,0.0,5.0,482,0.2075,0.0778,0.0,0.0,False,False
413,HR,2026-07-01,1,1.0,,,303,0.132,0.061,7.575,,False,False
413,HU,2026-07-01,1,1.0,0.0,,391,0.1867,0.0948,5.356,0.0,False,False
413,ID,2026-07-01,4,0.25,0.0,1.0,1503,0.1677,0.0972,1.491,0.0,False,False
413,IE,2026-07-01,2,0.0,0.0,2.5,1342,0.1699,0.0989,0.0,0.0,False,False
413,IL,2026-07-01,115,0.2348,0.0227,4.0,837,0.1756,0.0884,1.337,0.257,False,False
413,IN,2026-07-01,6,0.1667,0.0,1.0,39503,0.143,0.0587,1.165,0.0,False,False
413,IS,2026-07-01,40,0.175,0.0741,2.0,40,0.1,0.0,1.75,,False,False
413,IT,2026-07-01,5,0.2,0.0,7.0,4751,0.1924,0.0696,1.04,0.0,False,False
413,JE,2026-07-01,1,0.0,0.0,1.0,38,0.1579,0.0714,0.0,0.0,False,False
413,JP,2026-07-01,5,0.4,0.0,2.0,1149,0.2289,0.0631,1.748,0.0,False,False
413,KG,2026-07-01,1,0.0,,2.0,121,0.2066,0.0562,0.0,,False,False
413,KH,2026-07-01,1,0.0,0.0,4.0,168,0.125,0.0521,0.0,0.0,False,False
413,KR,2026-07-01,1,0.0,,1.0,1476,0.1897,0.0756,0.0,,False,False
413,KW,2026-07-01,1,0.0,0.0,1.0,36,0.1389,0.1667,0.0,0.0,False,False
413,LU,2026-07-01,21,0.1905,0.2,1.0,163,0.1656,0.0693,1.15,2.886,False,False
413,MA,2026-07-01,1,0.0,0.0,1.0,58,0.0517,0.1,0.0,0.0,False,False
413,MK,2026-07-01,2,0.0,,1.5,163,0.1043,0.0364,0.0,,False,False
413,MX,2026-07-01,18,0.3333,0.0,4.0,11961,0.1868,0.0787,1.785,0.0,False,False
413,MY,2026-07-01,3,0.3333,0.0,5.5,2668,0.1762,0.0699,1.892,0.0,False,False
413,NL,2026-07-01,345,0.1884,0.0569,3.0,2695,0.2096,0.0669,0.899,0.851,False,False
413,NO,2026-07-01,196,0.1429,0.0621,3.0,350,0.14,0.0664,1.02,0.935,False,False
413,NZ,2026-07-01,668,0.1662,0.0903,2.0,1972,0.1537,0.0852,1.081,1.061,True,False
413,PA,2026-07-01,1,0.0,0.0,1.0,783,0.2235,0.0952,0.0,0.0,False,False
413,PE,2026-07-01,1,0.0,0.0,1.0,3095,0.2249,0.0783,0.0,0.0,False,False
413,PF,2026-07-01,1,1.0,0.0,,133,0.1654,0.0732,6.045,0.0,False,False
413,PH,2026-07-01,14,0.1429,0.0,4.5,7309,0.1874,0.0939,0.762,0.0,False,False
413,PL,2026-07-01,3,0.0,0.0,2.0,612,0.1454,0.0749,0.0,0.0,False,False
413,PT,2026-07-01,7,0.0,0.0,3.0,1884,0.1576,0.0638,0.0,0.0,False,False
413,QA,2026-07-01,1,0.0,,1.0,34,0.0882,0.0625,0.0,,False,False
413,RO,2026-07-01,6,0.1667,0.0,2.0,772,0.1788,0.0721,0.932,0.0,False,False
413,RS,2026-07-01,1,0.0,0.0,3.0,647,0.1221,0.0852,0.0,0.0,False,False
413,SA,2026-07-01,4,0.0,0.0,5.0,37,0.0541,0.1429,0.0,0.0,False,False
413,SE,2026-07-01,299,0.1906,0.0489,3.0,597,0.2044,0.0732,0.933,0.668,False,False
413,SV,2026-07-01,2,0.5,0.0,1.0,1010,0.2119,0.0622,2.36,0.0,False,False
413,TH,2026-07-01,16,0.25,0.0714,2.0,1160,0.1767,0.0662,1.415,1.079,False,False
413,TR,2026-07-01,4,0.25,0.0,3.0,2176,0.1489,0.0697,1.679,0.0,False,False
413,TT,2026-07-01,1,0.0,0.0,1.0,432,0.1412,0.101,0.0,0.0,False,False
413,US,2026-07-01,22394,0.1997,0.0645,2.0,100589,0.1931,0.0765,1.035,0.843,True,False
413,VN,2026-07-01,3,0.0,0.0,1.0,734,0.2262,0.0569,0.0,0.0,False,False
413,WS,2026-07-01,1,0.0,0.0,4.0,44,0.3409,0.0476,0.0,0.0,False,False
413,XK,2026-07-01,1,0.0,0.0,1.0,71,0.1831,0.0323,0.0,0.0,False,False
413,ZA,2026-07-01,1,0.0,0.0,1.0,10845,0.156,0.0961,0.0,0.0,False,False
427,AD,2026-07-01,1,1.0,,,60,0.05,0.1778,20.0,,False,False
427,AE,2026-07-01,3,0.0,0.5,2.0,332,0.0843,0.0821,0.0,6.088,False,False
427,AL,2026-07-01,3,0.0,0.0,1.0,232,0.1422,0.087,0.0,0.0,False,False
427,AM,2026-07-01,1,0.0,,2.0,183,0.1421,0.0696,0.0,,False,False
427,AO,2026-07-01,1,0.0,0.0,2.0,982,0.2841,0.0493,0.0,0.0,False,False
427,AT,2026-07-01,3,0.0,0.0,2.0,464,0.125,0.0735,0.0,0.0,False,False
427,AU,2026-07-01,2399,0.1626,0.0695,2.0,7759,0.1647,0.075,0.987,0.927,True,False
427,BD,2026-07-01,2,0.0,0.0,2.5,4156,0.1809,0.0467,0.0,0.0,False,False
427,BE,2026-07-01,9,0.1111,0.125,5.0,1530,0.1673,0.074,0.664,1.688,False,False
427,BG,2026-07-01,1,0.0,0.0,11.0,447,0.1611,0.0673,0.0,0.0,False,False
427,BM,2026-07-01,1,0.0,,1.0,40,0.1,0.2069,0.0,,False,False
427,BN,2026-07-01,1,1.0,0.0,,104,0.125,0.027,8.0,0.0,False,False
427,BR,2026-07-01,1,0.0,0.0,1.0,28386,0.2077,0.072,0.0,0.0,False,False
427,BZ,2026-07-01,2,0.5,0.0,2.0,145,0.2069,0.0899,2.417,0.0,False,False
427,CA,2026-07-01,1176,0.1854,0.0684,2.0,10739,0.1592,0.0911,1.164,0.751,True,False
427,CH,2026-07-01,50,0.28,0.08,5.5,1091,0.187,0.075,1.497,1.067,False,False
427,CO,2026-07-01,6,0.3333,0.0,13.5,8501,0.228,0.0932,1.462,0.0,False,False
427,CR,2026-07-01,5,0.0,0.0,1.0,1324,0.1616,0.1019,0.0,0.0,False,False
427,CY,2026-07-01,1,0.0,,4.0,279,0.1828,0.0414,0.0,,False,False
427,DE,2026-07-01,286,0.1748,0.0839,3.0,4276,0.1915,0.0676,0.913,1.241,False,False
427,DK,2026-07-01,2,0.5,0.0,2.0,300,0.1767,0.0833,2.83,0.0,False,False
427,DO,2026-07-01,5,0.2,0.0,1.0,1850,0.1595,0.0895,1.254,0.0,False,False
427,DZ,2026-07-01,3,0.0,0.0,10.0,327,0.1437,0.1008,0.0,0.0,False,False
427,EC,2026-07-01,2,0.0,0.0,7.0,2211,0.2004,0.0844,0.0,0.0,False,False
427,ES,2026-07-01,437,0.2037,0.0648,2.0,4659,0.1595,0.0886,1.277,0.732,False,False
427,FI,2026-07-01,37,0.2432,0.1622,4.5,374,0.2166,0.0849,1.123,1.911,False,False
427,FR,2026-07-01,395,0.1722,0.0791,2.0,12058,0.1586,0.0879,1.086,0.9,False,False
427,GB,2026-07-01,3852,0.1737,0.0642,2.0,13960,0.1562,0.0803,1.112,0.799,True,False
427,GE,2026-07-01,1,0.0,0.0,6.0,303,0.1848,0.0282,0.0,0.0,False,False
427,GR,2026-07-01,3,0.3333,0.3333,3.0,588,0.1735,0.0662,1.922,5.036,False,False
427,HK,2026-07-01,17,0.2941,0.0625,2.5,482,0.2075,0.0778,1.418,0.803,False,False
427,HN,2026-07-01,1,0.0,0.0,4.0,934,0.2131,0.0594,0.0,0.0,False,False
427,HR,2026-07-01,1,0.0,0.0,30.0,303,0.132,0.061,0.0,0.0,False,False
427,HU,2026-07-01,1,0.0,0.0,2.0,391,0.1867,0.0948,0.0,0.0,False,False
427,ID,2026-07-01,4,0.75,0.0,1.0,1503,0.1677,0.0972,4.473,0.0,False,False
427,IE,2026-07-01,5,0.4,0.0,2.0,1342,0.1699,0.0989,2.354,0.0,False,False
427,IN,2026-07-01,4,0.25,0.0,1.0,39503,0.143,0.0587,1.748,0.0,False,False
427,IT,2026-07-01,649,0.1864,0.054,2.0,4751,0.1924,0.0696,0.969,0.776,True,False
427,JM,2026-07-01,2,0.5,0.0,9.0,1225,0.1739,0.0895,2.876,0.0,False,False
427,JO,2026-07-01,3,0.0,0.0,4.0,12,0.0833,0.125,0.0,0.0,False,False
427,JP,2026-07-01,2,0.5,0.0,2.0,1149,0.2289,0.0631,2.184,0.0,False,False
427,KG,2026-07-01,1,0.0,,1.0,121,0.2066,0.0562,0.0,,False,False
427,KR,2026-07-01,1,0.0,0.0,2.0,1476,0.1897,0.0756,0.0,0.0,False,False
427,LU,2026-07-01,13,0.3077,0.3077,6.0,163,0.1656,0.0693,1.858,4.44,False,False
427,LV,2026-07-01,1,0.0,0.0,1.0,200,0.195,0.0299,0.0,0.0,False,False
427,MC,2026-07-01,1,0.0,,1.0,12,0.0,0.1667,,,False,False
427,MK,2026-07-01,2,0.0,0.0,2.0,163,0.1043,0.0364,0.0,0.0,False,False
427,MO,2026-07-01,1,0.0,0.0,5.0,26,0.0,0.0435,,0.0,False,False
427,MX,2026-07-01,22,0.0455,0.1818,3.0,11961,0.1868,0.0787,0.243,2.31,False,False
427,MY,2026-07-01,2,0.0,,11.0,2668,0.1762,0.0699,0.0,,False,False
427,NL,2026-07-01,103,0.1553,0.0928,3.0,2695,0.2096,0.0669,0.741,1.387,False,False
427,NO,2026-07-01,86,0.2093,0.1294,3.0,350,0.14,0.0664,1.495,1.95,False,False
427,NZ,2026-07-01,474,0.1667,0.0854,2.0,1972,0.1537,0.0852,1.085,1.002,False,False
427,PA,2026-07-01,2,0.0,0.0,3.0,783,0.2235,0.0952,0.0,0.0,False,False
427,PE,2026-07-01,3,0.6667,0.0,7.0,3095,0.2249,0.0783,2.965,0.0,False,False
427,PF,2026-07-01,1,0.0,0.0,1.0,133,0.1654,0.0732,0.0,0.0,False,False
427,PH,2026-07-01,8,0.125,0.0,4.0,7309,0.1874,0.0939,0.667,0.0,False,False
427,PK,2026-07-01,1,0.0,0.0,8.0,89,0.0562,0.0147,0.0,0.0,False,False
427,PL,2026-07-01,5,0.4,0.0,3.0,612,0.1454,0.0749,2.751,0.0,False,False
427,PR,2026-07-01,8,0.25,0.0,8.0,999,0.2072,0.084,1.207,0.0,False,False
427,PT,2026-07-01,7,0.0,0.2,4.0,1884,0.1576,0.0638,0.0,3.134,False,False
427,QA,2026-07-01,1,0.0,,1.0,34,0.0882,0.0625,0.0,,False,False
427,RO,2026-07-01,3,0.0,0.0,1.0,772,0.1788,0.0721,0.0,0.0,False,False
427,RS,2026-07-01,1,0.0,0.0,2.0,647,0.1221,0.0852,0.0,0.0,False,False
427,SA,2026-07-01,1,0.0,,1.0,37,0.0541,0.1429,0.0,,False,False
427,SE,2026-07-01,82,0.0854,0.0488,2.0,597,0.2044,0.0732,0.418,0.666,False,False
427,SG,2026-07-01,2,0.5,,11.0,1324,0.1798,0.0757,2.782,,False,False
427,TH,2026-07-01,18,0.0556,0.0625,3.0,1160,0.1767,0.0662,0.314,0.944,False,False
427,TR,2026-07-01,4,0.25,0.0,3.0,2176,0.1489,0.0697,1.679,0.0,False,False
427,US,2026-07-01,24082,0.1877,0.0702,2.0,100589,0.1931,0.0765,0.972,0.917,True,False
427,UY,2026-07-01,1,0.0,0.0,3.0,1056,0.1619,0.1014,0.0,0.0,False,False
427,VN,2026-07-01,2,0.0,0.0,3.5,734,0.2262,0.0569,0.0,0.0,False,False
427,XK,2026-07-01,1,0.0,0.0,4.0,71,0.1831,0.0323,0.0,0.0,False,False
427,ZA,2026-07-01,1,0.0,0.0,1.0,10845,0.156,0.0961,0.0,0.0,False,False
523,AE,2026-07-01,33,0.2121,0.0,1.0,332,0.0843,0.0821,2.515,0.0,False,False
523,AG,2026-07-01,3,0.3333,0.0,1.0,49,0.1633,0.0541,2.042,0.0,False,False
523,AI,2026-07-01,1,0.0,1.0,35.0,28,0.0714,0.15,0.0,6.667,False,False
523,AL,2026-07-01,22,0.3182,0.0,1.0,232,0.1422,0.087,2.237,0.0,False,False
523,AM,2026-07-01,2,0.0,0.5,52.0,183,0.1421,0.0696,0.0,7.188,False,False
523,AO,2026-07-01,91,0.2527,0.0,1.0,982,0.2841,0.0493,0.89,0.0,False,False
523,AR,2026-07-01,97,0.2887,0.0,1.0,2906,0.1672,0.1006,1.726,0.0,False,False
523,AT,2026-07-01,16,0.3125,0.0,1.0,464,0.125,0.0735,2.5,0.0,False,False
523,AU,2026-07-01,903,0.2049,0.0169,1.0,7759,0.1647,0.075,1.244,0.225,True,False
523,AZ,2026-07-01,7,0.4286,0.0,3.5,410,0.2732,0.023,1.569,0.0,False,False
523,BB,2026-07-01,3,0.6667,0.0,1.0,114,0.1491,0.0921,4.471,0.0,False,False
523,BD,2026-07-01,205,0.3073,0.0127,1.0,4156,0.1809,0.0467,1.698,0.273,False,False
523,BE,2026-07-01,80,0.1625,0.0,1.0,1530,0.1673,0.074,0.971,0.0,False,False
523,BF,2026-07-01,53,0.3962,0.0323,1.0,693,0.1616,0.0866,2.452,0.372,False,False
523,BG,2026-07-01,18,0.2222,0.0909,2.0,447,0.1611,0.0673,1.38,1.351,False,False
523,BH,2026-07-01,2,0.0,0.0,6.0,21,0.0476,0.0,0.0,,False,False
523,BJ,2026-07-01,17,0.2941,0.0,1.0,2992,0.1695,0.0505,1.736,0.0,False,False
523,BO,2026-07-01,9,0.2222,0.0,1.0,776,0.2371,0.0545,0.937,0.0,False,False
523,BR,2026-07-01,19990,0.2163,0.0151,1.0,28386,0.2077,0.072,1.042,0.209,True,False
523,BS,2026-07-01,12,0.25,0.0,1.0,206,0.1845,0.0963,1.355,0.0,False,False
523,BT,2026-07-01,7,0.0,0.0,1.0,178,0.2753,0.05,0.0,0.0,False,False
523,BW,2026-07-01,27,0.2222,0.0,1.0,838,0.173,0.0613,1.284,0.0,False,False
523,BZ,2026-07-01,5,0.6,0.0,1.0,145,0.2069,0.0899,2.9,0.0,False,False
523,CA,2026-07-01,3924,0.1527,0.0147,1.0,10739,0.1592,0.0911,0.959,0.161,True,False
523,CH,2026-07-01,103,0.3495,0.0,1.0,1091,0.187,0.075,1.869,0.0,False,False
523,CI,2026-07-01,91,0.3407,0.0,1.0,5872,0.1475,0.0866,2.31,0.0,False,False
523,CK,2026-07-01,2,0.0,,1.0,18,0.1111,0.0,0.0,,False,False
523,CL,2026-07-01,171,0.2749,0.0097,1.0,3531,0.1781,0.083,1.543,0.117,False,False
523,CM,2026-07-01,92,0.2174,0.0,1.0,4789,0.1437,0.0832,1.513,0.0,False,False
523,CN,2026-07-01,10,0.4,0.0,1.0,285,0.4456,0.03,0.898,0.0,False,False
523,CO,2026-07-01,276,0.308,0.0,1.0,8501,0.228,0.0932,1.351,0.0,False,False
523,CR,2026-07-01,38,0.3947,0.1111,1.0,1324,0.1616,0.1019,2.442,1.09,False,False
523,CV,2026-07-01,33,0.303,0.0,1.0,174,0.1494,0.0732,2.028,0.0,False,False
523,CY,2026-07-01,2,1.0,0.0,,279,0.1828,0.0414,5.471,0.0,False,False
523,CZ,2026-07-01,6,0.1667,0.0,2.0,237,0.173,0.1149,0.963,0.0,False,False
523,DE,2026-07-01,1282,0.2629,0.0071,1.0,4276,0.1915,0.0676,1.372,0.105,True,True
523,DK,2026-07-01,2,0.0,0.0,1.5,300,0.1767,0.0833,0.0,0.0,False,False
523,DO,2026-07-01,175,0.2857,0.0099,1.0,1850,0.1595,0.0895,1.792,0.111,False,False
523,DZ,2026-07-01,2,0.0,0.0,6.0,327,0.1437,0.1008,0.0,0.0,False,False
523,EC,2026-07-01,9,0.2222,0.0,3.0,2211,0.2004,0.0844,1.109,0.0,False,False
523,EE,2026-07-01,9,0.1111,0.0,1.5,134,0.1791,0.0816,0.62,0.0,False,False
523,ES,2026-07-01,71,0.2254,0.0,1.0,4659,0.1595,0.0886,1.413,0.0,False,False
523,ET,2026-07-01,1,0.0,1.0,33.0,2,0.0,0.0,,,False,False
523,FI,2026-07-01,129,0.2713,0.0,1.0,374,0.2166,0.0849,1.253,0.0,False,False
523,FJ,2026-07-01,19,0.1579,0.125,1.0,869,0.2854,0.039,0.553,3.208,False,False
523,FM,2026-07-01,1,1.0,,,39,0.2308,0.0417,4.333,,False,False
523,FR,2026-07-01,665,0.2586,0.0155,1.0,12058,0.1586,0.0879,1.631,0.177,True,True
523,GA,2026-07-01,9,0.3333,0.0,4.0,335,0.1493,0.0813,2.233,0.0,False,False
523,GB,2026-07-01,5900,0.2137,0.0194,1.0,13960,0.1562,0.0803,1.368,0.242,True,True
523,GE,2026-07-01,1,0.0,0.0,2.0,303,0.1848,0.0282,0.0,0.0,False,False
523,GF,2026-07-01,3,0.3333,,1.0,165,0.1152,0.0577,2.895,,False,False
523,GM,2026-07-01,149,0.3154,0.0213,1.0,240,0.1958,0.0298,1.611,0.715,False,False
523,GN,2026-07-01,42,0.4048,0.0,1.0,679,0.1591,0.0425,2.545,0.0,False,False
523,GQ,2026-07-01,5,0.0,0.0,1.0,104,0.2596,0.0548,0.0,0.0,False,False
523,GR,2026-07-01,16,0.3125,0.0,1.0,588,0.1735,0.0662,1.801,0.0,False,False
523,GT,2026-07-01,13,0.4615,0.0,1.0,569,0.2021,0.0813,2.284,0.0,False,False
523,GU,2026-07-01,4,0.0,0.0,3.0,99,0.202,0.0303,0.0,0.0,False,False
523,GY,2026-07-01,114,0.2719,0.0253,1.0,499,0.2465,0.0313,1.103,0.808,False,False
523,HK,2026-07-01,60,0.25,0.0,1.0,482,0.2075,0.0778,1.205,0.0,False,False
523,HN,2026-07-01,73,0.4932,0.0,1.0,934,0.2131,0.0594,2.315,0.0,False,False
523,HR,2026-07-01,5,0.2,0.0,1.5,303,0.132,0.061,1.515,0.0,False,False
523,HU,2026-07-01,1,0.0,0.0,1.0,391,0.1867,0.0948,0.0,0.0,False,False
523,ID,2026-07-01,487,0.3634,0.0141,1.0,1503,0.1677,0.0972,2.168,0.145,False,False
523,IE,2026-07-01,11,0.2727,0.0,1.0,1342,0.1699,0.0989,1.605,0.0,False,False
523,IL,2026-07-01,3,0.3333,0.0,1.0,837,0.1756,0.0884,1.898,0.0,False,False
523,IN,2026-07-01,181,0.1713,0.0254,1.0,39503,0.143,0.0587,1.198,0.433,False,False
523,IQ,2026-07-01,2,0.5,,1.0,1,0.0,,,,False,False
523,IR,2026-07-01,1,0.0,0.0,1.0,1,0.0,0.0,,,False,False
523,IT,2026-07-01,111,0.2523,0.04,1.0,4751,0.1924,0.0696,1.311,0.575,False,False
523,JE,2026-07-01,1,0.0,0.0,2.0,38,0.1579,0.0714,0.0,0.0,False,False
523,JM,2026-07-01,18,0.3889,0.0,1.0,1225,0.1739,0.0895,2.237,0.0,False,False
523,JO,2026-07-01,2,0.5,0.0,1.0,12,0.0833,0.125,6.0,0.0,False,False
523,JP,2026-07-01,33,0.2121,0.0,1.0,1149,0.2289,0.0631,0.927,0.0,False,False
523,KE,2026-07-01,2,0.0,0.0,2.5,7193,0.1552,0.0594,0.0,0.0,False,False
523,KH,2026-07-01,5,0.6,0.0,1.5,168,0.125,0.0521,4.8,0.0,False,False
523,KI,2026-07-01,37,0.2973,0.0,1.0,108,0.2778,0.0,1.07,,False,False
523,KM,2026-07-01,1,1.0,,,73,0.1096,0.125,9.125,,False,False
523,KR,2026-07-01,325,0.2277,0.0077,1.0,1476,0.1897,0.0756,1.2,0.102,False,False
523,KY,2026-07-01,6,0.3333,0.0,1.5,64,0.1406,0.0638,2.37,0.0,False,False
523,KZ,2026-07-01,9,0.3333,0.0,1.0,75,0.1867,0.2549,1.786,0.0,False,False
523,LA,2026-07-01,51,0.3137,0.0,1.0,172,0.2442,0.0185,1.285,0.0,False,False
523,LC,2026-07-01,1,0.0,0.0,1.0,65,0.1538,0.0625,0.0,0.0,False,False
523,LK,2026-07-01,1,0.0,0.0,1.0,400,0.1925,0.105,0.0,0.0,False,False
523,LS,2026-07-01,2,0.5,0.0,2.0,184,0.2826,0.0462,1.769,0.0,False,False
523,LT,2026-07-01,9,0.3333,0.0,1.0,183,0.1038,0.0448,3.211,0.0,False,False
523,LU,2026-07-01,1,0.0,0.0,1.0,163,0.1656,0.0693,0.0,0.0,False,False
523,LV,2026-07-01,15,0.2,0.0,1.0,200,0.195,0.0299,1.026,0.0,False,False
523,MD,2026-07-01,6,0.3333,0.0,1.0,168,0.2024,0.041,1.647,0.0,False,False
523,ME,2026-07-01,1,0.0,,1.0,93,0.0753,0.0727,0.0,,False,False
523,MG,2026-07-01,43,0.186,0.0,1.0,1754,0.1465,0.0749,1.27,0.0,False,False
523,MH,2026-07-01,4,0.5,0.0,1.0,23,0.3043,0.0,1.643,,False,False
523,MN,2026-07-01,8,0.375,0.0,1.0,163,0.3252,0.0089,1.153,0.0,False,False
523,MQ,2026-07-01,1,0.0,0.0,2.0,401,0.192,0.056,0.0,0.0,False,False
523,MR,2026-07-01,6,0.3333,0.0,1.0,212,0.2075,0.0641,1.606,0.0,False,False
523,MT,2026-07-01,1,1.0,0.0,,179,0.1508,0.0583,6.63,0.0,False,False
523,MV,2026-07-01,1,0.0,0.0,1.0,79,0.2405,0.0,0.0,,False,False
523,MW,2026-07-01,1,0.0,0.0,1.0,109,0.211,0.0482,0.0,0.0,False,False
523,MX,2026-07-01,5139,0.3003,0.009,1.0,11961,0.1868,0.0787,1.608,0.114,True,True
523,MY,2026-07-01,85,0.1529,0.0,1.0,2668,0.1762,0.0699,0.868,0.0,False,False
523,MZ,2026-07-01,10,0.4,0.0,1.5,1686,0.2432,0.0447,1.645,0.0,False,False
523,NA,2026-07-01,1,1.0,0.0,,1461,0.1992,0.0563,5.021,0.0,False,False
523,NE,2026-07-01,450,0.4356,0.0,1.0,437,0.1739,0.0449,2.504,0.0,False,False
523,NG,2026-07-01,1,0.0,0.0,3.0,2,0.0,0.0,,,False,False
523,NL,2026-07-01,705,0.2624,0.0128,1.0,2695,0.2096,0.0669,1.252,0.191,True,False
523,NO,2026-07-01,76,0.2105,0.0,1.0,350,0.14,0.0664,1.504,0.0,False,False
523,NP,2026-07-01,55,0.2727,0.0,1.0,8,0.0,0.0,,,False,False
523,NZ,2026-07-01,198,0.2677,0.0138,1.0,1972,0.1537,0.0852,1.742,0.162,False,False
523,OM,2026-07-01,20,0.25,0.0,1.0,75,0.1467,0.027,1.705,0.0,False,False
523,PA,2026-07-01,11,0.3636,0.0,2.0,783,0.2235,0.0952,1.627,0.0,False,False
523,PE,2026-07-01,91,0.3187,0.0317,1.0,3095,0.2249,0.0783,1.417,0.406,False,False
523,PG,2026-07-01,1,1.0,0.0,,1715,0.2799,0.0682,3.573,0.0,False,False
523,PH,2026-07-01,221,0.267,0.0263,1.0,7309,0.1874,0.0939,1.424,0.28,False,False
523,PK,2026-07-01,212,0.2453,0.0,1.0,89,0.0562,0.0147,4.366,0.0,False,False
523,PL,2026-07-01,54,0.1481,0.0,1.0,612,0.1454,0.0749,1.019,0.0,False,False
523,PR,2026-07-01,134,0.2463,0.0114,1.0,999,0.2072,0.084,1.189,0.135,False,False
523,PT,2026-07-01,2179,0.218,0.0333,1.0,1884,0.1576,0.0638,1.383,0.523,True,True
523,PW,2026-07-01,2,0.0,0.0,1.5,19,0.1579,0.0,0.0,,False,False
523,PY,2026-07-01,22,0.2727,0.0,1.0,706,0.2125,0.0851,1.284,0.0,False,False
523,QA,2026-07-01,5,0.6,0.0,1.0,34,0.0882,0.0625,6.8,0.0,False,False
523,RE,2026-07-01,1,0.0,,1.0,398,0.1734,0.08,0.0,,False,False
523,RO,2026-07-01,288,0.3299,0.0112,1.0,772,0.1788,0.0721,1.845,0.156,False,False
523,RS,2026-07-01,28,0.2857,0.0,1.0,647,0.1221,0.0852,2.34,0.0,False,False
523,RU,2026-07-01,11,0.0909,0.0,1.0,16,0.3125,0.0,0.291,,False,False
523,SA,2026-07-01,30,0.1,0.0526,1.0,37,0.0541,0.1429,1.85,0.368,False,False
523,SB,2026-07-01,32,0.5,0.0,1.0,103,0.2816,0.0164,1.776,0.0,False,False
523,SC,2026-07-01,3,0.3333,0.0,1.5,82,0.0976,0.1053,3.417,0.0,False,False
523,SE,2026-07-01,168,0.2202,0.0339,1.0,597,0.2044,0.0732,1.078,0.463,False,False
523,SG,2026-07-01,655,0.2733,0.0126,1.0,1324,0.1798,0.0757,1.52,0.166,True,True
523,SK,2026-07-01,2,0.0,0.0,3.0,155,0.1613,0.0795,0.0,0.0,False,False
523,SN,2026-07-01,107,0.3832,0.0,1.0,4734,0.1432,0.108,2.675,0.0,False,False
523,ST,2026-07-01,3,0.3333,0.0,1.5,19,0.0526,0.0714,6.333,0.0,False,False
523,SV,2026-07-01,52,0.1538,0.0,1.0,1010,0.2119,0.0622,0.726,0.0,False,False
523,SX,2026-07-01,5,0.2,0.0,2.0,56,0.2143,0.0833,0.933,0.0,False,False
523,SY,2026-07-01,1,0.0,,1.0,,,,,,False,False
523,SZ,2026-07-01,2,0.5,0.0,2.0,194,0.3351,0.037,1.492,0.0,False,False
523,TC,2026-07-01,1,1.0,0.0,,43,0.0698,0.0968,14.333,0.0,False,False
523,TD,2026-07-01,90,0.3,0.0,1.0,336,0.1815,0.0415,1.652,0.0,False,False
523,TH,2026-07-01,12,0.1667,0.0,1.0,1160,0.1767,0.0662,0.943,0.0,False,False
523,TJ,2026-07-01,3,0.0,0.0,1.0,51,0.1961,0.0,0.0,,False,False
523,TL,2026-07-01,18,0.2778,0.0,1.0,78,0.2692,0.0161,1.032,0.0,False,False
523,TM,2026-07-01,1,0.0,0.0,7.0,4,0.5,0.5,0.0,0.0,False,False
523,TO,2026-07-01,4,0.25,0.0,1.0,26,0.2692,0.0,0.929,,False,False
523,TR,2026-07-01,206,0.3204,0.0085,1.0,2176,0.1489,0.0697,2.152,0.122,False,False
523,TT,2026-07-01,34,0.2353,0.0,1.5,432,0.1412,0.101,1.666,0.0,False,False
523,TV,2026-07-01,2,1.0,,,7,0.1429,0.0,7.0,,False,False
523,TW,2026-07-01,299,0.1338,0.0,1.0,430,0.1791,0.0671,0.747,0.0,False,False
523,TZ,2026-07-01,3,0.0,0.3333,8.0,1349,0.1572,0.057,0.0,5.853,False,False
523,UG,2026-07-01,2,0.0,0.0,2.5,4383,0.1369,0.0657,0.0,0.0,False,False
523,US,2026-07-01,29547,0.2638,0.021,1.0,100589,0.1931,0.0765,1.366,0.274,True,True
523,UY,2026-07-01,1,1.0,,,1056,0.1619,0.1014,6.175,,False,False
523,UZ,2026-07-01,61,0.3443,0.0,1.0,440,0.2659,0.0478,1.295,0.0,False,False
523,VC,2026-07-01,1,0.0,0.0,2.0,48,0.2083,0.0385,0.0,0.0,False,False
523,VI,2026-07-01,7,0.4286,0.0,1.0,60,0.3,0.0571,1.429,0.0,False,False
523,VN,2026-07-01,1426,0.2216,0.0056,1.0,734,0.2262,0.0569,0.98,0.099,True,False
523,VU,2026-07-01,12,0.1667,0.0909,1.0,45,0.3556,0.0,0.469,,False,False
523,WS,2026-07-01,1,1.0,0.0,,44,0.3409,0.0476,2.933,0.0,False,False
523,XK,2026-07-01,1,0.0,0.0,1.0,71,0.1831,0.0323,0.0,0.0,False,False
523,YT,2026-07-01,6,0.1667,0.0,2.0,72,0.0833,0.08,2.0,0.0,False,False
523,ZA,2026-07-01,8,0.125,0.0,1.0,10845,0.156,0.0961,0.801,0.0,False,False
523,ZM,2026-07-01,31,0.2903,0.0526,2.0,913,0.2026,0.0574,1.433,0.917,False,False
612,AE,2026-07-01,6,0.0,0.2,2.5,332,0.0843,0.0821,0.0,2.435,False,False
612,AO,2026-07-01,1,0.0,0.0,3.0,982,0.2841,0.0493,0.0,0.0,False,False
612,AR,2026-07-01,2,0.5,0.0,1.0,2906,0.1672,0.1006,2.99,0.0,False,False
612,AT,2026-07-01,5,0.2,0.0,2.0,464,0.125,0.0735,1.6,0.0,False,False
612,AU,2026-07-01,283,0.1343,0.1029,3.0,7759,0.1647,0.075,0.815,1.373,False,False
612,AX,2026-07-01,1,0.0,0.0,29.0,22,0.0,0.0,,,False,False
612,AZ,2026-07-01,2,0.0,0.5,15.5,410,0.2732,0.023,0.0,21.714,False,False
612,BE,2026-07-01,33,0.2121,0.0769,2.5,1530,0.1673,0.074,1.268,1.039,False,False
612,BR,2026-07-01,2,0.0,0.0,5.0,28386,0.2077,0.072,0.0,0.0,False,False
612,CA,2026-07-01,196,0.1122,0.1095,3.0,10739,0.1592,0.0911,0.705,1.202,False,False
612,CH,2026-07-01,11,0.1818,0.0,1.0,1091,0.187,0.075,0.972,0.0,False,False
612,CO,2026-07-01,4,0.0,0.5,1.5,8501,0.228,0.0932,0.0,5.366,False,False
612,DE,2026-07-01,340,0.1647,0.085,2.0,4276,0.1915,0.0676,0.86,1.256,False,False
612,DK,2026-07-01,37,0.0541,0.0741,2.0,300,0.1767,0.0833,0.306,0.889,False,False
612,DM,2026-07-01,1,0.0,0.0,9.0,27,0.2222,0.0455,0.0,0.0,False,False
612,DO,2026-07-01,1,1.0,,,1850,0.1595,0.0895,6.271,,False,False
612,DZ,2026-07-01,1,0.0,,1.0,327,0.1437,0.1008,0.0,,False,False
612,ES,2026-07-01,186,0.2258,0.0692,2.0,4659,0.1595,0.0886,1.416,0.782,False,False
612,FI,2026-07-01,8,0.125,0.0,2.0,374,0.2166,0.0849,0.577,0.0,False,False
612,FR,2026-07-01,147,0.1293,0.0614,2.0,12058,0.1586,0.0879,0.815,0.699,False,False
612,GB,2026-07-01,261,0.1303,0.1198,3.0,13960,0.1562,0.0803,0.834,1.491,False,False
612,GM,2026-07-01,1,0.0,1.0,83.0,240,0.1958,0.0298,0.0,33.6,False,False
612,GP,2026-07-01,1,0.0,0.0,1.0,417,0.1871,0.126,0.0,0.0,False,False
612,HK,2026-07-01,1,0.0,0.0,7.0,482,0.2075,0.0778,0.0,0.0,False,False
612,HN,2026-07-01,2,0.0,0.0,10.5,934,0.2131,0.0594,0.0,0.0,False,False
612,IE,2026-07-01,39,0.0256,0.0968,4.0,1342,0.1699,0.0989,0.151,0.979,False,False
612,IL,2026-07-01,1,0.0,,1.0,837,0.1756,0.0884,0.0,,False,False
612,IN,2026-07-01,16,0.375,0.0,1.5,39503,0.143,0.0587,2.622,0.0,False,False
612,IT,2026-07-01,55,0.1273,0.037,2.0,4751,0.1924,0.0696,0.662,0.532,False,False
612,JP,2026-07-01,2,0.5,0.0,1.0,1149,0.2289,0.0631,2.184,0.0,False,False
612,KE,2026-07-01,1,1.0,,,7193,0.1552,0.0594,6.445,,False,False
612,MA,2026-07-01,1,0.0,0.0,1.0,58,0.0517,0.1,0.0,0.0,False,False
612,MF,2026-07-01,1,0.0,,19.0,7,0.4286,0.25,0.0,,False,False
612,MQ,2026-07-01,2,0.0,0.0,1.0,401,0.192,0.056,0.0,0.0,False,False
612,MX,2026-07-01,12,0.3333,0.1111,1.5,11961,0.1868,0.0787,1.785,1.411,False,False
612,NL,2026-07-01,394,0.1599,0.0433,2.0,2695,0.2096,0.0669,0.763,0.648,False,False
612,NO,2026-07-01,74,0.2027,0.0385,2.0,350,0.14,0.0664,1.448,0.579,False,False
612,NZ,2026-07-01,95,0.1684,0.1045,3.0,1972,0.1537,0.0852,1.096,1.227,False,False
612,PH,2026-07-01,5,0.4,,1.0,7309,0.1874,0.0939,2.134,,False,False
612,PK,2026-07-01,2,0.5,0.0,2.0,89,0.0562,0.0147,8.9,0.0,False,False
612,PL,2026-07-01,3,0.3333,0.0,1.0,612,0.1454,0.0749,2.292,0.0,False,False
612,PT,2026-07-01,4,0.25,0.0,1.0,1884,0.1576,0.0638,1.586,0.0,False,False
612,RE,2026-07-01,1,0.0,0.0,13.0,398,0.1734,0.08,0.0,0.0,False,False
612,RO,2026-07-01,6,0.1667,0.0,2.0,772,0.1788,0.0721,0.932,0.0,False,False
612,RU,2026-07-01,1,0.0,,4.0,16,0.3125,0.0,0.0,,False,False
612,SE,2026-07-01,110,0.1818,0.0833,1.5,597,0.2044,0.0732,0.89,1.138,False,False
612,SG,2026-07-01,7,0.1429,0.0,2.5,1324,0.1798,0.0757,0.795,0.0,False,False
612,TG,2026-07-01,1,1.0,,,968,0.1198,0.0786,8.345,,False,False
612,TJ,2026-07-01,1,0.0,1.0,26.0,51,0.1961,0.0,0.0,,False,False
612,TR,2026-07-01,1,0.0,0.0,24.0,2176,0.1489,0.0697,0.0,0.0,False,False
612,TT,2026-07-01,1,0.0,0.0,1.0,432,0.1412,0.101,0.0,0.0,False,False
612,UG,2026-07-01,1,0.0,0.0,5.0,4383,0.1369,0.0657,0.0,0.0,False,False
612,US,2026-07-01,2601,0.1638,0.0817,2.0,100589,0.1931,0.0765,0.848,1.067,True,False
612,UY,2026-07-01,1,0.0,0.0,2.0,1056,0.1619,0.1014,0.0,0.0,False,False
719,AE,2026-07-01,1,0.0,1.0,3.0,332,0.0843,0.0821,0.0,12.176,False,False
719,AL,2026-07-01,2,0.0,0.0,6.5,232,0.1422,0.087,0.0,0.0,False,False
719,AQ,2026-07-01,1,0.0,,169.0,5,0.0,0.0,,,False,False
719,AS,2026-07-01,1,0.0,0.0,1.0,33,0.1818,0.0714,0.0,0.0,False,False
719,AT,2026-07-01,1,0.0,0.0,1.0,464,0.125,0.0735,0.0,0.0,False,False
719,AU,2026-07-01,1226,0.1713,0.0536,2.0,7759,0.1647,0.075,1.04,0.715,True,False
719,AX,2026-07-01,2,0.0,0.0,16.5,22,0.0,0.0,,,False,False
719,AZ,2026-07-01,8,0.25,0.0,1.0,410,0.2732,0.023,0.915,0.0,False,False
719,BE,2026-07-01,84,0.2262,0.0862,2.0,1530,0.1673,0.074,1.352,1.164,False,False
719,BG,2026-07-01,1,1.0,0.0,,447,0.1611,0.0673,6.208,0.0,False,False
719,BO,2026-07-01,2,0.5,0.0,1.0,776,0.2371,0.0545,2.109,0.0,False,False
719,BR,2026-07-01,2,0.0,0.0,5.0,28386,0.2077,0.072,0.0,0.0,False,False
719,CA,2026-07-01,781,0.1524,0.0856,2.0,10739,0.1592,0.0911,0.957,0.94,True,False
719,CH,2026-07-01,23,0.1304,0.0,3.0,1091,0.187,0.075,0.698,0.0,False,False
719,CO,2026-07-01,11,0.2727,0.0,1.0,8501,0.228,0.0932,1.196,0.0,False,False
719,CR,2026-07-01,1,0.0,,4.0,1324,0.1616,0.1019,0.0,,False,False
719,CZ,2026-07-01,1,0.0,0.0,8.0,237,0.173,0.1149,0.0,0.0,False,False
719,DE,2026-07-01,7,0.2857,0.0,4.0,4276,0.1915,0.0676,1.492,0.0,False,False
719,DK,2026-07-01,1,0.0,,2.0,300,0.1767,0.0833,0.0,,False,False
719,DO,2026-07-01,10,0.1,0.1429,2.0,1850,0.1595,0.0895,0.627,1.597,False,False
719,DZ,2026-07-01,1,0.0,0.0,9.0,327,0.1437,0.1008,0.0,0.0,False,False
719,EC,2026-07-01,4,0.25,0.3333,3.0,2211,0.2004,0.0844,1.248,3.948,False,False
719,ES,2026-07-01,1,0.0,0.0,2.0,4659,0.1595,0.0886,0.0,0.0,False,False
719,FI,2026-07-01,34,0.1471,0.0417,3.0,374,0.2166,0.0849,0.679,0.491,False,False
719,FR,2026-07-01,4,0.0,0.0,2.5,12058,0.1586,0.0879,0.0,0.0,False,False
719,GB,2026-07-01,2840,0.1451,0.0842,2.0,13960,0.1562,0.0803,0.929,1.048,True,False
719,HK,2026-07-01,1,0.0,,1.0,482,0.2075,0.0778,0.0,,False,False
719,HU,2026-07-01,18,0.2778,0.1538,2.0,391,0.1867,0.0948,1.488,1.622,False,False
719,ID,2026-07-01,2,0.5,,1.0,1503,0.1677,0.0972,2.982,,False,False
719,IE,2026-07-01,247,0.166,0.1024,3.0,1342,0.1699,0.0989,0.977,1.036,False,False
719,IL,2026-07-01,36,0.1111,0.0357,3.0,837,0.1756,0.0884,0.633,0.404,False,False
719,IN,2026-07-01,8,0.125,0.0,2.0,39503,0.143,0.0587,0.874,0.0,False,False
719,IT,2026-07-01,2,0.5,0.0,1.0,4751,0.1924,0.0696,2.599,0.0,False,False
719,JM,2026-07-01,4,0.25,0.0,1.0,1225,0.1739,0.0895,1.438,0.0,False,False
719,LI,2026-07-01,1,0.0,0.0,1.0,4,0.25,0.0,0.0,,False,False
719,LU,2026-07-01,1,0.0,0.0,16.0,163,0.1656,0.0693,0.0,0.0,False,False
719,MA,2026-07-01,1,1.0,,,58,0.0517,0.1,19.333,,False,False
719,MK,2026-07-01,2,0.0,0.0,2.0,163,0.1043,0.0364,0.0,0.0,False,False
719,MX,2026-07-01,5,0.2,0.0,1.5,11961,0.1868,0.0787,1.071,0.0,False,False
719,MY,2026-07-01,1,0.0,,7.0,2668,0.1762,0.0699,0.0,,False,False
719,NL,2026-07-01,148,0.1081,0.0485,3.0,2695,0.2096,0.0669,0.516,0.726,False,False
719,NO,2026-07-01,48,0.25,0.0938,4.0,350,0.14,0.0664,1.786,1.412,False,False
719,NZ,2026-07-01,369,0.1572,0.1134,2.0,1972,0.1537,0.0852,1.023,1.332,False,False
719,PE,2026-07-01,4,0.0,0.0,4.0,3095,0.2249,0.0783,0.0,0.0,False,False
719,PK,2026-07-01,1,0.0,0.0,1.0,89,0.0562,0.0147,0.0,0.0,False,False
719,PL,2026-07-01,1,1.0,0.0,,612,0.1454,0.0749,6.876,0.0,False,False
719,PT,2026-07-01,76,0.2368,0.1136,2.0,1884,0.1576,0.0638,1.502,1.781,False,False
719,RO,2026-07-01,3,0.0,0.0,3.0,772,0.1788,0.0721,0.0,0.0,False,False
719,SB,2026-07-01,1,0.0,0.0,1.0,103,0.2816,0.0164,0.0,0.0,False,False
719,SE,2026-07-01,62,0.2419,0.0476,2.0,597,0.2044,0.0732,1.184,0.65,False,False
719,SG,2026-07-01,4,0.0,0.0,2.0,1324,0.1798,0.0757,0.0,0.0,False,False
719,SV,2026-07-01,1,0.0,0.0,3.0,1010,0.2119,0.0622,0.0,0.0,False,False
719,TH,2026-07-01,2,0.0,0.0,16.0,1160,0.1767,0.0662,0.0,0.0,False,False
719,TT,2026-07-01,3,0.3333,0.0,4.5,432,0.1412,0.101,2.361,0.0,False,False
719,US,2026-07-01,5537,0.1642,0.0789,3.0,100589,0.1931,0.0765,0.85,1.031,True,False
719,VI,2026-07-01,1,0.0,,1.0,60,0.3,0.0571,0.0,,False,False
730,AD,2026-07-01,6,0.1667,0.0,6.0,60,0.05,0.1778,3.333,0.0,False,False
730,AE,2026-07-01,139,0.1223,0.0886,2.5,332,0.0843,0.0821,1.45,1.079,False,False
730,AG,2026-07-01,3,0.3333,0.0,18.0,49,0.1633,0.0541,2.042,0.0,False,False
730,AI,2026-07-01,1,0.0,0.0,1.0,28,0.0714,0.15,0.0,0.0,False,False
730,AL,2026-07-01,19,0.2105,0.0,1.0,232,0.1422,0.087,1.48,0.0,False,False
730,AM,2026-07-01,7,0.2857,0.0,3.0,183,0.1421,0.0696,2.011,0.0,False,False
730,AS,2026-07-01,1,0.0,0.0,1.0,33,0.1818,0.0714,0.0,0.0,False,False
730,AT,2026-07-01,27,0.2963,0.0833,3.0,464,0.125,0.0735,2.37,1.134,False,False
730,AU,2026-07-01,134,0.1567,0.093,3.0,7759,0.1647,0.075,0.951,1.241,False,False
730,AW,2026-07-01,20,0.25,0.2,3.0,83,0.2048,0.1311,1.221,1.525,False,False
730,AX,2026-07-01,2,0.0,0.0,4.5,22,0.0,0.0,,,False,False
730,AZ,2026-07-01,9,0.4444,0.0,5.0,410,0.2732,0.023,1.627,0.0,False,False
730,BB,2026-07-01,20,0.1,0.1538,3.0,114,0.1491,0.0921,0.671,1.67,False,False
730,BE,2026-07-01,167,0.1856,0.1176,3.0,1530,0.1673,0.074,1.109,1.589,False,False
730,BG,2026-07-01,49,0.0816,0.087,3.0,447,0.1611,0.0673,0.507,1.292,False,False
730,BH,2026-07-01,12,0.1667,0.25,1.5,21,0.0476,0.0,3.5,,False,False
730,BJ,2026-07-01,8,0.0,0.0,2.0,2992,0.1695,0.0505,0.0,0.0,False,False
730,BM,2026-07-01,10,0.2,0.0,8.5,40,0.1,0.2069,2.0,0.0,False,False
730,BN,2026-07-01,3,0.0,0.0,1.0,104,0.125,0.027,0.0,0.0,False,False
730,BO,2026-07-01,27,0.2222,0.0769,2.0,776,0.2371,0.0545,0.937,1.411,False,False
730,BQ,2026-07-01,10,0.4,0.0,5.5,31,0.1613,0.0556,2.48,0.0,False,False
730,BR,2026-07-01,21,0.0476,0.05,4.5,28386,0.2077,0.072,0.229,0.695,False,False
730,BS,2026-07-01,22,0.1818,0.2222,5.0,206,0.1845,0.0963,0.986,2.308,False,False
730,BW,2026-07-01,45,0.2889,0.2,2.5,838,0.173,0.0613,1.67,3.265,False,False
730,BZ,2026-07-01,18,0.2778,0.0,3.0,145,0.2069,0.0899,1.343,0.0,False,False
730,CA,2026-07-01,269,0.1152,0.1143,3.0,10739,0.1592,0.0911,0.724,1.255,False,False
730,CH,2026-07-01,31,0.3871,0.1429,3.0,1091,0.187,0.075,2.07,1.905,False,False
730,CK,2026-07-01,4,0.25,0.0,1.0,18,0.1111,0.0,2.25,,False,False
730,CL,2026-07-01,117,0.188,0.0758,3.0,3531,0.1781,0.083,1.056,0.913,False,False
730,CN,2026-07-01,2,0.0,0.0,8.0,285,0.4456,0.03,0.0,0.0,False,False
730,CO,2026-07-01,320,0.1781,0.1156,2.0,8501,0.228,0.0932,0.781,1.241,False,False
730,CR,2026-07-01,40,0.175,0.1429,3.0,1324,0.1616,0.1019,1.083,1.402,False,False
730,CV,2026-07-01,4,0.5,0.0,4.0,174,0.1494,0.0732,3.346,0.0,False,False
730,CW,2026-07-01,14,0.0714,0.1111,4.0,150,0.2267,0.0727,0.315,1.528,False,False
730,CY,2026-07-01,120,0.2167,0.0784,3.0,279,0.1828,0.0414,1.185,1.894,False,False
730,CZ,2026-07-01,39,0.1282,0.2,2.0,237,0.173,0.1149,0.741,1.741,False,False
730,DE,2026-07-01,95,0.1474,0.1,4.0,4276,0.1915,0.0676,0.769,1.479,False,False
730,DK,2026-07-01,78,0.141,0.0606,2.0,300,0.1767,0.0833,0.798,0.727,False,False
730,DM,2026-07-01,1,0.0,0.0,4.0,27,0.2222,0.0455,0.0,0.0,False,False
730,DZ,2026-07-01,410,0.222,0.057,2.0,327,0.1437,0.1008,1.544,0.566,False,False
730,EC,2026-07-01,67,0.2537,0.037,2.5,2211,0.2004,0.0844,1.266,0.439,False,False
730,EE,2026-07-01,21,0.1905,0.0769,3.0,134,0.1791,0.0816,1.063,0.942,False,False
730,ES,2026-07-01,282,0.1844,0.0574,2.0,4659,0.1595,0.0886,1.156,0.648,False,False
730,FI,2026-07-01,28,0.1429,0.1818,2.5,374,0.2166,0.0849,0.66,2.142,False,False
730,FJ,2026-07-01,31,0.129,0.0,1.0,869,0.2854,0.039,0.452,0.0,False,False
730,FK,2026-07-01,3,0.6667,0.0,1.0,3,0.0,0.0,,,False,False
730,FM,2026-07-01,3,0.3333,0.0,1.5,39,0.2308,0.0417,1.444,0.0,False,False
730,FO,2026-07-01,7,0.0,0.2,7.0,14,0.1429,0.125,0.0,1.6,False,False
730,FR,2026-07-01,267,0.191,0.119,3.0,12058,0.1586,0.0879,1.205,1.355,False,False
730,GB,2026-07-01,368,0.1549,0.0579,2.0,13960,0.1562,0.0803,0.991,0.72,False,False
730,GD,2026-07-01,1,0.0,0.0,4.0,40,0.2,0.0667,0.0,0.0,False,False
730,GE,2026-07-01,14,0.0714,0.4,3.0,303,0.1848,0.0282,0.386,14.2,False,False
730,GF,2026-07-01,1,0.0,0.0,14.0,165,0.1152,0.0577,0.0,0.0,False,False
730,GG,2026-07-01,9,0.2222,0.0,3.0,25,0.28,0.2,0.794,0.0,False,False
730,GI,2026-07-01,12,0.25,0.0,2.0,18,0.0556,0.1538,4.5,0.0,False,False
730,GL,2026-07-01,5,0.2,,1.0,16,0.25,0.1,0.8,,False,False
730,GP,2026-07-01,4,0.5,0.0,8.0,417,0.1871,0.126,2.673,0.0,False,False
730,GR,2026-07-01,231,0.1775,0.1,3.0,588,0.1735,0.0662,1.023,1.511,False,False
730,GU,2026-07-01,21,0.1429,0.125,3.0,99,0.202,0.0303,0.707,4.125,False,False
730,GY,2026-07-01,20,0.15,0.1111,2.0,499,0.2465,0.0313,0.609,3.545,False,False
730,HK,2026-07-01,25,0.08,0.0,5.0,482,0.2075,0.0778,0.386,0.0,False,False
730,HN,2026-07-01,15,0.2,0.125,2.0,934,0.2131,0.0594,0.939,2.103,False,False
730,HR,2026-07-01,87,0.1149,0.1282,4.0,303,0.132,0.061,0.871,2.101,False,False
730,HU,2026-07-01,54,0.0741,0.0833,3.0,391,0.1867,0.0948,0.397,0.879,False,False
730,IE,2026-07-01,192,0.2031,0.1098,3.0,1342,0.1699,0.0989,1.196,1.11,False,False
730,IL,2026-07-01,106,0.1132,0.0476,3.0,837,0.1756,0.0884,0.645,0.538,False,False
730,IM,2026-07-01,17,0.2353,0.0,5.0,17,0.1765,0.0,1.333,,False,False
730,IN,2026-07-01,24,0.2083,0.1,3.0,39503,0.143,0.0587,1.457,1.703,False,False
730,IS,2026-07-01,41,0.0488,0.1053,3.0,40,0.1,0.0,0.488,,False,False
730,IT,2026-07-01,195,0.1487,0.0208,3.0,4751,0.1924,0.0696,0.773,0.299,False,False
730,JE,2026-07-01,12,0.1667,0.0,3.0,38,0.1579,0.0714,1.056,0.0,False,False
730,JM,2026-07-01,78,0.141,0.0571,3.0,1225,0.1739,0.0895,0.811,0.639,False,False
730,JP,2026-07-01,36,0.0556,0.1429,3.0,1149,0.2289,0.0631,0.243,2.266,False,False
730,KG,2026-07-01,4,0.0,0.5,1.5,121,0.2066,0.0562,0.0,8.9,False,False
730,KI,2026-07-01,4,0.0,0.25,1.5,108,0.2778,0.0,0.0,,False,False
730,KM,2026-07-01,1,0.0,0.0,2.0,73,0.1096,0.125,0.0,0.0,False,False
730,KN,2026-07-01,2,0.0,0.0,3.0,22,0.3182,0.1,0.0,0.0,False,False
730,KR,2026-07-01,29,0.1379,0.2308,3.0,1476,0.1897,0.0756,0.727,3.051,False,False
730,KW,2026-07-01,45,0.2,0.2,2.5,36,0.1389,0.1667,1.44,1.2,False,False
730,KY,2026-07-01,14,0.0,0.3333,5.0,64,0.1406,0.0638,0.0,5.222,False,False
730,LA,2026-07-01,6,0.6667,0.0,1.5,172,0.2442,0.0185,2.73,0.0,False,False
730,LC,2026-07-01,9,0.1111,0.0,4.5,65,0.1538,0.0625,0.722,0.0,False,False
730,LT,2026-07-01,27,0.2963,0.1429,2.0,183,0.1038,0.0448,2.854,3.19,False,False
730,LU,2026-07-01,11,0.1818,0.2857,5.0,163,0.1656,0.0693,1.098,4.122,False,False
730,LV,2026-07-01,25,0.16,0.1538,3.0,200,0.195,0.0299,0.821,5.154,False,False
730,MC,2026-07-01,1,0.0,,6.0,12,0.0,0.1667,,,False,False
730,MD,2026-07-01,4,0.0,1.0,2.5,168,0.2024,0.041,0.0,24.4,False,False
730,ME,2026-07-01,18,0.1667,0.0,2.0,93,0.0753,0.0727,2.214,0.0,False,False
730,MF,2026-07-01,1,0.0,,1.0,7,0.4286,0.25,0.0,,False,False
730,MG,2026-07-01,23,0.2609,0.3333,2.0,1754,0.1465,0.0749,1.78,4.45,False,False
730,MK,2026-07-01,29,0.1379,0.1538,5.0,163,0.1043,0.0364,1.323,4.231,False,False
730,MN,2026-07-01,7,0.2857,0.1667,2.0,163,0.3252,0.0089,0.879,18.667,False,False
730,MP,2026-07-01,1,1.0,,,6,0.0,0.25,,,False,False
730,MQ,2026-07-01,13,0.0,0.2,4.0,401,0.192,0.056,0.0,3.571,False,False
730,MR,2026-07-01,5,0.0,0.0,1.0,212,0.2075,0.0641,0.0,0.0,False,False
730,MS,2026-07-01,1,0.0,0.0,1.0,2,0.0,1.0,,0.0,False,False
730,MT,2026-07-01,63,0.1429,0.0968,2.0,179,0.1508,0.0583,0.947,1.659,False,False
730,MU,2026-07-01,65,0.2154,0.1818,2.0,693,0.1732,0.0632,1.244,2.878,False,False
730,MV,2026-07-01,64,0.125,0.0313,2.0,79,0.2405,0.0,0.52,,False,False
730,MX,2026-07-01,421,0.1496,0.1231,3.0,11961,0.1868,0.0787,0.801,1.563,False,False
730,MY,2026-07-01,224,0.1384,0.0844,3.0,2668,0.1762,0.0699,0.786,1.207,False,False
730,MZ,2026-07-01,19,0.2632,0.0,1.0,1686,0.2432,0.0447,1.082,0.0,False,False
730,NA,2026-07-01,57,0.3158,0.0833,2.0,1461,0.1992,0.0563,1.585,1.481,False,False
730,NC,2026-07-01,6,0.3333,0.3333,2.5,87,0.2299,0.0769,1.45,4.333,False,False
730,NL,2026-07-01,145,0.1517,0.125,4.0,2695,0.2096,0.0669,0.724,1.869,False,False
730,NO,2026-07-01,57,0.1579,0.0741,2.5,350,0.14,0.0664,1.128,1.116,False,False
730,NZ,2026-07-01,59,0.1356,0.0769,3.0,1972,0.1537,0.0852,0.882,0.903,False,False
730,OM,2026-07-01,24,0.25,0.0,2.0,75,0.1467,0.027,1.705,0.0,False,False
730,PA,2026-07-01,44,0.1136,0.0,2.0,783,0.2235,0.0952,0.508,0.0,False,False
730,PE,2026-07-01,105,0.2,0.0625,3.0,3095,0.2249,0.0783,0.889,0.798,False,False
730,PF,2026-07-01,12,0.25,0.1,5.0,133,0.1654,0.0732,1.511,1.367,False,False
730,PL,2026-07-01,54,0.0741,0.1111,2.0,612,0.1454,0.0749,0.509,1.483,False,False
730,PM,2026-07-01,3,0.0,0.0,4.0,2,0.0,0.5,,0.0,False,False
730,PR,2026-07-01,87,0.1379,0.18,3.0,999,0.2072,0.084,0.666,2.144,False,False
730,PT,2026-07-01,174,0.1092,0.1279,3.0,1884,0.1576,0.0638,0.693,2.004,False,False
730,PW,2026-07-01,4,0.25,0.0,10.0,19,0.1579,0.0,1.583,,False,False
730,PY,2026-07-01,7,0.2857,0.0,1.0,706,0.2125,0.0851,1.345,0.0,False,False
730,QA,2026-07-01,31,0.129,0.0625,3.0,34,0.0882,0.0625,1.462,1.0,False,False
730,RE,2026-07-01,34,0.2647,0.2857,5.0,398,0.1734,0.08,1.527,3.571,False,False
730,RS,2026-07-01,67,0.1493,0.1538,4.0,647,0.1221,0.0852,1.222,1.806,False,False
730,SC,2026-07-01,20,0.2,0.0,1.5,82,0.0976,0.1053,2.05,0.0,False,False
730,SE,2026-07-01,86,0.1395,0.0625,4.0,597,0.2044,0.0732,0.683,0.853,False,False
730,SG,2026-07-01,112,0.1161,0.0879,3.0,1324,0.1798,0.0757,0.646,1.162,False,False
730,SI,2026-07-01,35,0.1714,0.1538,3.0,136,0.1324,0.1325,1.295,1.161,False,False
730,SK,2026-07-01,18,0.0556,0.0,2.0,155,0.1613,0.0795,0.344,0.0,False,False
730,SR,2026-07-01,4,0.25,0.0,5.0,180,0.2222,0.0847,1.125,0.0,False,False
730,ST,2026-07-01,1,0.0,,1.0,19,0.0526,0.0714,0.0,,False,False
730,SV,2026-07-01,16,0.1875,0.1111,2.0,1010,0.2119,0.0622,0.885,1.786,False,False
730,SX,2026-07-01,9,0.1111,0.0,1.5,56,0.2143,0.0833,0.519,0.0,False,False
730,TC,2026-07-01,2,0.0,0.0,4.5,43,0.0698,0.0968,0.0,0.0,False,False
730,TD,2026-07-01,6,0.0,0.0,1.0,336,0.1815,0.0415,0.0,0.0,False,False
730,TH,2026-07-01,230,0.1478,0.0702,3.0,1160,0.1767,0.0662,0.836,1.06,False,False
730,TJ,2026-07-01,9,0.2222,0.0,3.0,51,0.1961,0.0,1.133,,False,False
730,TL,2026-07-01,2,0.0,0.0,1.0,78,0.2692,0.0161,0.0,0.0,False,False
730,TO,2026-07-01,3,0.3333,,1.0,26,0.2692,0.0,1.238,,False,False
730,TR,2026-07-01,352,0.1648,0.1154,2.0,2176,0.1489,0.0697,1.107,1.655,False,False
730,TW,2026-07-01,42,0.2619,0.0741,2.0,430,0.1791,0.0671,1.463,1.104,False,False
730,US,2026-07-01,874,0.1259,0.0868,3.0,100589,0.1931,0.0765,0.652,1.134,True,False
730,UY,2026-07-01,47,0.1489,0.1304,3.0,1056,0.1619,0.1014,0.92,1.286,False,False
730,UZ,2026-07-01,19,0.1053,0.1111,2.0,440,0.2659,0.0478,0.396,2.325,False,False
730,VC,2026-07-01,4,0.5,0.0,5.0,48,0.2083,0.0385,2.4,0.0,False,False
730,VG,2026-07-01,4,0.0,0.0,8.5,25,0.24,0.0588,0.0,0.0,False,False
730,VI,2026-07-01,3,0.0,0.5,8.0,60,0.3,0.0571,0.0,8.75,False,False
730,VN,2026-07-01,46,0.1957,0.0909,3.0,734,0.2262,0.0569,0.865,1.599,False,False
730,VU,2026-07-01,1,1.0,0.0,,45,0.3556,0.0,2.813,,False,False
730,WS,2026-07-01,1,0.0,,1.0,44,0.3409,0.0476,0.0,,False,False
730,YT,2026-07-01,1,0.0,0.0,2.0,72,0.0833,0.08,0.0,0.0,False,False
730,ZA,2026-07-01,828,0.1824,0.0894,2.0,10845,0.156,0.0961,1.169,0.93,True,False
833,AD,2026-07-01,5,0.0,0.0,2.0,60,0.05,0.1778,0.0,0.0,False,False
833,AE,2026-07-01,1,0.0,,1.0,332,0.0843,0.0821,0.0,,False,False
833,AG,2026-07-01,2,0.0,0.0,1.5,49,0.1633,0.0541,0.0,0.0,False,False
833,AL,2026-07-01,3,0.0,0.0,3.0,232,0.1422,0.087,0.0,0.0,False,False
833,AR,2026-07-01,2,0.0,0.0,1.5,2906,0.1672,0.1006,0.0,0.0,False,False
833,AS,2026-07-01,1,0.0,,13.0,33,0.1818,0.0714,0.0,,False,False
833,AT,2026-07-01,1,0.0,0.0,2.0,464,0.125,0.0735,0.0,0.0,False,False
833,AU,2026-07-01,4848,0.1475,0.042,2.0,7759,0.1647,0.075,0.895,0.56,True,False
833,AX,2026-07-01,2,0.0,0.0,2.5,22,0.0,0.0,,,False,False
833,BD,2026-07-01,1,0.0,1.0,12.0,4156,0.1809,0.0467,0.0,21.398,False,False
833,BE,2026-07-01,38,0.2105,0.0625,2.0,1530,0.1673,0.074,1.258,0.844,False,False
833,BR,2026-07-01,1,0.0,0.0,1.0,28386,0.2077,0.072,0.0,0.0,False,False
833,CA,2026-07-01,8583,0.1717,0.0463,2.0,10739,0.1592,0.0911,1.079,0.509,True,False
833,DE,2026-07-01,4,0.25,0.0,1.0,4276,0.1915,0.0676,1.305,0.0,False,False
833,ES,2026-07-01,9,0.1111,0.0,2.5,4659,0.1595,0.0886,0.697,0.0,False,False
833,FR,2026-07-01,5,0.4,0.0,1.0,12058,0.1586,0.0879,2.523,0.0,False,False
833,GB,2026-07-01,11770,0.1627,0.0455,2.0,13960,0.1562,0.0803,1.041,0.566,True,False
833,GE,2026-07-01,1,0.0,0.0,2.0,303,0.1848,0.0282,0.0,0.0,False,False
833,ID,2026-07-01,1,0.0,,1.0,1503,0.1677,0.0972,0.0,,False,False
833,IE,2026-07-01,846,0.1584,0.0561,2.0,1342,0.1699,0.0989,0.932,0.568,True,False
833,MX,2026-07-01,6,0.1667,0.0,3.0,11961,0.1868,0.0787,0.892,0.0,False,False
833,NL,2026-07-01,1,0.0,0.0,1.0,2695,0.2096,0.0669,0.0,0.0,False,False
833,NZ,2026-07-01,1731,0.1525,0.0455,2.0,1972,0.1537,0.0852,0.993,0.534,True,False
833,PE,2026-07-01,2,0.0,0.0,1.5,3095,0.2249,0.0783,0.0,0.0,False,False
833,PL,2026-07-01,1,0.0,0.0,4.0,612,0.1454,0.0749,0.0,0.0,False,False
833,PR,2026-07-01,2,0.0,0.0,2.0,999,0.2072,0.084,0.0,0.0,False,False
833,PS,2026-07-01,1,0.0,0.0,2.0,,,,,,False,False
833,PT,2026-07-01,1,0.0,0.0,1.0,1884,0.1576,0.0638,0.0,0.0,False,False
833,SG,2026-07-01,1,0.0,0.0,1.0,1324,0.1798,0.0757,0.0,0.0,False,False
833,UG,2026-07-01,1,0.0,,3.0,4383,0.1369,0.0657,0.0,,False,False
833,US,2026-07-01,76819,0.2073,0.0402,2.0,100589,0.1931,0.0765,1.074,0.526,True,False
833,UZ,2026-07-01,1,0.0,0.0,8.0,440,0.2659,0.0478,0.0,0.0,False,False
833,VA,2026-07-01,1,0.0,1.0,23.0,,,,,,False,False
851,AU,2026-07-01,3,0.0,0.0,2.0,7759,0.1647,0.075,0.0,0.0,False,False
851,BD,2026-07-01,3,0.3333,0.0,4.0,4156,0.1809,0.0467,1.842,0.0,False,False
851,CA,2026-07-01,10,0.2,0.0,1.0,10739,0.1592,0.0911,1.256,0.0,False,False
851,CN,2026-07-01,1,0.0,0.0,1.0,285,0.4456,0.03,0.0,0.0,False,False
851,CV,2026-07-01,1,0.0,0.0,1.0,174,0.1494,0.0732,0.0,0.0,False,False
851,DE,2026-07-01,3,0.0,0.0,1.0,4276,0.1915,0.0676,0.0,0.0,False,False
851,DO,2026-07-01,1,0.0,0.0,1.0,1850,0.1595,0.0895,0.0,0.0,False,False
851,ES,2026-07-01,95,0.2105,0.0316,2.0,4659,0.1595,0.0886,1.32,0.357,False,False
851,FR,2026-07-01,1,0.0,0.0,1.0,12058,0.1586,0.0879,0.0,0.0,False,False
851,GB,2026-07-01,12,0.0,0.0,1.0,13960,0.1562,0.0803,0.0,0.0,False,False
851,GR,2026-07-01,19,0.1579,0.0,1.5,588,0.1735,0.0662,0.91,0.0,False,False
851,HK,2026-07-01,5,0.8,0.0,1.0,482,0.2075,0.0778,3.856,0.0,False,False
851,HR,2026-07-01,369,0.187,0.0269,1.0,303,0.132,0.061,1.416,0.441,False,False
851,IE,2026-07-01,3,0.0,0.0,1.0,1342,0.1699,0.0989,0.0,0.0,False,False
851,IN,2026-07-01,1,0.0,0.0,1.0,39503,0.143,0.0587,0.0,0.0,False,False
851,IS,2026-07-01,23,0.1304,0.0,1.0,40,0.1,0.0,1.304,,False,False
851,IT,2026-07-01,18,0.3333,0.0,1.5,4751,0.1924,0.0696,1.733,0.0,False,False
851,KE,2026-07-01,3,0.0,0.0,2.0,7193,0.1552,0.0594,0.0,0.0,False,False
851,KR,2026-07-01,1,1.0,0.0,,1476,0.1897,0.0756,5.271,0.0,False,False
851,LT,2026-07-01,10,0.1,0.0,2.0,183,0.1038,0.0448,0.963,0.0,False,False
851,LU,2026-07-01,33,0.1515,0.0,2.0,163,0.1656,0.0693,0.915,0.0,False,False
851,MT,2026-07-01,88,0.0909,0.0299,1.0,179,0.1508,0.0583,0.603,0.512,False,False
851,NL,2026-07-01,1,0.0,0.0,2.0,2695,0.2096,0.0669,0.0,0.0,False,False
851,NO,2026-07-01,8,0.0,0.0,1.0,350,0.14,0.0664,0.0,0.0,False,False
851,NP,2026-07-01,1,0.0,0.0,1.0,8,0.0,0.0,,,False,False
851,NZ,2026-07-01,11,0.3636,0.0,1.0,1972,0.1537,0.0852,2.367,0.0,False,False
851,PK,2026-07-01,1,0.0,0.0,1.0,89,0.0562,0.0147,0.0,0.0,False,False
851,PL,2026-07-01,2,0.0,0.0,5.0,612,0.1454,0.0749,0.0,0.0,False,False
851,PT,2026-07-01,1,0.0,0.0,4.0,1884,0.1576,0.0638,0.0,0.0,False,False
851,RO,2026-07-01,1,0.0,,1.0,772,0.1788,0.0721,0.0,,False,False
851,SA,2026-07-01,1,1.0,,,37,0.0541,0.1429,18.5,,False,False
851,SE,2026-07-01,1,0.0,0.0,1.0,597,0.2044,0.0732,0.0,0.0,False,False
851,SG,2026-07-01,837,0.1768,0.0092,1.0,1324,0.1798,0.0757,0.984,0.121,True,False
851,SI,2026-07-01,1,0.0,0.0,1.0,136,0.1324,0.1325,0.0,0.0,False,False
851,SK,2026-07-01,2,0.5,0.0,2.0,155,0.1613,0.0795,3.1,0.0,False,False
851,TZ,2026-07-01,1,0.0,0.0,3.0,1349,0.1572,0.057,0.0,0.0,False,False
851,US,2026-07-01,212,0.1604,0.0097,1.0,100589,0.1931,0.0765,0.831,0.126,False,False
851,ZA,2026-07-01,12,0.1667,0.0,1.0,10845,0.156,0.0961,1.068,0.0,False,False
889,AO,2026-07-01,1,0.0,0.0,8.0,982,0.2841,0.0493,0.0,0.0,False,False
889,AX,2026-07-01,2,0.0,0.5,103.0,22,0.0,0.0,,,False,False
889,AZ,2026-07-01,1,0.0,1.0,447.0,410,0.2732,0.023,0.0,43.429,False,False
889,BE,2026-07-01,1,1.0,0.0,,1530,0.1673,0.074,5.977,0.0,False,False
889,BR,2026-07-01,1482,0.1707,0.0753,2.0,28386,0.2077,0.072,0.822,1.046,True,False
889,CH,2026-07-01,1,0.0,0.0,21.0,1091,0.187,0.075,0.0,0.0,False,False
889,CN,2026-07-01,1,0.0,,9.0,285,0.4456,0.03,0.0,,False,False
889,DE,2026-07-01,2528,0.1717,0.1072,3.0,4276,0.1915,0.0676,0.896,1.586,True,False
889,DZ,2026-07-01,1,0.0,0.0,6.0,327,0.1437,0.1008,0.0,0.0,False,False
889,ES,2026-07-01,1818,0.1678,0.0935,3.0,4659,0.1595,0.0886,1.052,1.056,True,False
889,FR,2026-07-01,1875,0.168,0.0829,3.0,12058,0.1586,0.0879,1.059,0.943,True,False
889,IT,2026-07-01,3059,0.1697,0.0739,2.0,4751,0.1924,0.0696,0.882,1.062,True,False
889,LU,2026-07-01,1,0.0,0.0,9.0,163,0.1656,0.0693,0.0,0.0,False,False
889,NL,2026-07-01,1,0.0,,4.0,2695,0.2096,0.0669,0.0,,False,False
889,SK,2026-07-01,1,0.0,0.0,2.0,155,0.1613,0.0795,0.0,0.0,False,False
897,AD,2026-07-01,3,0.0,0.6667,18.0,60,0.05,0.1778,0.0,3.75,False,False
897,AE,2026-07-01,3,0.0,0.0,8.0,332,0.0843,0.0821,0.0,0.0,False,False
897,AI,2026-07-01,1,0.0,0.0,3.0,28,0.0714,0.15,0.0,0.0,False,False
897,AL,2026-07-01,14,0.0714,0.0833,2.0,232,0.1422,0.087,0.502,0.958,False,False
897,AM,2026-07-01,1,0.0,,17.0,183,0.1421,0.0696,0.0,,False,False
897,AO,2026-07-01,4,0.25,0.0,4.0,982,0.2841,0.0493,0.88,0.0,False,False
897,AQ,2026-07-01,1,0.0,0.0,12.0,5,0.0,0.0,,,False,False
897,AS,2026-07-01,3,0.0,0.3333,10.0,33,0.1818,0.0714,0.0,4.667,False,False
897,AT,2026-07-01,87,0.1264,0.082,2.0,464,0.125,0.0735,1.011,1.115,False,False
897,AU,2026-07-01,863,0.1228,0.067,2.0,7759,0.1647,0.075,0.746,0.893,True,False
897,AW,2026-07-01,8,0.0,0.125,4.5,83,0.2048,0.1311,0.0,0.953,False,False
897,AX,2026-07-01,3,0.0,0.3333,7.0,22,0.0,0.0,,,False,False
897,BB,2026-07-01,11,0.2727,0.0,4.0,114,0.1491,0.0921,1.829,0.0,False,False
897,BD,2026-07-01,2,0.5,0.0,5.0,4156,0.1809,0.0467,2.763,0.0,False,False
897,BE,2026-07-01,258,0.1473,0.0722,3.0,1530,0.1673,0.074,0.88,0.976,False,False
897,BG,2026-07-01,92,0.1413,0.1111,3.0,447,0.1611,0.0673,0.877,1.651,False,False
897,BM,2026-07-01,2,0.0,0.0,3.5,40,0.1,0.2069,0.0,0.0,False,False
897,BN,2026-07-01,12,0.0833,0.0,1.0,104,0.125,0.027,0.667,0.0,False,False
897,BQ,2026-07-01,1,0.0,0.0,28.0,31,0.1613,0.0556,0.0,0.0,False,False
897,BR,2026-07-01,5,0.0,0.2,3.0,28386,0.2077,0.072,0.0,2.778,False,False
897,BS,2026-07-01,15,0.0667,0.0,4.5,206,0.1845,0.0963,0.361,0.0,False,False
897,BT,2026-07-01,19,0.0526,0.0,3.5,178,0.2753,0.05,0.191,0.0,False,False
897,BZ,2026-07-01,15,0.0,0.0833,3.0,145,0.2069,0.0899,0.0,0.927,False,False
897,CA,2026-07-01,1924,0.1424,0.0593,2.0,10739,0.1592,0.0911,0.894,0.651,True,False
897,CH,2026-07-01,76,0.1974,0.0192,2.0,1091,0.187,0.075,1.056,0.256,False,False
897,CK,2026-07-01,1,0.0,0.0,6.0,18,0.1111,0.0,0.0,,False,False
897,CL,2026-07-01,1,1.0,0.0,,3531,0.1781,0.083,5.614,0.0,False,False
897,CN,2026-07-01,2,0.0,0.0,6.5,285,0.4456,0.03,0.0,0.0,False,False
897,CO,2026-07-01,6,0.0,0.0,1.5,8501,0.228,0.0932,0.0,0.0,False,False
897,CR,2026-07-01,7,0.0,0.3333,3.0,1324,0.1616,0.1019,0.0,3.271,False,False
897,CV,2026-07-01,1,1.0,,,174,0.1494,0.0732,6.692,,False,False
897,CW,2026-07-01,6,0.3333,0.1667,6.5,150,0.2267,0.0727,1.471,2.292,False,False
897,CY,2026-07-01,4,0.25,0.0,1.0,279,0.1828,0.0414,1.368,0.0,False,False
897,CZ,2026-07-01,49,0.1429,0.0952,2.0,237,0.173,0.1149,0.826,0.829,False,False
897,DE,2026-07-01,454,0.1101,0.0915,4.0,4276,0.1915,0.0676,0.575,1.352,False,False
897,DK,2026-07-01,102,0.1176,0.0946,3.0,300,0.1767,0.0833,0.666,1.135,False,False
897,DM,2026-07-01,2,0.5,0.0,4.0,27,0.2222,0.0455,2.25,0.0,False,False
897,DO,2026-07-01,1,0.0,0.0,5.0,1850,0.1595,0.0895,0.0,0.0,False,False
897,EC,2026-07-01,1,0.0,0.0,13.0,2211,0.2004,0.0844,0.0,0.0,False,False
897,EE,2026-07-01,20,0.2,0.1111,6.5,134,0.1791,0.0816,1.117,1.361,False,False
897,ES,2026-07-01,72,0.0972,0.0625,4.0,4659,0.1595,0.0886,0.61,0.706,False,False
897,FI,2026-07-01,71,0.1127,0.0769,4.0,374,0.2166,0.0849,0.52,0.906,False,False
897,FJ,2026-07-01,29,0.1034,0.0,2.5,869,0.2854,0.039,0.362,0.0,False,False
897,FR,2026-07-01,760,0.1118,0.0945,3.0,12058,0.1586,0.0879,0.705,1.075,True,False
897,GB,2026-07-01,2409,0.1407,0.0632,2.0,13960,0.1562,0.0803,0.901,0.786,True,False
897,GD,2026-07-01,2,0.0,0.0,1.0,40,0.2,0.0667,0.0,0.0,False,False
897,GF,2026-07-01,1,1.0,0.0,,165,0.1152,0.0577,8.684,0.0,False,False
897,GG,2026-07-01,4,0.25,0.0,4.0,25,0.28,0.2,0.893,0.0,False,False
897,GI,2026-07-01,2,0.5,0.0,1.0,18,0.0556,0.1538,9.0,0.0,False,False
897,GP,2026-07-01,5,0.2,0.0,6.5,417,0.1871,0.126,1.069,0.0,False,False
897,GR,2026-07-01,164,0.1707,0.0584,3.0,588,0.1735,0.0662,0.984,0.882,False,False
897,GU,2026-07-01,15,0.0667,0.0,2.5,99,0.202,0.0303,0.33,0.0,False,False
897,HK,2026-07-01,43,0.2326,0.0541,5.0,482,0.2075,0.0778,1.121,0.695,False,False
897,HN,2026-07-01,2,0.0,,1.5,934,0.2131,0.0594,0.0,,False,False
897,HR,2026-07-01,71,0.0704,0.0952,2.5,303,0.132,0.061,0.533,1.56,False,False
897,HU,2026-07-01,82,0.1585,0.1077,4.0,391,0.1867,0.0948,0.849,1.136,False,False
897,ID,2026-07-01,7,0.4286,0.0,1.0,1503,0.1677,0.0972,2.556,0.0,False,False
897,IE,2026-07-01,210,0.1524,0.0222,3.0,1342,0.1699,0.0989,0.897,0.225,False,False
897,IL,2026-07-01,3,0.0,0.0,2.0,837,0.1756,0.0884,0.0,0.0,False,False
897,IM,2026-07-01,5,0.0,0.0,3.0,17,0.1765,0.0,0.0,,False,False
897,IS,2026-07-01,17,0.0588,0.0769,2.5,40,0.1,0.0,0.588,,False,False
897,IT,2026-07-01,627,0.1037,0.1023,3.0,4751,0.1924,0.0696,0.539,1.47,True,False
897,JE,2026-07-01,11,0.1818,0.125,1.0,38,0.1579,0.0714,1.152,1.75,False,False
897,JM,2026-07-01,3,0.0,0.0,4.0,1225,0.1739,0.0895,0.0,0.0,False,False
897,JP,2026-07-01,42,0.0476,0.0714,3.0,1149,0.2289,0.0631,0.208,1.133,False,False
897,KH,2026-07-01,1,0.0,0.0,11.0,168,0.125,0.0521,0.0,0.0,False,False
897,KI,2026-07-01,5,0.2,0.25,1.5,108,0.2778,0.0,0.72,,False,False
897,KN,2026-07-01,2,0.0,0.0,2.0,22,0.3182,0.1,0.0,0.0,False,False
897,KR,2026-07-01,10,0.2,0.0,1.5,1476,0.1897,0.0756,1.054,0.0,False,False
897,KW,2026-07-01,42,0.0476,0.0,2.5,36,0.1389,0.1667,0.343,0.0,False,False
897,KY,2026-07-01,10,0.2,0.2222,10.0,64,0.1406,0.0638,1.422,3.481,False,False
897,LT,2026-07-01,22,0.0455,0.05,3.0,183,0.1038,0.0448,0.438,1.117,False,False
897,LU,2026-07-01,9,0.1111,0.1667,6.5,163,0.1656,0.0693,0.671,2.405,False,False
897,LV,2026-07-01,27,0.037,0.04,1.5,200,0.195,0.0299,0.19,1.34,False,False
897,MA,2026-07-01,2,0.0,0.0,1.5,58,0.0517,0.1,0.0,0.0,False,False
897,MC,2026-07-01,1,0.0,,7.0,12,0.0,0.1667,,,False,False
897,MD,2026-07-01,2,0.0,0.0,5.0,168,0.2024,0.041,0.0,0.0,False,False
897,ME,2026-07-01,1,0.0,1.0,114.0,93,0.0753,0.0727,0.0,13.75,False,False
897,MN,2026-07-01,9,0.1111,0.1111,1.0,163,0.3252,0.0089,0.342,12.444,False,False
897,MO,2026-07-01,30,0.0667,0.0,4.5,26,0.0,0.0435,,0.0,False,False
897,MP,2026-07-01,2,0.0,0.0,8.0,6,0.0,0.25,,0.0,False,False
897,MQ,2026-07-01,6,0.3333,0.0,2.0,401,0.192,0.056,1.736,0.0,False,False
897,MT,2026-07-01,62,0.2419,0.0566,2.0,179,0.1508,0.0583,1.604,0.97,False,False
897,MV,2026-07-01,7,0.0,0.0,2.0,79,0.2405,0.0,0.0,,False,False
897,MX,2026-07-01,13,0.0,0.125,3.0,11961,0.1868,0.0787,0.0,1.588,False,False
897,MY,2026-07-01,3,0.0,0.0,2.0,2668,0.1762,0.0699,0.0,0.0,False,False
897,NL,2026-07-01,182,0.1044,0.1172,3.0,2695,0.2096,0.0669,0.498,1.752,False,False
897,NO,2026-07-01,75,0.1733,0.0364,2.0,350,0.14,0.0664,1.238,0.548,False,False
897,NZ,2026-07-01,337,0.1306,0.122,4.0,1972,0.1537,0.0852,0.85,1.433,False,False
897,PA,2026-07-01,1,0.0,,1.0,783,0.2235,0.0952,0.0,,False,False
897,PE,2026-07-01,1,0.0,0.0,2.0,3095,0.2249,0.0783,0.0,0.0,False,False
897,PF,2026-07-01,1,0.0,,9.0,133,0.1654,0.0732,0.0,,False,False
897,PH,2026-07-01,44,0.1136,0.0455,4.0,7309,0.1874,0.0939,0.606,0.484,False,False
897,PL,2026-07-01,165,0.103,0.0903,3.0,612,0.1454,0.0749,0.708,1.205,False,False
897,PR,2026-07-01,62,0.1452,0.0189,4.0,999,0.2072,0.084,0.701,0.225,False,False
897,PT,2026-07-01,322,0.1087,0.0773,3.0,1884,0.1576,0.0638,0.69,1.211,False,False
897,PW,2026-07-01,1,0.0,0.0,3.0,19,0.1579,0.0,0.0,,False,False
897,QA,2026-07-01,1,0.0,,3.0,34,0.0882,0.0625,0.0,,False,False
897,RO,2026-07-01,62,0.1129,0.125,4.0,772,0.1788,0.0721,0.632,1.733,False,False
897,RS,2026-07-01,34,0.1176,0.1176,2.0,647,0.1221,0.0852,0.964,1.381,False,False
897,SA,2026-07-01,1,0.0,0.0,3.0,37,0.0541,0.1429,0.0,0.0,False,False
897,SE,2026-07-01,263,0.2015,0.0495,3.0,597,0.2044,0.0732,0.986,0.675,False,False
897,SG,2026-07-01,4,0.25,0.0,3.0,1324,0.1798,0.0757,1.391,0.0,False,False
897,SI,2026-07-01,23,0.087,0.1,4.0,136,0.1324,0.1325,0.657,0.755,False,False
897,SK,2026-07-01,29,0.1379,0.0,4.0,155,0.1613,0.0795,0.855,0.0,False,False
897,SL,2026-07-01,1,0.0,0.0,1.0,187,0.2353,0.0577,0.0,0.0,False,False
897,SR,2026-07-01,17,0.1176,0.1429,3.0,180,0.2222,0.0847,0.529,1.686,False,False
897,SX,2026-07-01,8,0.125,0.0,3.0,56,0.2143,0.0833,0.583,0.0,False,False
897,TH,2026-07-01,5,0.2,0.0,1.5,1160,0.1767,0.0662,1.132,0.0,False,False
897,TO,2026-07-01,1,0.0,,1.0,26,0.2692,0.0,0.0,,False,False
897,TR,2026-07-01,6,0.0,0.0,4.0,2176,0.1489,0.0697,0.0,0.0,False,False
897,TT,2026-07-01,2,0.5,0.0,11.0,432,0.1412,0.101,3.541,0.0,False,False
897,TV,2026-07-01,1,0.0,0.0,2.0,7,0.1429,0.0,0.0,,False,False
897,TZ,2026-07-01,1,0.0,0.0,13.0,1349,0.1572,0.057,0.0,0.0,False,False
897,UG,2026-07-01,1,0.0,,1.0,4383,0.1369,0.0657,0.0,,False,False
897,UM,2026-07-01,1,0.0,0.0,10.0,,,,,,False,False
897,US,2026-07-01,13143,0.173,0.0517,2.0,100589,0.1931,0.0765,0.896,0.675,True,False
897,UY,2026-07-01,1,0.0,0.0,2.0,1056,0.1619,0.1014,0.0,0.0,False,False
897,VC,2026-07-01,1,0.0,0.0,2.0,48,0.2083,0.0385,0.0,0.0,False,False
897,VI,2026-07-01,1,0.0,,4.0,60,0.3,0.0571,0.0,,False,False
897,VN,2026-07-01,4,0.0,0.3333,3.5,734,0.2262,0.0569,0.0,5.862,False,False
897,VU,2026-07-01,1,0.0,0.0,1.0,45,0.3556,0.0,0.0,,False,False
897,WS,2026-07-01,7,0.0,0.0,2.0,44,0.3409,0.0476,0.0,0.0,False,False
897,ZA,2026-07-01,3,0.0,0.0,3.0,10845,0.156,0.0961,0.0,0.0,False,False
897,ZM,2026-07-01,3,0.3333,0.0,8.5,913,0.2026,0.0574,1.645,0.0,False,False
911,AU,2026-07-01,6,0.1667,0.0,2.0,7759,0.1647,0.075,1.012,0.0,False,False
911,BR,2026-07-01,3058,0.2472,0.0085,1.0,28386,0.2077,0.072,1.19,0.118,True,False
911,CA,2026-07-01,16,0.125,0.0,2.0,10739,0.1592,0.0911,0.785,0.0,False,False
911,CO,2026-07-01,3,0.0,0.0,2.0,8501,0.228,0.0932,0.0,0.0,False,False
911,CV,2026-07-01,2,0.5,0.0,1.0,174,0.1494,0.0732,3.346,0.0,False,False
911,DE,2026-07-01,78,0.1795,0.06,3.0,4276,0.1915,0.0676,0.937,0.887,False,False
911,ES,2026-07-01,2,0.0,0.0,1.0,4659,0.1595,0.0886,0.0,0.0,False,False
911,FR,2026-07-01,66,0.4091,0.0294,2.0,12058,0.1586,0.0879,2.58,0.335,False,False
911,GB,2026-07-01,16,0.25,0.0,1.0,13960,0.1562,0.0803,1.6,0.0,False,False
911,IE,2026-07-01,3,0.0,0.0,1.0,1342,0.1699,0.0989,0.0,0.0,False,False
911,MX,2026-07-01,208,0.1635,0.0294,1.0,11961,0.1868,0.0787,0.875,0.374,False,False
911,NL,2026-07-01,1,0.0,0.0,1.0,2695,0.2096,0.0669,0.0,0.0,False,False
911,NZ,2026-07-01,20,0.35,0.0,1.0,1972,0.1537,0.0852,2.278,0.0,False,False
911,PK,2026-07-01,2,0.0,0.0,1.5,89,0.0562,0.0147,0.0,0.0,False,False
911,US,2026-07-01,182,0.1868,0.0065,1.0,100589,0.1931,0.0765,0.968,0.084,False,False
organic,AD,2026-07-01,26,0.0,0.0,2.0,60,0.05,0.1778,0.0,0.0,False,False
organic,AE,2026-07-01,679,0.0604,0.0661,2.0,332,0.0843,0.0821,0.716,0.805,False,False
organic,AG,2026-07-01,24,0.0833,0.0625,2.5,49,0.1633,0.0541,0.51,1.156,False,False
organic,AI,2026-07-01,28,0.0,0.1,4.0,28,0.0714,0.15,0.0,0.667,False,False
organic,AL,2026-07-01,219,0.0228,0.0405,2.0,232,0.1422,0.087,0.161,0.466,False,False
organic,AM,2026-07-01,67,0.0149,0.0465,2.0,183,0.1421,0.0696,0.105,0.669,False,False
organic,AO,2026-07-01,114,0.0965,0.0824,4.0,982,0.2841,0.0493,0.34,1.672,False,False
organic,AQ,2026-07-01,9,0.0,0.0,2.0,5,0.0,0.0,,,False,False
organic,AR,2026-07-01,833,0.1068,0.0619,2.0,2906,0.1672,0.1006,0.639,0.616,True,False
organic,AS,2026-07-01,60,0.0333,0.0278,3.0,33,0.1818,0.0714,0.183,0.389,False,False
organic,AT,2026-07-01,393,0.1247,0.052,2.0,464,0.125,0.0735,0.997,0.708,False,False
organic,AU,2026-07-01,3284,0.046,0.0533,2.0,7759,0.1647,0.075,0.279,0.711,True,False
organic,AW,2026-07-01,31,0.0968,0.0,1.0,83,0.2048,0.1311,0.472,0.0,False,False
organic,AX,2026-07-01,22,0.0,0.0,3.5,22,0.0,0.0,,,False,False
organic,AZ,2026-07-01,181,0.0497,0.0508,7.0,410,0.2732,0.023,0.182,2.208,False,False
organic,BA,2026-07-01,1,0.0,0.0,1.0,,,,,,False,False
organic,BB,2026-07-01,49,0.0612,0.0811,3.5,114,0.1491,0.0921,0.411,0.88,False,False
organic,BD,2026-07-01,605,0.0496,0.0204,2.0,4156,0.1809,0.0467,0.274,0.437,True,False
organic,BE,2026-07-01,505,0.0634,0.0294,2.0,1530,0.1673,0.074,0.379,0.397,True,False
organic,BF,2026-07-01,29,0.1724,0.05,4.0,693,0.1616,0.0866,1.067,0.577,False,False
organic,BG,2026-07-01,227,0.0264,0.0172,1.0,447,0.1611,0.0673,0.164,0.256,False,False
organic,BH,2026-07-01,52,0.0962,0.027,2.0,21,0.0476,0.0,2.019,,False,False
organic,BJ,2026-07-01,219,0.1735,0.0391,3.0,2992,0.1695,0.0505,1.024,0.773,False,False
organic,BM,2026-07-01,8,0.0,0.0,1.5,40,0.1,0.2069,0.0,0.0,False,False
organic,BN,2026-07-01,46,0.0,0.0,2.5,104,0.125,0.027,0.0,0.0,False,False
organic,BO,2026-07-01,92,0.1196,0.0667,3.0,776,0.2371,0.0545,0.504,1.223,False,False
organic,BQ,2026-07-01,23,0.0,0.0,22.0,31,0.1613,0.0556,0.0,0.0,False,False
organic,BR,2026-07-01,5020,0.0811,0.0647,2.0,28386,0.2077,0.072,0.39,0.899,True,False
organic,BS,2026-07-01,63,0.0317,0.0222,3.0,206,0.1845,0.0963,0.172,0.231,False,False
organic,BT,2026-07-01,16,0.0625,0.0,1.0,178,0.2753,0.05,0.227,0.0,False,False
organic,BV,2026-07-01,3,0.0,0.0,1.0,1,0.0,,,,False,False
organic,BW,2026-07-01,279,0.0824,0.0583,3.0,838,0.173,0.0613,0.476,0.951,False,False
organic,BZ,2026-07-01,71,0.0986,0.0172,1.5,145,0.2069,0.0899,0.477,0.192,False,False
organic,CA,2026-07-01,5173,0.0479,0.062,2.0,10739,0.1592,0.0911,0.301,0.681,True,False
organic,CH,2026-07-01,497,0.0765,0.0361,2.0,1091,0.187,0.075,0.409,0.481,False,False
organic,CI,2026-07-01,201,0.0846,0.0483,3.0,5872,0.1475,0.0866,0.573,0.558,False,False
organic,CK,2026-07-01,20,0.05,0.0,2.0,18,0.1111,0.0,0.45,,False,False
organic,CL,2026-07-01,653,0.0689,0.0638,2.0,3531,0.1781,0.083,0.387,0.769,True,False
organic,CM,2026-07-01,176,0.1023,0.1058,5.0,4789,0.1437,0.0832,0.712,1.272,False,False
organic,CN,2026-07-01,1194,0.0729,0.0168,2.0,285,0.4456,0.03,0.164,0.56,False,False
organic,CO,2026-07-01,7457,0.0157,0.0073,1.0,8501,0.228,0.0932,0.069,0.078,True,False
organic,CR,2026-07-01,223,0.0673,0.0294,2.0,1324,0.1616,0.1019,0.416,0.289,False,False
organic,CV,2026-07-01,43,0.2326,0.0938,2.0,174,0.1494,0.0732,1.556,1.281,False,False
organic,CW,2026-07-01,32,0.0625,0.05,1.0,150,0.2267,0.0727,0.276,0.688,False,False
organic,CX,2026-07-01,4,0.0,0.0,1.5,1,0.0,,,,False,False
organic,CY,2026-07-01,195,0.3436,0.0,1.0,279,0.1828,0.0414,1.88,0.0,False,False
organic,CZ,2026-07-01,139,0.0576,0.1059,3.0,237,0.173,0.1149,0.333,0.922,False,False
organic,DE,2026-07-01,2517,0.0818,0.0673,2.0,4276,0.1915,0.0676,0.427,0.995,True,False
organic,DJ,2026-07-01,18,0.0556,0.0,3.0,274,0.1898,0.0175,0.293,0.0,False,False
organic,DK,2026-07-01,379,0.0501,0.0682,2.0,300,0.1767,0.0833,0.284,0.818,False,False
organic,DM,2026-07-01,6,0.1667,0.25,1.0,27,0.2222,0.0455,0.75,5.5,False,False
organic,DO,2026-07-01,236,0.0678,0.0939,3.0,1850,0.1595,0.0895,0.425,1.05,False,False
organic,DZ,2026-07-01,380,0.0474,0.0736,3.0,327,0.1437,0.1008,0.33,0.731,False,False
organic,EC,2026-07-01,345,0.1043,0.0794,2.0,2211,0.2004,0.0844,0.521,0.94,False,False
organic,EE,2026-07-01,63,0.0476,0.0698,2.0,134,0.1791,0.0816,0.266,0.855,False,False
organic,EG,2026-07-01,1,0.0,0.0,2.0,1,1.0,,0.0,,False,False
organic,EH,2026-07-01,1,0.0,,11.0,,,,,,False,False
organic,ES,2026-07-01,1376,0.0719,0.0631,2.0,4659,0.1595,0.0886,0.451,0.713,True,False
organic,ET,2026-07-01,4,0.0,0.0,21.0,2,0.0,0.0,,,False,False
organic,FI,2026-07-01,369,0.0488,0.0459,2.0,374,0.2166,0.0849,0.225,0.541,False,False
organic,FJ,2026-07-01,89,0.1236,0.0208,1.0,869,0.2854,0.039,0.433,0.535,False,False
organic,FK,2026-07-01,1,0.0,0.0,5.0,3,0.0,0.0,,,False,False
organic,FM,2026-07-01,5,0.0,0.0,1.0,39,0.2308,0.0417,0.0,0.0,False,False
organic,FO,2026-07-01,1,0.0,,1.0,14,0.1429,0.125,0.0,,False,False
organic,FR,2026-07-01,2731,0.0633,0.0403,2.0,12058,0.1586,0.0879,0.399,0.458,True,False
organic,GA,2026-07-01,17,0.0,0.0714,5.0,335,0.1493,0.0813,0.0,0.878,False,False
organic,GB,2026-07-01,8349,0.0418,0.052,2.0,13960,0.1562,0.0803,0.268,0.648,True,False
organic,GD,2026-07-01,9,0.0,0.0,1.0,40,0.2,0.0667,0.0,0.0,False,False
organic,GE,2026-07-01,58,0.069,0.0488,1.0,303,0.1848,0.0282,0.373,1.732,False,False
organic,GF,2026-07-01,12,0.25,0.0,4.0,165,0.1152,0.0577,2.171,0.0,False,False
organic,GG,2026-07-01,5,0.0,0.0,1.0,25,0.28,0.2,0.0,0.0,False,False
organic,GH,2026-07-01,1,0.0,,7.0,4,0.0,0.25,,,False,False
organic,GI,2026-07-01,2,0.0,0.0,1.5,18,0.0556,0.1538,0.0,0.0,False,False
organic,GL,2026-07-01,7,0.1429,0.0,4.5,16,0.25,0.1,0.571,0.0,False,False
organic,GM,2026-07-01,67,0.0597,0.1064,4.0,240,0.1958,0.0298,0.305,3.574,False,False
organic,GN,2026-07-01,12,0.1667,0.0,2.0,679,0.1591,0.0425,1.048,0.0,False,False
organic,GP,2026-07-01,27,0.1852,0.125,1.5,417,0.1871,0.126,0.99,0.992,False,False
organic,GQ,2026-07-01,30,0.0,0.0,5.0,104,0.2596,0.0548,0.0,0.0,False,False
organic,GR,2026-07-01,306,0.0327,0.0641,3.0,588,0.1735,0.0662,0.188,0.968,False,False
organic,GT,2026-07-01,34,0.1176,0.05,2.0,569,0.2021,0.0813,0.582,0.615,False,False
organic,GU,2026-07-01,15,0.2,0.0,2.5,99,0.202,0.0303,0.99,0.0,False,False
organic,GY,2026-07-01,90,0.1556,0.0345,1.0,499,0.2465,0.0313,0.631,1.1,False,False
organic,HK,2026-07-01,183,0.0656,0.0355,2.0,482,0.2075,0.0778,0.316,0.456,False,False
organic,HN,2026-07-01,119,0.1261,0.0139,3.0,934,0.2131,0.0594,0.592,0.234,False,False
organic,HR,2026-07-01,136,0.0662,0.0778,2.0,303,0.132,0.061,0.501,1.274,False,False
organic,HT,2026-07-01,1,0.0,0.0,1.0,3,0.0,0.0,,,False,False
organic,HU,2026-07-01,157,0.0892,0.0729,2.0,391,0.1867,0.0948,0.478,0.769,False,False
organic,ID,2026-07-01,192,0.026,0.0234,2.0,1503,0.1677,0.0972,0.155,0.241,False,False
organic,IE,2026-07-01,610,0.0557,0.0495,2.0,1342,0.1699,0.0989,0.328,0.501,True,False
organic,IL,2026-07-01,272,0.0441,0.0789,1.0,837,0.1756,0.0884,0.251,0.893,False,False
organic,IM,2026-07-01,10,0.0,0.1429,3.0,17,0.1765,0.0,0.0,,False,False
organic,IN,2026-07-01,3467,0.0678,0.026,2.0,39503,0.143,0.0587,0.474,0.443,True,False
organic,IO,2026-07-01,3,0.0,0.0,1.0,3,0.0,0.0,,,False,False
organic,IQ,2026-07-01,2,1.0,0.0,,1,0.0,,,,False,False
organic,IR,2026-07-01,5,0.6,0.0,1.0,1,0.0,0.0,,,False,False
organic,IS,2026-07-01,59,0.0339,0.0,2.0,40,0.1,0.0,0.339,,False,False
organic,IT,2026-07-01,1368,0.0987,0.0658,2.0,4751,0.1924,0.0696,0.513,0.946,True,False
organic,JE,2026-07-01,8,0.125,0.0,2.0,38,0.1579,0.0714,0.792,0.0,False,False
organic,JM,2026-07-01,274,0.073,0.0733,2.0,1225,0.1739,0.0895,0.42,0.819,False,False
organic,JO,2026-07-01,28,0.0,0.1905,6.0,12,0.0833,0.125,0.0,1.524,False,False
organic,JP,2026-07-01,351,0.1225,0.0189,2.0,1149,0.2289,0.0631,0.535,0.299,False,False
organic,KE,2026-07-01,1487,0.0995,0.0672,2.0,7193,0.1552,0.0594,0.641,1.131,True,False
organic,KG,2026-07-01,44,0.0227,0.069,12.0,121,0.2066,0.0562,0.11,1.228,False,False
organic,KH,2026-07-01,25,0.08,0.0,1.0,168,0.125,0.0521,0.64,0.0,False,False
organic,KI,2026-07-01,15,0.1333,0.0,2.0,108,0.2778,0.0,0.48,,False,False
organic,KM,2026-07-01,7,0.0,0.0,1.0,73,0.1096,0.125,0.0,0.0,False,False
organic,KN,2026-07-01,17,0.1765,0.0,10.5,22,0.3182,0.1,0.555,0.0,False,False
organic,KR,2026-07-01,200,0.145,0.0611,2.0,1476,0.1897,0.0756,0.764,0.807,False,False
organic,KW,2026-07-01,91,0.0769,0.0833,2.0,36,0.1389,0.1667,0.554,0.5,False,False
organic,KY,2026-07-01,12,0.0,0.2,4.0,64,0.1406,0.0638,0.0,3.133,False,False
organic,KZ,2026-07-01,32,0.0625,0.05,1.5,75,0.1867,0.2549,0.335,0.196,False,False
organic,LA,2026-07-01,31,0.129,0.1,5.0,172,0.2442,0.0185,0.528,5.4,False,False
organic,LB,2026-07-01,1,0.0,0.0,10.0,,,,,,False,False
organic,LC,2026-07-01,39,0.1026,0.0,2.0,65,0.1538,0.0625,0.667,0.0,False,False
organic,LK,2026-07-01,197,0.0305,0.0357,2.0,400,0.1925,0.105,0.158,0.34,False,False
organic,LS,2026-07-01,23,0.0,0.0909,2.0,184,0.2826,0.0462,0.0,1.97,False,False
organic,LT,2026-07-01,163,0.0307,0.0342,2.0,183,0.1038,0.0448,0.295,0.764,False,False
organic,LU,2026-07-01,55,0.0182,0.0571,2.0,163,0.1656,0.0693,0.11,0.824,False,False
organic,LV,2026-07-01,287,0.0174,0.0085,2.0,200,0.195,0.0299,0.089,0.285,False,False
organic,MA,2026-07-01,130,0.0231,0.0714,4.0,58,0.0517,0.1,0.446,0.714,False,False
organic,MC,2026-07-01,1,1.0,0.0,,12,0.0,0.1667,,0.0,False,False
organic,MD,2026-07-01,68,0.0882,0.0256,2.0,168,0.2024,0.041,0.436,0.626,False,False
organic,ME,2026-07-01,16,0.0,0.0,2.0,93,0.0753,0.0727,0.0,0.0,False,False
organic,MG,2026-07-01,460,0.1674,0.0405,3.0,1754,0.1465,0.0749,1.142,0.541,False,False
organic,MK,2026-07-01,35,0.0286,0.0417,1.0,163,0.1043,0.0364,0.274,1.146,False,False
organic,MN,2026-07-01,24,0.0833,0.0625,2.0,163,0.3252,0.0089,0.256,7.0,False,False
organic,MO,2026-07-01,6,0.1667,0.0,2.0,26,0.0,0.0435,,0.0,False,False
organic,MP,2026-07-01,2,0.0,0.0,1.0,6,0.0,0.25,,0.0,False,False
organic,MQ,2026-07-01,26,0.1154,0.0,2.0,401,0.192,0.056,0.601,0.0,False,False
organic,MR,2026-07-01,56,0.0893,0.1163,9.0,212,0.2075,0.0641,0.43,1.814,False,False
organic,MT,2026-07-01,60,0.1,0.0233,2.0,179,0.1508,0.0583,0.663,0.399,False,False
organic,MU,2026-07-01,143,0.1538,0.0278,2.0,693,0.1732,0.0632,0.888,0.44,False,False
organic,MV,2026-07-01,8,0.125,0.2857,3.0,79,0.2405,0.0,0.52,,False,False
organic,MW,2026-07-01,51,0.0588,0.0556,3.0,109,0.211,0.0482,0.279,1.153,False,False
organic,MX,2026-07-01,2090,0.0809,0.0518,2.0,11961,0.1868,0.0787,0.433,0.659,True,False
organic,MY,2026-07-01,380,0.0632,0.0412,2.0,2668,0.1762,0.0699,0.359,0.589,False,False
organic,MZ,2026-07-01,92,0.1848,0.0806,2.0,1686,0.2432,0.0447,0.76,1.803,False,False
organic,NA,2026-07-01,291,0.0722,0.0652,2.0,1461,0.1992,0.0563,0.362,1.159,False,False
organic,NC,2026-07-01,26,0.1538,0.0,2.5,87,0.2299,0.0769,0.669,0.0,False,False
organic,NE,2026-07-01,44,0.3182,0.0,2.0,437,0.1739,0.0449,1.83,0.0,False,False
organic,NG,2026-07-01,7,1.0,0.0,,2,0.0,0.0,,,False,False
organic,NI,2026-07-01,1,0.0,,2.0,2,0.0,0.0,,,False,False
organic,NL,2026-07-01,2555,0.0951,0.0285,2.0,2695,0.2096,0.0669,0.454,0.427,True,False
organic,NO,2026-07-01,446,0.0224,0.0404,3.0,350,0.14,0.0664,0.16,0.609,False,False
organic,NP,2026-07-01,41,0.0,0.2286,2.0,8,0.0,0.0,,,False,False
organic,NR,2026-07-01,1,0.0,,1.0,3,0.0,0.3333,,,False,False
organic,NZ,2026-07-01,804,0.0572,0.058,2.0,1972,0.1537,0.0852,0.372,0.681,True,False
organic,OM,2026-07-01,149,0.0201,0.0273,3.5,75,0.1467,0.027,0.137,1.009,False,False
organic,PA,2026-07-01,152,0.0592,0.0175,2.0,783,0.2235,0.0952,0.265,0.184,False,False
organic,PE,2026-07-01,362,0.1519,0.0611,2.0,3095,0.2249,0.0783,0.676,0.781,False,False
organic,PF,2026-07-01,51,0.3922,0.0714,2.0,133,0.1654,0.0732,2.371,0.976,False,False
organic,PG,2026-07-01,268,0.1194,0.0302,2.0,1715,0.2799,0.0682,0.427,0.442,False,False
organic,PH,2026-07-01,2743,0.1086,0.0302,2.0,7309,0.1874,0.0939,0.58,0.322,True,False
organic,PK,2026-07-01,193,0.0984,0.013,2.0,89,0.0562,0.0147,1.752,0.883,False,False
organic,PL,2026-07-01,980,0.0418,0.0369,2.0,612,0.1454,0.0749,0.288,0.492,True,False
organic,PR,2026-07-01,168,0.1071,0.0968,1.0,999,0.2072,0.084,0.517,1.153,False,False
organic,PS,2026-07-01,1,0.0,0.0,3.0,,,,,,False,False
organic,PT,2026-07-01,894,0.0749,0.0622,2.0,1884,0.1576,0.0638,0.475,0.975,True,False
organic,PW,2026-07-01,3,0.3333,0.0,1.5,19,0.1579,0.0,2.111,,False,False
organic,PY,2026-07-01,62,0.1774,0.0,1.0,706,0.2125,0.0851,0.835,0.0,False,False
organic,QA,2026-07-01,142,0.0493,0.0849,2.0,34,0.0882,0.0625,0.559,1.358,False,False
organic,RE,2026-07-01,68,0.1618,0.0732,2.0,398,0.1734,0.08,0.933,0.915,False,False
organic,RO,2026-07-01,445,0.0427,0.0588,2.0,772,0.1788,0.0721,0.239,0.815,False,False
organic,RS,2026-07-01,343,0.0204,0.1429,5.0,647,0.1221,0.0852,0.167,1.677,False,False
organic,RU,2026-07-01,64,0.0,0.0,1.0,16,0.3125,0.0,0.0,,False,False
organic,RW,2026-07-01,21,0.0952,0.0556,6.0,241,0.2199,0.0864,0.433,0.643,False,False
organic,SA,2026-07-01,149,0.0671,0.0303,2.0,37,0.0541,0.1429,1.242,0.212,False,False
organic,SB,2026-07-01,14,0.1429,0.0,1.0,103,0.2816,0.0164,0.507,0.0,False,False
organic,SC,2026-07-01,65,0.0923,0.0189,1.0,82,0.0976,0.1053,0.946,0.179,False,False
organic,SE,2026-07-01,820,0.1354,0.0444,1.0,597,0.2044,0.0732,0.662,0.607,True,False
organic,SG,2026-07-01,624,0.0529,0.0271,2.0,1324,0.1798,0.0757,0.294,0.358,True,False
organic,SI,2026-07-01,44,0.0,0.1429,2.0,136,0.1324,0.1325,0.0,1.078,False,False
organic,SK,2026-07-01,148,0.0135,0.0278,2.0,155,0.1613,0.0795,0.084,0.349,False,False
organic,SL,2026-07-01,14,0.0,0.0,1.5,187,0.2353,0.0577,0.0,0.0,False,False
organic,SN,2026-07-01,236,0.0212,0.0484,3.0,4734,0.1432,0.108,0.148,0.448,False,False
organic,SR,2026-07-01,42,0.2381,0.087,2.5,180,0.2222,0.0847,1.071,1.026,False,False
organic,ST,2026-07-01,2,0.0,0.0,3.5,19,0.0526,0.0714,0.0,0.0,False,False
organic,SV,2026-07-01,111,0.1261,0.0333,2.0,1010,0.2119,0.0622,0.595,0.536,False,False
organic,SX,2026-07-01,1,0.0,,3.0,56,0.2143,0.0833,0.0,,False,False
organic,SZ,2026-07-01,51,0.098,0.0286,2.0,194,0.3351,0.037,0.293,0.771,False,False
organic,TC,2026-07-01,2,0.0,0.0,7.0,43,0.0698,0.0968,0.0,0.0,False,False
organic,TD,2026-07-01,91,0.0549,0.0417,3.0,336,0.1815,0.0415,0.303,1.004,False,False
organic,TF,2026-07-01,1,0.0,,26.0,1,0.0,0.0,,,False,False
organic,TG,2026-07-01,41,0.0976,0.0,2.0,968,0.1198,0.0786,0.814,0.0,False,False
organic,TH,2026-07-01,269,0.0372,0.0393,2.0,1160,0.1767,0.0662,0.21,0.594,False,False
organic,TJ,2026-07-01,30,0.1667,0.25,6.0,51,0.1961,0.0,0.85,,False,False
organic,TK,2026-07-01,1,0.0,0.0,13.0,,,,,,False,False
organic,TL,2026-07-01,96,0.0521,0.1296,4.0,78,0.2692,0.0161,0.193,8.037,False,False
organic,TM,2026-07-01,3,0.0,0.0,8.0,4,0.5,0.5,0.0,0.0,False,False
organic,TO,2026-07-01,3,0.3333,0.0,4.5,26,0.2692,0.0,1.238,,False,False
organic,TR,2026-07-01,895,0.0425,0.0478,2.0,2176,0.1489,0.0697,0.285,0.685,True,False
organic,TT,2026-07-01,94,0.0213,0.058,3.0,432,0.1412,0.101,0.151,0.574,False,False
organic,TV,2026-07-01,1,1.0,,,7,0.1429,0.0,7.0,,False,False
organic,TW,2026-07-01,133,0.0602,0.0213,2.0,430,0.1791,0.0671,0.336,0.317,False,False
organic,TZ,2026-07-01,159,0.0566,0.0472,4.0,1349,0.1572,0.057,0.36,0.828,False,False
organic,UA,2026-07-01,280,0.375,0.0273,1.0,3,0.3333,0.0,1.125,,False,False
organic,UG,2026-07-01,310,0.0323,0.0891,7.0,4383,0.1369,0.0657,0.236,1.357,False,False
organic,UM,2026-07-01,1,0.0,0.0,7.0,,,,,,False,False
organic,US,2026-07-01,47949,0.059,0.049,2.0,100589,0.1931,0.0765,0.305,0.641,True,False
organic,UY,2026-07-01,127,0.063,0.0909,2.0,1056,0.1619,0.1014,0.389,0.896,False,False
organic,UZ,2026-07-01,69,0.058,0.087,2.0,440,0.2659,0.0478,0.218,1.82,False,False
organic,VA,2026-07-01,2,0.0,0.5,47.0,,,,,,False,False
organic,VC,2026-07-01,6,0.0,0.0,2.0,48,0.2083,0.0385,0.0,0.0,False,False
organic,VE,2026-07-01,2,0.0,0.0,3.0,,,,,,False,False
organic,VG,2026-07-01,9,0.0,0.125,1.0,25,0.24,0.0588,0.0,2.125,False,False
organic,VI,2026-07-01,18,0.0556,0.0,12.0,60,0.3,0.0571,0.185,0.0,False,False
organic,VN,2026-07-01,1164,0.018,0.2032,1.0,734,0.2262,0.0569,0.08,3.574,True,False
organic,VU,2026-07-01,7,0.2857,0.0,1.0,45,0.3556,0.0,0.804,,False,False
organic,WF,2026-07-01,1,0.0,,1.0,5,0.0,0.0,,,False,False
organic,WS,2026-07-01,15,0.2,0.0,1.0,44,0.3409,0.0476,0.587,0.0,False,False
organic,XK,2026-07-01,15,0.0,0.0,2.0,71,0.1831,0.0323,0.0,0.0,False,False
organic,YT,2026-07-01,5,0.0,0.0,2.0,72,0.0833,0.08,0.0,0.0,False,False
organic,ZA,2026-07-01,2584,0.0836,0.0686,2.0,10845,0.156,0.0961,0.536,0.714,True,False
organic,ZM,2026-07-01,184,0.1033,0.0417,2.0,913,0.2026,0.0574,0.51,0.726,False,False
ppc,AD,2026-07-01,60,0.05,0.1778,4.0,60,0.05,0.1778,1.0,1.0,False,False
ppc,AE,2026-07-01,332,0.0843,0.0821,3.0,332,0.0843,0.0821,1.0,1.0,False,False
ppc,AF,2026-07-01,1,1.0,0.0,,1,1.0,0.0,1.0,,False,False
ppc,AG,2026-07-01,49,0.1633,0.0541,2.0,49,0.1633,0.0541,1.0,1.0,False,False
ppc,AI,2026-07-01,28,0.0714,0.15,4.0,28,0.0714,0.15,1.0,1.0,False,False
ppc,AL,2026-07-01,232,0.1422,0.087,3.0,232,0.1422,0.087,1.0,1.0,False,False
ppc,AM,2026-07-01,183,0.1421,0.0696,2.0,183,0.1421,0.0696,1.0,1.0,False,False
ppc,AO,2026-07-01,982,0.2841,0.0493,2.0,982,0.2841,0.0493,1.0,1.0,True,False
ppc,AQ,2026-07-01,5,0.0,0.0,9.0,5,0.0,0.0,,,False,False
ppc,AR,2026-07-01,2906,0.1672,0.1006,3.0,2906,0.1672,0.1006,1.0,1.0,True,False
ppc,AS,2026-07-01,33,0.1818,0.0714,2.0,33,0.1818,0.0714,1.0,1.0,False,False
ppc,AT,2026-07-01,464,0.125,0.0735,2.0,464,0.125,0.0735,1.0,1.0,False,False
ppc,AU,2026-07-01,7759,0.1647,0.075,3.0,7759,0.1647,0.075,1.0,1.0,True,False
ppc,AW,2026-07-01,83,0.2048,0.1311,3.0,83,0.2048,0.1311,1.0,1.0,False,False
ppc,AX,2026-07-01,22,0.0,0.0,10.5,22,0.0,0.0,,,False,False
ppc,AZ,2026-07-01,410,0.2732,0.023,1.0,410,0.2732,0.023,1.0,1.0,False,False
ppc,BB,2026-07-01,114,0.1491,0.0921,3.0,114,0.1491,0.0921,1.0,1.0,False,False
ppc,BD,2026-07-01,4156,0.1809,0.0467,1.0,4156,0.1809,0.0467,1.0,1.0,True,False
ppc,BE,2026-07-01,1530,0.1673,0.074,2.0,1530,0.1673,0.074,1.0,1.0,True,False
ppc,BF,2026-07-01,693,0.1616,0.0866,2.0,693,0.1616,0.0866,1.0,1.0,True,False
ppc,BG,2026-07-01,447,0.1611,0.0673,3.0,447,0.1611,0.0673,1.0,1.0,False,False
ppc,BH,2026-07-01,21,0.0476,0.0,2.0,21,0.0476,0.0,1.0,,False,False
ppc,BJ,2026-07-01,2992,0.1695,0.0505,2.0,2992,0.1695,0.0505,1.0,1.0,True,False
ppc,BL,2026-07-01,3,0.0,0.0,3.0,3,0.0,0.0,,,False,False
ppc,BM,2026-07-01,40,0.1,0.2069,2.0,40,0.1,0.2069,1.0,1.0,False,False
ppc,BN,2026-07-01,104,0.125,0.027,3.0,104,0.125,0.027,1.0,1.0,False,False
ppc,BO,2026-07-01,776,0.2371,0.0545,2.0,776,0.2371,0.0545,1.0,1.0,True,False
ppc,BQ,2026-07-01,31,0.1613,0.0556,2.5,31,0.1613,0.0556,1.0,1.0,False,False
ppc,BR,2026-07-01,28386,0.2077,0.072,2.0,28386,0.2077,0.072,1.0,1.0,True,False
ppc,BS,2026-07-01,206,0.1845,0.0963,3.0,206,0.1845,0.0963,1.0,1.0,False,False
ppc,BT,2026-07-01,178,0.2753,0.05,1.0,178,0.2753,0.05,1.0,1.0,False,False
ppc,BV,2026-07-01,1,0.0,,11.0,1,0.0,,,,False,False
ppc,BW,2026-07-01,838,0.173,0.0613,3.0,838,0.173,0.0613,1.0,1.0,True,False
ppc,BY,2026-07-01,1,0.0,0.0,2.0,1,0.0,0.0,,,False,False
ppc,BZ,2026-07-01,145,0.2069,0.0899,2.0,145,0.2069,0.0899,1.0,1.0,False,False
ppc,CA,2026-07-01,10739,0.1592,0.0911,3.0,10739,0.1592,0.0911,1.0,1.0,True,False
ppc,CH,2026-07-01,1091,0.187,0.075,2.0,1091,0.187,0.075,1.0,1.0,True,False
ppc,CI,2026-07-01,5872,0.1475,0.0866,2.0,5872,0.1475,0.0866,1.0,1.0,True,False
ppc,CK,2026-07-01,18,0.1111,0.0,5.5,18,0.1111,0.0,1.0,,False,False
ppc,CL,2026-07-01,3531,0.1781,0.083,3.0,3531,0.1781,0.083,1.0,1.0,True,False
ppc,CM,2026-07-01,4789,0.1437,0.0832,3.0,4789,0.1437,0.0832,1.0,1.0,True,False
ppc,CN,2026-07-01,285,0.4456,0.03,1.0,285,0.4456,0.03,1.0,1.0,False,False
ppc,CO,2026-07-01,8501,0.228,0.0932,3.0,8501,0.228,0.0932,1.0,1.0,True,False
ppc,CR,2026-07-01,1324,0.1616,0.1019,3.0,1324,0.1616,0.1019,1.0,1.0,True,False
ppc,CV,2026-07-01,174,0.1494,0.0732,2.5,174,0.1494,0.0732,1.0,1.0,False,False
ppc,CW,2026-07-01,150,0.2267,0.0727,3.0,150,0.2267,0.0727,1.0,1.0,False,False
ppc,CX,2026-07-01,1,0.0,,4.0,1,0.0,,,,False,False
ppc,CY,2026-07-01,279,0.1828,0.0414,2.0,279,0.1828,0.0414,1.0,1.0,False,False
ppc,CZ,2026-07-01,237,0.173,0.1149,3.0,237,0.173,0.1149,1.0,1.0,False,False
ppc,DE,2026-07-01,4276,0.1915,0.0676,2.0,4276,0.1915,0.0676,1.0,1.0,True,False
ppc,DJ,2026-07-01,274,0.1898,0.0175,2.0,274,0.1898,0.0175,1.0,1.0,False,False
ppc,DK,2026-07-01,300,0.1767,0.0833,2.0,300,0.1767,0.0833,1.0,1.0,False,False
ppc,DM,2026-07-01,27,0.2222,0.0455,2.0,27,0.2222,0.0455,1.0,1.0,False,False
ppc,DO,2026-07-01,1850,0.1595,0.0895,3.0,1850,0.1595,0.0895,1.0,1.0,True,False
ppc,DZ,2026-07-01,327,0.1437,0.1008,2.0,327,0.1437,0.1008,1.0,1.0,False,False
ppc,EC,2026-07-01,2211,0.2004,0.0844,3.0,2211,0.2004,0.0844,1.0,1.0,True,False
ppc,EE,2026-07-01,134,0.1791,0.0816,2.0,134,0.1791,0.0816,1.0,1.0,False,False
ppc,EG,2026-07-01,1,1.0,,,1,1.0,,1.0,,False,False
ppc,ES,2026-07-01,4659,0.1595,0.0886,3.0,4659,0.1595,0.0886,1.0,1.0,True,False
ppc,ET,2026-07-01,2,0.0,0.0,4.0,2,0.0,0.0,,,False,False
ppc,FI,2026-07-01,374,0.2166,0.0849,3.0,374,0.2166,0.0849,1.0,1.0,False,False
ppc,FJ,2026-07-01,869,0.2854,0.039,1.0,869,0.2854,0.039,1.0,1.0,True,False
ppc,FK,2026-07-01,3,0.0,0.0,1.0,3,0.0,0.0,,,False,False
ppc,FM,2026-07-01,39,0.2308,0.0417,1.0,39,0.2308,0.0417,1.0,1.0,False,False
ppc,FO,2026-07-01,14,0.1429,0.125,4.5,14,0.1429,0.125,1.0,1.0,False,False
ppc,FR,2026-07-01,12058,0.1586,0.0879,3.0,12058,0.1586,0.0879,1.0,1.0,True,False
ppc,GA,2026-07-01,335,0.1493,0.0813,3.0,335,0.1493,0.0813,1.0,1.0,False,False
ppc,GB,2026-07-01,13960,0.1562,0.0803,3.0,13960,0.1562,0.0803,1.0,1.0,True,False
ppc,GD,2026-07-01,40,0.2,0.0667,2.0,40,0.2,0.0667,1.0,1.0,False,False
ppc,GE,2026-07-01,303,0.1848,0.0282,1.0,303,0.1848,0.0282,1.0,1.0,False,False
ppc,GF,2026-07-01,165,0.1152,0.0577,3.0,165,0.1152,0.0577,1.0,1.0,False,False
ppc,GG,2026-07-01,25,0.28,0.2,5.5,25,0.28,0.2,1.0,1.0,False,False
ppc,GH,2026-07-01,4,0.0,0.25,6.0,4,0.0,0.25,,1.0,False,False
ppc,GI,2026-07-01,18,0.0556,0.1538,2.0,18,0.0556,0.1538,1.0,1.0,False,False
ppc,GL,2026-07-01,16,0.25,0.1,2.0,16,0.25,0.1,1.0,1.0,False,False
ppc,GM,2026-07-01,240,0.1958,0.0298,2.0,240,0.1958,0.0298,1.0,1.0,False,False
ppc,GN,2026-07-01,679,0.1591,0.0425,2.0,679,0.1591,0.0425,1.0,1.0,True,False
ppc,GP,2026-07-01,417,0.1871,0.126,3.0,417,0.1871,0.126,1.0,1.0,False,False
ppc,GQ,2026-07-01,104,0.2596,0.0548,4.0,104,0.2596,0.0548,1.0,1.0,False,False
ppc,GR,2026-07-01,588,0.1735,0.0662,2.0,588,0.1735,0.0662,1.0,1.0,True,False
ppc,GT,2026-07-01,569,0.2021,0.0813,2.0,569,0.2021,0.0813,1.0,1.0,True,False
ppc,GU,2026-07-01,99,0.202,0.0303,3.0,99,0.202,0.0303,1.0,1.0,False,False
ppc,GY,2026-07-01,499,0.2465,0.0313,1.0,499,0.2465,0.0313,1.0,1.0,False,False
ppc,HK,2026-07-01,482,0.2075,0.0778,2.0,482,0.2075,0.0778,1.0,1.0,False,False
ppc,HN,2026-07-01,934,0.2131,0.0594,2.0,934,0.2131,0.0594,1.0,1.0,True,False
ppc,HR,2026-07-01,303,0.132,0.061,2.0,303,0.132,0.061,1.0,1.0,False,False
ppc,HT,2026-07-01,3,0.0,0.0,6.0,3,0.0,0.0,,,False,False
ppc,HU,2026-07-01,391,0.1867,0.0948,2.0,391,0.1867,0.0948,1.0,1.0,False,False
ppc,ID,2026-07-01,1503,0.1677,0.0972,3.0,1503,0.1677,0.0972,1.0,1.0,True,False
ppc,IE,2026-07-01,1342,0.1699,0.0989,2.0,1342,0.1699,0.0989,1.0,1.0,True,False
ppc,IL,2026-07-01,837,0.1756,0.0884,2.5,837,0.1756,0.0884,1.0,1.0,True,False
ppc,IM,2026-07-01,17,0.1765,0.0,2.0,17,0.1765,0.0,1.0,,False,False
ppc,IN,2026-07-01,39503,0.143,0.0587,2.0,39503,0.143,0.0587,1.0,1.0,True,False
ppc,IO,2026-07-01,3,0.0,0.0,1.0,3,0.0,0.0,,,False,False
ppc,IQ,2026-07-01,1,0.0,,1.0,1,0.0,,,,False,False
ppc,IR,2026-07-01,1,0.0,0.0,1.0,1,0.0,0.0,,,False,False
ppc,IS,2026-07-01,40,0.1,0.0,2.0,40,0.1,0.0,1.0,,False,False
ppc,IT,2026-07-01,4751,0.1924,0.0696,2.0,4751,0.1924,0.0696,1.0,1.0,True,False
ppc,JE,2026-07-01,38,0.1579,0.0714,2.0,38,0.1579,0.0714,1.0,1.0,False,False
ppc,JM,2026-07-01,1225,0.1739,0.0895,3.0,1225,0.1739,0.0895,1.0,1.0,True,False
ppc,JO,2026-07-01,12,0.0833,0.125,13.0,12,0.0833,0.125,1.0,1.0,False,False
ppc,JP,2026-07-01,1149,0.2289,0.0631,2.0,1149,0.2289,0.0631,1.0,1.0,True,False
ppc,KE,2026-07-01,7193,0.1552,0.0594,2.0,7193,0.1552,0.0594,1.0,1.0,True,False
ppc,KG,2026-07-01,121,0.2066,0.0562,2.0,121,0.2066,0.0562,1.0,1.0,False,False
ppc,KH,2026-07-01,168,0.125,0.0521,3.0,168,0.125,0.0521,1.0,1.0,False,False
ppc,KI,2026-07-01,108,0.2778,0.0,1.0,108,0.2778,0.0,1.0,,False,False
ppc,KM,2026-07-01,73,0.1096,0.125,4.0,73,0.1096,0.125,1.0,1.0,False,False
ppc,KN,2026-07-01,22,0.3182,0.1,5.0,22,0.3182,0.1,1.0,1.0,False,False
ppc,KR,2026-07-01,1476,0.1897,0.0756,2.0,1476,0.1897,0.0756,1.0,1.0,True,False
ppc,KW,2026-07-01,36,0.1389,0.1667,3.0,36,0.1389,0.1667,1.0,1.0,False,False
ppc,KY,2026-07-01,64,0.1406,0.0638,4.0,64,0.1406,0.0638,1.0,1.0,False,False
ppc,KZ,2026-07-01,75,0.1867,0.2549,3.0,75,0.1867,0.2549,1.0,1.0,False,False
ppc,LA,2026-07-01,172,0.2442,0.0185,1.0,172,0.2442,0.0185,1.0,1.0,False,False
ppc,LC,2026-07-01,65,0.1538,0.0625,2.0,65,0.1538,0.0625,1.0,1.0,False,False
ppc,LI,2026-07-01,4,0.25,0.0,3.0,4,0.25,0.0,1.0,,False,False
ppc,LK,2026-07-01,400,0.1925,0.105,4.0,400,0.1925,0.105,1.0,1.0,False,False
ppc,LS,2026-07-01,184,0.2826,0.0462,2.0,184,0.2826,0.0462,1.0,1.0,False,False
ppc,LT,2026-07-01,183,0.1038,0.0448,2.0,183,0.1038,0.0448,1.0,1.0,False,False
ppc,LU,2026-07-01,163,0.1656,0.0693,3.0,163,0.1656,0.0693,1.0,1.0,False,False
ppc,LV,2026-07-01,200,0.195,0.0299,2.0,200,0.195,0.0299,1.0,1.0,False,False
ppc,MA,2026-07-01,58,0.0517,0.1,4.0,58,0.0517,0.1,1.0,1.0,False,False
ppc,MC,2026-07-01,12,0.0,0.1667,4.0,12,0.0,0.1667,,1.0,False,False
ppc,MD,2026-07-01,168,0.2024,0.041,2.0,168,0.2024,0.041,1.0,1.0,False,False
ppc,ME,2026-07-01,93,0.0753,0.0727,4.0,93,0.0753,0.0727,1.0,1.0,False,False
ppc,MF,2026-07-01,7,0.4286,0.25,5.0,7,0.4286,0.25,1.0,1.0,False,False
ppc,MG,2026-07-01,1754,0.1465,0.0749,3.0,1754,0.1465,0.0749,1.0,1.0,True,False
ppc,MH,2026-07-01,23,0.3043,0.0,2.5,23,0.3043,0.0,1.0,,False,False
ppc,MK,2026-07-01,163,0.1043,0.0364,2.0,163,0.1043,0.0364,1.0,1.0,False,False
ppc,MN,2026-07-01,163,0.3252,0.0089,1.0,163,0.3252,0.0089,1.0,1.0,False,False
ppc,MO,2026-07-01,26,0.0,0.0435,2.5,26,0.0,0.0435,,1.0,False,False
ppc,MP,2026-07-01,6,0.0,0.25,9.0,6,0.0,0.25,,1.0,False,False
ppc,MQ,2026-07-01,401,0.192,0.056,3.0,401,0.192,0.056,1.0,1.0,False,False
ppc,MR,2026-07-01,212,0.2075,0.0641,2.0,212,0.2075,0.0641,1.0,1.0,False,False
ppc,MS,2026-07-01,2,0.0,1.0,42.5,2,0.0,1.0,,1.0,False,False
ppc,MT,2026-07-01,179,0.1508,0.0583,2.0,179,0.1508,0.0583,1.0,1.0,False,False
ppc,MU,2026-07-01,693,0.1732,0.0632,2.0,693,0.1732,0.0632,1.0,1.0,True,False
ppc,MV,2026-07-01,79,0.2405,0.0,1.0,79,0.2405,0.0,1.0,,False,False
ppc,MW,2026-07-01,109,0.211,0.0482,2.0,109,0.211,0.0482,1.0,1.0,False,False
ppc,MX,2026-07-01,11961,0.1868,0.0787,3.0,11961,0.1868,0.0787,1.0,1.0,True,False
ppc,MY,2026-07-01,2668,0.1762,0.0699,2.0,2668,0.1762,0.0699,1.0,1.0,True,False
ppc,MZ,2026-07-01,1686,0.2432,0.0447,2.0,1686,0.2432,0.0447,1.0,1.0,True,False
ppc,NA,2026-07-01,1461,0.1992,0.0563,3.0,1461,0.1992,0.0563,1.0,1.0,True,False
ppc,NC,2026-07-01,87,0.2299,0.0769,4.0,87,0.2299,0.0769,1.0,1.0,False,False
ppc,NE,2026-07-01,437,0.1739,0.0449,2.0,437,0.1739,0.0449,1.0,1.0,False,False
ppc,NG,2026-07-01,2,0.0,0.0,9.0,2,0.0,0.0,,,False,False
ppc,NI,2026-07-01,2,0.0,0.0,4.0,2,0.0,0.0,,,False,False
ppc,NL,2026-07-01,2695,0.2096,0.0669,3.0,2695,0.2096,0.0669,1.0,1.0,True,False
ppc,NO,2026-07-01,350,0.14,0.0664,3.0,350,0.14,0.0664,1.0,1.0,False,False
ppc,NP,2026-07-01,8,0.0,0.0,13.5,8,0.0,0.0,,,False,False
ppc,NR,2026-07-01,3,0.0,0.3333,30.0,3,0.0,0.3333,,1.0,False,False
ppc,NZ,2026-07-01,1972,0.1537,0.0852,3.0,1972,0.1537,0.0852,1.0,1.0,True,False
ppc,OM,2026-07-01,75,0.1467,0.027,2.0,75,0.1467,0.027,1.0,1.0,False,False
ppc,PA,2026-07-01,783,0.2235,0.0952,3.0,783,0.2235,0.0952,1.0,1.0,True,False
ppc,PE,2026-07-01,3095,0.2249,0.0783,2.0,3095,0.2249,0.0783,1.0,1.0,True,False
ppc,PF,2026-07-01,133,0.1654,0.0732,3.0,133,0.1654,0.0732,1.0,1.0,False,False
ppc,PG,2026-07-01,1715,0.2799,0.0682,2.0,1715,0.2799,0.0682,1.0,1.0,True,False
ppc,PH,2026-07-01,7309,0.1874,0.0939,2.0,7309,0.1874,0.0939,1.0,1.0,True,False
ppc,PK,2026-07-01,89,0.0562,0.0147,2.0,89,0.0562,0.0147,1.0,1.0,False,False
ppc,PL,2026-07-01,612,0.1454,0.0749,3.0,612,0.1454,0.0749,1.0,1.0,True,False
ppc,PM,2026-07-01,2,0.0,0.5,73.0,2,0.0,0.5,,1.0,False,False
ppc,PR,2026-07-01,999,0.2072,0.084,3.0,999,0.2072,0.084,1.0,1.0,True,False
ppc,PT,2026-07-01,1884,0.1576,0.0638,2.0,1884,0.1576,0.0638,1.0,1.0,True,False
ppc,PW,2026-07-01,19,0.1579,0.0,1.5,19,0.1579,0.0,1.0,,False,False
ppc,PY,2026-07-01,706,0.2125,0.0851,2.0,706,0.2125,0.0851,1.0,1.0,True,False
ppc,QA,2026-07-01,34,0.0882,0.0625,3.0,34,0.0882,0.0625,1.0,1.0,False,False
ppc,RE,2026-07-01,398,0.1734,0.08,3.0,398,0.1734,0.08,1.0,1.0,False,False
ppc,RO,2026-07-01,772,0.1788,0.0721,2.0,772,0.1788,0.0721,1.0,1.0,True,False
ppc,RS,2026-07-01,647,0.1221,0.0852,3.0,647,0.1221,0.0852,1.0,1.0,True,False
ppc,RU,2026-07-01,16,0.3125,0.0,5.0,16,0.3125,0.0,1.0,,False,False
ppc,RW,2026-07-01,241,0.2199,0.0864,2.0,241,0.2199,0.0864,1.0,1.0,False,False
ppc,SA,2026-07-01,37,0.0541,0.1429,4.0,37,0.0541,0.1429,1.0,1.0,False,False
ppc,SB,2026-07-01,103,0.2816,0.0164,1.0,103,0.2816,0.0164,1.0,1.0,False,False
ppc,SC,2026-07-01,82,0.0976,0.1053,3.0,82,0.0976,0.1053,1.0,1.0,False,False
ppc,SE,2026-07-01,597,0.2044,0.0732,3.0,597,0.2044,0.0732,1.0,1.0,True,False
ppc,SG,2026-07-01,1324,0.1798,0.0757,2.0,1324,0.1798,0.0757,1.0,1.0,True,False
ppc,SH,2026-07-01,3,0.0,0.0,2.0,3,0.0,0.0,,,False,False
ppc,SI,2026-07-01,136,0.1324,0.1325,3.0,136,0.1324,0.1325,1.0,1.0,False,False
ppc,SK,2026-07-01,155,0.1613,0.0795,2.5,155,0.1613,0.0795,1.0,1.0,False,False
ppc,SL,2026-07-01,187,0.2353,0.0577,2.0,187,0.2353,0.0577,1.0,1.0,False,False
ppc,SM,2026-07-01,8,0.125,0.0,3.0,8,0.125,0.0,1.0,,False,False
ppc,SN,2026-07-01,4734,0.1432,0.108,4.0,4734,0.1432,0.108,1.0,1.0,True,False
ppc,SR,2026-07-01,180,0.2222,0.0847,2.0,180,0.2222,0.0847,1.0,1.0,False,False
ppc,ST,2026-07-01,19,0.0526,0.0714,2.5,19,0.0526,0.0714,1.0,1.0,False,False
ppc,SV,2026-07-01,1010,0.2119,0.0622,2.0,1010,0.2119,0.0622,1.0,1.0,True,False
ppc,SX,2026-07-01,56,0.2143,0.0833,2.5,56,0.2143,0.0833,1.0,1.0,False,False
ppc,SZ,2026-07-01,194,0.3351,0.037,1.0,194,0.3351,0.037,1.0,1.0,False,False
ppc,TC,2026-07-01,43,0.0698,0.0968,3.0,43,0.0698,0.0968,1.0,1.0,False,False
ppc,TD,2026-07-01,336,0.1815,0.0415,2.0,336,0.1815,0.0415,1.0,1.0,False,False
ppc,TF,2026-07-01,1,0.0,0.0,32.0,1,0.0,0.0,,,False,False
ppc,TG,2026-07-01,968,0.1198,0.0786,2.0,968,0.1198,0.0786,1.0,1.0,True,False
ppc,TH,2026-07-01,1160,0.1767,0.0662,2.0,1160,0.1767,0.0662,1.0,1.0,True,False
ppc,TJ,2026-07-01,51,0.1961,0.0,1.0,51,0.1961,0.0,1.0,,False,False
ppc,TL,2026-07-01,78,0.2692,0.0161,1.0,78,0.2692,0.0161,1.0,1.0,False,False
ppc,TM,2026-07-01,4,0.5,0.5,37.0,4,0.5,0.5,1.0,1.0,False,False
ppc,TO,2026-07-01,26,0.2692,0.0,1.0,26,0.2692,0.0,1.0,,False,False
ppc,TR,2026-07-01,2176,0.1489,0.0697,2.0,2176,0.1489,0.0697,1.0,1.0,True,False
ppc,TT,2026-07-01,432,0.1412,0.101,4.0,432,0.1412,0.101,1.0,1.0,False,False
ppc,TV,2026-07-01,7,0.1429,0.0,1.5,7,0.1429,0.0,1.0,,False,False
ppc,TW,2026-07-01,430,0.1791,0.0671,3.0,430,0.1791,0.0671,1.0,1.0,False,False
ppc,TZ,2026-07-01,1349,0.1572,0.057,2.0,1349,0.1572,0.057,1.0,1.0,True,False
ppc,UA,2026-07-01,3,0.3333,0.0,5.0,3,0.3333,0.0,1.0,,False,False
ppc,UG,2026-07-01,4383,0.1369,0.0657,2.0,4383,0.1369,0.0657,1.0,1.0,True,False
ppc,US,2026-07-01,100589,0.1931,0.0765,2.0,100589,0.1931,0.0765,1.0,1.0,True,False
ppc,UY,2026-07-01,1056,0.1619,0.1014,3.0,1056,0.1619,0.1014,1.0,1.0,True,False
ppc,UZ,2026-07-01,440,0.2659,0.0478,1.0,440,0.2659,0.0478,1.0,1.0,False,False
ppc,VC,2026-07-01,48,0.2083,0.0385,1.0,48,0.2083,0.0385,1.0,1.0,False,False
ppc,VG,2026-07-01,25,0.24,0.0588,2.0,25,0.24,0.0588,1.0,1.0,False,False
ppc,VI,2026-07-01,60,0.3,0.0571,3.0,60,0.3,0.0571,1.0,1.0,False,False
ppc,VN,2026-07-01,734,0.2262,0.0569,2.0,734,0.2262,0.0569,1.0,1.0,True,False
ppc,VU,2026-07-01,45,0.3556,0.0,1.0,45,0.3556,0.0,1.0,,False,False
ppc,WF,2026-07-01,5,0.0,0.0,5.0,5,0.0,0.0,,,False,False
ppc,WS,2026-07-01,44,0.3409,0.0476,2.0,44,0.3409,0.0476,1.0,1.0,False,False
ppc,XK,2026-07-01,71,0.1831,0.0323,3.5,71,0.1831,0.0323,1.0,1.0,False,False
ppc,YT,2026-07-01,72,0.0833,0.08,5.0,72,0.0833,0.08,1.0,1.0,False,False
ppc,ZA,2026-07-01,10845,0.156,0.0961,4.0,10845,0.156,0.0961,1.0,1.0,True,False
ppc,ZM,2026-07-01,913,0.2026,0.0574,2.0,913,0.2026,0.0574,1.0,1.0,True,False
